epoch,client_id,set_name,class_0,class_1,class_2,class_3,class_4,class_5,class_6,class_7,class_8,class_9
100,98,scoreA,5,21,21,9,58,47,17,17,18,26
100,98,fedrn,0,12,12,5,61,61,3,10,12,23
100,98,final,0,12,12,5,61,61,3,10,12,23
100,68,scoreA,1,7,0,0,4,1,91,0,0,83
100,68,fedrn,0,0,0,0,0,0,100,0,0,88
100,68,final,0,0,0,0,0,0,100,0,0,88
100,67,scoreA,4,86,3,18,8,6,5,7,106,4
100,67,fedrn,0,96,0,0,0,0,0,0,95,0
100,67,final,0,96,0,0,0,0,0,0,95,0
100,37,scoreA,0,1,1,1,0,132,2,131,1,2
100,37,fedrn,0,0,0,0,0,138,0,133,0,0
100,37,final,0,0,0,0,0,138,0,133,0,0
100,72,scoreA,5,88,6,2,7,15,1,5,6,91
100,72,fedrn,0,102,0,0,0,0,0,0,0,94
100,72,final,0,102,0,0,0,0,0,0,0,94
100,59,scoreA,111,0,2,7,1,2,0,96,2,1
100,59,fedrn,113,0,0,0,0,0,0,98,0,0
100,59,final,113,0,0,0,0,0,0,98,0,0
100,0,scoreA,0,0,325,0,0,0,0,0,0,0
100,0,fedrn,0,0,364,0,0,0,0,0,0,0
100,0,final,0,0,364,0,0,0,0,0,0,0
100,58,scoreA,2,6,7,1,106,3,0,3,5,97
100,58,fedrn,0,0,0,0,121,0,0,0,0,92
100,58,final,0,0,0,0,121,0,0,0,0,92
100,4,scoreA,0,0,0,0,0,0,0,191,176,0
100,4,fedrn,0,0,0,0,0,0,0,194,177,0
100,4,final,0,0,0,0,0,0,0,194,177,0
100,6,scoreA,0,179,0,0,0,0,183,0,0,0
100,6,fedrn,0,187,0,0,0,0,181,0,0,0
100,6,final,0,187,0,0,0,0,181,0,0,0
101,11,scoreA,0,0,0,0,172,136,0,0,0,0
101,11,fedrn,0,0,0,0,177,173,0,0,0,0
101,11,final,0,0,0,0,177,173,0,0,0,0
101,41,scoreA,112,0,1,135,0,0,2,0,0,1
101,41,fedrn,111,0,0,140,0,0,0,0,0,0
101,41,final,111,0,0,140,0,0,0,0,0,0
101,44,scoreA,2,0,2,1,5,1,118,132,5,1
101,44,fedrn,0,0,0,0,0,0,130,139,0,0
101,44,final,0,0,0,0,0,0,130,139,0,0
101,16,scoreA,156,0,0,163,0,0,0,0,0,0
101,16,fedrn,160,0,0,166,0,0,0,0,0,0
101,16,final,160,0,0,166,0,0,0,0,0,0
101,42,scoreA,0,137,0,3,4,1,1,0,112,1
101,42,fedrn,0,145,0,0,0,0,0,0,118,0
101,42,final,0,145,0,0,0,0,0,0,118,0
101,99,scoreA,16,20,20,19,35,12,23,15,37,57
101,99,fedrn,2,2,0,16,27,2,3,0,14,69
101,99,final,2,2,0,16,27,2,3,0,14,69
101,76,scoreA,2,81,1,71,0,4,7,1,8,3
101,76,fedrn,0,95,0,78,0,0,0,0,0,0
101,76,final,0,95,0,78,0,0,0,0,0,0
101,72,scoreA,0,102,0,0,0,0,0,0,0,97
101,72,fedrn,0,102,0,0,0,0,0,0,0,97
101,72,final,0,102,0,0,0,0,0,0,0,97
101,94,scoreA,50,53,10,15,12,23,14,10,12,29
101,94,fedrn,61,57,0,12,7,11,2,1,2,9
101,94,final,61,57,0,12,7,11,2,1,2,9
101,51,scoreA,3,3,3,2,119,5,3,122,1,3
101,51,fedrn,0,0,0,0,123,0,0,127,0,0
101,51,final,0,0,0,0,123,0,0,127,0,0
102,29,scoreA,1,0,0,0,0,0,0,0,0,306
102,29,fedrn,0,0,0,0,0,0,0,0,0,308
102,29,final,0,0,0,0,0,0,0,0,0,308
102,62,scoreA,95,0,6,2,0,4,2,102,5,2
102,62,fedrn,102,0,0,0,0,0,0,109,0,0
102,62,final,102,0,0,0,0,0,0,109,0,0
102,11,scoreA,0,0,0,0,186,166,0,0,0,0
102,11,fedrn,0,0,0,0,189,164,0,0,0,0
102,11,final,0,0,0,0,189,164,0,0,0,0
102,4,scoreA,0,0,0,0,0,0,0,193,183,0
102,4,fedrn,0,0,0,0,0,0,0,192,183,0
102,4,final,0,0,0,0,0,0,0,192,183,0
102,59,scoreA,113,0,0,0,0,0,0,100,0,0
102,59,fedrn,115,0,0,0,0,0,0,98,0,0
102,59,final,115,0,0,0,0,0,0,98,0,0
102,85,scoreA,13,50,7,10,73,15,10,15,13,18
102,85,fedrn,1,56,0,0,84,7,0,5,0,2
102,85,final,1,56,0,0,84,7,0,5,0,2
102,71,scoreA,3,86,18,10,12,89,4,7,6,13
102,71,fedrn,0,89,1,0,0,90,0,0,0,0
102,71,final,0,89,1,0,0,90,0,0,0,0
102,95,scoreA,14,18,11,50,48,20,11,22,8,16
102,95,fedrn,4,9,0,69,59,11,0,6,2,5
102,95,final,4,9,0,69,59,11,0,6,2,5
102,66,scoreA,4,102,3,0,86,3,2,2,2,8
102,66,fedrn,0,106,0,0,95,0,0,0,0,0
102,66,final,0,106,0,0,95,0,0,0,0,0
102,41,scoreA,119,0,0,138,0,0,0,0,0,0
102,41,fedrn,117,0,0,130,0,0,0,0,0,0
102,41,final,117,0,0,130,0,0,0,0,0,0
103,46,scoreA,1,0,1,0,0,0,112,0,1,121
103,46,fedrn,0,0,0,0,0,0,125,0,0,119
103,46,final,0,0,0,0,0,0,125,0,0,119
103,47,scoreA,0,3,2,1,4,119,1,2,4,128
103,47,fedrn,0,0,0,0,0,119,0,0,0,126
103,47,final,0,0,0,0,0,119,0,0,0,126
103,87,scoreA,7,13,20,15,20,2,8,10,81,56
103,87,fedrn,0,1,0,1,3,0,0,1,80,57
103,87,final,0,1,0,1,3,0,0,1,80,57
103,44,scoreA,0,0,0,0,0,0,124,139,0,0
103,44,fedrn,0,0,0,0,0,0,127,135,0,0
103,44,final,0,0,0,0,0,0,127,135,0,0
103,66,scoreA,0,53,0,0,103,0,0,0,0,0
103,66,fedrn,0,98,0,0,103,0,0,0,0,0
103,66,final,0,98,0,0,103,0,0,0,0,0
103,72,scoreA,0,102,0,0,0,0,0,0,0,97
103,72,fedrn,0,102,0,0,0,0,0,0,0,97
103,72,final,0,102,0,0,0,0,0,0,0,97
103,97,scoreA,8,21,23,21,56,15,13,56,13,25
103,97,fedrn,0,0,1,1,72,0,0,1,0,0
103,97,final,0,0,1,1,72,0,0,1,0,0
103,84,scoreA,65,21,19,13,14,22,9,14,7,72
103,84,fedrn,67,13,15,3,6,20,4,3,0,80
103,84,final,67,13,15,3,6,20,4,3,0,80
103,39,scoreA,133,0,1,1,0,2,1,1,141,4
103,39,fedrn,140,0,0,0,0,0,0,0,132,0
103,39,final,140,0,0,0,0,0,0,0,132,0
103,82,scoreA,6,18,7,6,77,6,21,3,65,18
103,82,fedrn,0,1,0,0,72,0,0,0,59,0
103,82,final,0,1,0,0,72,0,0,0,59,0
104,64,scoreA,1,1,189,2,3,2,0,0,6,2
104,64,fedrn,0,0,196,0,0,0,0,0,0,0
104,64,final,0,0,196,0,0,0,0,0,0,0
104,80,scoreA,7,10,8,3,12,4,124,10,6,15
104,80,fedrn,0,1,0,0,0,0,132,0,1,0
104,80,final,0,1,0,0,0,0,132,0,1,0
104,31,scoreA,129,150,0,1,0,0,0,0,0,1
104,31,fedrn,143,151,0,0,0,0,0,0,0,0
104,31,final,143,151,0,0,0,0,0,0,0,0
104,23,scoreA,2,164,2,0,3,158,0,1,1,0
104,23,fedrn,0,170,0,0,0,156,0,0,0,0
104,23,final,0,170,0,0,0,156,0,0,0,0
104,20,scoreA,0,1,159,0,0,0,1,134,0,0
104,20,fedrn,0,0,170,0,0,0,0,154,0,0
104,20,final,0,0,170,0,0,0,0,154,0,0
104,60,scoreA,2,4,205,1,0,1,0,1,0,3
104,60,fedrn,0,0,208,0,0,0,0,0,0,0
104,60,final,0,0,208,0,0,0,0,0,0,0
104,68,scoreA,0,0,0,0,0,0,93,0,0,88
104,68,fedrn,0,0,0,0,0,0,95,0,0,87
104,68,final,0,0,0,0,0,0,95,0,0,87
104,25,scoreA,0,3,0,158,0,0,0,0,140,0
104,25,fedrn,0,0,0,160,0,0,0,0,143,0
104,25,final,0,0,0,160,0,0,0,0,143,0
104,98,scoreA,0,20,22,8,65,62,3,13,16,33
104,98,fedrn,0,5,8,3,63,63,0,6,6,20
104,98,final,0,5,8,3,63,63,0,6,6,20
104,24,scoreA,0,1,0,0,172,137,1,0,0,0
104,24,fedrn,0,0,0,0,175,137,0,0,0,0
104,24,final,0,0,0,0,175,137,0,0,0,0
105,15,scoreA,0,0,0,0,0,148,0,166,0,0
105,15,fedrn,0,0,0,0,0,167,0,168,0,0
105,15,final,0,0,0,0,0,167,0,168,0,0
105,5,scoreA,175,0,0,0,0,0,187,0,0,0
105,5,fedrn,183,0,0,0,0,0,184,0,0,0
105,5,final,183,0,0,0,0,0,184,0,0,0
105,48,scoreA,2,4,5,108,125,4,4,4,3,7
105,48,fedrn,0,0,0,129,125,0,0,0,0,0
105,48,final,0,0,0,129,125,0,0,0,0,0
105,26,scoreA,0,0,2,0,0,0,0,149,0,141
105,26,fedrn,0,0,0,0,0,0,0,157,0,149
105,26,final,0,0,0,0,0,0,0,157,0,149
105,91,scoreA,7,12,67,21,5,15,40,7,8,11
105,91,fedrn,2,1,80,20,0,4,48,5,1,2
105,91,final,2,1,80,20,0,4,48,5,1,2
105,65,scoreA,4,2,7,90,99,10,6,6,2,6
105,65,fedrn,0,0,0,106,104,0,0,0,0,0
105,65,final,0,0,0,106,104,0,0,0,0,0
105,19,scoreA,0,0,0,0,0,160,156,0,0,0
105,19,fedrn,0,0,0,0,0,169,142,0,0,0
105,19,final,0,0,0,0,0,169,142,0,0,0
105,59,scoreA,115,0,0,0,0,0,0,101,0,0
105,59,fedrn,115,0,0,0,0,0,0,100,0,0
105,59,final,115,0,0,0,0,0,0,100,0,0
105,11,scoreA,0,0,0,0,157,168,0,0,0,0
105,11,fedrn,0,0,0,0,177,170,0,0,0,0
105,11,final,0,0,0,0,177,170,0,0,0,0
105,55,scoreA,4,11,5,4,117,5,3,103,7,2
105,55,fedrn,0,0,0,0,122,0,0,114,2,0
105,55,final,0,0,0,0,122,0,0,114,2,0
106,35,scoreA,0,0,130,0,0,0,0,0,145,0
106,35,fedrn,0,0,136,0,0,0,0,0,155,0
106,35,final,0,0,136,0,0,0,0,0,155,0
106,71,scoreA,0,93,0,0,0,91,0,0,0,0
106,71,fedrn,0,93,0,0,0,91,0,0,0,0
106,71,final,0,93,0,0,0,91,0,0,0,0
106,4,scoreA,0,0,0,0,0,0,0,193,184,0
106,4,fedrn,0,0,0,0,0,0,0,190,182,0
106,4,final,0,0,0,0,0,0,0,190,182,0
106,26,scoreA,0,0,0,0,0,0,0,161,0,145
106,26,fedrn,0,0,0,0,0,0,0,157,0,151
106,26,final,0,0,0,0,0,0,0,157,0,151
106,59,scoreA,115,0,0,0,0,0,0,102,0,0
106,59,fedrn,112,0,0,0,0,0,0,100,0,0
106,59,final,112,0,0,0,0,0,0,100,0,0
106,13,scoreA,0,0,0,0,0,0,166,0,181,0
106,13,fedrn,0,0,0,0,0,0,172,0,179,0
106,13,final,0,0,0,0,0,0,172,0,179,0
106,39,scoreA,140,0,0,0,0,0,0,0,143,0
106,39,fedrn,140,0,0,0,0,0,0,0,143,0
106,39,final,140,0,0,0,0,0,0,0,143,0
106,24,scoreA,0,0,0,0,168,145,0,0,0,0
106,24,fedrn,0,0,0,0,168,144,0,0,0,0
106,24,final,0,0,0,0,168,144,0,0,0,0
106,66,scoreA,0,110,0,0,48,0,0,0,0,0
106,66,fedrn,0,109,0,0,79,0,0,0,0,0
106,66,final,0,109,0,0,79,0,0,0,0,0
106,54,scoreA,0,114,3,3,1,0,108,0,0,1
106,54,fedrn,0,116,0,0,0,0,117,0,0,0
106,54,final,0,116,0,0,0,0,117,0,0,0
107,83,scoreA,4,8,72,11,16,9,4,3,10,72
107,83,fedrn,0,0,79,0,3,1,0,0,0,73
107,83,final,0,0,79,0,3,1,0,0,0,73
107,8,scoreA,0,0,0,0,0,0,0,174,188,0
107,8,fedrn,0,0,0,0,0,0,0,181,186,0
107,8,final,0,0,0,0,0,0,0,181,186,0
107,68,scoreA,0,0,0,0,0,0,95,0,0,87
107,68,fedrn,0,0,0,0,0,0,96,0,0,86
107,68,final,0,0,0,0,0,0,96,0,0,86
107,31,scoreA,145,151,0,0,0,0,0,0,0,0
107,31,fedrn,144,154,0,0,0,0,0,0,0,0
107,31,final,144,154,0,0,0,0,0,0,0,0
107,9,scoreA,0,370,0,0,1,0,0,0,0,0
107,9,fedrn,0,372,0,0,0,0,0,0,0,0
107,9,final,0,372,0,0,0,0,0,0,0,0
107,57,scoreA,1,3,6,0,110,3,106,2,3,5
107,57,fedrn,0,0,0,0,121,0,77,0,0,0
107,57,final,0,0,0,0,121,0,77,0,0,0
107,72,scoreA,0,102,0,0,0,0,0,0,0,96
107,72,fedrn,0,102,0,0,0,0,0,0,0,97
107,72,final,0,102,0,0,0,0,0,0,0,97
107,75,scoreA,1,6,6,82,10,5,3,9,66,8
107,75,fedrn,0,0,0,86,0,0,0,0,64,0
107,75,final,0,0,0,86,0,0,0,0,64,0
107,6,scoreA,0,187,0,0,0,0,181,0,0,0
107,6,fedrn,0,187,0,0,0,0,181,0,0,0
107,6,final,0,187,0,0,0,0,181,0,0,0
107,91,scoreA,3,1,81,18,0,4,42,4,1,1
107,91,fedrn,0,0,81,3,0,1,51,0,0,0
107,91,final,0,0,81,3,0,1,51,0,0,0
108,71,scoreA,0,92,0,0,0,90,0,0,0,0
108,71,fedrn,0,90,0,0,0,90,0,0,0,0
108,71,final,0,90,0,0,0,90,0,0,0,0
108,70,scoreA,8,15,10,5,14,80,8,9,78,9
108,70,fedrn,0,0,0,0,2,90,0,0,78,0
108,70,final,0,0,0,0,2,90,0,0,78,0
108,72,scoreA,0,101,0,0,0,0,0,0,0,97
108,72,fedrn,0,102,0,0,0,0,0,0,0,97
108,72,final,0,102,0,0,0,0,0,0,0,97
108,44,scoreA,0,0,0,0,0,0,129,132,0,0
108,44,fedrn,0,0,0,0,0,0,129,133,0,0
108,44,final,0,0,0,0,0,0,129,133,0,0
108,67,scoreA,0,94,0,0,0,0,0,0,99,0
108,67,fedrn,0,94,0,0,0,0,0,0,105,0
108,67,final,0,94,0,0,0,0,0,0,105,0
108,73,scoreA,90,6,4,6,2,18,73,7,4,11
108,73,fedrn,88,0,0,0,0,3,82,0,0,0
108,73,final,88,0,0,0,0,3,82,0,0,0
108,93,scoreA,8,13,18,5,21,7,61,3,6,65
108,93,fedrn,1,16,12,1,17,3,67,0,0,70
108,93,final,1,16,12,1,17,3,67,0,0,70
108,65,scoreA,0,0,0,104,108,0,0,0,0,0
108,65,fedrn,0,0,0,104,105,0,0,0,0,0
108,65,final,0,0,0,104,105,0,0,0,0,0
108,39,scoreA,139,0,0,0,0,0,0,0,146,0
108,39,fedrn,140,0,0,0,0,0,0,0,142,0
108,39,final,140,0,0,0,0,0,0,0,142,0
108,10,scoreA,0,0,0,162,0,0,0,176,0,0
108,10,fedrn,0,0,0,166,0,0,0,178,0,0
108,10,final,0,0,0,166,0,0,0,178,0,0
109,74,scoreA,3,7,3,8,9,158,6,4,7,11
109,74,fedrn,0,0,0,0,0,164,0,0,0,0
109,74,final,0,0,0,0,0,164,0,0,0,0
109,83,scoreA,0,0,76,0,3,1,0,0,0,79
109,83,fedrn,0,0,83,0,0,0,0,0,0,80
109,83,final,0,0,83,0,0,0,0,0,0,80
109,6,scoreA,0,190,0,0,0,0,180,0,0,0
109,6,fedrn,0,191,0,0,0,0,182,0,0,0
109,6,final,0,191,0,0,0,0,182,0,0,0
109,85,scoreA,1,65,0,0,85,11,0,7,0,0
109,85,fedrn,0,64,0,0,85,0,0,0,0,0
109,85,final,0,64,0,0,85,0,0,0,0,0
109,38,scoreA,0,4,134,1,2,2,0,127,1,0
109,38,fedrn,0,0,142,0,0,0,0,140,0,0
109,38,final,0,0,142,0,0,0,0,140,0,0
109,56,scoreA,0,0,118,0,1,2,0,0,0,92
109,56,fedrn,0,0,129,0,0,0,0,0,0,100
109,56,final,0,0,129,0,0,0,0,0,0,100
109,94,scoreA,60,59,0,11,8,19,2,1,2,12
109,94,fedrn,60,51,0,0,0,12,0,0,0,1
109,94,final,60,51,0,0,0,12,0,0,0,1
109,91,scoreA,0,0,75,1,0,0,50,0,0,0
109,91,fedrn,0,0,81,0,0,0,50,0,0,0
109,91,final,0,0,81,0,0,0,50,0,0,0
109,63,scoreA,3,1,3,1,80,108,5,0,3,2
109,63,fedrn,0,0,0,0,64,115,0,0,0,0
109,63,final,0,0,0,0,64,115,0,0,0,0
109,0,scoreA,0,0,330,0,0,0,0,0,0,0
109,0,fedrn,0,0,391,0,0,0,0,0,0,0
109,0,final,0,0,391,0,0,0,0,0,0,0
110,47,scoreA,0,0,0,0,0,124,0,0,0,125
110,47,fedrn,0,0,0,0,0,125,0,0,0,118
110,47,final,0,0,0,0,0,125,0,0,0,118
110,53,scoreA,105,0,1,7,7,2,0,115,1,4
110,53,fedrn,112,0,0,0,0,0,0,112,0,0
110,53,final,112,0,0,0,0,0,0,112,0,0
110,62,scoreA,101,0,0,0,0,0,0,109,0,0
110,62,fedrn,100,0,0,0,0,0,0,104,0,0
110,62,final,100,0,0,0,0,0,0,104,0,0
110,41,scoreA,122,0,0,131,0,0,0,0,0,0
110,41,fedrn,118,0,0,133,0,0,0,0,0,0
110,41,final,118,0,0,133,0,0,0,0,0,0
110,55,scoreA,0,0,0,0,121,0,0,114,2,0
110,55,fedrn,0,0,0,0,122,0,0,117,1,0
110,55,final,0,0,0,0,122,0,0,117,1,0
110,90,scoreA,9,8,16,11,15,7,59,8,60,20
110,90,fedrn,0,0,0,0,0,0,56,0,55,0
110,90,final,0,0,0,0,0,0,56,0,55,0
110,35,scoreA,0,0,134,0,0,0,0,0,155,0
110,35,fedrn,0,0,132,0,0,0,0,0,156,0
110,35,final,0,0,132,0,0,0,0,0,156,0
110,1,scoreA,0,0,0,0,191,0,0,0,184,0
110,1,fedrn,0,0,0,0,192,0,0,0,190,0
110,1,final,0,0,0,0,192,0,0,0,190,0
110,8,scoreA,0,0,0,0,0,0,0,185,184,0
110,8,fedrn,0,0,0,0,0,0,0,185,185,0
110,8,final,0,0,0,0,0,0,0,185,185,0
110,50,scoreA,0,2,100,129,1,3,0,0,1,0
110,50,fedrn,0,0,123,137,0,0,0,0,0,0
110,50,final,0,0,123,137,0,0,0,0,0,0
111,42,scoreA,0,141,0,0,0,0,0,0,125,0
111,42,fedrn,0,143,0,0,0,0,0,0,121,0
111,42,final,0,143,0,0,0,0,0,0,121,0
111,73,scoreA,90,0,0,0,0,3,82,0,0,0
111,73,fedrn,89,0,0,0,0,0,82,0,0,0
111,73,final,89,0,0,0,0,0,82,0,0,0
111,62,scoreA,99,0,0,0,0,0,0,102,0,0
111,62,fedrn,92,0,0,0,0,0,0,108,0,0
111,62,final,92,0,0,0,0,0,0,108,0,0
111,4,scoreA,0,0,0,0,0,0,0,193,183,0
111,4,fedrn,0,0,0,0,0,0,0,190,183,0
111,4,final,0,0,0,0,0,0,0,190,183,0
111,16,scoreA,158,0,0,166,0,0,0,0,0,0
111,16,fedrn,159,0,0,167,0,0,0,0,0,0
111,16,final,159,0,0,167,0,0,0,0,0,0
111,27,scoreA,2,0,142,0,0,148,0,0,0,0
111,27,fedrn,0,0,152,0,0,161,0,0,0,0
111,27,final,0,0,152,0,0,161,0,0,0,0
111,21,scoreA,0,1,155,1,0,163,0,0,0,2
111,21,fedrn,0,0,164,0,0,160,0,0,0,0
111,21,final,0,0,164,0,0,160,0,0,0,0
111,61,scoreA,3,10,10,9,9,3,203,4,5,7
111,61,fedrn,0,0,0,0,0,0,203,0,0,0
111,61,final,0,0,0,0,0,0,203,0,0,0
111,22,scoreA,151,0,0,0,0,157,0,0,0,0
111,22,fedrn,160,0,0,0,0,162,0,0,0,0
111,22,final,160,0,0,0,0,162,0,0,0,0
111,25,scoreA,0,0,0,163,0,0,0,0,101,0
111,25,fedrn,0,0,0,163,0,0,0,0,140,0
111,25,final,0,0,0,163,0,0,0,0,140,0
112,47,scoreA,0,0,0,0,0,125,0,0,0,119
112,47,fedrn,0,0,0,0,0,128,0,0,0,117
112,47,final,0,0,0,0,0,128,0,0,0,117
112,35,scoreA,0,0,131,0,0,0,0,0,155,0
112,35,fedrn,0,0,132,0,0,0,0,0,154,0
112,35,final,0,0,132,0,0,0,0,0,154,0
112,99,scoreA,2,1,0,17,30,0,3,0,20,69
112,99,fedrn,0,0,0,1,32,0,0,0,18,69
112,99,final,0,0,0,1,32,0,0,0,18,69
112,9,scoreA,0,372,0,0,0,0,0,0,0,0
112,9,fedrn,0,372,0,0,0,0,0,0,0,0
112,9,final,0,372,0,0,0,0,0,0,0,0
112,27,scoreA,0,0,157,0,0,143,0,0,0,0
112,27,fedrn,0,0,158,0,0,156,0,0,0,0
112,27,final,0,0,158,0,0,156,0,0,0,0
112,12,scoreA,0,0,0,187,0,1,0,0,0,154
112,12,fedrn,0,0,0,188,0,0,0,0,0,158
112,12,final,0,0,0,188,0,0,0,0,0,158
112,30,scoreA,141,1,154,2,0,3,0,1,0,0
112,30,fedrn,145,0,159,0,0,0,0,0,0,0
112,30,final,145,0,159,0,0,0,0,0,0,0
112,11,scoreA,0,0,0,0,181,166,0,0,0,0
112,11,fedrn,0,0,0,0,186,159,0,0,0,0
112,11,final,0,0,0,0,186,159,0,0,0,0
112,13,scoreA,0,0,0,0,0,0,174,0,133,0
112,13,fedrn,0,0,0,0,0,0,175,0,169,0
112,13,final,0,0,0,0,0,0,175,0,169,0
112,37,scoreA,0,0,0,0,0,139,0,136,0,0
112,37,fedrn,0,0,0,0,0,140,0,137,0,0
112,37,final,0,0,0,0,0,140,0,137,0,0
113,69,scoreA,1,8,78,3,100,6,0,5,6,12
113,69,fedrn,0,0,74,0,105,0,0,0,0,0
113,69,final,0,0,74,0,105,0,0,0,0,0
113,87,scoreA,0,0,0,0,3,0,0,1,77,67
113,87,fedrn,0,0,0,0,0,0,0,0,82,72
113,87,final,0,0,0,0,0,0,0,0,82,72
113,23,scoreA,0,170,0,0,0,160,0,0,0,0
113,23,fedrn,0,166,0,0,0,164,0,0,0,0
113,23,final,0,166,0,0,0,164,0,0,0,0
113,88,scoreA,115,8,7,15,5,26,13,15,10,13
113,88,fedrn,119,0,0,0,0,2,0,0,0,0
113,88,final,119,0,0,0,0,2,0,0,0,0
113,60,scoreA,0,0,208,0,0,0,0,0,0,0
113,60,fedrn,0,0,208,0,0,0,0,0,0,0
113,60,final,0,0,208,0,0,0,0,0,0,0
113,94,scoreA,58,49,0,0,0,12,0,0,0,1
113,94,fedrn,60,53,0,0,0,1,0,0,0,0
113,94,final,60,53,0,0,0,1,0,0,0,0
113,6,scoreA,0,191,0,0,0,0,183,0,0,0
113,6,fedrn,0,191,0,0,0,0,181,0,0,0
113,6,final,0,191,0,0,0,0,181,0,0,0
113,65,scoreA,0,0,0,102,107,0,0,0,0,0
113,65,fedrn,0,0,0,105,100,0,0,0,0,0
113,65,final,0,0,0,105,100,0,0,0,0,0
113,7,scoreA,180,169,0,0,0,0,0,0,0,0
113,7,fedrn,187,179,0,0,0,0,0,0,0,0
113,7,final,187,179,0,0,0,0,0,0,0,0
113,24,scoreA,0,0,0,0,169,141,0,0,0,0
113,24,fedrn,0,0,0,0,167,148,0,0,0,0
113,24,final,0,0,0,0,167,148,0,0,0,0
114,8,scoreA,0,0,0,0,0,0,0,185,186,0
114,8,fedrn,0,0,0,0,0,0,0,186,185,0
114,8,final,0,0,0,0,0,0,0,186,185,0
114,38,scoreA,0,0,137,0,0,0,0,143,0,0
114,38,fedrn,0,0,142,0,0,0,0,144,0,0
114,38,final,0,0,142,0,0,0,0,144,0,0
114,34,scoreA,0,0,0,153,0,0,0,131,0,0
114,34,fedrn,0,0,0,155,0,0,0,124,0,0
114,34,final,0,0,0,155,0,0,0,124,0,0
114,26,scoreA,0,0,0,0,0,0,0,162,0,131
114,26,fedrn,0,0,0,0,0,0,0,161,0,148
114,26,final,0,0,0,0,0,0,0,161,0,148
114,36,scoreA,0,135,0,136,0,0,0,0,0,0
114,36,fedrn,0,138,0,137,0,0,0,0,0,0
114,36,final,0,138,0,137,0,0,0,0,0,0
114,61,scoreA,0,0,0,0,0,0,205,0,0,0
114,61,fedrn,0,0,0,0,0,0,205,0,0,0
114,61,final,0,0,0,0,0,0,205,0,0,0
114,13,scoreA,0,0,0,0,0,0,175,0,177,0
114,13,fedrn,0,0,0,0,0,0,166,0,180,0
114,13,final,0,0,0,0,0,0,166,0,180,0
114,63,scoreA,0,0,0,0,75,117,0,0,0,0
114,63,fedrn,0,0,0,0,71,118,0,0,0,0
114,63,final,0,0,0,0,71,118,0,0,0,0
114,11,scoreA,0,0,0,0,189,156,0,0,0,0
114,11,fedrn,0,0,0,0,187,162,0,0,0,0
114,11,final,0,0,0,0,187,162,0,0,0,0
114,28,scoreA,0,4,156,0,0,0,0,147,0,0
114,28,fedrn,0,0,157,0,0,0,0,148,0,0
114,28,final,0,0,157,0,0,0,0,148,0,0
115,24,scoreA,0,0,0,0,170,133,0,0,0,0
115,24,fedrn,0,0,0,0,174,126,0,0,0,0
115,24,final,0,0,0,0,174,126,0,0,0,0
115,34,scoreA,0,0,0,157,0,0,0,116,0,0
115,34,fedrn,0,0,0,155,0,0,0,121,0,0
115,34,final,0,0,0,155,0,0,0,121,0,0
115,85,scoreA,0,67,0,0,83,0,0,0,0,0
115,85,fedrn,0,65,0,0,78,0,0,0,0,0
115,85,final,0,65,0,0,78,0,0,0,0,0
115,62,scoreA,95,0,0,0,0,0,0,107,0,0
115,62,fedrn,94,0,0,0,0,0,0,105,0,0
115,62,final,94,0,0,0,0,0,0,105,0,0
115,73,scoreA,89,0,0,0,0,0,82,0,0,0
115,73,fedrn,89,0,0,0,0,0,83,0,0,0
115,73,final,89,0,0,0,0,0,83,0,0,0
115,88,scoreA,119,0,0,0,0,2,0,0,0,0
115,88,fedrn,119,0,0,0,0,0,0,0,0,0
115,88,final,119,0,0,0,0,0,0,0,0,0
115,41,scoreA,133,0,0,119,0,0,0,0,0,0
115,41,fedrn,132,0,0,118,0,0,0,0,0,0
115,41,final,132,0,0,118,0,0,0,0,0,0
115,94,scoreA,59,54,0,0,0,1,0,0,0,0
115,94,fedrn,60,53,0,0,0,0,0,0,0,0
115,94,final,60,53,0,0,0,0,0,0,0,0
115,15,scoreA,0,0,0,0,0,166,0,168,0,0
115,15,fedrn,0,0,0,0,0,165,0,167,0,0
115,15,final,0,0,0,0,0,165,0,167,0,0
115,77,scoreA,6,83,15,13,10,5,11,6,73,4
115,77,fedrn,0,89,0,0,0,0,1,0,56,0
115,77,final,0,89,0,0,0,0,1,0,56,0
116,47,scoreA,0,0,0,0,0,127,0,0,0,117
116,47,fedrn,0,0,0,0,0,127,0,0,0,116
116,47,final,0,0,0,0,0,127,0,0,0,116
116,59,scoreA,114,0,0,0,0,0,0,101,0,0
116,59,fedrn,114,0,0,0,0,0,0,100,0,0
116,59,final,114,0,0,0,0,0,0,100,0,0
116,43,scoreA,1,2,0,131,2,0,0,1,113,1
116,43,fedrn,0,0,0,128,0,0,0,0,111,0
116,43,final,0,0,0,128,0,0,0,0,111,0
116,33,scoreA,3,1,0,0,2,129,143,0,0,0
116,33,fedrn,0,0,0,0,0,137,147,0,0,0
116,33,final,0,0,0,0,0,137,147,0,0,0
116,4,scoreA,0,0,0,0,0,0,0,192,184,0
116,4,fedrn,0,0,0,0,0,0,0,193,184,0
116,4,final,0,0,0,0,0,0,0,193,184,0
116,99,scoreA,0,0,0,1,36,0,0,0,21,69
116,99,fedrn,0,0,0,0,37,0,0,0,21,69
116,99,final,0,0,0,0,37,0,0,0,21,69
116,61,scoreA,0,0,0,0,0,0,205,0,0,0
116,61,fedrn,0,0,0,0,0,0,205,0,0,0
116,61,final,0,0,0,0,0,0,205,0,0,0
116,27,scoreA,0,0,157,0,0,157,0,0,0,0
116,27,fedrn,0,0,157,0,0,163,0,0,0,0
116,27,final,0,0,157,0,0,163,0,0,0,0
116,12,scoreA,0,0,0,186,0,0,0,0,0,167
116,12,fedrn,0,0,0,176,0,0,0,0,0,170
116,12,final,0,0,0,176,0,0,0,0,0,170
116,57,scoreA,0,0,0,0,121,0,99,0,0,0
116,57,fedrn,0,0,0,0,123,0,101,0,0,0
116,57,final,0,0,0,0,123,0,101,0,0,0
117,73,scoreA,88,0,0,0,0,0,83,0,0,0
117,73,fedrn,89,0,0,0,0,0,83,0,0,0
117,73,final,89,0,0,0,0,0,83,0,0,0
117,31,scoreA,142,155,0,0,0,0,0,0,0,0
117,31,fedrn,142,154,0,0,0,0,0,0,0,0
117,31,final,142,154,0,0,0,0,0,0,0,0
117,29,scoreA,0,0,0,0,0,0,0,0,0,308
117,29,fedrn,0,0,0,0,0,0,0,0,0,308
117,29,final,0,0,0,0,0,0,0,0,0,308
117,19,scoreA,0,0,0,0,0,171,142,0,0,0
117,19,fedrn,0,0,0,0,0,167,152,0,0,0
117,19,final,0,0,0,0,0,167,152,0,0,0
117,26,scoreA,0,0,0,0,0,0,0,159,0,152
117,26,fedrn,0,0,0,0,0,0,0,159,0,153
117,26,final,0,0,0,0,0,0,0,159,0,153
117,15,scoreA,0,0,0,0,0,168,0,172,0,0
117,15,fedrn,0,0,0,0,0,162,0,167,0,0
117,15,final,0,0,0,0,0,162,0,167,0,0
117,44,scoreA,0,0,0,0,0,0,128,131,0,0
117,44,fedrn,0,0,0,0,0,0,129,133,0,0
117,44,final,0,0,0,0,0,0,129,133,0,0
117,0,scoreA,0,0,369,0,0,0,0,0,0,0
117,0,fedrn,0,0,391,0,0,0,0,0,0,0
117,0,final,0,0,391,0,0,0,0,0,0,0
117,48,scoreA,0,0,0,135,122,0,0,0,0,0
117,48,fedrn,0,0,0,133,126,0,0,0,0,0
117,48,final,0,0,0,133,126,0,0,0,0,0
117,94,scoreA,58,55,0,0,0,0,0,0,0,0
117,94,fedrn,59,55,0,0,0,0,0,0,0,0
117,94,final,59,55,0,0,0,0,0,0,0,0
118,6,scoreA,0,193,0,0,0,0,181,0,0,0
118,6,fedrn,0,193,0,0,0,0,181,0,0,0
118,6,final,0,193,0,0,0,0,181,0,0,0
118,32,scoreA,156,0,0,2,0,1,0,0,0,125
118,32,fedrn,162,0,0,1,0,0,0,0,0,135
118,32,final,162,0,0,1,0,0,0,0,0,135
118,24,scoreA,0,0,0,0,174,133,0,0,0,0
118,24,fedrn,0,0,0,0,172,141,0,0,0,0
118,24,final,0,0,0,0,172,141,0,0,0,0
118,89,scoreA,62,16,16,17,18,21,11,12,14,47
118,89,fedrn,67,5,2,3,2,7,4,1,3,57
118,89,final,67,5,2,3,2,7,4,1,3,57
118,52,scoreA,3,4,10,4,2,3,2,119,100,4
118,52,fedrn,0,0,0,0,0,0,0,116,107,0
118,52,final,0,0,0,0,0,0,0,116,107,0
118,1,scoreA,0,0,0,0,192,0,0,0,191,0
118,1,fedrn,0,0,0,0,193,0,0,0,190,0
118,1,final,0,0,0,0,193,0,0,0,190,0
118,45,scoreA,0,2,1,3,118,127,1,0,1,0
118,45,fedrn,0,0,0,0,121,123,0,0,0,0
118,45,final,0,0,0,0,121,123,0,0,0,0
118,99,scoreA,0,0,0,0,41,0,0,0,23,67
118,99,fedrn,0,0,0,0,41,0,0,0,23,69
118,99,final,0,0,0,0,41,0,0,0,23,69
118,17,scoreA,0,4,0,182,161,0,2,0,0,0
118,17,fedrn,0,0,0,186,166,0,0,0,0,0
118,17,final,0,0,0,186,166,0,0,0,0,0
118,31,scoreA,143,152,0,0,0,0,0,0,0,0
118,31,fedrn,145,148,0,0,0,0,0,0,0,0
118,31,final,145,148,0,0,0,0,0,0,0,0
119,97,scoreA,0,0,0,1,73,0,0,1,0,0
119,97,fedrn,0,0,0,0,73,0,0,0,0,0
119,97,final,0,0,0,0,73,0,0,0,0,0
119,36,scoreA,0,148,0,136,0,0,0,0,0,0
119,36,fedrn,0,143,0,137,0,0,0,0,0,0
119,36,final,0,143,0,137,0,0,0,0,0,0
119,64,scoreA,0,0,196,0,0,0,0,0,0,0
119,64,fedrn,0,0,196,0,0,0,0,0,0,0
119,64,final,0,0,196,0,0,0,0,0,0,0
119,81,scoreA,2,6,9,70,7,9,10,74,5,14
119,81,fedrn,0,0,0,77,0,0,0,78,0,2
119,81,final,0,0,0,77,0,0,0,78,0,2
119,82,scoreA,0,1,0,0,80,0,0,0,67,0
119,82,fedrn,0,0,0,0,73,0,0,0,65,0
119,82,final,0,0,0,0,73,0,0,0,65,0
119,68,scoreA,0,0,0,0,0,0,96,0,0,89
119,68,fedrn,0,0,0,0,0,0,100,0,0,83
119,68,final,0,0,0,0,0,0,100,0,0,83
119,59,scoreA,113,0,0,0,0,0,0,100,0,0
119,59,fedrn,113,0,0,0,0,0,0,101,0,0
119,59,final,113,0,0,0,0,0,0,101,0,0
119,61,scoreA,0,0,0,0,0,0,205,0,0,0
119,61,fedrn,0,0,0,0,0,0,205,0,0,0
119,61,final,0,0,0,0,0,0,205,0,0,0
119,17,scoreA,0,0,0,186,167,0,0,0,0,0
119,17,fedrn,0,0,0,186,167,0,0,0,0,0
119,17,final,0,0,0,186,167,0,0,0,0,0
119,25,scoreA,0,0,0,159,0,0,0,0,157,0
119,25,fedrn,0,0,0,158,0,0,0,0,157,0
119,25,final,0,0,0,158,0,0,0,0,157,0
120,12,scoreA,0,0,0,186,0,0,0,0,0,169
120,12,fedrn,0,0,0,178,0,0,0,0,0,170
120,12,final,0,0,0,178,0,0,0,0,0,170
120,47,scoreA,0,0,0,0,0,128,0,0,0,117
120,47,fedrn,0,0,0,0,0,130,0,0,0,116
120,47,final,0,0,0,0,0,130,0,0,0,116
120,2,scoreA,0,0,0,0,0,0,0,0,0,394
120,2,fedrn,0,0,0,0,0,0,0,0,0,394
120,2,final,0,0,0,0,0,0,0,0,0,394
120,38,scoreA,0,0,143,0,0,0,0,140,0,0
120,38,fedrn,0,0,143,0,0,0,0,141,0,0
120,38,final,0,0,143,0,0,0,0,141,0,0
120,88,scoreA,119,0,0,0,0,0,0,0,0,0
120,88,fedrn,119,0,0,0,0,0,0,0,0,0
120,88,final,119,0,0,0,0,0,0,0,0,0
120,5,scoreA,172,0,0,0,0,0,190,0,0,0
120,5,fedrn,179,0,0,0,0,0,189,0,0,0
120,5,final,179,0,0,0,0,0,189,0,0,0
120,92,scoreA,10,53,9,55,11,25,12,12,12,20
120,92,fedrn,2,54,1,65,10,20,3,9,3,4
120,92,final,2,54,1,65,10,20,3,9,3,4
120,71,scoreA,0,89,0,0,0,90,0,0,0,0
120,71,fedrn,0,88,0,0,0,88,0,0,0,0
120,71,final,0,88,0,0,0,88,0,0,0,0
120,7,scoreA,183,179,0,0,0,0,0,0,0,0
120,7,fedrn,177,187,0,0,0,0,0,0,0,0
120,7,final,177,187,0,0,0,0,0,0,0,0
120,74,scoreA,0,0,0,0,0,164,0,0,0,0
120,74,fedrn,0,0,0,0,0,164,0,0,0,0
120,74,final,0,0,0,0,0,164,0,0,0,0
121,66,scoreA,0,108,0,0,84,0,0,0,0,0
121,66,fedrn,0,99,0,0,88,0,0,0,0,0
121,66,final,0,99,0,0,88,0,0,0,0,0
121,80,scoreA,0,0,0,0,0,0,144,0,1,0
121,80,fedrn,0,0,0,0,0,0,142,0,0,0
121,80,final,0,0,0,0,0,0,142,0,0,0
121,92,scoreA,1,50,0,62,3,12,1,3,1,2
121,92,fedrn,0,49,0,59,0,3,0,0,0,0
121,92,final,0,49,0,59,0,3,0,0,0,0
121,51,scoreA,0,0,0,0,123,0,0,129,0,0
121,51,fedrn,0,0,0,0,105,0,0,132,0,0
121,51,final,0,0,0,0,105,0,0,132,0,0
121,46,scoreA,0,0,0,0,0,0,124,0,0,127
121,46,fedrn,0,0,0,0,0,0,125,0,0,128
121,46,final,0,0,0,0,0,0,125,0,0,128
121,56,scoreA,0,0,129,0,0,0,0,0,0,102
121,56,fedrn,0,0,129,0,0,0,0,0,0,102
121,56,final,0,0,129,0,0,0,0,0,0,102
121,21,scoreA,0,0,152,0,0,158,0,0,0,0
121,21,fedrn,0,0,156,0,0,163,0,0,0,0
121,21,final,0,0,156,0,0,163,0,0,0,0
121,55,scoreA,0,0,0,0,121,0,0,116,1,0
121,55,fedrn,0,0,0,0,121,0,0,108,1,0
121,55,final,0,0,0,0,121,0,0,108,1,0
121,26,scoreA,0,0,0,0,0,0,0,161,0,148
121,26,fedrn,0,0,0,0,0,0,0,160,0,152
121,26,final,0,0,0,0,0,0,0,160,0,152
121,7,scoreA,179,186,0,0,0,0,0,0,0,0
121,7,fedrn,180,187,0,0,0,0,0,0,0,0
121,7,final,180,187,0,0,0,0,0,0,0,0
122,94,scoreA,56,55,0,0,0,0,0,0,0,0
122,94,fedrn,55,54,0,0,0,0,0,0,0,0
122,94,final,55,54,0,0,0,0,0,0,0,0
122,15,scoreA,0,0,0,0,0,166,0,164,0,0
122,15,fedrn,0,0,0,0,0,145,0,173,0,0
122,15,final,0,0,0,0,0,145,0,173,0,0
122,34,scoreA,0,0,0,155,0,0,0,129,0,0
122,34,fedrn,0,0,0,156,0,0,0,126,0,0
122,34,final,0,0,0,156,0,0,0,126,0,0
122,4,scoreA,0,0,0,0,0,0,0,195,183,0
122,4,fedrn,0,0,0,0,0,0,0,194,182,0
122,4,final,0,0,0,0,0,0,0,194,182,0
122,43,scoreA,0,0,0,131,0,0,0,0,130,0
122,43,fedrn,0,0,0,128,0,0,0,0,129,0
122,43,final,0,0,0,128,0,0,0,0,129,0
122,79,scoreA,57,5,12,15,6,2,13,3,85,15
122,79,fedrn,73,0,3,6,1,0,4,0,78,2
122,79,final,73,0,3,6,1,0,4,0,78,2
122,39,scoreA,140,0,0,0,0,0,0,0,144,0
122,39,fedrn,139,0,0,0,0,0,0,0,146,0
122,39,final,139,0,0,0,0,0,0,0,146,0
122,96,scoreA,7,40,8,64,24,23,19,18,17,25
122,96,fedrn,1,42,0,75,25,19,10,13,11,27
122,96,final,1,42,0,75,25,19,10,13,11,27
122,84,scoreA,70,12,18,4,5,25,3,4,0,82
122,84,fedrn,71,9,9,0,1,15,0,1,0,75
122,84,final,71,9,9,0,1,15,0,1,0,75
122,56,scoreA,0,0,127,0,0,0,0,0,0,104
122,56,fedrn,0,0,129,0,0,0,0,0,0,104
122,56,final,0,0,129,0,0,0,0,0,0,104
123,84,scoreA,71,7,6,0,1,11,0,0,0,68
123,84,fedrn,73,3,0,0,0,2,0,0,0,62
123,84,final,73,3,0,0,0,2,0,0,0,62
123,60,scoreA,0,0,208,0,0,0,0,0,0,0
123,60,fedrn,0,0,208,0,0,0,0,0,0,0
123,60,final,0,0,208,0,0,0,0,0,0,0
123,5,scoreA,181,0,0,0,0,0,189,0,0,0
123,5,fedrn,181,0,0,0,0,0,189,0,0,0
123,5,final,181,0,0,0,0,0,189,0,0,0
123,17,scoreA,0,0,0,185,157,0,0,0,0,0
123,17,fedrn,0,0,0,186,153,0,0,0,0,0
123,17,final,0,0,0,186,153,0,0,0,0,0
123,32,scoreA,162,0,0,0,0,0,0,0,0,135
123,32,fedrn,163,0,0,0,0,0,0,0,0,137
123,32,final,163,0,0,0,0,0,0,0,0,137
123,45,scoreA,0,0,0,0,128,125,0,0,0,0
123,45,fedrn,0,0,0,0,135,107,0,0,0,0
123,45,final,0,0,0,0,135,107,0,0,0,0
123,21,scoreA,0,0,154,0,0,163,0,0,0,0
123,21,fedrn,0,0,170,0,0,160,0,0,0,0
123,21,final,0,0,170,0,0,160,0,0,0,0
123,10,scoreA,0,0,0,165,0,0,0,181,0,0
123,10,fedrn,0,0,0,161,0,0,0,181,0,0
123,10,final,0,0,0,161,0,0,0,181,0,0
123,51,scoreA,0,0,0,0,110,0,0,133,0,0
123,51,fedrn,0,0,0,0,111,0,0,128,0,0
123,51,final,0,0,0,0,111,0,0,128,0,0
123,0,scoreA,0,0,399,0,0,0,0,0,0,0
123,0,fedrn,0,0,395,0,0,0,0,0,0,0
123,0,final,0,0,395,0,0,0,0,0,0,0
124,8,scoreA,0,0,0,0,0,0,0,186,184,0
124,8,fedrn,0,0,0,0,0,0,0,186,184,0
124,8,final,0,0,0,0,0,0,0,186,184,0
124,69,scoreA,0,0,87,0,103,0,0,0,0,0
124,69,fedrn,0,0,93,0,105,0,0,0,0,0
124,69,final,0,0,93,0,105,0,0,0,0,0
124,19,scoreA,0,0,0,0,0,165,139,0,0,0
124,19,fedrn,0,0,0,0,0,170,154,0,0,0
124,19,final,0,0,0,0,0,170,154,0,0,0
124,88,scoreA,119,0,0,0,0,0,0,0,0,0
124,88,fedrn,119,0,0,0,0,0,0,0,0,0
124,88,final,119,0,0,0,0,0,0,0,0,0
124,25,scoreA,0,0,0,161,0,0,0,0,156,0
124,25,fedrn,0,0,0,162,0,0,0,0,153,0
124,25,final,0,0,0,162,0,0,0,0,153,0
124,93,scoreA,1,21,11,1,24,2,66,0,0,79
124,93,fedrn,1,20,6,1,26,1,65,0,0,77
124,93,final,1,20,6,1,26,1,65,0,0,77
124,13,scoreA,0,0,0,0,0,0,172,0,181,0
124,13,fedrn,0,0,0,0,0,0,175,0,179,0
124,13,final,0,0,0,0,0,0,175,0,179,0
124,71,scoreA,0,91,0,0,0,89,0,0,0,0
124,71,fedrn,0,89,0,0,0,89,0,0,0,0
124,71,final,0,89,0,0,0,89,0,0,0,0
124,94,scoreA,53,53,0,0,0,0,0,0,0,0
124,94,fedrn,55,56,0,0,0,0,0,0,0,0
124,94,final,55,56,0,0,0,0,0,0,0,0
124,91,scoreA,0,0,74,0,0,0,50,0,0,0
124,91,fedrn,0,0,81,0,0,0,49,0,0,0
124,91,final,0,0,81,0,0,0,49,0,0,0
125,66,scoreA,0,100,0,0,90,0,0,0,0,0
125,66,fedrn,0,99,0,0,91,0,0,0,0,0
125,66,final,0,99,0,0,91,0,0,0,0,0
125,48,scoreA,0,0,0,134,106,0,0,0,0,0
125,48,fedrn,0,0,0,134,112,0,0,0,0,0
125,48,final,0,0,0,134,112,0,0,0,0,0
125,85,scoreA,0,65,0,0,77,0,0,0,0,0
125,85,fedrn,0,65,0,0,75,0,0,0,0,0
125,85,final,0,65,0,0,75,0,0,0,0,0
125,61,scoreA,0,0,0,0,0,0,205,0,0,0
125,61,fedrn,0,0,0,0,0,0,205,0,0,0
125,61,final,0,0,0,0,0,0,205,0,0,0
125,93,scoreA,1,20,6,1,25,1,67,0,0,77
125,93,fedrn,1,15,1,1,17,0,66,0,0,73
125,93,final,1,15,1,1,17,0,66,0,0,73
125,56,scoreA,0,0,127,0,0,0,0,0,0,104
125,56,fedrn,0,0,127,0,0,0,0,0,0,103
125,56,final,0,0,127,0,0,0,0,0,0,103
125,87,scoreA,0,0,0,0,0,0,0,0,83,72
125,87,fedrn,0,0,0,0,0,0,0,0,82,73
125,87,final,0,0,0,0,0,0,0,0,82,73
125,86,scoreA,9,59,22,61,8,12,13,12,6,13
125,86,fedrn,0,60,12,67,3,0,2,1,3,5
125,86,final,0,60,12,67,3,0,2,1,3,5
125,10,scoreA,0,0,0,164,0,0,0,179,0,0
125,10,fedrn,0,0,0,166,0,0,0,166,0,0
125,10,final,0,0,0,166,0,0,0,166,0,0
125,80,scoreA,0,0,0,0,0,0,144,0,0,0
125,80,fedrn,0,0,0,0,0,0,144,0,0,0
125,80,final,0,0,0,0,0,0,144,0,0,0
126,46,scoreA,0,0,0,0,0,0,95,0,0,128
126,46,fedrn,0,0,0,0,0,0,121,0,0,129
126,46,final,0,0,0,0,0,0,121,0,0,129
126,81,scoreA,0,0,0,78,0,0,0,74,0,2
126,81,fedrn,0,0,0,64,0,0,0,76,0,0
126,81,final,0,0,0,64,0,0,0,76,0,0
126,51,scoreA,0,0,0,0,119,0,0,120,0,0
126,51,fedrn,0,0,0,0,118,0,0,125,0,0
126,51,final,0,0,0,0,118,0,0,125,0,0
126,93,scoreA,1,16,0,1,16,1,68,0,0,78
126,93,fedrn,0,3,0,0,5,0,66,0,0,65
126,93,final,0,3,0,0,5,0,66,0,0,65
126,20,scoreA,0,0,168,0,0,0,0,155,0,0
126,20,fedrn,0,0,171,0,0,0,0,164,0,0
126,20,final,0,0,171,0,0,0,0,164,0,0
126,19,scoreA,0,0,0,0,0,171,161,0,0,0
126,19,fedrn,0,0,0,0,0,167,149,0,0,0
126,19,final,0,0,0,0,0,167,149,0,0,0
126,54,scoreA,0,117,0,0,0,0,118,0,0,0
126,54,fedrn,0,117,0,0,0,0,116,0,0,0
126,54,final,0,117,0,0,0,0,116,0,0,0
126,9,scoreA,0,372,0,0,0,0,0,0,0,0
126,9,fedrn,0,372,0,0,0,0,0,0,0,0
126,9,final,0,372,0,0,0,0,0,0,0,0
126,23,scoreA,0,168,0,0,0,163,0,0,0,0
126,23,fedrn,0,167,0,0,0,162,0,0,0,0
126,23,final,0,167,0,0,0,162,0,0,0,0
126,4,scoreA,0,0,0,0,0,0,0,193,185,0
126,4,fedrn,0,0,0,0,0,0,0,193,184,0
126,4,final,0,0,0,0,0,0,0,193,184,0
127,95,scoreA,5,8,0,67,58,7,0,7,2,4
127,95,fedrn,0,0,0,66,48,0,0,0,0,0
127,95,final,0,0,0,66,48,0,0,0,0,0
127,75,scoreA,0,0,0,87,0,0,0,0,64,0
127,75,fedrn,0,0,0,87,0,0,0,0,63,0
127,75,final,0,0,0,87,0,0,0,0,63,0
127,25,scoreA,0,0,0,161,0,0,0,0,157,0
127,25,fedrn,0,0,0,159,0,0,0,0,156,0
127,25,final,0,0,0,159,0,0,0,0,156,0
127,96,scoreA,1,47,0,73,25,24,12,16,12,32
127,96,fedrn,1,33,0,76,24,21,10,13,5,29
127,96,final,1,33,0,76,24,21,10,13,5,29
127,78,scoreA,8,16,70,9,95,22,5,2,7,17
127,78,fedrn,20,9,78,5,69,19,3,1,2,7
127,78,final,20,9,78,5,69,19,3,1,2,7
127,14,scoreA,0,0,0,0,1,163,0,0,0,171
127,14,fedrn,0,0,0,0,0,169,0,0,0,176
127,14,final,0,0,0,0,0,169,0,0,0,176
127,23,scoreA,0,168,0,0,0,161,0,0,0,0
127,23,fedrn,0,167,0,0,0,162,0,0,0,0
127,23,final,0,167,0,0,0,162,0,0,0,0
127,70,scoreA,0,0,0,0,2,88,0,0,84,0
127,70,fedrn,0,0,0,0,0,87,0,0,83,0
127,70,final,0,0,0,0,0,87,0,0,83,0
127,32,scoreA,161,0,0,0,0,0,0,0,0,139
127,32,fedrn,159,0,0,0,0,0,0,0,0,138
127,32,final,159,0,0,0,0,0,0,0,0,138
127,9,scoreA,0,372,0,0,0,0,0,0,0,0
127,9,fedrn,0,372,0,0,0,0,0,0,0,0
127,9,final,0,372,0,0,0,0,0,0,0,0
128,32,scoreA,162,0,0,0,0,0,0,0,0,137
128,32,fedrn,162,0,0,0,0,0,0,0,0,137
128,32,final,162,0,0,0,0,0,0,0,0,137
128,9,scoreA,0,372,0,0,0,0,0,0,0,0
128,9,fedrn,0,372,0,0,0,0,0,0,0,0
128,9,final,0,372,0,0,0,0,0,0,0,0
128,19,scoreA,0,0,0,0,0,157,159,0,0,0
128,19,fedrn,0,0,0,0,0,160,147,0,0,0
128,19,final,0,0,0,0,0,160,147,0,0,0
128,13,scoreA,0,0,0,0,0,0,175,0,180,0
128,13,fedrn,0,0,0,0,0,0,174,0,179,0
128,13,final,0,0,0,0,0,0,174,0,179,0
128,56,scoreA,0,0,127,0,0,0,0,0,0,100
128,56,fedrn,0,0,127,0,0,0,0,0,0,102
128,56,final,0,0,127,0,0,0,0,0,0,102
128,59,scoreA,113,0,0,0,0,0,0,98,0,0
128,59,fedrn,113,0,0,0,0,0,0,99,0,0
128,59,final,113,0,0,0,0,0,0,99,0,0
128,68,scoreA,0,0,0,0,0,0,99,0,0,86
128,68,fedrn,0,0,0,0,0,0,100,0,0,86
128,68,final,0,0,0,0,0,0,100,0,0,86
128,79,scoreA,77,0,3,4,0,0,4,0,65,1
128,79,fedrn,78,0,0,0,0,0,2,0,75,0
128,79,final,78,0,0,0,0,0,2,0,75,0
128,39,scoreA,139,0,0,0,0,0,0,0,145,0
128,39,fedrn,139,0,0,0,0,0,0,0,146,0
128,39,final,139,0,0,0,0,0,0,0,146,0
128,36,scoreA,0,149,0,137,0,0,0,0,0,0
128,36,fedrn,0,146,0,137,0,0,0,0,0,0
128,36,final,0,146,0,137,0,0,0,0,0,0
129,6,scoreA,0,192,0,0,0,0,181,0,0,0
129,6,fedrn,0,193,0,0,0,0,185,0,0,0
129,6,final,0,193,0,0,0,0,185,0,0,0
129,67,scoreA,0,94,0,0,0,0,0,0,104,0
129,67,fedrn,0,92,0,0,0,0,0,0,103,0
129,67,final,0,92,0,0,0,0,0,0,103,0
129,82,scoreA,0,0,0,0,76,0,0,0,65,0
129,82,fedrn,0,0,0,0,73,0,0,0,67,0
129,82,final,0,0,0,0,73,0,0,0,67,0
129,31,scoreA,147,150,0,0,0,0,0,0,0,0
129,31,fedrn,147,151,0,0,0,0,0,0,0,0
129,31,final,147,151,0,0,0,0,0,0,0,0
129,54,scoreA,0,117,0,0,0,0,117,0,0,0
129,54,fedrn,0,117,0,0,0,0,116,0,0,0
129,54,final,0,117,0,0,0,0,116,0,0,0
129,22,scoreA,161,0,0,0,0,165,0,0,0,0
129,22,fedrn,160,0,0,0,0,167,0,0,0,0
129,22,final,160,0,0,0,0,167,0,0,0,0
129,78,scoreA,19,7,79,6,92,24,4,1,2,14
129,78,fedrn,4,0,78,2,92,13,0,0,0,2
129,78,final,4,0,78,2,92,13,0,0,0,2
129,64,scoreA,0,0,196,0,0,0,0,0,0,0
129,64,fedrn,0,0,196,0,0,0,0,0,0,0
129,64,final,0,0,196,0,0,0,0,0,0,0
129,14,scoreA,0,0,0,0,0,172,0,0,0,178
129,14,fedrn,0,0,0,0,0,166,0,0,0,174
129,14,final,0,0,0,0,0,166,0,0,0,174
129,90,scoreA,0,0,0,0,0,0,56,0,59,0
129,90,fedrn,0,0,0,0,0,0,54,0,59,0
129,90,final,0,0,0,0,0,0,54,0,59,0
130,18,scoreA,158,0,0,1,0,0,169,0,0,0
130,18,fedrn,160,0,0,0,0,0,173,0,0,0
130,18,final,160,0,0,0,0,0,173,0,0,0
130,49,scoreA,1,4,117,5,1,2,0,115,1,5
130,49,fedrn,0,0,126,0,0,0,0,100,0,0
130,49,final,0,0,126,0,0,0,0,100,0,0
130,94,scoreA,59,50,0,0,0,0,0,0,0,0
130,94,fedrn,61,52,0,0,0,0,0,0,0,0
130,94,final,61,52,0,0,0,0,0,0,0,0
130,22,scoreA,159,0,0,0,0,167,0,0,0,0
130,22,fedrn,161,0,0,0,0,165,0,0,0,0
130,22,final,161,0,0,0,0,165,0,0,0,0
130,7,scoreA,180,185,0,0,0,0,0,0,0,0
130,7,fedrn,186,182,0,0,0,0,0,0,0,0
130,7,final,186,182,0,0,0,0,0,0,0,0
130,40,scoreA,2,0,3,152,3,124,4,2,3,2
130,40,fedrn,0,0,0,154,0,131,0,0,0,0
130,40,final,0,0,0,154,0,131,0,0,0,0
130,82,scoreA,0,0,0,0,73,0,0,0,68,0
130,82,fedrn,0,0,0,0,73,0,0,0,67,0
130,82,final,0,0,0,0,73,0,0,0,67,0
130,75,scoreA,0,0,0,87,0,0,0,0,65,0
130,75,fedrn,0,0,0,87,0,0,0,0,66,0
130,75,final,0,0,0,87,0,0,0,0,66,0
130,46,scoreA,0,0,0,0,0,0,124,0,0,128
130,46,fedrn,0,0,0,0,0,0,124,0,0,129
130,46,final,0,0,0,0,0,0,124,0,0,129
130,84,scoreA,71,3,0,0,0,2,0,0,0,65
130,84,fedrn,71,0,0,0,0,0,0,0,0,66
130,84,final,71,0,0,0,0,0,0,0,0,66
131,20,scoreA,0,0,168,0,0,0,0,167,0,0
131,20,fedrn,0,0,169,0,0,0,0,165,0,0
131,20,final,0,0,169,0,0,0,0,165,0,0
131,26,scoreA,0,0,0,0,0,0,0,156,0,152
131,26,fedrn,0,0,0,0,0,0,0,156,0,154
131,26,final,0,0,0,0,0,0,0,156,0,154
131,54,scoreA,0,117,0,0,0,0,115,0,0,0
131,54,fedrn,0,117,0,0,0,0,114,0,0,0
131,54,final,0,117,0,0,0,0,114,0,0,0
131,53,scoreA,113,0,0,0,0,0,0,114,0,0
131,53,fedrn,114,0,0,0,0,0,0,113,0,0
131,53,final,114,0,0,0,0,0,0,113,0,0
131,71,scoreA,0,90,0,0,0,90,0,0,0,0
131,71,fedrn,0,85,0,0,0,89,0,0,0,0
131,71,final,0,85,0,0,0,89,0,0,0,0
131,75,scoreA,0,0,0,87,0,0,0,0,67,0
131,75,fedrn,0,0,0,87,0,0,0,0,65,0
131,75,final,0,0,0,87,0,0,0,0,65,0
131,95,scoreA,0,0,0,68,51,0,0,0,0,0
131,95,fedrn,0,0,0,68,51,0,0,0,0,0
131,95,final,0,0,0,68,51,0,0,0,0,0
131,94,scoreA,61,52,0,0,0,0,0,0,0,0
131,94,fedrn,58,53,0,0,0,0,0,0,0,0
131,94,final,58,53,0,0,0,0,0,0,0,0
131,2,scoreA,0,0,0,0,0,0,0,0,0,394
131,2,fedrn,0,0,0,0,0,0,0,0,0,394
131,2,final,0,0,0,0,0,0,0,0,0,394
131,7,scoreA,188,180,0,0,0,0,0,0,0,0
131,7,fedrn,189,182,0,0,0,0,0,0,0,0
131,7,final,189,182,0,0,0,0,0,0,0,0
132,19,scoreA,0,0,0,0,0,145,165,0,0,0
132,19,fedrn,0,0,0,0,0,150,166,0,0,0
132,19,final,0,0,0,0,0,150,166,0,0,0
132,61,scoreA,0,0,0,0,0,0,205,0,0,0
132,61,fedrn,0,0,0,0,0,0,205,0,0,0
132,61,final,0,0,0,0,0,0,205,0,0,0
132,66,scoreA,0,99,0,0,93,0,0,0,0,0
132,66,fedrn,0,94,0,0,94,0,0,0,0,0
132,66,final,0,94,0,0,94,0,0,0,0,0
132,62,scoreA,95,0,0,0,0,0,0,107,0,0
132,62,fedrn,94,0,0,0,0,0,0,108,0,0
132,62,final,94,0,0,0,0,0,0,108,0,0
132,29,scoreA,0,0,0,0,0,0,0,0,0,308
132,29,fedrn,0,0,0,0,0,0,0,0,0,308
132,29,final,0,0,0,0,0,0,0,0,0,308
132,17,scoreA,0,0,0,179,152,0,0,0,0,0
132,17,fedrn,0,0,0,178,156,0,0,0,0,0
132,17,final,0,0,0,178,156,0,0,0,0,0
132,52,scoreA,0,0,0,0,0,0,0,116,110,0
132,52,fedrn,0,0,0,0,0,0,0,115,112,0
132,52,final,0,0,0,0,0,0,0,115,112,0
132,93,scoreA,0,2,0,0,7,0,67,0,0,60
132,93,fedrn,0,0,0,0,0,0,61,0,0,60
132,93,final,0,0,0,0,0,0,61,0,0,60
132,77,scoreA,0,91,0,0,0,0,1,0,65,0
132,77,fedrn,0,89,0,0,0,0,0,0,73,0
132,77,final,0,89,0,0,0,0,0,0,73,0
132,83,scoreA,0,0,79,0,0,0,0,0,0,80
132,83,fedrn,0,0,77,0,0,0,0,0,0,80
132,83,final,0,0,77,0,0,0,0,0,0,80
133,99,scoreA,0,0,0,0,37,0,0,0,25,69
133,99,fedrn,0,0,0,0,31,0,0,0,24,69
133,99,final,0,0,0,0,31,0,0,0,24,69
133,64,scoreA,0,0,196,0,0,0,0,0,0,0
133,64,fedrn,0,0,196,0,0,0,0,0,0,0
133,64,final,0,0,196,0,0,0,0,0,0,0
133,85,scoreA,0,66,0,0,74,0,0,0,0,0
133,85,fedrn,0,64,0,0,72,0,0,0,0,0
133,85,final,0,64,0,0,72,0,0,0,0,0
133,2,scoreA,0,0,0,0,0,0,0,0,0,394
133,2,fedrn,0,0,0,0,0,0,0,0,0,394
133,2,final,0,0,0,0,0,0,0,0,0,394
133,98,scoreA,0,6,7,2,65,62,0,6,6,24
133,98,fedrn,0,0,0,0,60,61,0,3,5,10
133,98,final,0,0,0,0,60,61,0,3,5,10
133,5,scoreA,186,0,0,0,0,0,178,0,0,0
133,5,fedrn,186,0,0,0,0,0,188,0,0,0
133,5,final,186,0,0,0,0,0,188,0,0,0
133,92,scoreA,0,48,0,60,0,1,0,0,0,0
133,92,fedrn,0,47,0,59,0,0,0,0,0,0
133,92,final,0,47,0,59,0,0,0,0,0,0
133,24,scoreA,0,0,0,0,171,144,0,0,0,0
133,24,fedrn,0,0,0,0,173,145,0,0,0,0
133,24,final,0,0,0,0,173,145,0,0,0,0
133,22,scoreA,162,0,0,0,0,166,0,0,0,0
133,22,fedrn,160,0,0,0,0,165,0,0,0,0
133,22,final,160,0,0,0,0,165,0,0,0,0
133,66,scoreA,0,98,0,0,95,0,0,0,0,0
133,66,fedrn,0,93,0,0,93,0,0,0,0,0
133,66,final,0,93,0,0,93,0,0,0,0,0
134,39,scoreA,138,0,0,0,0,0,0,0,145,0
134,39,fedrn,140,0,0,0,0,0,0,0,141,0
134,39,final,140,0,0,0,0,0,0,0,141,0
134,98,scoreA,0,0,0,0,64,61,0,3,4,9
134,98,fedrn,0,0,0,0,61,60,0,2,4,1
134,98,final,0,0,0,0,61,60,0,2,4,1
134,99,scoreA,0,0,0,0,28,0,0,0,25,69
134,99,fedrn,0,0,0,0,27,0,0,0,28,69
134,99,final,0,0,0,0,27,0,0,0,28,69
134,31,scoreA,147,150,0,0,0,0,0,0,0,0
134,31,fedrn,147,152,0,0,0,0,0,0,0,0
134,31,final,147,152,0,0,0,0,0,0,0,0
134,80,scoreA,0,0,0,0,0,0,144,0,0,0
134,80,fedrn,0,0,0,0,0,0,143,0,0,0
134,80,final,0,0,0,0,0,0,143,0,0,0
134,91,scoreA,0,0,81,0,0,0,49,0,0,0
134,91,fedrn,0,0,81,0,0,0,48,0,0,0
134,91,final,0,0,81,0,0,0,48,0,0,0
134,94,scoreA,56,52,0,0,0,0,0,0,0,0
134,94,fedrn,60,53,0,0,0,0,0,0,0,0
134,94,final,60,53,0,0,0,0,0,0,0,0
134,67,scoreA,0,92,0,0,0,0,0,0,104,0
134,67,fedrn,0,92,0,0,0,0,0,0,104,0
134,67,final,0,92,0,0,0,0,0,0,104,0
134,64,scoreA,0,0,196,0,0,0,0,0,0,0
134,64,fedrn,0,0,196,0,0,0,0,0,0,0
134,64,final,0,0,196,0,0,0,0,0,0,0
134,52,scoreA,0,0,0,0,0,0,0,115,113,0
134,52,fedrn,0,0,0,0,0,0,0,115,113,0
134,52,final,0,0,0,0,0,0,0,115,113,0
135,0,scoreA,0,0,389,0,0,0,0,0,0,0
135,0,fedrn,0,0,394,0,0,0,0,0,0,0
135,0,final,0,0,394,0,0,0,0,0,0,0
135,42,scoreA,0,143,0,0,0,0,0,0,120,0
135,42,fedrn,0,145,0,0,0,0,0,0,114,0
135,42,final,0,145,0,0,0,0,0,0,114,0
135,68,scoreA,0,0,0,0,0,0,99,0,0,86
135,68,fedrn,0,0,0,0,0,0,99,0,0,84
135,68,final,0,0,0,0,0,0,99,0,0,84
135,29,scoreA,0,0,0,0,0,0,0,0,0,308
135,29,fedrn,0,0,0,0,0,0,0,0,0,308
135,29,final,0,0,0,0,0,0,0,0,0,308
135,55,scoreA,0,0,0,0,119,0,0,113,1,0
135,55,fedrn,0,0,0,0,122,0,0,102,1,0
135,55,final,0,0,0,0,122,0,0,102,1,0
135,81,scoreA,0,0,0,68,0,0,0,71,0,0
135,81,fedrn,0,0,0,68,0,0,0,70,0,0
135,81,final,0,0,0,68,0,0,0,70,0,0
135,64,scoreA,0,0,196,0,0,0,0,0,0,0
135,64,fedrn,0,0,196,0,0,0,0,0,0,0
135,64,final,0,0,196,0,0,0,0,0,0,0
135,84,scoreA,71,0,0,0,0,0,0,0,0,65
135,84,fedrn,71,0,0,0,0,0,0,0,0,66
135,84,final,71,0,0,0,0,0,0,0,0,66
135,3,scoreA,0,0,0,0,0,0,193,0,187,0
135,3,fedrn,0,0,0,0,0,0,193,0,190,0
135,3,final,0,0,0,0,0,0,193,0,190,0
135,59,scoreA,109,0,0,0,0,0,0,103,0,0
135,59,fedrn,110,0,0,0,0,0,0,100,0,0
135,59,final,110,0,0,0,0,0,0,100,0,0
136,68,scoreA,0,0,0,0,0,0,98,0,0,86
136,68,fedrn,0,0,0,0,0,0,98,0,0,85
136,68,final,0,0,0,0,0,0,98,0,0,85
136,44,scoreA,0,0,0,0,0,0,127,120,0,0
136,44,fedrn,0,0,0,0,0,0,128,127,0,0
136,44,final,0,0,0,0,0,0,128,127,0,0
136,64,scoreA,0,0,196,0,0,0,0,0,0,0
136,64,fedrn,0,0,196,0,0,0,0,0,0,0
136,64,final,0,0,196,0,0,0,0,0,0,0
136,95,scoreA,0,0,0,69,51,0,0,0,0,0
136,95,fedrn,0,0,0,69,51,0,0,0,0,0
136,95,final,0,0,0,69,51,0,0,0,0,0
136,75,scoreA,0,0,0,71,0,0,0,0,76,0
136,75,fedrn,0,0,0,83,0,0,0,0,72,0
136,75,final,0,0,0,83,0,0,0,0,72,0
136,30,scoreA,146,0,101,0,0,0,0,0,0,0
136,30,fedrn,149,0,144,0,0,0,0,0,0,0
136,30,final,149,0,144,0,0,0,0,0,0,0
136,93,scoreA,0,0,0,0,0,0,64,0,0,61
136,93,fedrn,0,0,0,0,0,0,62,0,0,59
136,93,final,0,0,0,0,0,0,62,0,0,59
136,31,scoreA,146,152,0,0,0,0,0,0,0,0
136,31,fedrn,144,152,0,0,0,0,0,0,0,0
136,31,final,144,152,0,0,0,0,0,0,0,0
136,37,scoreA,0,0,0,0,0,134,0,138,0,0
136,37,fedrn,0,0,0,0,0,135,0,131,0,0
136,37,final,0,0,0,0,0,135,0,131,0,0
136,66,scoreA,0,98,0,0,91,0,0,0,0,0
136,66,fedrn,0,93,0,0,94,0,0,0,0,0
136,66,final,0,93,0,0,94,0,0,0,0,0
137,92,scoreA,0,46,0,62,0,0,0,0,0,0
137,92,fedrn,0,47,0,61,0,0,0,0,0,0
137,92,final,0,47,0,61,0,0,0,0,0,0
137,84,scoreA,71,0,0,0,0,0,0,0,0,66
137,84,fedrn,71,0,0,0,0,0,0,0,0,65
137,84,final,71,0,0,0,0,0,0,0,0,65
137,87,scoreA,0,0,0,0,0,0,0,0,80,76
137,87,fedrn,0,0,0,0,0,0,0,0,83,68
137,87,final,0,0,0,0,0,0,0,0,83,68
137,14,scoreA,0,0,0,0,0,173,0,0,0,178
137,14,fedrn,0,0,0,0,0,174,0,0,0,174
137,14,final,0,0,0,0,0,174,0,0,0,174
137,76,scoreA,0,94,0,77,0,0,0,0,0,0
137,76,fedrn,0,84,0,72,0,0,0,0,0,0
137,76,final,0,84,0,72,0,0,0,0,0,0
137,1,scoreA,0,0,0,0,193,0,0,0,191,0
137,1,fedrn,0,0,0,0,192,0,0,0,194,0
137,1,final,0,0,0,0,192,0,0,0,194,0
137,62,scoreA,94,0,0,0,0,0,0,107,0,0
137,62,fedrn,87,0,0,0,0,0,0,107,0,0
137,62,final,87,0,0,0,0,0,0,107,0,0
137,71,scoreA,0,84,0,0,0,89,0,0,0,0
137,71,fedrn,0,83,0,0,0,87,0,0,0,0
137,71,final,0,83,0,0,0,87,0,0,0,0
137,58,scoreA,0,0,0,0,114,0,0,0,0,100
137,58,fedrn,0,0,0,0,116,0,0,0,0,100
137,58,final,0,0,0,0,116,0,0,0,0,100
137,54,scoreA,0,117,0,0,0,0,114,0,0,0
137,54,fedrn,0,115,0,0,0,0,113,0,0,0
137,54,final,0,115,0,0,0,0,113,0,0,0
138,90,scoreA,0,0,0,0,0,0,54,0,58,0
138,90,fedrn,0,0,0,0,0,0,54,0,58,0
138,90,final,0,0,0,0,0,0,54,0,58,0
138,12,scoreA,0,0,0,181,0,0,0,0,0,170
138,12,fedrn,0,0,0,149,0,0,0,0,0,175
138,12,final,0,0,0,149,0,0,0,0,0,175
138,20,scoreA,0,0,170,0,0,0,0,164,0,0
138,20,fedrn,0,0,169,0,0,0,0,163,0,0
138,20,final,0,0,169,0,0,0,0,163,0,0
138,86,scoreA,0,63,6,59,1,0,0,0,2,1
138,86,fedrn,0,64,0,63,0,0,0,0,0,0
138,86,final,0,64,0,63,0,0,0,0,0,0
138,2,scoreA,0,0,0,0,0,0,0,0,0,394
138,2,fedrn,0,0,0,0,0,0,0,0,0,394
138,2,final,0,0,0,0,0,0,0,0,0,394
138,94,scoreA,59,53,0,0,0,0,0,0,0,0
138,94,fedrn,57,53,0,0,0,0,0,0,0,0
138,94,final,57,53,0,0,0,0,0,0,0,0
138,49,scoreA,0,0,122,0,0,0,0,113,0,0
138,49,fedrn,0,0,117,0,0,0,0,123,0,0
138,49,final,0,0,117,0,0,0,0,123,0,0
138,92,scoreA,0,51,0,60,0,0,0,0,0,0
138,92,fedrn,0,48,0,61,0,0,0,0,0,0
138,92,final,0,48,0,61,0,0,0,0,0,0
138,36,scoreA,0,149,0,137,0,0,0,0,0,0
138,36,fedrn,0,147,0,137,0,0,0,0,0,0
138,36,final,0,147,0,137,0,0,0,0,0,0
138,67,scoreA,0,88,0,0,0,0,0,0,106,0
138,67,fedrn,0,89,0,0,0,0,0,0,106,0
138,67,final,0,89,0,0,0,0,0,0,106,0
139,99,scoreA,0,0,0,0,33,0,0,0,30,68
139,99,fedrn,0,0,0,0,32,0,0,0,31,69
139,99,final,0,0,0,0,32,0,0,0,31,69
139,12,scoreA,0,0,0,180,0,0,0,0,0,170
139,12,fedrn,0,0,0,186,0,0,0,0,0,171
139,12,final,0,0,0,186,0,0,0,0,0,171
139,94,scoreA,57,54,0,0,0,0,0,0,0,0
139,94,fedrn,58,54,0,0,0,0,0,0,0,0
139,94,final,58,54,0,0,0,0,0,0,0,0
139,49,scoreA,0,0,117,0,0,0,0,124,0,0
139,49,fedrn,0,0,115,0,0,0,0,126,0,0
139,49,final,0,0,115,0,0,0,0,126,0,0
139,0,scoreA,0,0,399,0,0,0,0,0,0,0
139,0,fedrn,0,0,392,0,0,0,0,0,0,0
139,0,final,0,0,392,0,0,0,0,0,0,0
139,6,scoreA,0,193,0,0,0,0,186,0,0,0
139,6,fedrn,0,193,0,0,0,0,181,0,0,0
139,6,final,0,193,0,0,0,0,181,0,0,0
139,90,scoreA,0,0,0,0,0,0,55,0,59,0
139,90,fedrn,0,0,0,0,0,0,55,0,59,0
139,90,final,0,0,0,0,0,0,55,0,59,0
139,66,scoreA,0,99,0,0,93,0,0,0,0,0
139,66,fedrn,0,100,0,0,93,0,0,0,0,0
139,66,final,0,100,0,0,93,0,0,0,0,0
139,27,scoreA,0,0,157,0,0,162,0,0,0,0
139,27,fedrn,0,0,155,0,0,157,0,0,0,0
139,27,final,0,0,155,0,0,157,0,0,0,0
139,97,scoreA,0,0,0,0,73,0,0,0,0,0
139,97,fedrn,0,0,0,0,73,0,0,0,0,0
139,97,final,0,0,0,0,73,0,0,0,0,0
140,66,scoreA,0,100,0,0,91,0,0,0,0,0
140,66,fedrn,0,99,0,0,92,0,0,0,0,0
140,66,final,0,99,0,0,92,0,0,0,0,0
140,18,scoreA,166,0,0,0,0,0,173,0,0,0
140,18,fedrn,165,0,0,0,0,0,167,0,0,0
140,18,final,165,0,0,0,0,0,167,0,0,0
140,17,scoreA,0,0,0,179,152,0,0,0,0,0
140,17,fedrn,0,0,0,178,159,0,0,0,0,0
140,17,final,0,0,0,178,159,0,0,0,0,0
140,22,scoreA,163,0,0,0,0,165,0,0,0,0
140,22,fedrn,164,0,0,0,0,166,0,0,0,0
140,22,final,164,0,0,0,0,166,0,0,0,0
140,89,scoreA,55,1,0,2,1,4,0,0,0,54
140,89,fedrn,67,0,0,0,0,0,0,0,0,54
140,89,final,67,0,0,0,0,0,0,0,0,54
140,72,scoreA,0,102,0,0,0,0,0,0,0,96
140,72,fedrn,0,102,0,0,0,0,0,0,0,96
140,72,final,0,102,0,0,0,0,0,0,0,96
140,24,scoreA,0,0,0,0,171,148,0,0,0,0
140,24,fedrn,0,0,0,0,170,148,0,0,0,0
140,24,final,0,0,0,0,170,148,0,0,0,0
140,39,scoreA,139,0,0,0,0,0,0,0,145,0
140,39,fedrn,133,0,0,0,0,0,0,0,141,0
140,39,final,133,0,0,0,0,0,0,0,141,0
140,3,scoreA,0,0,0,0,0,0,196,0,192,0
140,3,fedrn,0,0,0,0,0,0,193,0,192,0
140,3,final,0,0,0,0,0,0,193,0,192,0
140,91,scoreA,0,0,81,0,0,0,51,0,0,0
140,91,fedrn,0,0,81,0,0,0,50,0,0,0
140,91,final,0,0,81,0,0,0,50,0,0,0
141,78,scoreA,4,0,74,1,97,11,0,0,0,1
141,78,fedrn,0,0,73,0,101,3,0,0,0,0
141,78,final,0,0,73,0,101,3,0,0,0,0
141,56,scoreA,0,0,125,0,0,0,0,0,0,101
141,56,fedrn,0,0,128,0,0,0,0,0,0,102
141,56,final,0,0,128,0,0,0,0,0,0,102
141,19,scoreA,0,0,0,0,0,160,166,0,0,0
141,19,fedrn,0,0,0,0,0,163,162,0,0,0
141,19,final,0,0,0,0,0,163,162,0,0,0
141,57,scoreA,0,0,0,0,121,0,112,0,0,0
141,57,fedrn,0,0,0,0,120,0,106,0,0,0
141,57,final,0,0,0,0,120,0,106,0,0,0
141,31,scoreA,143,153,0,0,0,0,0,0,0,0
141,31,fedrn,143,151,0,0,0,0,0,0,0,0
141,31,final,143,151,0,0,0,0,0,0,0,0
141,39,scoreA,139,0,0,0,0,0,0,0,145,0
141,39,fedrn,140,0,0,0,0,0,0,0,144,0
141,39,final,140,0,0,0,0,0,0,0,144,0
141,99,scoreA,0,0,0,0,33,0,0,0,34,64
141,99,fedrn,0,0,0,0,36,0,0,0,39,69
141,99,final,0,0,0,0,36,0,0,0,39,69
141,81,scoreA,0,0,0,70,0,0,0,72,0,0
141,81,fedrn,0,0,0,73,0,0,0,69,0,0
141,81,final,0,0,0,73,0,0,0,69,0,0
141,91,scoreA,0,0,80,0,0,0,50,0,0,0
141,91,fedrn,0,0,81,0,0,0,50,0,0,0
141,91,final,0,0,81,0,0,0,50,0,0,0
141,71,scoreA,0,86,0,0,0,87,0,0,0,0
141,71,fedrn,0,85,0,0,0,88,0,0,0,0
141,71,final,0,85,0,0,0,88,0,0,0,0
142,7,scoreA,187,177,0,0,0,0,0,0,0,0
142,7,fedrn,184,183,0,0,0,0,0,0,0,0
142,7,final,184,183,0,0,0,0,0,0,0,0
142,39,scoreA,140,0,0,0,0,0,0,0,145,0
142,39,fedrn,135,0,0,0,0,0,0,0,145,0
142,39,final,135,0,0,0,0,0,0,0,145,0
142,29,scoreA,0,0,0,0,0,0,0,0,0,308
142,29,fedrn,0,0,0,0,0,0,0,0,0,308
142,29,final,0,0,0,0,0,0,0,0,0,308
142,70,scoreA,0,0,0,0,0,86,0,0,84,0
142,70,fedrn,0,0,0,0,0,85,0,0,84,0
142,70,final,0,0,0,0,0,85,0,0,84,0
142,50,scoreA,0,0,124,137,0,0,0,0,0,0
142,50,fedrn,0,0,122,137,0,0,0,0,0,0
142,50,final,0,0,122,137,0,0,0,0,0,0
142,4,scoreA,0,0,0,0,0,0,0,196,186,0
142,4,fedrn,0,0,0,0,0,0,0,196,186,0
142,4,final,0,0,0,0,0,0,0,196,186,0
142,76,scoreA,0,84,0,74,0,0,0,0,0,0
142,76,fedrn,0,82,0,74,0,0,0,0,0,0
142,76,final,0,82,0,74,0,0,0,0,0,0
142,37,scoreA,0,0,0,0,0,135,0,138,0,0
142,37,fedrn,0,0,0,0,0,137,0,136,0,0
142,37,final,0,0,0,0,0,137,0,136,0,0
142,51,scoreA,0,0,0,0,118,0,0,129,0,0
142,51,fedrn,0,0,0,0,120,0,0,127,0,0
142,51,final,0,0,0,0,120,0,0,127,0,0
142,14,scoreA,0,0,0,0,0,176,0,0,0,178
142,14,fedrn,0,0,0,0,0,171,0,0,0,179
142,14,final,0,0,0,0,0,171,0,0,0,179
143,67,scoreA,0,90,0,0,0,0,0,0,103,0
143,67,fedrn,0,85,0,0,0,0,0,0,104,0
143,67,final,0,85,0,0,0,0,0,0,104,0
143,94,scoreA,59,52,0,0,0,0,0,0,0,0
143,94,fedrn,57,53,0,0,0,0,0,0,0,0
143,94,final,57,53,0,0,0,0,0,0,0,0
143,60,scoreA,0,0,208,0,0,0,0,0,0,0
143,60,fedrn,0,0,208,0,0,0,0,0,0,0
143,60,final,0,0,208,0,0,0,0,0,0,0
143,76,scoreA,0,85,0,72,0,0,0,0,0,0
143,76,fedrn,0,83,0,76,0,0,0,0,0,0
143,76,final,0,83,0,76,0,0,0,0,0,0
143,36,scoreA,0,150,0,137,0,0,0,0,0,0
143,36,fedrn,0,145,0,137,0,0,0,0,0,0
143,36,final,0,145,0,137,0,0,0,0,0,0
143,42,scoreA,0,145,0,0,0,0,0,0,112,0
143,42,fedrn,0,141,0,0,0,0,0,0,124,0
143,42,final,0,141,0,0,0,0,0,0,124,0
143,84,scoreA,67,0,0,0,0,0,0,0,0,67
143,84,fedrn,68,0,0,0,0,0,0,0,0,66
143,84,final,68,0,0,0,0,0,0,0,0,66
143,53,scoreA,115,0,0,0,0,0,0,118,0,0
143,53,fedrn,114,0,0,0,0,0,0,116,0,0
143,53,final,114,0,0,0,0,0,0,116,0,0
143,75,scoreA,0,0,0,86,0,0,0,0,74,0
143,75,fedrn,0,0,0,86,0,0,0,0,73,0
143,75,final,0,0,0,86,0,0,0,0,73,0
143,34,scoreA,0,0,0,151,0,0,0,134,0,0
143,34,fedrn,0,0,0,155,0,0,0,124,0,0
143,34,final,0,0,0,155,0,0,0,124,0,0
144,30,scoreA,147,0,146,0,0,0,0,0,0,0
144,30,fedrn,145,0,157,0,0,0,0,0,0,0
144,30,final,145,0,157,0,0,0,0,0,0,0
144,59,scoreA,108,0,0,0,0,0,0,106,0,0
144,59,fedrn,111,0,0,0,0,0,0,101,0,0
144,59,final,111,0,0,0,0,0,0,101,0,0
144,38,scoreA,0,0,142,0,0,0,0,141,0,0
144,38,fedrn,0,0,141,0,0,0,0,139,0,0
144,38,final,0,0,141,0,0,0,0,139,0,0
144,81,scoreA,0,0,0,73,0,0,0,71,0,0
144,81,fedrn,0,0,0,72,0,0,0,70,0,0
144,81,final,0,0,0,72,0,0,0,70,0,0
144,68,scoreA,0,0,0,0,0,0,97,0,0,87
144,68,fedrn,0,0,0,0,0,0,98,0,0,86
144,68,final,0,0,0,0,0,0,98,0,0,86
144,42,scoreA,0,145,0,0,0,0,0,0,121,0
144,42,fedrn,0,149,0,0,0,0,0,0,111,0
144,42,final,0,149,0,0,0,0,0,0,111,0
144,86,scoreA,0,63,0,63,0,0,0,0,0,0
144,86,fedrn,0,62,0,64,0,0,0,0,0,0
144,86,final,0,62,0,64,0,0,0,0,0,0
144,85,scoreA,0,65,0,0,73,0,0,0,0,0
144,85,fedrn,0,64,0,0,72,0,0,0,0,0
144,85,final,0,64,0,0,72,0,0,0,0,0
144,11,scoreA,0,0,0,0,189,149,0,0,0,0
144,11,fedrn,0,0,0,0,188,160,0,0,0,0
144,11,final,0,0,0,0,188,160,0,0,0,0
144,93,scoreA,0,0,0,0,0,0,61,0,0,60
144,93,fedrn,0,0,0,0,0,0,59,0,0,61
144,93,final,0,0,0,0,0,0,59,0,0,61
145,86,scoreA,0,62,0,64,0,0,0,0,0,0
145,86,fedrn,0,62,0,63,0,0,0,0,0,0
145,86,final,0,62,0,63,0,0,0,0,0,0
145,49,scoreA,0,0,122,0,0,0,0,119,0,0
145,49,fedrn,0,0,118,0,0,0,0,122,0,0
145,49,final,0,0,118,0,0,0,0,122,0,0
145,14,scoreA,0,0,0,0,0,175,0,0,0,177
145,14,fedrn,0,0,0,0,0,174,0,0,0,178
145,14,final,0,0,0,0,0,174,0,0,0,178
145,65,scoreA,0,0,0,109,92,0,0,0,0,0
145,65,fedrn,0,0,0,99,102,0,0,0,0,0
145,65,final,0,0,0,99,102,0,0,0,0,0
145,0,scoreA,0,0,390,0,0,0,0,0,0,0
145,0,fedrn,0,0,393,0,0,0,0,0,0,0
145,0,final,0,0,393,0,0,0,0,0,0,0
145,15,scoreA,0,0,0,0,0,161,0,176,0,0
145,15,fedrn,0,0,0,0,0,167,0,175,0,0
145,15,final,0,0,0,0,0,167,0,175,0,0
145,9,scoreA,0,372,0,0,0,0,0,0,0,0
145,9,fedrn,0,372,0,0,0,0,0,0,0,0
145,9,final,0,372,0,0,0,0,0,0,0,0
145,68,scoreA,0,0,0,0,0,0,97,0,0,85
145,68,fedrn,0,0,0,0,0,0,97,0,0,86
145,68,final,0,0,0,0,0,0,97,0,0,86
145,34,scoreA,0,0,0,151,0,0,0,129,0,0
145,34,fedrn,0,0,0,153,0,0,0,119,0,0
145,34,final,0,0,0,153,0,0,0,119,0,0
145,64,scoreA,0,0,196,0,0,0,0,0,0,0
145,64,fedrn,0,0,196,0,0,0,0,0,0,0
145,64,final,0,0,196,0,0,0,0,0,0,0
146,82,scoreA,0,0,0,0,75,0,0,0,68,0
146,82,fedrn,0,0,0,0,75,0,0,0,68,0
146,82,final,0,0,0,0,75,0,0,0,68,0
146,9,scoreA,0,372,0,0,0,0,0,0,0,0
146,9,fedrn,0,372,0,0,0,0,0,0,0,0
146,9,final,0,372,0,0,0,0,0,0,0,0
146,38,scoreA,0,0,142,0,0,0,0,135,0,0
146,38,fedrn,0,0,143,0,0,0,0,133,0,0
146,38,final,0,0,143,0,0,0,0,133,0,0
146,95,scoreA,0,0,0,70,50,0,0,0,0,0
146,95,fedrn,0,0,0,70,50,0,0,0,0,0
146,95,final,0,0,0,70,50,0,0,0,0,0
146,12,scoreA,0,0,0,188,0,0,0,0,0,165
146,12,fedrn,0,0,0,188,0,0,0,0,0,164
146,12,final,0,0,0,188,0,0,0,0,0,164
146,71,scoreA,0,87,0,0,0,89,0,0,0,0
146,71,fedrn,0,85,0,0,0,89,0,0,0,0
146,71,final,0,85,0,0,0,89,0,0,0,0
146,88,scoreA,119,0,0,0,0,0,0,0,0,0
146,88,fedrn,119,0,0,0,0,0,0,0,0,0
146,88,final,119,0,0,0,0,0,0,0,0,0
146,51,scoreA,0,0,0,0,118,0,0,126,0,0
146,51,fedrn,0,0,0,0,120,0,0,112,0,0
146,51,final,0,0,0,0,120,0,0,112,0,0
146,56,scoreA,0,0,125,0,0,0,0,0,0,99
146,56,fedrn,0,0,126,0,0,0,0,0,0,100
146,56,final,0,0,126,0,0,0,0,0,0,100
146,29,scoreA,0,0,0,0,0,0,0,0,0,308
146,29,fedrn,0,0,0,0,0,0,0,0,0,308
146,29,final,0,0,0,0,0,0,0,0,0,308
147,12,scoreA,0,0,0,188,0,0,0,0,0,167
147,12,fedrn,0,0,0,184,0,0,0,0,0,169
147,12,final,0,0,0,184,0,0,0,0,0,169
147,57,scoreA,0,0,0,0,118,0,112,0,0,0
147,57,fedrn,0,0,0,0,122,0,100,0,0,0
147,57,final,0,0,0,0,122,0,100,0,0,0
147,63,scoreA,0,0,0,0,75,117,0,0,0,0
147,63,fedrn,0,0,0,0,77,116,0,0,0,0
147,63,final,0,0,0,0,77,116,0,0,0,0
147,98,scoreA,0,0,0,0,66,57,0,2,4,0
147,98,fedrn,0,0,0,0,61,53,0,0,4,0
147,98,final,0,0,0,0,61,53,0,0,4,0
147,9,scoreA,0,372,0,0,0,0,0,0,0,0
147,9,fedrn,0,372,0,0,0,0,0,0,0,0
147,9,final,0,372,0,0,0,0,0,0,0,0
147,46,scoreA,0,0,0,0,0,0,117,0,0,129
147,46,fedrn,0,0,0,0,0,0,121,0,0,129
147,46,final,0,0,0,0,0,0,121,0,0,129
147,26,scoreA,0,0,0,0,0,0,0,159,0,141
147,26,fedrn,0,0,0,0,0,0,0,160,0,146
147,26,final,0,0,0,0,0,0,0,160,0,146
147,96,scoreA,1,39,0,76,25,26,11,13,5,33
147,96,fedrn,1,38,0,75,21,22,3,8,3,22
147,96,final,1,38,0,75,21,22,3,8,3,22
147,25,scoreA,0,0,0,158,0,0,0,0,157,0
147,25,fedrn,0,0,0,158,0,0,0,0,154,0
147,25,final,0,0,0,158,0,0,0,0,154,0
147,42,scoreA,0,145,0,0,0,0,0,0,122,0
147,42,fedrn,0,143,0,0,0,0,0,0,124,0
147,42,final,0,143,0,0,0,0,0,0,124,0
148,68,scoreA,0,0,0,0,0,0,95,0,0,87
148,68,fedrn,0,0,0,0,0,0,95,0,0,86
148,68,final,0,0,0,0,0,0,95,0,0,86
148,27,scoreA,0,0,153,0,0,162,0,0,0,0
148,27,fedrn,0,0,153,0,0,150,0,0,0,0
148,27,final,0,0,153,0,0,150,0,0,0,0
148,69,scoreA,0,0,89,0,105,0,0,0,0,0
148,69,fedrn,0,0,98,0,105,0,0,0,0,0
148,69,final,0,0,98,0,105,0,0,0,0,0
148,41,scoreA,128,0,0,125,0,0,0,0,0,0
148,41,fedrn,126,0,0,129,0,0,0,0,0,0
148,41,final,126,0,0,129,0,0,0,0,0,0
148,49,scoreA,0,0,119,0,0,0,0,124,0,0
148,49,fedrn,0,0,122,0,0,0,0,127,0,0
148,49,final,0,0,122,0,0,0,0,127,0,0
148,47,scoreA,0,0,0,0,0,129,0,0,0,116
148,47,fedrn,0,0,0,0,0,129,0,0,0,116
148,47,final,0,0,0,0,0,129,0,0,0,116
148,78,scoreA,0,0,79,0,93,5,0,0,0,0
148,78,fedrn,0,0,78,0,95,0,0,0,0,0
148,78,final,0,0,78,0,95,0,0,0,0,0
148,36,scoreA,0,152,0,137,0,0,0,0,0,0
148,36,fedrn,0,148,0,137,0,0,0,0,0,0
148,36,final,0,148,0,137,0,0,0,0,0,0
148,54,scoreA,0,114,0,0,0,0,115,0,0,0
148,54,fedrn,0,115,0,0,0,0,116,0,0,0
148,54,final,0,115,0,0,0,0,116,0,0,0
148,51,scoreA,0,0,0,0,119,0,0,118,0,0
148,51,fedrn,0,0,0,0,120,0,0,123,0,0
148,51,final,0,0,0,0,120,0,0,123,0,0
149,49,scoreA,0,0,118,0,0,0,0,125,0,0
149,49,fedrn,0,0,125,0,0,0,0,126,0,0
149,49,final,0,0,125,0,0,0,0,126,0,0
149,72,scoreA,0,102,0,0,0,0,0,0,0,96
149,72,fedrn,0,102,0,0,0,0,0,0,0,96
149,72,final,0,102,0,0,0,0,0,0,0,96
149,65,scoreA,0,0,0,109,64,0,0,0,0,0
149,65,fedrn,0,0,0,109,88,0,0,0,0,0
149,65,final,0,0,0,109,88,0,0,0,0,0
149,34,scoreA,0,0,0,153,0,0,0,120,0,0
149,34,fedrn,0,0,0,155,0,0,0,119,0,0
149,34,final,0,0,0,155,0,0,0,119,0,0
149,6,scoreA,0,191,0,0,0,0,182,0,0,0
149,6,fedrn,0,193,0,0,0,0,182,0,0,0
149,6,final,0,193,0,0,0,0,182,0,0,0
149,64,scoreA,0,0,196,0,0,0,0,0,0,0
149,64,fedrn,0,0,196,0,0,0,0,0,0,0
149,64,final,0,0,196,0,0,0,0,0,0,0
149,90,scoreA,0,0,0,0,0,0,57,0,60,0
149,90,fedrn,0,0,0,0,0,0,57,0,58,0
149,90,final,0,0,0,0,0,0,57,0,58,0
149,8,scoreA,0,0,0,0,0,0,0,186,185,0
149,8,fedrn,0,0,0,0,0,0,0,186,186,0
149,8,final,0,0,0,0,0,0,0,186,186,0
149,99,scoreA,0,0,0,0,37,0,0,0,39,69
149,99,fedrn,0,0,0,0,36,0,0,0,40,69
149,99,final,0,0,0,0,36,0,0,0,40,69
149,88,scoreA,119,0,0,0,0,0,0,0,0,0
149,88,fedrn,119,0,0,0,0,0,0,0,0,0
149,88,final,119,0,0,0,0,0,0,0,0,0
150,7,scoreA,189,185,0,0,0,0,0,0,0,0
150,7,fedrn,189,185,0,0,0,0,0,0,0,0
150,7,final,189,185,0,0,0,0,0,0,0,0
150,72,scoreA,0,99,0,0,0,0,0,0,0,96
150,72,fedrn,0,101,0,0,0,0,0,0,0,96
150,72,final,0,101,0,0,0,0,0,0,0,96
150,50,scoreA,0,0,110,137,0,0,0,0,0,0
150,50,fedrn,0,0,124,137,0,0,0,0,0,0
150,50,final,0,0,124,137,0,0,0,0,0,0
150,78,scoreA,0,0,79,0,94,0,0,0,0,0
150,78,fedrn,0,0,78,0,99,0,0,0,0,0
150,78,final,0,0,78,0,99,0,0,0,0,0
150,99,scoreA,0,0,0,0,37,0,0,0,44,68
150,99,fedrn,0,0,0,0,35,0,0,0,45,69
150,99,final,0,0,0,0,35,0,0,0,45,69
150,95,scoreA,0,0,0,70,51,0,0,0,0,0
150,95,fedrn,0,0,0,70,50,0,0,0,0,0
150,95,final,0,0,0,70,50,0,0,0,0,0
150,41,scoreA,128,0,0,132,0,0,0,0,0,0
150,41,fedrn,122,0,0,130,0,0,0,0,0,0
150,41,final,122,0,0,130,0,0,0,0,0,0
150,91,scoreA,0,0,81,0,0,0,50,0,0,0
150,91,fedrn,0,0,81,0,0,0,50,0,0,0
150,91,final,0,0,81,0,0,0,50,0,0,0
150,30,scoreA,147,0,139,0,0,0,0,0,0,0
150,30,fedrn,144,0,148,0,0,0,0,0,0,0
150,30,final,144,0,148,0,0,0,0,0,0,0
150,69,scoreA,0,0,80,0,105,0,0,0,0,0
150,69,fedrn,0,0,98,0,105,0,0,0,0,0
150,69,final,0,0,98,0,105,0,0,0,0,0
151,96,scoreA,1,37,0,75,24,25,3,9,4,26
151,96,fedrn,1,38,0,73,22,36,0,11,5,16
151,96,final,1,38,0,73,22,36,0,11,5,16
151,27,scoreA,0,0,151,0,0,160,0,0,0,0
151,27,fedrn,0,0,153,0,0,156,0,0,0,0
151,27,final,0,0,153,0,0,156,0,0,0,0
151,63,scoreA,0,0,0,0,80,114,0,0,0,0
151,63,fedrn,0,0,0,0,81,113,0,0,0,0
151,63,final,0,0,0,0,81,113,0,0,0,0
151,20,scoreA,0,0,170,0,0,0,0,154,0,0
151,20,fedrn,0,0,169,0,0,0,0,153,0,0
151,20,final,0,0,169,0,0,0,0,153,0,0
151,16,scoreA,166,0,0,166,0,0,0,0,0,0
151,16,fedrn,169,0,0,164,0,0,0,0,0,0
151,16,final,169,0,0,164,0,0,0,0,0,0
151,56,scoreA,0,0,128,0,0,0,0,0,0,100
151,56,fedrn,0,0,128,0,0,0,0,0,0,101
151,56,final,0,0,128,0,0,0,0,0,0,101
151,82,scoreA,0,0,0,0,74,0,0,0,69,0
151,82,fedrn,0,0,0,0,74,0,0,0,69,0
151,82,final,0,0,0,0,74,0,0,0,69,0
151,45,scoreA,0,0,0,0,131,114,0,0,0,0
151,45,fedrn,0,0,0,0,129,123,0,0,0,0
151,45,final,0,0,0,0,129,123,0,0,0,0
151,41,scoreA,133,0,0,95,0,0,0,0,0,0
151,41,fedrn,127,0,0,117,0,0,0,0,0,0
151,41,final,127,0,0,117,0,0,0,0,0,0
151,62,scoreA,94,0,0,0,0,0,0,107,0,0
151,62,fedrn,94,0,0,0,0,0,0,107,0,0
151,62,final,94,0,0,0,0,0,0,107,0,0
152,21,scoreA,0,0,158,0,0,161,0,0,0,0
152,21,fedrn,0,0,161,0,0,159,0,0,0,0
152,21,final,0,0,161,0,0,159,0,0,0,0
152,53,scoreA,115,0,0,0,0,0,0,117,0,0
152,53,fedrn,115,0,0,0,0,0,0,116,0,0
152,53,final,115,0,0,0,0,0,0,116,0,0
152,68,scoreA,0,0,0,0,0,0,93,0,0,85
152,68,fedrn,0,0,0,0,0,0,94,0,0,86
152,68,final,0,0,0,0,0,0,94,0,0,86
152,14,scoreA,0,0,0,0,0,175,0,0,0,178
152,14,fedrn,0,0,0,0,0,174,0,0,0,178
152,14,final,0,0,0,0,0,174,0,0,0,178
152,52,scoreA,0,0,0,0,0,0,0,116,113,0
152,52,fedrn,0,0,0,0,0,0,0,116,115,0
152,52,final,0,0,0,0,0,0,0,116,115,0
152,4,scoreA,0,0,0,0,0,0,0,196,186,0
152,4,fedrn,0,0,0,0,0,0,0,196,186,0
152,4,final,0,0,0,0,0,0,0,196,186,0
152,71,scoreA,0,90,0,0,0,89,0,0,0,0
152,71,fedrn,0,86,0,0,0,87,0,0,0,0
152,71,final,0,86,0,0,0,87,0,0,0,0
152,41,scoreA,127,0,0,125,0,0,0,0,0,0
152,41,fedrn,127,0,0,124,0,0,0,0,0,0
152,41,final,127,0,0,124,0,0,0,0,0,0
152,16,scoreA,174,0,0,163,0,0,0,0,0,0
152,16,fedrn,172,0,0,162,0,0,0,0,0,0
152,16,final,172,0,0,162,0,0,0,0,0,0
152,7,scoreA,184,185,0,0,0,0,0,0,0,0
152,7,fedrn,190,186,0,0,0,0,0,0,0,0
152,7,final,190,186,0,0,0,0,0,0,0,0
153,27,scoreA,0,0,153,0,0,159,0,0,0,0
153,27,fedrn,0,0,154,0,0,149,0,0,0,0
153,27,final,0,0,154,0,0,149,0,0,0,0
153,52,scoreA,0,0,0,0,0,0,0,115,115,0
153,52,fedrn,0,0,0,0,0,0,0,117,115,0
153,52,final,0,0,0,0,0,0,0,117,115,0
153,64,scoreA,0,0,196,0,0,0,0,0,0,0
153,64,fedrn,0,0,196,0,0,0,0,0,0,0
153,64,final,0,0,196,0,0,0,0,0,0,0
153,94,scoreA,58,53,0,0,0,0,0,0,0,0
153,94,fedrn,57,52,0,0,0,0,0,0,0,0
153,94,final,57,52,0,0,0,0,0,0,0,0
153,60,scoreA,0,0,208,0,0,0,0,0,0,0
153,60,fedrn,0,0,208,0,0,0,0,0,0,0
153,60,final,0,0,208,0,0,0,0,0,0,0
153,32,scoreA,162,0,0,0,0,0,0,0,0,135
153,32,fedrn,159,0,0,0,0,0,0,0,0,137
153,32,final,159,0,0,0,0,0,0,0,0,137
153,36,scoreA,0,149,0,137,0,0,0,0,0,0
153,36,fedrn,0,148,0,137,0,0,0,0,0,0
153,36,final,0,148,0,137,0,0,0,0,0,0
153,0,scoreA,0,0,364,0,0,0,0,0,0,0
153,0,fedrn,0,0,388,0,0,0,0,0,0,0
153,0,final,0,0,388,0,0,0,0,0,0,0
153,99,scoreA,0,0,0,0,34,0,0,0,40,69
153,99,fedrn,0,0,0,0,34,0,0,0,43,69
153,99,final,0,0,0,0,34,0,0,0,43,69
153,18,scoreA,164,0,0,0,0,0,170,0,0,0
153,18,fedrn,165,0,0,0,0,0,168,0,0,0
153,18,final,165,0,0,0,0,0,168,0,0,0
154,71,scoreA,0,89,0,0,0,88,0,0,0,0
154,71,fedrn,0,87,0,0,0,87,0,0,0,0
154,71,final,0,87,0,0,0,87,0,0,0,0
154,33,scoreA,0,0,0,0,0,140,149,0,0,0
154,33,fedrn,0,0,0,0,0,141,144,0,0,0
154,33,final,0,0,0,0,0,141,144,0,0,0
154,48,scoreA,0,0,0,128,115,0,0,0,0,0
154,48,fedrn,0,0,0,132,120,0,0,0,0,0
154,48,final,0,0,0,132,120,0,0,0,0,0
154,1,scoreA,0,0,0,0,193,0,0,0,195,0
154,1,fedrn,0,0,0,0,194,0,0,0,194,0
154,1,final,0,0,0,0,194,0,0,0,194,0
154,36,scoreA,0,150,0,137,0,0,0,0,0,0
154,36,fedrn,0,148,0,137,0,0,0,0,0,0
154,36,final,0,148,0,137,0,0,0,0,0,0
154,30,scoreA,144,0,147,0,0,0,0,0,0,0
154,30,fedrn,143,0,153,0,0,0,0,0,0,0
154,30,final,143,0,153,0,0,0,0,0,0,0
154,20,scoreA,0,0,170,0,0,0,0,160,0,0
154,20,fedrn,0,0,169,0,0,0,0,160,0,0
154,20,final,0,0,169,0,0,0,0,160,0,0
154,54,scoreA,0,115,0,0,0,0,116,0,0,0
154,54,fedrn,0,114,0,0,0,0,116,0,0,0
154,54,final,0,114,0,0,0,0,116,0,0,0
154,89,scoreA,64,0,0,0,0,0,0,0,0,53
154,89,fedrn,67,0,0,0,0,0,0,0,0,52
154,89,final,67,0,0,0,0,0,0,0,0,52
154,59,scoreA,114,0,0,0,0,0,0,100,0,0
154,59,fedrn,113,0,0,0,0,0,0,99,0,0
154,59,final,113,0,0,0,0,0,0,99,0,0
155,72,scoreA,0,97,0,0,0,0,0,0,0,97
155,72,fedrn,0,102,0,0,0,0,0,0,0,97
155,72,final,0,102,0,0,0,0,0,0,0,97
155,81,scoreA,0,0,0,73,0,0,0,73,1,0
155,81,fedrn,0,0,0,69,0,0,0,69,1,0
155,81,final,0,0,0,69,0,0,0,69,1,0
155,73,scoreA,89,0,0,0,0,0,83,0,0,0
155,73,fedrn,88,0,0,0,0,0,83,0,0,0
155,73,final,88,0,0,0,0,0,83,0,0,0
155,99,scoreA,0,0,0,0,34,0,0,0,43,69
155,99,fedrn,0,0,0,0,29,0,0,0,42,69
155,99,final,0,0,0,0,29,0,0,0,42,69
155,4,scoreA,0,0,0,0,0,0,0,195,186,0
155,4,fedrn,0,0,0,0,0,0,0,196,186,0
155,4,final,0,0,0,0,0,0,0,196,186,0
155,76,scoreA,0,86,0,78,0,0,0,0,0,0
155,76,fedrn,0,81,0,78,0,0,0,0,0,0
155,76,final,0,81,0,78,0,0,0,0,0,0
155,96,scoreA,1,56,0,56,25,40,0,13,8,19
155,96,fedrn,1,41,0,71,20,21,0,10,2,19
155,96,final,1,41,0,71,20,21,0,10,2,19
155,92,scoreA,0,48,0,61,0,0,0,0,0,0
155,92,fedrn,0,49,0,61,0,0,0,0,0,0
155,92,final,0,49,0,61,0,0,0,0,0,0
155,20,scoreA,0,0,170,0,0,0,0,162,0,0
155,20,fedrn,0,0,166,0,0,0,0,165,0,0
155,20,final,0,0,166,0,0,0,0,165,0,0
155,18,scoreA,162,0,0,0,0,0,170,0,0,0
155,18,fedrn,163,0,0,0,0,0,168,0,0,0
155,18,final,163,0,0,0,0,0,168,0,0,0
156,43,scoreA,0,0,0,128,0,0,0,0,132,0
156,43,fedrn,0,0,0,127,0,0,0,0,129,0
156,43,final,0,0,0,127,0,0,0,0,129,0
156,97,scoreA,0,0,0,0,73,0,0,0,0,0
156,97,fedrn,0,0,0,0,73,0,0,0,0,0
156,97,final,0,0,0,0,73,0,0,0,0,0
156,15,scoreA,0,0,0,0,0,166,0,166,0,0
156,15,fedrn,0,0,0,0,0,167,0,172,0,0
156,15,final,0,0,0,0,0,167,0,172,0,0
156,29,scoreA,0,0,0,0,0,0,0,0,0,308
156,29,fedrn,0,0,0,0,0,0,0,0,0,308
156,29,final,0,0,0,0,0,0,0,0,0,308
156,40,scoreA,0,0,0,154,0,131,0,0,0,0
156,40,fedrn,0,0,0,154,0,132,0,0,0,0
156,40,final,0,0,0,154,0,132,0,0,0,0
156,28,scoreA,0,0,156,0,0,0,0,123,0,0
156,28,fedrn,0,0,155,0,0,0,0,145,0,0
156,28,final,0,0,155,0,0,0,0,145,0,0
156,30,scoreA,138,0,155,0,0,0,0,0,0,0
156,30,fedrn,140,0,155,0,0,0,0,0,0,0
156,30,final,140,0,155,0,0,0,0,0,0,0
156,52,scoreA,0,0,0,0,0,0,0,117,115,0
156,52,fedrn,0,0,0,0,0,0,0,116,115,0
156,52,final,0,0,0,0,0,0,0,116,115,0
156,36,scoreA,0,150,0,137,0,0,0,0,0,0
156,36,fedrn,0,149,0,137,0,0,0,0,0,0
156,36,final,0,149,0,137,0,0,0,0,0,0
156,51,scoreA,0,0,0,0,115,0,0,129,0,0
156,51,fedrn,0,0,0,0,121,0,0,128,0,0
156,51,final,0,0,0,0,121,0,0,128,0,0
157,44,scoreA,0,0,0,0,0,0,129,129,0,0
157,44,fedrn,0,0,0,0,0,0,129,125,0,0
157,44,final,0,0,0,0,0,0,129,125,0,0
157,74,scoreA,0,0,0,0,0,164,0,0,0,0
157,74,fedrn,0,0,0,0,0,164,0,0,0,0
157,74,final,0,0,0,0,0,164,0,0,0,0
157,63,scoreA,0,0,0,0,85,113,0,0,0,0
157,63,fedrn,0,0,0,0,82,113,0,0,0,0
157,63,final,0,0,0,0,82,113,0,0,0,0
157,98,scoreA,0,0,0,0,61,58,0,0,4,0
157,98,fedrn,0,0,0,0,53,52,0,0,1,0
157,98,final,0,0,0,0,53,52,0,0,1,0
157,72,scoreA,0,102,0,0,0,0,0,0,0,96
157,72,fedrn,0,102,1,0,0,0,0,0,0,96
157,72,final,0,102,1,0,0,0,0,0,0,96
157,23,scoreA,0,168,0,0,0,162,0,0,0,0
157,23,fedrn,0,166,0,0,0,162,0,0,0,0
157,23,final,0,166,0,0,0,162,0,0,0,0
157,30,scoreA,143,0,155,0,0,0,0,0,0,0
157,30,fedrn,139,0,163,0,0,0,0,0,0,0
157,30,final,139,0,163,0,0,0,0,0,0,0
157,47,scoreA,0,0,0,0,0,128,0,0,0,117
157,47,fedrn,0,0,0,0,0,129,0,0,0,117
157,47,final,0,0,0,0,0,129,0,0,0,117
157,17,scoreA,0,0,0,183,159,0,0,0,0,0
157,17,fedrn,0,0,0,180,159,0,0,0,0,0
157,17,final,0,0,0,180,159,0,0,0,0,0
157,27,scoreA,0,0,95,0,0,163,0,0,0,0
157,27,fedrn,0,0,139,0,0,162,0,0,0,0
157,27,final,0,0,139,0,0,162,0,0,0,0
158,15,scoreA,0,0,0,0,0,167,0,170,0,0
158,15,fedrn,0,0,0,0,0,167,0,167,0,0
158,15,final,0,0,0,0,0,167,0,167,0,0
158,93,scoreA,0,0,0,0,0,0,58,0,0,65
158,93,fedrn,0,0,0,0,0,0,56,0,0,61
158,93,final,0,0,0,0,0,0,56,0,0,61
158,59,scoreA,108,0,0,0,0,0,0,104,0,0
158,59,fedrn,110,0,0,0,0,0,0,99,0,0
158,59,final,110,0,0,0,0,0,0,99,0,0
158,29,scoreA,0,0,0,0,0,0,0,0,0,308
158,29,fedrn,0,0,0,0,0,0,0,0,0,308
158,29,final,0,0,0,0,0,0,0,0,0,308
158,43,scoreA,0,0,0,130,0,0,0,0,123,0
158,43,fedrn,0,0,0,124,0,0,0,0,130,0
158,43,final,0,0,0,124,0,0,0,0,130,0
158,25,scoreA,0,0,0,158,0,0,0,0,159,0
158,25,fedrn,0,0,0,157,0,0,0,0,155,0
158,25,final,0,0,0,157,0,0,0,0,155,0
158,45,scoreA,0,0,0,0,127,108,0,0,0,0
158,45,fedrn,0,0,0,0,127,122,0,0,0,0
158,45,final,0,0,0,0,127,122,0,0,0,0
158,88,scoreA,119,0,0,0,0,0,0,0,0,0
158,88,fedrn,119,0,0,0,0,0,0,0,0,0
158,88,final,119,0,0,0,0,0,0,0,0,0
158,56,scoreA,0,0,126,0,0,0,0,0,0,100
158,56,fedrn,0,0,125,0,0,0,0,0,0,101
158,56,final,0,0,125,0,0,0,0,0,0,101
158,53,scoreA,115,0,0,0,0,0,0,117,0,0
158,53,fedrn,115,0,0,0,0,0,0,111,0,0
158,53,final,115,0,0,0,0,0,0,111,0,0
159,88,scoreA,119,0,0,0,0,0,0,0,0,0
159,88,fedrn,119,0,0,0,0,0,0,0,0,0
159,88,final,119,0,0,0,0,0,0,0,0,0
159,45,scoreA,0,0,0,0,123,126,0,0,0,0
159,45,fedrn,0,0,0,0,123,126,0,0,0,0
159,45,final,0,0,0,0,123,126,0,0,0,0
159,21,scoreA,0,0,164,0,0,160,0,0,0,0
159,21,fedrn,0,0,163,0,0,157,0,0,0,0
159,21,final,0,0,163,0,0,157,0,0,0,0
159,8,scoreA,0,0,0,0,0,0,0,186,185,0
159,8,fedrn,0,0,0,0,0,0,0,186,184,0
159,8,final,0,0,0,0,0,0,0,186,184,0
159,63,scoreA,0,0,0,0,88,111,0,0,0,0
159,63,fedrn,0,0,0,0,86,111,0,0,0,0
159,63,final,0,0,0,0,86,111,0,0,0,0
159,23,scoreA,0,167,0,0,0,162,0,0,0,0
159,23,fedrn,0,165,0,0,0,162,0,0,0,0
159,23,final,0,165,0,0,0,162,0,0,0,0
159,4,scoreA,0,0,0,0,0,0,0,195,187,0
159,4,fedrn,0,0,0,0,0,0,0,196,187,0
159,4,final,0,0,0,0,0,0,0,196,187,0
159,66,scoreA,0,100,0,0,92,0,0,0,0,0
159,66,fedrn,0,95,0,0,92,0,0,0,0,0
159,66,final,0,95,0,0,92,0,0,0,0,0
159,44,scoreA,0,0,0,0,0,0,126,132,0,0
159,44,fedrn,0,0,0,0,0,0,120,134,0,0
159,44,final,0,0,0,0,0,0,120,134,0,0
159,32,scoreA,162,0,0,0,0,0,0,0,0,138
159,32,fedrn,161,0,0,0,0,0,0,0,0,133
159,32,final,161,0,0,0,0,0,0,0,0,133
160,51,scoreA,0,0,0,0,115,0,0,128,0,0
160,51,fedrn,0,0,0,0,121,0,0,120,0,0
160,51,final,0,0,0,0,121,0,0,120,0,0
160,8,scoreA,0,0,0,0,0,0,0,186,186,0
160,8,fedrn,0,0,0,0,0,0,0,186,186,0
160,8,final,0,0,0,0,0,0,0,186,186,0
160,58,scoreA,0,0,0,0,113,0,0,0,0,100
160,58,fedrn,0,0,0,0,117,0,0,0,0,100
160,58,final,0,0,0,0,117,0,0,0,0,100
160,31,scoreA,142,153,0,0,0,0,0,0,0,0
160,31,fedrn,143,150,0,0,0,0,0,0,0,0
160,31,final,143,150,0,0,0,0,0,0,0,0
160,67,scoreA,0,86,0,0,0,0,0,0,105,0
160,67,fedrn,0,84,0,0,0,0,0,0,104,0
160,67,final,0,84,0,0,0,0,0,0,104,0
160,62,scoreA,98,0,0,0,0,0,0,106,0,0
160,62,fedrn,97,0,0,0,0,0,0,106,0,0
160,62,final,97,0,0,0,0,0,0,106,0,0
160,18,scoreA,164,0,0,0,0,0,171,0,0,0
160,18,fedrn,162,0,0,0,0,0,169,0,0,0
160,18,final,162,0,0,0,0,0,169,0,0,0
160,3,scoreA,0,0,0,0,0,0,196,0,191,0
160,3,fedrn,0,0,0,0,0,0,194,0,193,0
160,3,final,0,0,0,0,0,0,194,0,193,0
160,26,scoreA,0,0,0,0,0,0,0,163,0,126
160,26,fedrn,0,0,0,0,0,0,0,162,0,147
160,26,final,0,0,0,0,0,0,0,162,0,147
160,73,scoreA,88,0,0,0,0,0,82,0,0,0
160,73,fedrn,89,0,0,0,0,0,83,0,0,0
160,73,final,89,0,0,0,0,0,83,0,0,0
161,56,scoreA,0,0,126,0,0,0,0,0,0,101
161,56,fedrn,0,0,126,0,0,0,0,0,0,101
161,56,final,0,0,126,0,0,0,0,0,0,101
161,87,scoreA,0,0,0,0,0,0,0,0,83,5
161,87,fedrn,0,2,0,1,0,0,0,0,83,40
161,87,final,0,2,0,1,0,0,0,0,83,40
161,1,scoreA,0,0,0,0,194,0,0,0,194,0
161,1,fedrn,0,0,0,0,194,0,0,0,194,0
161,1,final,0,0,0,0,194,0,0,0,194,0
161,21,scoreA,0,0,166,0,0,154,0,0,0,0
161,21,fedrn,0,0,168,0,0,147,0,0,0,0
161,21,final,0,0,168,0,0,147,0,0,0,0
161,53,scoreA,113,0,0,0,0,0,0,116,0,0
161,53,fedrn,114,0,0,0,0,0,0,114,0,0
161,53,final,114,0,0,0,0,0,0,114,0,0
161,46,scoreA,0,0,0,0,0,0,123,0,0,129
161,46,fedrn,0,0,0,0,0,0,121,0,0,129
161,46,final,0,0,0,0,0,0,121,0,0,129
161,49,scoreA,0,0,127,0,0,0,0,39,0,0
161,49,fedrn,0,0,128,0,0,0,0,76,0,0
161,49,final,0,0,128,0,0,0,0,76,0,0
161,99,scoreA,0,0,0,0,28,0,0,0,42,69
161,99,fedrn,0,0,0,0,26,0,0,0,44,69
161,99,final,0,0,0,0,26,0,0,0,44,69
161,44,scoreA,0,0,0,0,0,0,123,123,0,0
161,44,fedrn,0,0,0,0,0,0,120,131,0,0
161,44,final,0,0,0,0,0,0,120,131,0,0
161,92,scoreA,0,49,0,61,0,0,0,0,0,0
161,92,fedrn,0,48,0,60,0,0,0,0,0,0
161,92,final,0,48,0,60,0,0,0,0,0,0
162,83,scoreA,0,0,81,0,0,0,0,0,0,83
162,83,fedrn,0,0,80,0,0,0,0,0,0,83
162,83,final,0,0,80,0,0,0,0,0,0,83
162,9,scoreA,0,372,0,0,0,0,0,0,0,0
162,9,fedrn,0,372,0,0,0,0,0,0,0,0
162,9,final,0,372,0,0,0,0,0,0,0,0
162,30,scoreA,141,0,159,0,0,0,0,0,0,0
162,30,fedrn,145,0,156,0,0,0,0,0,0,0
162,30,final,145,0,156,0,0,0,0,0,0,0
162,91,scoreA,0,0,81,0,0,0,50,0,0,0
162,91,fedrn,0,0,81,0,0,0,48,0,0,0
162,91,final,0,0,81,0,0,0,48,0,0,0
162,59,scoreA,111,0,0,0,0,0,0,102,0,0
162,59,fedrn,110,0,0,0,0,0,0,98,0,0
162,59,final,110,0,0,0,0,0,0,98,0,0
162,77,scoreA,0,85,0,0,0,0,0,0,76,0
162,77,fedrn,0,86,0,0,0,0,0,0,76,0
162,77,final,0,86,0,0,0,0,0,0,76,0
162,47,scoreA,0,0,0,0,0,128,0,0,0,117
162,47,fedrn,0,0,0,0,0,128,0,0,0,117
162,47,final,0,0,0,0,0,128,0,0,0,117
162,1,scoreA,0,0,0,0,194,0,0,0,194,0
162,1,fedrn,0,0,0,0,194,0,0,0,195,0
162,1,final,0,0,0,0,194,0,0,0,195,0
162,81,scoreA,0,0,0,72,0,0,0,72,1,0
162,81,fedrn,0,0,0,71,0,0,0,67,1,0
162,81,final,0,0,0,71,0,0,0,67,1,0
162,44,scoreA,0,0,0,0,0,0,118,115,0,0
162,44,fedrn,0,0,0,0,0,0,116,127,0,0
162,44,final,0,0,0,0,0,0,116,127,0,0
163,0,scoreA,0,0,374,0,0,0,0,0,0,0
163,0,fedrn,0,0,392,0,0,0,0,0,0,0
163,0,final,0,0,392,0,0,0,0,0,0,0
163,2,scoreA,0,0,0,0,0,0,0,0,0,394
163,2,fedrn,0,0,0,0,0,0,0,0,0,394
163,2,final,0,0,0,0,0,0,0,0,0,394
163,37,scoreA,0,0,0,0,0,129,0,139,0,0
163,37,fedrn,0,0,0,0,0,128,0,138,0,0
163,37,final,0,0,0,0,0,128,0,138,0,0
163,92,scoreA,0,49,0,62,0,0,0,0,0,0
163,92,fedrn,0,47,0,62,0,0,0,0,0,0
163,92,final,0,47,0,62,0,0,0,0,0,0
163,78,scoreA,0,0,78,0,100,0,0,0,0,0
163,78,fedrn,0,0,79,0,100,0,0,0,0,0
163,78,final,0,0,79,0,100,0,0,0,0,0
163,73,scoreA,89,0,0,0,0,0,84,0,0,0
163,73,fedrn,89,0,0,0,0,0,83,0,0,0
163,73,final,89,0,0,0,0,0,83,0,0,0
163,1,scoreA,0,0,0,0,194,0,0,0,195,0
163,1,fedrn,0,0,0,0,194,0,0,0,195,0
163,1,final,0,0,0,0,194,0,0,0,195,0
163,74,scoreA,0,0,0,0,0,164,0,0,0,0
163,74,fedrn,0,0,0,0,0,164,0,0,0,0
163,74,final,0,0,0,0,0,164,0,0,0,0
163,42,scoreA,0,142,0,0,0,0,0,0,123,0
163,42,fedrn,0,143,0,0,0,0,0,0,123,0
163,42,final,0,143,0,0,0,0,0,0,123,0
163,16,scoreA,172,0,0,163,0,0,0,0,0,0
163,16,fedrn,171,0,0,163,0,0,0,0,0,0
163,16,final,171,0,0,163,0,0,0,0,0,0
164,47,scoreA,0,0,0,0,0,127,0,0,0,118
164,47,fedrn,0,0,0,0,0,128,0,0,0,117
164,47,final,0,0,0,0,0,128,0,0,0,117
164,29,scoreA,0,0,0,0,0,0,0,0,0,308
164,29,fedrn,0,0,0,0,0,0,0,0,0,308
164,29,final,0,0,0,0,0,0,0,0,0,308
164,99,scoreA,0,0,0,0,26,0,0,0,46,68
164,99,fedrn,0,0,0,0,20,0,0,0,46,68
164,99,final,0,0,0,0,20,0,0,0,46,68
164,30,scoreA,146,0,160,0,0,0,0,0,0,0
164,30,fedrn,146,0,156,0,0,0,0,0,0,0
164,30,final,146,0,156,0,0,0,0,0,0,0
164,53,scoreA,114,0,0,0,0,0,0,116,0,0
164,53,fedrn,114,0,0,0,0,0,0,113,0,0
164,53,final,114,0,0,0,0,0,0,113,0,0
164,71,scoreA,0,89,0,0,0,87,0,0,0,0
164,71,fedrn,0,87,0,0,0,87,0,0,0,0
164,71,final,0,87,0,0,0,87,0,0,0,0
164,68,scoreA,0,0,0,0,0,0,92,0,0,88
164,68,fedrn,0,0,0,0,0,0,93,0,0,87
164,68,final,0,0,0,0,0,0,93,0,0,87
164,22,scoreA,163,0,0,0,0,167,0,0,0,0
164,22,fedrn,166,0,0,0,0,165,0,0,0,0
164,22,final,166,0,0,0,0,165,0,0,0,0
164,96,scoreA,1,39,0,72,17,24,0,8,2,20
164,96,fedrn,1,39,0,73,4,12,0,3,2,13
164,96,final,1,39,0,73,4,12,0,3,2,13
164,31,scoreA,144,153,0,0,0,0,0,0,0,0
164,31,fedrn,143,154,0,0,0,0,0,0,0,0
164,31,final,143,154,0,0,0,0,0,0,0,0
165,37,scoreA,0,0,0,0,0,128,0,136,0,0
165,37,fedrn,0,0,0,0,0,131,0,139,0,0
165,37,final,0,0,0,0,0,131,0,139,0,0
165,71,scoreA,0,89,0,0,0,87,0,0,0,0
165,71,fedrn,0,88,0,0,0,87,0,0,0,0
165,71,final,0,88,0,0,0,87,0,0,0,0
165,49,scoreA,0,0,126,0,0,0,0,96,0,0
165,49,fedrn,0,0,126,0,0,0,0,114,0,0
165,49,final,0,0,126,0,0,0,0,114,0,0
165,14,scoreA,0,0,0,0,0,175,0,0,0,176
165,14,fedrn,0,0,0,0,0,176,0,0,0,176
165,14,final,0,0,0,0,0,176,0,0,0,176
165,18,scoreA,164,0,0,0,0,0,170,0,0,0
165,18,fedrn,166,0,0,0,0,0,169,0,0,0
165,18,final,166,0,0,0,0,0,169,0,0,0
165,32,scoreA,160,0,0,0,0,0,0,0,0,138
165,32,fedrn,161,0,0,0,0,0,0,0,0,137
165,32,final,161,0,0,0,0,0,0,0,0,137
165,50,scoreA,0,0,125,137,0,0,0,0,0,0
165,50,fedrn,0,0,125,137,0,0,0,0,0,0
165,50,final,0,0,125,137,0,0,0,0,0,0
165,60,scoreA,0,0,208,0,0,0,0,0,0,0
165,60,fedrn,0,0,208,0,0,0,0,0,0,0
165,60,final,0,0,208,0,0,0,0,0,0,0
165,39,scoreA,137,0,0,0,0,0,0,0,145,0
165,39,fedrn,138,0,0,0,0,0,0,0,144,0
165,39,final,138,0,0,0,0,0,0,0,144,0
165,9,scoreA,0,372,0,0,0,0,0,0,0,0
165,9,fedrn,0,372,0,0,0,0,0,0,0,0
165,9,final,0,372,0,0,0,0,0,0,0,0
166,75,scoreA,0,0,0,87,0,0,0,0,74,0
166,75,fedrn,0,0,0,86,0,0,0,0,72,0
166,75,final,0,0,0,86,0,0,0,0,72,0
166,28,scoreA,0,0,154,0,0,0,0,150,0,0
166,28,fedrn,0,0,157,0,0,0,0,142,0,0
166,28,final,0,0,157,0,0,0,0,142,0,0
166,59,scoreA,112,0,0,0,0,0,0,96,0,0
166,59,fedrn,114,0,0,0,0,0,0,94,0,0
166,59,final,114,0,0,0,0,0,0,94,0,0
166,81,scoreA,0,0,0,73,0,0,0,70,1,0
166,81,fedrn,0,0,0,73,0,0,0,67,1,0
166,81,final,0,0,0,73,0,0,0,67,1,0
166,2,scoreA,0,0,0,0,0,0,0,0,0,394
166,2,fedrn,0,0,0,0,0,0,0,0,0,394
166,2,final,0,0,0,0,0,0,0,0,0,394
166,42,scoreA,0,146,0,0,0,0,0,0,123,0
166,42,fedrn,0,143,0,0,0,0,0,0,123,0
166,42,final,0,143,0,0,0,0,0,0,123,0
166,99,scoreA,0,0,0,0,24,0,0,0,45,68
166,99,fedrn,0,0,0,0,13,0,0,0,46,68
166,99,final,0,0,0,0,13,0,0,0,46,68
166,88,scoreA,119,0,0,0,0,0,0,0,0,0
166,88,fedrn,119,0,0,0,0,0,0,0,0,0
166,88,final,119,0,0,0,0,0,0,0,0,0
166,98,scoreA,0,0,0,0,62,52,0,0,0,0
166,98,fedrn,0,0,0,0,55,46,0,0,0,0
166,98,final,0,0,0,0,55,46,0,0,0,0
166,72,scoreA,0,101,1,0,0,0,0,0,0,96
166,72,fedrn,0,102,1,0,0,0,0,0,0,97
166,72,final,0,102,1,0,0,0,0,0,0,97
167,98,scoreA,0,0,0,0,52,39,0,0,0,0
167,98,fedrn,0,0,0,0,54,38,0,0,0,0
167,98,final,0,0,0,0,54,38,0,0,0,0
167,7,scoreA,172,187,0,0,0,0,0,0,0,0
167,7,fedrn,178,188,0,0,0,0,0,0,0,0
167,7,final,178,188,0,0,0,0,0,0,0,0
167,47,scoreA,0,0,0,0,0,128,0,0,0,118
167,47,fedrn,0,0,0,0,0,129,0,0,0,116
167,47,final,0,0,0,0,0,129,0,0,0,116
167,94,scoreA,59,51,0,0,0,0,0,0,0,0
167,94,fedrn,58,53,0,0,0,0,0,0,0,0
167,94,final,58,53,0,0,0,0,0,0,0,0
167,5,scoreA,185,0,0,0,0,0,190,0,0,0
167,5,fedrn,187,0,0,0,0,0,190,0,0,0
167,5,final,187,0,0,0,0,0,190,0,0,0
167,45,scoreA,0,0,0,0,125,125,0,0,0,0
167,45,fedrn,0,0,0,0,120,126,0,0,0,0
167,45,final,0,0,0,0,120,126,0,0,0,0
167,39,scoreA,137,0,0,0,0,0,0,0,146,0
167,39,fedrn,137,0,0,0,0,0,0,0,144,0
167,39,final,137,0,0,0,0,0,0,0,144,0
167,2,scoreA,0,0,0,0,0,0,0,0,0,394
167,2,fedrn,0,0,0,0,0,0,0,0,0,394
167,2,final,0,0,0,0,0,0,0,0,0,394
167,88,scoreA,119,0,0,0,0,0,0,0,0,0
167,88,fedrn,119,0,0,0,0,0,0,0,0,0
167,88,final,119,0,0,0,0,0,0,0,0,0
167,90,scoreA,0,0,0,0,0,0,57,0,59,0
167,90,fedrn,0,0,0,0,0,0,54,0,59,0
167,90,final,0,0,0,0,0,0,54,0,59,0
168,71,scoreA,0,89,0,0,0,88,0,0,0,0
168,71,fedrn,0,87,0,0,0,87,0,0,0,0
168,71,final,0,87,0,0,0,87,0,0,0,0
168,26,scoreA,0,0,0,0,0,0,0,156,0,150
168,26,fedrn,0,0,0,0,0,0,0,155,0,153
168,26,final,0,0,0,0,0,0,0,155,0,153
168,32,scoreA,160,0,0,0,0,0,0,0,0,136
168,32,fedrn,162,0,0,0,0,0,0,0,0,137
168,32,final,162,0,0,0,0,0,0,0,0,137
168,7,scoreA,183,187,0,0,0,0,0,0,0,0
168,7,fedrn,185,186,0,0,0,0,0,0,0,0
168,7,final,185,186,0,0,0,0,0,0,0,0
168,29,scoreA,0,0,0,0,0,0,0,0,0,308
168,29,fedrn,0,0,0,0,0,0,0,0,0,308
168,29,final,0,0,0,0,0,0,0,0,0,308
168,45,scoreA,0,0,0,0,122,126,0,0,0,0
168,45,fedrn,0,0,0,0,122,123,0,0,0,0
168,45,final,0,0,0,0,122,123,0,0,0,0
168,51,scoreA,0,0,0,0,119,0,0,124,0,0
168,51,fedrn,0,0,0,0,121,0,0,120,0,0
168,51,final,0,0,0,0,121,0,0,120,0,0
168,0,scoreA,0,0,378,0,0,0,0,0,0,0
168,0,fedrn,0,0,392,0,0,0,0,0,0,0
168,0,final,0,0,392,0,0,0,0,0,0,0
168,90,scoreA,0,0,0,0,0,0,54,0,59,0
168,90,fedrn,0,0,0,0,0,0,54,0,59,0
168,90,final,0,0,0,0,0,0,54,0,59,0
168,42,scoreA,0,143,0,0,0,0,0,0,122,0
168,42,fedrn,0,143,0,0,0,0,0,0,123,0
168,42,final,0,143,0,0,0,0,0,0,123,0
169,99,scoreA,0,0,0,0,15,0,0,0,44,67
169,99,fedrn,0,0,0,0,12,0,0,0,46,65
169,99,final,0,0,0,0,12,0,0,0,46,65
169,88,scoreA,119,0,0,0,0,0,0,0,0,0
169,88,fedrn,119,0,0,0,0,0,0,0,0,0
169,88,final,119,0,0,0,0,0,0,0,0,0
169,79,scoreA,47,0,0,0,0,0,0,0,88,0
169,79,fedrn,55,0,0,0,0,0,0,0,86,0
169,79,final,55,0,0,0,0,0,0,0,86,0
169,11,scoreA,0,0,0,0,187,164,0,0,0,0
169,11,fedrn,0,0,0,0,192,141,0,0,0,0
169,11,final,0,0,0,0,192,141,0,0,0,0
169,18,scoreA,166,0,0,0,0,0,171,0,0,0
169,18,fedrn,163,0,0,0,0,0,169,0,0,0
169,18,final,163,0,0,0,0,0,169,0,0,0
169,66,scoreA,0,96,0,0,92,0,0,0,0,0
169,66,fedrn,0,98,0,0,92,0,0,0,0,0
169,66,final,0,98,0,0,92,0,0,0,0,0
169,54,scoreA,0,114,0,0,0,0,117,0,0,0
169,54,fedrn,0,114,0,0,0,0,116,0,0,0
169,54,final,0,114,0,0,0,0,116,0,0,0
169,57,scoreA,0,0,0,0,121,0,105,0,0,0
169,57,fedrn,0,0,0,0,121,0,105,0,0,0
169,57,final,0,0,0,0,121,0,105,0,0,0
169,0,scoreA,0,0,380,0,0,0,0,0,0,0
169,0,fedrn,0,0,393,0,0,0,0,0,0,0
169,0,final,0,0,393,0,0,0,0,0,0,0
169,22,scoreA,165,0,0,0,0,164,0,0,0,0
169,22,fedrn,163,0,0,0,0,165,0,0,0,0
169,22,final,163,0,0,0,0,165,0,0,0,0
170,96,scoreA,0,40,0,70,3,12,0,2,1,16
170,96,fedrn,0,38,0,58,0,0,0,0,0,0
170,96,final,0,38,0,58,0,0,0,0,0,0
170,1,scoreA,0,0,0,0,194,0,0,0,193,0
170,1,fedrn,0,0,0,0,195,0,0,0,194,0
170,1,final,0,0,0,0,195,0,0,0,194,0
170,73,scoreA,89,0,0,0,0,0,82,0,0,0
170,73,fedrn,88,0,0,0,0,0,83,0,0,0
170,73,final,88,0,0,0,0,0,83,0,0,0
170,26,scoreA,0,0,0,0,0,0,0,115,0,160
170,26,fedrn,0,0,0,0,0,0,0,141,0,157
170,26,final,0,0,0,0,0,0,0,141,0,157
170,44,scoreA,0,0,0,0,0,0,127,132,0,0
170,44,fedrn,0,0,0,0,0,0,126,132,1,0
170,44,final,0,0,0,0,0,0,126,132,1,0
170,0,scoreA,0,0,328,0,0,0,0,0,0,0
170,0,fedrn,0,0,384,0,0,0,0,0,0,0
170,0,final,0,0,384,0,0,0,0,0,0,0
170,88,scoreA,119,0,0,0,0,0,0,0,0,0
170,88,fedrn,119,0,0,0,0,0,0,0,0,0
170,88,final,119,0,0,0,0,0,0,0,0,0
170,42,scoreA,0,145,0,0,0,0,0,0,122,0
170,42,fedrn,0,137,0,0,0,0,0,0,124,0
170,42,final,0,137,0,0,0,0,0,0,124,0
170,14,scoreA,0,0,0,0,0,172,0,0,0,177
170,14,fedrn,0,0,0,0,0,174,0,0,0,175
170,14,final,0,0,0,0,0,174,0,0,0,175
170,3,scoreA,0,0,0,0,0,0,196,0,192,0
170,3,fedrn,0,0,0,0,0,0,194,0,193,0
170,3,final,0,0,0,0,0,0,194,0,193,0
171,10,scoreA,0,0,0,167,0,0,0,175,0,0
171,10,fedrn,0,0,0,172,0,0,0,166,0,0
171,10,final,0,0,0,172,0,0,0,166,0,0
171,22,scoreA,163,0,0,0,0,166,0,0,0,0
171,22,fedrn,163,0,0,0,0,166,0,0,0,0
171,22,final,163,0,0,0,0,166,0,0,0,0
171,92,scoreA,0,44,0,63,0,0,0,0,0,0
171,92,fedrn,0,47,0,62,0,0,0,0,0,0
171,92,final,0,47,0,62,0,0,0,0,0,0
171,40,scoreA,0,0,0,154,0,129,0,0,0,0
171,40,fedrn,0,0,0,154,0,132,0,0,0,0
171,40,final,0,0,0,154,0,132,0,0,0,0
171,60,scoreA,0,0,208,0,0,0,0,0,0,0
171,60,fedrn,0,0,208,0,0,0,0,0,0,0
171,60,final,0,0,208,0,0,0,0,0,0,0
171,49,scoreA,0,0,121,0,0,0,0,118,0,0
171,49,fedrn,0,0,122,0,0,0,0,121,0,0
171,49,final,0,0,122,0,0,0,0,121,0,0
171,98,scoreA,0,0,0,0,57,41,0,0,0,0
171,98,fedrn,0,0,0,0,57,41,0,0,0,0
171,98,final,0,0,0,0,57,41,0,0,0,0
171,79,scoreA,64,0,0,0,0,0,0,0,87,0
171,79,fedrn,65,0,0,0,0,0,0,0,76,0
171,79,final,65,0,0,0,0,0,0,0,76,0
171,85,scoreA,0,64,0,0,72,0,0,0,0,0
171,85,fedrn,0,64,0,0,72,0,0,0,0,0
171,85,final,0,64,0,0,72,0,0,0,0,0
171,87,scoreA,0,3,0,1,0,0,0,0,83,54
171,87,fedrn,0,2,0,1,1,0,0,0,83,57
171,87,final,0,2,0,1,1,0,0,0,83,57
172,17,scoreA,0,0,0,183,149,0,0,0,0,0
172,17,fedrn,0,0,0,181,150,0,0,0,0,0
172,17,final,0,0,0,181,150,0,0,0,0,0
172,98,scoreA,0,0,0,0,59,42,0,0,0,0
172,98,fedrn,0,0,0,0,40,52,0,0,0,0
172,98,final,0,0,0,0,40,52,0,0,0,0
172,76,scoreA,0,80,0,78,0,0,0,0,0,0
172,76,fedrn,0,81,0,74,0,0,0,0,0,0
172,76,final,0,81,0,74,0,0,0,0,0,0
172,73,scoreA,89,0,0,0,0,0,84,0,0,0
172,73,fedrn,88,0,0,0,0,0,84,0,0,0
172,73,final,88,0,0,0,0,0,84,0,0,0
172,88,scoreA,119,0,0,0,0,0,0,0,0,0
172,88,fedrn,119,0,0,0,0,0,0,0,0,0
172,88,final,119,0,0,0,0,0,0,0,0,0
172,48,scoreA,0,0,0,133,122,0,0,0,0,0
172,48,fedrn,0,0,0,123,126,0,0,0,0,0
172,48,final,0,0,0,123,126,0,0,0,0,0
172,9,scoreA,0,372,0,0,0,0,0,0,0,0
172,9,fedrn,0,372,0,0,0,0,0,0,0,0
172,9,final,0,372,0,0,0,0,0,0,0,0
172,60,scoreA,0,0,208,0,0,0,0,0,0,0
172,60,fedrn,0,0,208,0,0,0,0,0,0,0
172,60,final,0,0,208,0,0,0,0,0,0,0
172,61,scoreA,0,0,0,0,0,0,205,0,0,0
172,61,fedrn,0,0,0,0,0,0,205,0,0,0
172,61,final,0,0,0,0,0,0,205,0,0,0
172,50,scoreA,0,0,125,134,0,0,0,0,0,0
172,50,fedrn,0,0,125,134,0,0,0,0,0,0
172,50,final,0,0,125,134,0,0,0,0,0,0
173,2,scoreA,0,0,0,0,0,0,0,0,0,394
173,2,fedrn,0,0,0,0,0,0,0,0,0,394
173,2,final,0,0,0,0,0,0,0,0,0,394
173,44,scoreA,0,0,0,0,0,0,121,133,0,0
173,44,fedrn,0,0,0,0,0,0,128,132,0,0
173,44,final,0,0,0,0,0,0,128,132,0,0
173,13,scoreA,0,0,0,0,0,0,169,0,180,0
173,13,fedrn,0,0,0,0,0,0,172,0,180,0
173,13,final,0,0,0,0,0,0,172,0,180,0
173,28,scoreA,0,0,155,0,0,0,0,149,0,0
173,28,fedrn,0,0,156,0,0,0,0,146,0,0
173,28,final,0,0,156,0,0,0,0,146,0,0
173,19,scoreA,0,0,0,0,0,143,165,0,0,0
173,19,fedrn,0,0,0,0,0,162,166,0,0,0
173,19,final,0,0,0,0,0,162,166,0,0,0
173,94,scoreA,59,50,0,0,0,0,0,0,0,0
173,94,fedrn,59,51,0,0,0,0,0,0,0,0
173,94,final,59,51,0,0,0,0,0,0,0,0
173,60,scoreA,0,0,208,0,0,0,0,0,0,0
173,60,fedrn,0,0,208,0,0,0,0,0,0,0
173,60,final,0,0,208,0,0,0,0,0,0,0
173,0,scoreA,0,0,376,0,0,0,0,0,0,0
173,0,fedrn,0,0,393,0,0,0,0,0,0,0
173,0,final,0,0,393,0,0,0,0,0,0,0
173,56,scoreA,0,0,127,0,0,0,0,0,0,100
173,56,fedrn,0,0,127,0,0,0,0,0,0,101
173,56,final,0,0,127,0,0,0,0,0,0,101
173,58,scoreA,0,0,0,0,112,0,0,0,0,99
173,58,fedrn,0,0,0,0,116,0,0,0,0,100
173,58,final,0,0,0,0,116,0,0,0,0,100
174,34,scoreA,0,0,0,156,0,0,0,130,0,0
174,34,fedrn,0,0,0,156,0,0,0,126,0,0
174,34,final,0,0,0,156,0,0,0,126,0,0
174,8,scoreA,0,0,0,0,0,0,0,186,186,0
174,8,fedrn,0,0,0,0,0,0,0,185,185,0
174,8,final,0,0,0,0,0,0,0,185,185,0
174,6,scoreA,0,193,0,0,0,0,184,0,0,0
174,6,fedrn,0,194,0,0,0,0,184,0,0,0
174,6,final,0,194,0,0,0,0,184,0,0,0
174,93,scoreA,0,0,0,0,0,0,51,0,0,64
174,93,fedrn,0,0,0,0,0,0,47,0,0,62
174,93,final,0,0,0,0,0,0,47,0,0,62
174,88,scoreA,119,0,0,0,0,0,0,0,0,0
174,88,fedrn,119,0,0,0,0,0,0,0,0,0
174,88,final,119,0,0,0,0,0,0,0,0,0
174,3,scoreA,0,0,0,0,0,0,195,0,193,0
174,3,fedrn,0,0,0,0,0,0,195,0,193,0
174,3,final,0,0,0,0,0,0,195,0,193,0
174,26,scoreA,0,0,0,0,0,0,0,156,0,157
174,26,fedrn,0,0,0,0,0,0,0,157,0,156
174,26,final,0,0,0,0,0,0,0,157,0,156
174,61,scoreA,0,0,0,0,0,0,205,0,0,0
174,61,fedrn,0,0,0,0,0,0,205,0,0,0
174,61,final,0,0,0,0,0,0,205,0,0,0
174,94,scoreA,62,50,0,0,0,0,0,0,0,0
174,94,fedrn,60,52,0,0,0,0,0,0,0,0
174,94,final,60,52,0,0,0,0,0,0,0,0
174,33,scoreA,0,0,0,0,0,139,146,0,0,0
174,33,fedrn,0,0,0,0,0,136,147,0,0,0
174,33,final,0,0,0,0,0,136,147,0,0,0
175,15,scoreA,0,0,0,0,0,167,0,171,0,0
175,15,fedrn,0,0,0,0,0,166,0,165,0,0
175,15,final,0,0,0,0,0,166,0,165,0,0
175,43,scoreA,0,0,0,127,0,0,0,0,131,0
175,43,fedrn,0,0,0,126,0,0,0,0,126,0
175,43,final,0,0,0,126,0,0,0,0,126,0
175,90,scoreA,0,0,0,0,0,0,54,0,59,0
175,90,fedrn,0,0,0,0,0,0,52,0,59,0
175,90,final,0,0,0,0,0,0,52,0,59,0
175,68,scoreA,0,0,0,0,0,0,92,0,0,86
175,68,fedrn,0,0,0,0,0,0,94,0,0,86
175,68,final,0,0,0,0,0,0,94,0,0,86
175,17,scoreA,0,0,0,179,148,0,0,0,0,0
175,17,fedrn,0,0,0,178,151,0,0,0,0,0
175,17,final,0,0,0,178,151,0,0,0,0,0
175,76,scoreA,0,70,0,75,0,0,0,0,0,0
175,76,fedrn,0,83,0,75,0,0,0,0,0,0
175,76,final,0,83,0,75,0,0,0,0,0,0
175,58,scoreA,0,0,0,0,119,0,0,0,0,100
175,58,fedrn,0,0,0,0,118,0,0,0,0,100
175,58,final,0,0,0,0,118,0,0,0,0,100
175,60,scoreA,0,0,208,0,0,0,0,0,0,0
175,60,fedrn,0,0,208,0,0,0,0,0,0,0
175,60,final,0,0,208,0,0,0,0,0,0,0
175,69,scoreA,0,0,101,0,84,0,0,0,0,0
175,69,fedrn,0,0,100,0,98,0,0,0,0,0
175,69,final,0,0,100,0,98,0,0,0,0,0
175,30,scoreA,21,0,165,0,0,0,0,0,0,0
175,30,fedrn,18,0,167,0,0,0,0,0,0,0
175,30,final,18,0,167,0,0,0,0,0,0,0
176,36,scoreA,0,150,0,137,0,0,0,0,0,0
176,36,fedrn,0,149,0,137,0,0,0,0,0,0
176,36,final,0,149,0,137,0,0,0,0,0,0
176,67,scoreA,0,87,0,0,0,0,0,0,105,0
176,67,fedrn,0,86,0,0,0,0,0,0,105,0
176,67,final,0,86,0,0,0,0,0,0,105,0
176,84,scoreA,67,0,0,0,0,0,0,0,0,68
176,84,fedrn,68,0,0,0,0,0,0,0,0,68
176,84,final,68,0,0,0,0,0,0,0,0,68
176,22,scoreA,164,0,0,0,0,165,0,0,0,0
176,22,fedrn,165,0,0,0,0,165,0,0,0,0
176,22,final,165,0,0,0,0,165,0,0,0,0
176,51,scoreA,0,0,0,0,121,0,0,119,0,0
176,51,fedrn,0,0,0,0,121,0,0,109,0,0
176,51,final,0,0,0,0,121,0,0,109,0,0
176,16,scoreA,170,0,0,162,0,0,0,0,0,0
176,16,fedrn,170,0,0,164,0,0,0,0,0,0
176,16,final,170,0,0,164,0,0,0,0,0,0
176,19,scoreA,0,0,0,0,0,166,166,0,0,0
176,19,fedrn,0,0,0,0,0,165,167,0,0,0
176,19,final,0,0,0,0,0,165,167,0,0,0
176,15,scoreA,0,0,0,0,0,168,0,174,0,0
176,15,fedrn,0,0,0,0,0,166,0,168,0,0
176,15,final,0,0,0,0,0,166,0,168,0,0
176,4,scoreA,0,0,0,0,0,0,0,196,188,0
176,4,fedrn,0,0,0,0,0,0,0,196,188,0
176,4,final,0,0,0,0,0,0,0,196,188,0
176,35,scoreA,0,0,131,0,0,0,0,0,156,0
176,35,fedrn,0,0,133,0,0,0,0,0,156,0
176,35,final,0,0,133,0,0,0,0,0,156,0
177,37,scoreA,0,0,0,0,0,137,0,134,0,0
177,37,fedrn,0,0,0,0,0,136,0,133,0,0
177,37,final,0,0,0,0,0,136,0,133,0,0
177,85,scoreA,0,64,0,0,73,0,0,0,0,0
177,85,fedrn,0,64,0,0,71,0,0,0,0,0
177,85,final,0,64,0,0,71,0,0,0,0,0
177,88,scoreA,119,0,0,0,0,0,0,0,0,0
177,88,fedrn,118,0,0,0,0,0,1,0,0,0
177,88,final,118,0,0,0,0,0,1,0,0,0
177,39,scoreA,136,0,0,0,0,0,0,0,145,0
177,39,fedrn,136,0,0,0,0,0,0,0,144,0
177,39,final,136,0,0,0,0,0,0,0,144,0
177,70,scoreA,0,0,0,0,0,86,0,0,85,0
177,70,fedrn,0,0,0,0,0,85,0,0,86,0
177,70,final,0,0,0,0,0,85,0,0,86,0
177,32,scoreA,162,0,0,0,0,0,0,0,0,136
177,32,fedrn,161,0,0,0,0,0,0,0,0,137
177,32,final,161,0,0,0,0,0,0,0,0,137
177,65,scoreA,0,0,0,102,98,0,0,0,0,0
177,65,fedrn,0,0,0,102,93,0,0,0,0,0
177,65,final,0,0,0,102,93,0,0,0,0,0
177,2,scoreA,0,0,0,0,0,0,0,0,0,394
177,2,fedrn,0,0,0,0,0,0,0,0,0,394
177,2,final,0,0,0,0,0,0,0,0,0,394
177,30,scoreA,51,0,166,0,0,0,0,0,0,0
177,30,fedrn,123,0,165,0,0,0,0,0,0,0
177,30,final,123,0,165,0,0,0,0,0,0,0
177,63,scoreA,0,0,0,0,89,111,0,0,0,0
177,63,fedrn,0,0,0,0,80,112,0,0,0,0
177,63,final,0,0,0,0,80,112,0,0,0,0
178,83,scoreA,0,0,71,0,0,0,0,0,0,85
178,83,fedrn,0,0,73,0,0,0,0,0,0,80
178,83,final,0,0,73,0,0,0,0,0,0,80
178,72,scoreA,0,102,1,0,0,0,0,0,0,97
178,72,fedrn,0,102,1,0,0,0,0,0,0,97
178,72,final,0,102,1,0,0,0,0,0,0,97
178,42,scoreA,0,143,0,0,0,0,0,0,124,0
178,42,fedrn,0,142,0,0,0,0,0,0,125,0
178,42,final,0,142,0,0,0,0,0,0,125,0
178,67,scoreA,0,87,0,0,0,0,0,0,103,0
178,67,fedrn,0,88,0,0,0,0,0,0,104,0
178,67,final,0,88,0,0,0,0,0,0,104,0
178,3,scoreA,0,0,0,0,0,0,196,0,193,0
178,3,fedrn,0,0,0,0,0,0,195,0,193,0
178,3,final,0,0,0,0,0,0,195,0,193,0
178,88,scoreA,119,0,0,0,0,0,0,0,0,0
178,88,fedrn,119,0,0,0,0,0,1,0,0,0
178,88,final,119,0,0,0,0,0,1,0,0,0
178,18,scoreA,166,0,0,0,0,0,170,0,0,0
178,18,fedrn,165,0,0,0,0,0,170,0,0,0
178,18,final,165,0,0,0,0,0,170,0,0,0
178,90,scoreA,0,0,0,0,0,0,54,0,59,0
178,90,fedrn,0,0,0,0,0,0,54,0,59,0
178,90,final,0,0,0,0,0,0,54,0,59,0
178,45,scoreA,0,0,0,0,127,119,0,0,0,0
178,45,fedrn,0,0,0,0,120,125,0,0,0,0
178,45,final,0,0,0,0,120,125,0,0,0,0
178,11,scoreA,0,0,0,0,190,153,0,0,0,0
178,11,fedrn,0,0,0,0,188,155,0,0,0,0
178,11,final,0,0,0,0,188,155,0,0,0,0
179,64,scoreA,0,0,196,0,0,0,0,0,0,0
179,64,fedrn,0,0,196,0,0,0,0,0,0,0
179,64,final,0,0,196,0,0,0,0,0,0,0
179,20,scoreA,0,0,157,0,0,0,0,163,0,0
179,20,fedrn,0,0,163,0,0,0,0,163,0,0
179,20,final,0,0,163,0,0,0,0,163,0,0
179,57,scoreA,0,0,0,0,121,0,107,0,0,0
179,57,fedrn,0,0,0,0,120,0,107,0,0,0
179,57,final,0,0,0,0,120,0,107,0,0,0
179,73,scoreA,89,0,0,0,0,0,84,0,0,0
179,73,fedrn,88,0,0,0,0,0,84,0,0,0
179,73,final,88,0,0,0,0,0,84,0,0,0
179,35,scoreA,0,0,132,0,0,0,0,0,155,0
179,35,fedrn,0,0,132,0,0,0,0,0,157,0
179,35,final,0,0,132,0,0,0,0,0,157,0
179,18,scoreA,163,0,0,0,0,0,174,0,0,0
179,18,fedrn,164,0,0,0,0,0,172,0,0,0
179,18,final,164,0,0,0,0,0,172,0,0,0
179,48,scoreA,0,0,0,130,119,0,0,0,0,0
179,48,fedrn,0,0,0,133,119,0,0,0,0,0
179,48,final,0,0,0,133,119,0,0,0,0,0
179,12,scoreA,0,0,0,180,0,0,0,0,0,169
179,12,fedrn,0,0,0,187,0,0,0,0,0,166
179,12,final,0,0,0,187,0,0,0,0,0,166
179,15,scoreA,0,0,0,0,0,169,0,172,0,0
179,15,fedrn,0,0,0,0,0,165,0,170,0,0
179,15,final,0,0,0,0,0,165,0,170,0,0
179,16,scoreA,169,0,0,165,0,0,0,0,0,0
179,16,fedrn,168,0,0,164,0,0,0,0,0,0
179,16,final,168,0,0,164,0,0,0,0,0,0
180,7,scoreA,181,187,0,0,0,0,0,0,0,0
180,7,fedrn,188,188,0,0,0,0,0,0,0,0
180,7,final,188,188,0,0,0,0,0,0,0,0
180,90,scoreA,0,0,0,0,0,0,56,0,59,0
180,90,fedrn,0,0,0,0,0,0,54,0,59,0
180,90,final,0,0,0,0,0,0,54,0,59,0
180,13,scoreA,0,0,0,0,0,0,175,0,181,0
180,13,fedrn,0,0,0,0,0,0,174,0,181,0
180,13,final,0,0,0,0,0,0,174,0,181,0
180,64,scoreA,0,0,196,0,0,0,0,0,0,0
180,64,fedrn,0,0,196,0,0,0,0,0,0,0
180,64,final,0,0,196,0,0,0,0,0,0,0
180,69,scoreA,0,0,101,0,103,0,0,0,0,0
180,69,fedrn,0,0,101,0,102,0,0,0,0,0
180,69,final,0,0,101,0,102,0,0,0,0,0
180,73,scoreA,89,0,0,0,0,0,84,0,0,0
180,73,fedrn,89,0,0,0,0,0,84,0,0,0
180,73,final,89,0,0,0,0,0,84,0,0,0
180,76,scoreA,0,83,0,77,0,0,0,0,0,0
180,76,fedrn,0,81,0,77,0,0,0,0,0,0
180,76,final,0,81,0,77,0,0,0,0,0,0
180,91,scoreA,0,0,80,0,0,0,48,0,0,0
180,91,fedrn,0,0,81,0,0,0,48,0,0,0
180,91,final,0,0,81,0,0,0,48,0,0,0
180,27,scoreA,0,0,122,0,0,160,0,0,0,0
180,27,fedrn,0,0,138,0,0,162,0,0,0,0
180,27,final,0,0,138,0,0,162,0,0,0,0
180,94,scoreA,60,51,0,0,0,0,0,0,0,0
180,94,fedrn,62,52,0,0,0,0,0,0,0,0
180,94,final,62,52,0,0,0,0,0,0,0,0
181,38,scoreA,0,0,142,0,0,0,0,140,0,0
181,38,fedrn,0,0,137,0,0,0,0,140,0,0
181,38,final,0,0,137,0,0,0,0,140,0,0
181,5,scoreA,187,0,0,0,0,0,190,0,0,0
181,5,fedrn,187,0,0,0,0,0,190,0,0,0
181,5,final,187,0,0,0,0,0,190,0,0,0
181,15,scoreA,0,0,0,0,0,161,0,177,0,0
181,15,fedrn,0,0,0,0,0,162,0,170,0,0
181,15,final,0,0,0,0,0,162,0,170,0,0
181,2,scoreA,0,0,0,0,0,0,0,0,0,394
181,2,fedrn,0,0,0,0,0,0,0,0,0,394
181,2,final,0,0,0,0,0,0,0,0,0,394
181,52,scoreA,0,0,0,0,0,0,0,116,115,0
181,52,fedrn,0,0,0,0,0,0,0,115,115,0
181,52,final,0,0,0,0,0,0,0,115,115,0
181,51,scoreA,0,0,0,0,113,0,0,123,0,0
181,51,fedrn,0,0,0,0,119,0,0,118,0,0
181,51,final,0,0,0,0,119,0,0,118,0,0
181,33,scoreA,0,0,0,0,0,138,151,0,0,0
181,33,fedrn,0,0,0,0,0,138,150,0,0,0
181,33,final,0,0,0,0,0,138,150,0,0,0
181,42,scoreA,0,141,0,0,0,0,0,0,125,0
181,42,fedrn,0,143,0,0,0,0,0,0,124,0
181,42,final,0,143,0,0,0,0,0,0,124,0
181,68,scoreA,0,0,0,0,0,0,95,0,0,86
181,68,fedrn,0,0,0,0,0,0,95,0,0,86
181,68,final,0,0,0,0,0,0,95,0,0,86
181,67,scoreA,0,85,0,0,0,0,0,0,104,0
181,67,fedrn,0,87,0,0,0,0,0,0,101,0
181,67,final,0,87,0,0,0,0,0,0,101,0
182,79,scoreA,66,0,0,0,0,0,0,0,77,0
182,79,fedrn,64,0,0,0,0,0,0,0,76,0
182,79,final,64,0,0,0,0,0,0,0,76,0
182,97,scoreA,0,0,0,0,73,0,0,0,0,0
182,97,fedrn,0,0,0,0,72,0,0,0,0,0
182,97,final,0,0,0,0,72,0,0,0,0,0
182,49,scoreA,0,0,123,0,0,0,0,123,0,0
182,49,fedrn,0,0,123,0,0,0,0,122,0,0
182,49,final,0,0,123,0,0,0,0,122,0,0
182,93,scoreA,0,0,0,0,0,0,48,0,0,62
182,93,fedrn,0,0,0,0,0,0,47,0,0,64
182,93,final,0,0,0,0,0,0,47,0,0,64
182,92,scoreA,0,47,0,61,0,0,0,0,0,0
182,92,fedrn,0,47,0,62,0,0,0,0,0,0
182,92,final,0,47,0,62,0,0,0,0,0,0
182,40,scoreA,0,0,0,154,0,130,0,0,0,0
182,40,fedrn,0,0,0,154,0,130,0,0,0,0
182,40,final,0,0,0,154,0,130,0,0,0,0
182,4,scoreA,0,0,0,0,0,0,0,196,188,0
182,4,fedrn,0,0,0,0,0,0,0,196,188,0
182,4,final,0,0,0,0,0,0,0,196,188,0
182,14,scoreA,0,0,0,0,0,176,0,0,0,178
182,14,fedrn,0,0,0,0,0,176,0,0,0,176
182,14,final,0,0,0,0,0,176,0,0,0,176
182,53,scoreA,114,0,0,0,0,0,0,117,0,0
182,53,fedrn,114,0,0,0,0,0,0,115,0,0
182,53,final,114,0,0,0,0,0,0,115,0,0
182,71,scoreA,0,88,0,0,0,88,0,0,0,0
182,71,fedrn,0,88,0,0,0,88,0,0,0,0
182,71,final,0,88,0,0,0,88,0,0,0,0
183,25,scoreA,0,0,0,156,0,0,0,0,158,0
183,25,fedrn,0,0,0,157,0,0,0,0,155,0
183,25,final,0,0,0,157,0,0,0,0,155,0
183,19,scoreA,0,0,0,0,0,163,162,0,0,0
183,19,fedrn,0,0,0,0,0,161,159,0,0,0
183,19,final,0,0,0,0,0,161,159,0,0,0
183,72,scoreA,0,100,1,0,0,0,0,0,0,94
183,72,fedrn,0,102,1,0,0,0,0,0,0,94
183,72,final,0,102,1,0,0,0,0,0,0,94
183,54,scoreA,0,114,0,0,0,0,116,0,0,0
183,54,fedrn,0,114,0,0,0,0,117,0,0,0
183,54,final,0,114,0,0,0,0,117,0,0,0
183,38,scoreA,0,0,139,0,0,0,0,138,0,0
183,38,fedrn,0,0,139,0,0,0,0,141,0,0
183,38,final,0,0,139,0,0,0,0,141,0,0
183,28,scoreA,0,0,149,0,0,0,0,128,0,0
183,28,fedrn,0,0,154,0,0,0,0,143,0,0
183,28,final,0,0,154,0,0,0,0,143,0,0
183,65,scoreA,0,0,0,103,98,0,0,0,0,0
183,65,fedrn,0,0,0,104,94,0,0,0,0,0
183,65,final,0,0,0,104,94,0,0,0,0,0
183,53,scoreA,113,0,0,0,0,0,0,115,0,0
183,53,fedrn,114,0,0,0,0,0,0,115,0,0
183,53,final,114,0,0,0,0,0,0,115,0,0
183,42,scoreA,0,143,0,0,0,0,0,0,123,0
183,42,fedrn,0,140,0,0,0,0,0,0,123,0
183,42,final,0,140,0,0,0,0,0,0,123,0
183,3,scoreA,0,0,0,0,0,0,196,0,193,0
183,3,fedrn,0,0,0,0,0,0,195,0,192,0
183,3,final,0,0,0,0,0,0,195,0,192,0
184,80,scoreA,0,0,0,0,0,0,144,0,0,0
184,80,fedrn,0,0,0,0,0,0,142,0,0,0
184,80,final,0,0,0,0,0,0,142,0,0,0
184,88,scoreA,119,0,0,0,0,0,1,0,0,0
184,88,fedrn,119,0,0,0,0,0,1,0,0,0
184,88,final,119,0,0,0,0,0,1,0,0,0
184,57,scoreA,0,0,0,0,117,0,106,0,0,0
184,57,fedrn,0,0,0,0,121,0,105,0,0,0
184,57,final,0,0,0,0,121,0,105,0,0,0
184,98,scoreA,0,0,0,0,44,49,0,0,0,0
184,98,fedrn,0,0,0,0,48,44,0,0,0,0
184,98,final,0,0,0,0,48,44,0,0,0,0
184,76,scoreA,0,81,0,77,0,0,0,0,0,0
184,76,fedrn,0,81,0,76,0,0,0,0,0,0
184,76,final,0,81,0,76,0,0,0,0,0,0
184,84,scoreA,68,0,0,0,0,0,0,0,0,68
184,84,fedrn,68,0,0,0,0,0,0,0,0,68
184,84,final,68,0,0,0,0,0,0,0,0,68
184,7,scoreA,187,185,0,0,0,0,0,0,0,0
184,7,fedrn,184,186,0,0,0,0,0,0,0,0
184,7,final,184,186,0,0,0,0,0,0,0,0
184,50,scoreA,0,0,124,137,0,0,0,0,0,0
184,50,fedrn,0,0,125,131,0,0,0,0,0,0
184,50,final,0,0,125,131,0,0,0,0,0,0
184,92,scoreA,0,47,0,62,0,0,0,0,0,0
184,92,fedrn,0,47,0,61,0,0,0,0,0,0
184,92,final,0,47,0,61,0,0,0,0,0,0
184,27,scoreA,0,0,142,0,0,162,0,0,0,0
184,27,fedrn,0,0,150,0,0,154,0,0,0,0
184,27,final,0,0,150,0,0,154,0,0,0,0
185,57,scoreA,0,0,0,0,118,0,109,0,0,0
185,57,fedrn,0,0,0,0,120,0,101,0,0,0
185,57,final,0,0,0,0,120,0,101,0,0,0
185,65,scoreA,0,0,0,102,98,0,0,0,0,0
185,65,fedrn,0,0,0,104,98,0,0,0,0,0
185,65,final,0,0,0,104,98,0,0,0,0,0
185,49,scoreA,0,0,122,0,0,0,0,121,0,0
185,49,fedrn,0,0,122,0,0,0,0,120,0,0
185,49,final,0,0,122,0,0,0,0,120,0,0
185,45,scoreA,0,0,0,0,124,125,0,0,0,0
185,45,fedrn,0,0,0,0,123,124,0,0,0,0
185,45,final,0,0,0,0,123,124,0,0,0,0
185,3,scoreA,0,0,0,0,0,0,196,0,193,0
185,3,fedrn,0,0,0,0,0,0,196,0,192,0
185,3,final,0,0,0,0,0,0,196,0,192,0
185,47,scoreA,0,0,0,0,0,128,0,0,0,116
185,47,fedrn,0,0,0,0,0,129,0,0,0,115
185,47,final,0,0,0,0,0,129,0,0,0,115
185,62,scoreA,83,0,0,0,0,0,0,107,0,0
185,62,fedrn,95,0,0,0,0,0,0,107,0,0
185,62,final,95,0,0,0,0,0,0,107,0,0
185,60,scoreA,0,0,208,0,0,0,0,0,0,0
185,60,fedrn,0,0,208,0,0,0,0,0,0,0
185,60,final,0,0,208,0,0,0,0,0,0,0
185,64,scoreA,0,0,196,0,0,0,0,0,0,0
185,64,fedrn,0,0,196,0,0,0,0,0,0,0
185,64,final,0,0,196,0,0,0,0,0,0,0
185,43,scoreA,0,0,0,127,0,0,0,0,129,0
185,43,fedrn,0,0,0,128,0,0,0,0,124,0
185,43,final,0,0,0,128,0,0,0,0,124,0
186,88,scoreA,119,0,0,0,0,0,1,0,0,0
186,88,fedrn,119,0,0,0,0,0,1,0,0,0
186,88,final,119,0,0,0,0,0,1,0,0,0
186,60,scoreA,0,0,208,0,0,0,0,0,0,0
186,60,fedrn,0,0,208,0,0,0,0,0,0,0
186,60,final,0,0,208,0,0,0,0,0,0,0
186,40,scoreA,0,0,0,154,0,132,0,0,0,0
186,40,fedrn,0,0,0,153,0,132,0,0,0,0
186,40,final,0,0,0,153,0,132,0,0,0,0
186,41,scoreA,124,0,0,133,0,0,0,0,0,0
186,41,fedrn,120,0,0,133,0,0,0,0,0,0
186,41,final,120,0,0,133,0,0,0,0,0,0
186,14,scoreA,0,0,0,0,0,177,0,0,0,176
186,14,fedrn,0,0,0,0,0,176,0,0,0,178
186,14,final,0,0,0,0,0,176,0,0,0,178
186,25,scoreA,0,0,0,160,0,0,0,0,156,0
186,25,fedrn,0,0,0,157,0,0,0,0,155,0
186,25,final,0,0,0,157,0,0,0,0,155,0
186,47,scoreA,0,0,0,0,0,130,0,0,0,116
186,47,fedrn,0,0,0,0,0,131,0,0,0,115
186,47,final,0,0,0,0,0,131,0,0,0,115
186,45,scoreA,0,0,0,0,120,124,0,0,0,0
186,45,fedrn,0,0,0,0,121,124,0,0,0,0
186,45,final,0,0,0,0,121,124,0,0,0,0
186,73,scoreA,89,0,0,0,0,0,84,0,0,0
186,73,fedrn,89,0,0,0,0,0,84,0,0,0
186,73,final,89,0,0,0,0,0,84,0,0,0
186,51,scoreA,0,0,0,0,117,0,0,124,0,0
186,51,fedrn,0,0,0,0,121,0,0,114,0,0
186,51,final,0,0,0,0,121,0,0,114,0,0
187,83,scoreA,0,0,85,0,1,0,0,0,0,54
187,83,fedrn,0,0,84,0,0,0,0,0,0,58
187,83,final,0,0,84,0,0,0,0,0,0,58
187,95,scoreA,0,0,0,70,53,0,0,0,0,0
187,95,fedrn,0,0,0,70,51,0,0,0,0,0
187,95,final,0,0,0,70,51,0,0,0,0,0
187,72,scoreA,0,102,1,0,0,0,0,0,0,94
187,72,fedrn,0,102,1,0,0,0,0,0,0,95
187,72,final,0,102,1,0,0,0,0,0,0,95
187,71,scoreA,0,89,0,0,0,88,0,0,0,0
187,71,fedrn,0,85,0,0,0,88,0,0,0,0
187,71,final,0,85,0,0,0,88,0,0,0,0
187,63,scoreA,0,0,0,0,84,113,0,0,0,0
187,63,fedrn,0,0,0,0,76,113,0,0,0,0
187,63,final,0,0,0,0,76,113,0,0,0,0
187,56,scoreA,0,0,126,0,0,0,0,0,0,100
187,56,fedrn,0,0,125,0,0,0,0,0,0,101
187,56,final,0,0,125,0,0,0,0,0,0,101
187,94,scoreA,64,46,0,0,0,0,0,0,0,0
187,94,fedrn,64,50,0,0,0,0,0,0,0,0
187,94,final,64,50,0,0,0,0,0,0,0,0
187,37,scoreA,0,0,0,0,0,131,0,138,0,0
187,37,fedrn,0,0,0,0,0,134,0,137,0,0
187,37,final,0,0,0,0,0,134,0,137,0,0
187,46,scoreA,0,0,0,0,0,0,123,0,0,129
187,46,fedrn,0,0,0,0,0,0,123,0,0,125
187,46,final,0,0,0,0,0,0,123,0,0,125
187,14,scoreA,0,0,0,0,0,176,0,0,0,179
187,14,fedrn,0,0,0,0,0,177,0,0,0,175
187,14,final,0,0,0,0,0,177,0,0,0,175
188,55,scoreA,0,0,0,0,115,0,0,109,1,0
188,55,fedrn,0,0,0,0,118,0,0,103,1,0
188,55,final,0,0,0,0,118,0,0,103,1,0
188,99,scoreA,0,0,0,0,12,0,0,0,48,64
188,99,fedrn,0,0,0,0,6,0,0,0,49,64
188,99,final,0,0,0,0,6,0,0,0,49,64
188,34,scoreA,0,0,0,152,0,0,0,132,0,0
188,34,fedrn,0,0,0,155,0,0,0,130,0,0
188,34,final,0,0,0,155,0,0,0,130,0,0
188,17,scoreA,0,0,0,177,152,0,0,0,0,0
188,17,fedrn,0,0,0,175,157,0,0,0,0,0
188,17,final,0,0,0,175,157,0,0,0,0,0
188,65,scoreA,0,0,0,98,88,0,0,0,0,0
188,65,fedrn,0,0,0,103,94,0,0,0,0,0
188,65,final,0,0,0,103,94,0,0,0,0,0
188,5,scoreA,183,0,0,0,0,0,192,0,0,0
188,5,fedrn,184,0,0,0,0,0,192,0,0,0
188,5,final,184,0,0,0,0,0,192,0,0,0
188,71,scoreA,0,88,0,0,0,88,0,0,0,0
188,71,fedrn,0,85,0,0,0,88,0,0,0,0
188,71,final,0,85,0,0,0,88,0,0,0,0
188,92,scoreA,0,48,0,61,0,0,0,0,0,0
188,92,fedrn,0,47,0,60,0,0,0,0,0,0
188,92,final,0,47,0,60,0,0,0,0,0,0
188,32,scoreA,161,0,0,0,0,0,0,0,0,137
188,32,fedrn,159,0,0,0,0,0,0,0,0,137
188,32,final,159,0,0,0,0,0,0,0,0,137
188,94,scoreA,64,49,0,0,0,0,0,0,0,0
188,94,fedrn,64,52,0,0,0,0,0,0,0,0
188,94,final,64,52,0,0,0,0,0,0,0,0
189,31,scoreA,144,154,0,0,0,0,0,0,0,0
189,31,fedrn,145,152,0,0,0,0,0,0,0,0
189,31,final,145,152,0,0,0,0,0,0,0,0
189,80,scoreA,0,0,0,0,0,0,144,0,0,0
189,80,fedrn,0,0,0,0,0,0,143,0,0,0
189,80,final,0,0,0,0,0,0,143,0,0,0
189,57,scoreA,0,0,0,0,117,0,105,0,0,0
189,57,fedrn,0,0,0,0,117,0,105,0,0,0
189,57,final,0,0,0,0,117,0,105,0,0,0
189,14,scoreA,0,0,0,0,0,178,0,0,0,144
189,14,fedrn,0,0,0,0,0,179,0,0,0,171
189,14,final,0,0,0,0,0,179,0,0,0,171
189,42,scoreA,0,143,0,0,0,0,0,0,122,0
189,42,fedrn,0,145,0,0,0,0,0,0,121,0
189,42,final,0,145,0,0,0,0,0,0,121,0
189,10,scoreA,0,0,0,167,0,0,0,176,0,0
189,10,fedrn,0,0,0,171,0,0,0,159,0,0
189,10,final,0,0,0,171,0,0,0,159,0,0
189,40,scoreA,0,0,0,151,0,130,0,0,0,0
189,40,fedrn,0,0,0,153,0,132,0,0,0,0
189,40,final,0,0,0,153,0,132,0,0,0,0
189,5,scoreA,182,0,0,0,0,0,193,0,0,0
189,5,fedrn,187,0,0,0,0,0,192,0,0,0
189,5,final,187,0,0,0,0,0,192,0,0,0
189,30,scoreA,130,0,163,0,0,0,0,0,0,0
189,30,fedrn,139,0,164,0,0,0,0,0,0,0
189,30,final,139,0,164,0,0,0,0,0,0,0
189,56,scoreA,0,0,125,0,0,0,0,0,0,101
189,56,fedrn,0,0,127,0,0,0,0,0,0,102
189,56,final,0,0,127,0,0,0,0,0,0,102
190,16,scoreA,171,0,0,166,0,0,0,0,0,0
190,16,fedrn,167,0,0,165,0,0,0,0,0,0
190,16,final,167,0,0,165,0,0,0,0,0,0
190,25,scoreA,0,0,0,159,0,0,0,0,157,0
190,25,fedrn,0,0,0,158,0,0,0,0,154,0
190,25,final,0,0,0,158,0,0,0,0,154,0
190,32,scoreA,158,0,0,0,0,0,0,0,0,137
190,32,fedrn,160,0,0,0,0,0,0,0,0,135
190,32,final,160,0,0,0,0,0,0,0,0,135
190,17,scoreA,0,0,0,171,157,0,0,0,0,0
190,17,fedrn,0,0,0,178,155,0,0,0,0,0
190,17,final,0,0,0,178,155,0,0,0,0,0
190,99,scoreA,0,0,0,0,6,0,0,0,50,62
190,99,fedrn,0,0,0,0,5,0,0,0,48,62
190,99,final,0,0,0,0,5,0,0,0,48,62
190,51,scoreA,0,0,0,0,115,0,0,127,0,0
190,51,fedrn,0,0,0,0,119,0,0,121,0,0
190,51,final,0,0,0,0,119,0,0,121,0,0
190,56,scoreA,0,0,125,0,0,0,0,0,0,101
190,56,fedrn,0,0,124,0,0,0,0,0,0,101
190,56,final,0,0,124,0,0,0,0,0,0,101
190,90,scoreA,0,0,0,0,0,0,56,0,59,0
190,90,fedrn,0,0,0,0,0,0,53,0,59,0
190,90,final,0,0,0,0,0,0,53,0,59,0
190,23,scoreA,0,165,0,0,0,161,0,0,0,0
190,23,fedrn,0,166,0,0,0,161,0,0,0,0
190,23,final,0,166,0,0,0,161,0,0,0,0
190,46,scoreA,0,0,0,0,0,0,123,0,0,127
190,46,fedrn,0,0,0,0,0,0,123,0,0,128
190,46,final,0,0,0,0,0,0,123,0,0,128
191,95,scoreA,0,0,0,68,51,0,0,0,0,0
191,95,fedrn,0,0,0,68,49,0,0,0,0,0
191,95,final,0,0,0,68,49,0,0,0,0,0
191,14,scoreA,0,0,0,0,0,178,0,0,0,177
191,14,fedrn,0,0,0,0,0,170,0,0,0,179
191,14,final,0,0,0,0,0,170,0,0,0,179
191,94,scoreA,64,54,0,0,0,0,0,0,0,0
191,94,fedrn,59,52,0,0,0,0,0,0,0,0
191,94,final,59,52,0,0,0,0,0,0,0,0
191,88,scoreA,119,0,0,0,0,0,0,0,0,0
191,88,fedrn,119,0,0,0,0,0,0,0,0,0
191,88,final,119,0,0,0,0,0,0,0,0,0
191,30,scoreA,149,0,112,0,0,0,0,0,0,0
191,30,fedrn,139,0,154,0,0,0,0,0,0,0
191,30,final,139,0,154,0,0,0,0,0,0,0
191,64,scoreA,0,0,196,0,0,0,0,0,0,0
191,64,fedrn,0,0,196,0,0,0,0,0,0,0
191,64,final,0,0,196,0,0,0,0,0,0,0
191,85,scoreA,0,63,0,0,70,0,0,0,0,0
191,85,fedrn,0,64,0,0,71,0,0,0,0,0
191,85,final,0,64,0,0,71,0,0,0,0,0
191,5,scoreA,188,0,0,0,0,0,190,0,0,0
191,5,fedrn,188,0,0,0,0,0,192,0,0,0
191,5,final,188,0,0,0,0,0,192,0,0,0
191,77,scoreA,0,85,0,0,0,0,0,0,76,0
191,77,fedrn,0,78,0,0,0,0,0,0,78,0
191,77,final,0,78,0,0,0,0,0,0,78,0
191,73,scoreA,89,0,0,0,0,0,84,0,0,0
191,73,fedrn,88,0,0,0,0,0,84,0,0,0
191,73,final,88,0,0,0,0,0,84,0,0,0
192,6,scoreA,0,194,0,0,0,0,183,0,0,0
192,6,fedrn,0,194,0,0,0,0,183,0,0,0
192,6,final,0,194,0,0,0,0,183,0,0,0
192,13,scoreA,0,0,0,0,0,0,175,0,182,0
192,13,fedrn,0,0,0,0,0,0,176,0,181,0
192,13,final,0,0,0,0,0,0,176,0,181,0
192,20,scoreA,0,0,166,0,0,0,0,154,0,0
192,20,fedrn,0,0,168,0,0,0,0,160,0,0
192,20,final,0,0,168,0,0,0,0,160,0,0
192,8,scoreA,0,0,0,0,0,0,0,186,184,0
192,8,fedrn,0,0,0,0,0,0,0,186,185,0
192,8,final,0,0,0,0,0,0,0,186,185,0
192,76,scoreA,0,82,0,78,0,0,0,0,0,0
192,76,fedrn,0,82,0,76,0,0,0,0,0,0
192,76,final,0,82,0,76,0,0,0,0,0,0
192,51,scoreA,0,0,0,0,119,0,0,127,0,0
192,51,fedrn,0,0,0,0,120,0,0,119,0,0
192,51,final,0,0,0,0,120,0,0,119,0,0
192,40,scoreA,0,0,0,154,0,131,0,0,0,0
192,40,fedrn,0,0,0,153,1,132,0,0,0,1
192,40,final,0,0,0,153,1,132,0,0,0,1
192,17,scoreA,0,0,0,181,144,0,0,0,0,0
192,17,fedrn,0,0,0,176,152,0,0,0,0,0
192,17,final,0,0,0,176,152,0,0,0,0,0
192,48,scoreA,0,0,0,123,127,0,0,0,0,0
192,48,fedrn,0,0,0,131,113,0,0,0,0,0
192,48,final,0,0,0,131,113,0,0,0,0,0
192,88,scoreA,119,0,0,0,0,0,0,0,0,0
192,88,fedrn,119,0,0,0,0,0,0,0,0,0
192,88,final,119,0,0,0,0,0,0,0,0,0
193,20,scoreA,0,0,166,0,0,0,0,161,0,0
193,20,fedrn,0,0,169,0,0,0,0,163,0,0
193,20,final,0,0,169,0,0,0,0,163,0,0
193,21,scoreA,0,0,166,0,0,143,0,0,0,0
193,21,fedrn,0,0,167,0,0,146,0,0,0,0
193,21,final,0,0,167,0,0,146,0,0,0,0
193,74,scoreA,0,0,0,0,0,164,0,0,0,0
193,74,fedrn,0,0,0,0,0,164,0,0,0,0
193,74,final,0,0,0,0,0,164,0,0,0,0
193,1,scoreA,0,0,0,0,195,0,0,0,196,0
193,1,fedrn,0,0,0,0,195,0,0,0,195,0
193,1,final,0,0,0,0,195,0,0,0,195,0
193,83,scoreA,0,0,83,0,0,0,0,0,0,59
193,83,fedrn,0,0,83,0,0,0,0,0,0,61
193,83,final,0,0,83,0,0,0,0,0,0,61
193,81,scoreA,0,0,0,73,0,0,0,71,1,0
193,81,fedrn,0,0,0,71,0,0,0,69,1,0
193,81,final,0,0,0,71,0,0,0,69,1,0
193,31,scoreA,146,153,0,0,0,0,0,0,0,0
193,31,fedrn,142,152,0,0,0,0,0,0,0,0
193,31,final,142,152,0,0,0,0,0,0,0,0
193,30,scoreA,138,0,158,0,0,0,0,0,0,0
193,30,fedrn,136,0,162,0,0,0,0,0,0,0
193,30,final,136,0,162,0,0,0,0,0,0,0
193,95,scoreA,0,0,0,66,54,0,0,0,0,0
193,95,fedrn,0,0,0,65,46,0,0,0,0,0
193,95,final,0,0,0,65,46,0,0,0,0,0
193,23,scoreA,0,168,0,0,0,161,0,0,0,0
193,23,fedrn,0,167,0,0,0,161,0,0,0,0
193,23,final,0,167,0,0,0,161,0,0,0,0
194,12,scoreA,0,0,0,183,0,0,0,0,0,170
194,12,fedrn,0,0,0,184,0,0,0,0,0,169
194,12,final,0,0,0,184,0,0,0,0,0,169
194,1,scoreA,0,0,0,0,193,0,0,0,196,0
194,1,fedrn,0,0,0,0,196,0,0,0,196,0
194,1,final,0,0,0,0,196,0,0,0,196,0
194,64,scoreA,0,0,196,0,0,0,0,0,0,0
194,64,fedrn,0,0,196,0,0,0,0,0,0,0
194,64,final,0,0,196,0,0,0,0,0,0,0
194,14,scoreA,0,0,0,0,0,176,0,0,0,178
194,14,fedrn,0,0,0,0,0,176,0,0,0,173
194,14,final,0,0,0,0,0,176,0,0,0,173
194,66,scoreA,0,100,0,0,92,0,0,0,0,0
194,66,fedrn,0,99,0,0,92,0,0,0,0,0
194,66,final,0,99,0,0,92,0,0,0,0,0
194,80,scoreA,0,0,0,0,0,0,144,0,0,0
194,80,fedrn,0,0,0,0,0,0,143,0,0,0
194,80,final,0,0,0,0,0,0,143,0,0,0
194,86,scoreA,0,62,0,64,0,0,0,0,0,0
194,86,fedrn,0,63,0,64,0,0,0,0,0,0
194,86,final,0,63,0,64,0,0,0,0,0,0
194,30,scoreA,142,0,162,0,0,0,0,0,0,0
194,30,fedrn,146,0,159,0,0,0,0,0,0,0
194,30,final,146,0,159,0,0,0,0,0,0,0
194,61,scoreA,0,0,0,0,0,0,205,0,0,0
194,61,fedrn,0,0,0,0,0,0,205,0,0,0
194,61,final,0,0,0,0,0,0,205,0,0,0
194,21,scoreA,0,0,157,0,0,155,0,0,0,0
194,21,fedrn,0,0,170,0,0,154,0,0,0,0
194,21,final,0,0,170,0,0,154,0,0,0,0
195,12,scoreA,0,0,0,188,0,0,0,0,0,160
195,12,fedrn,0,0,0,186,0,0,0,0,0,170
195,12,final,0,0,0,186,0,0,0,0,0,170
195,50,scoreA,0,0,123,120,0,0,0,0,0,0
195,50,fedrn,0,0,125,128,0,0,0,0,0,0
195,50,final,0,0,125,128,0,0,0,0,0,0
195,25,scoreA,0,0,0,157,0,0,0,0,158,0
195,25,fedrn,0,0,0,155,0,0,0,0,158,0
195,25,final,0,0,0,155,0,0,0,0,158,0
195,66,scoreA,0,101,0,0,93,0,0,0,0,0
195,66,fedrn,0,100,0,0,92,0,0,0,0,0
195,66,final,0,100,0,0,92,0,0,0,0,0
195,15,scoreA,0,0,0,0,0,163,0,174,0,0
195,15,fedrn,0,0,0,0,0,165,0,168,0,0
195,15,final,0,0,0,0,0,165,0,168,0,0
195,77,scoreA,0,84,0,0,0,0,0,0,78,0
195,77,fedrn,0,85,0,0,0,0,0,0,78,0
195,77,final,0,85,0,0,0,0,0,0,78,0
195,91,scoreA,0,0,80,0,0,0,48,0,0,0
195,91,fedrn,0,0,81,0,0,0,48,0,0,0
195,91,final,0,0,81,0,0,0,48,0,0,0
195,62,scoreA,98,0,0,0,0,0,0,97,0,0
195,62,fedrn,98,0,0,0,0,0,0,105,0,0
195,62,final,98,0,0,0,0,0,0,105,0,0
195,94,scoreA,61,53,0,0,0,0,0,0,0,0
195,94,fedrn,58,53,0,0,0,0,0,0,0,0
195,94,final,58,53,0,0,0,0,0,0,0,0
195,40,scoreA,0,0,0,153,1,132,0,0,0,1
195,40,fedrn,0,0,0,154,1,132,0,0,0,0
195,40,final,0,0,0,154,1,132,0,0,0,0
196,44,scoreA,0,0,0,0,0,0,128,133,0,0
196,44,fedrn,0,0,0,0,0,0,129,133,0,0
196,44,final,0,0,0,0,0,0,129,133,0,0
196,50,scoreA,0,0,125,120,0,0,0,0,0,0
196,50,fedrn,0,0,121,135,0,0,0,0,0,0
196,50,final,0,0,121,135,0,0,0,0,0,0
196,9,scoreA,0,372,0,0,0,0,0,0,0,0
196,9,fedrn,0,372,0,0,0,0,0,0,0,0
196,9,final,0,372,0,0,0,0,0,0,0,0
196,11,scoreA,0,0,0,0,188,162,0,0,0,0
196,11,fedrn,0,0,0,0,186,165,0,0,0,0
196,11,final,0,0,0,0,186,165,0,0,0,0
196,72,scoreA,0,99,1,0,0,0,0,0,0,94
196,72,fedrn,0,101,0,0,0,0,0,0,0,94
196,72,final,0,101,0,0,0,0,0,0,0,94
196,30,scoreA,145,0,153,0,0,0,0,0,0,0
196,30,fedrn,144,0,159,0,0,0,0,0,0,0
196,30,final,144,0,159,0,0,0,0,0,0,0
196,58,scoreA,0,0,0,0,116,0,0,0,0,100
196,58,fedrn,0,0,0,0,117,0,0,0,0,100
196,58,final,0,0,0,0,117,0,0,0,0,100
196,62,scoreA,98,0,0,0,0,0,0,107,0,0
196,62,fedrn,99,0,0,0,0,0,0,106,0,0
196,62,final,99,0,0,0,0,0,0,106,0,0
196,67,scoreA,0,86,0,0,0,0,0,0,101,0
196,67,fedrn,0,87,0,0,0,0,0,0,101,0
196,67,final,0,87,0,0,0,0,0,0,101,0
196,59,scoreA,114,0,0,0,0,0,0,103,0,0
196,59,fedrn,110,0,0,0,0,0,0,101,0,0
196,59,final,110,0,0,0,0,0,0,101,0,0
197,53,scoreA,115,0,0,0,0,0,0,116,0,0
197,53,fedrn,115,0,0,0,0,0,0,117,0,0
197,53,final,115,0,0,0,0,0,0,117,0,0
197,94,scoreA,57,53,0,0,0,0,0,0,0,0
197,94,fedrn,56,53,0,0,0,0,0,0,0,0
197,94,final,56,53,0,0,0,0,0,0,0,0
197,84,scoreA,68,0,0,0,0,0,0,0,0,69
197,84,fedrn,66,0,0,0,0,0,0,0,0,68
197,84,final,66,0,0,0,0,0,0,0,0,68
197,25,scoreA,0,0,0,156,0,0,0,0,158,0
197,25,fedrn,0,0,0,157,0,0,0,0,159,0
197,25,final,0,0,0,157,0,0,0,0,159,0
197,78,scoreA,0,0,79,0,97,0,0,0,0,0
197,78,fedrn,0,0,73,0,98,0,0,0,0,0
197,78,final,0,0,73,0,98,0,0,0,0,0
197,96,scoreA,0,38,0,60,0,0,0,0,0,0
197,96,fedrn,0,39,0,60,0,0,0,0,0,1
197,96,final,0,39,0,60,0,0,0,0,0,1
197,58,scoreA,0,0,0,0,116,0,0,0,0,99
197,58,fedrn,0,0,0,0,113,0,0,0,0,100
197,58,final,0,0,0,0,113,0,0,0,0,100
197,8,scoreA,0,0,0,0,0,0,0,186,187,0
197,8,fedrn,0,0,0,0,0,0,0,186,187,0
197,8,final,0,0,0,0,0,0,0,186,187,0
197,99,scoreA,0,0,0,0,5,0,0,0,45,65
197,99,fedrn,0,0,0,0,3,0,0,0,47,66
197,99,final,0,0,0,0,3,0,0,0,47,66
197,1,scoreA,0,0,0,0,195,0,0,0,196,0
197,1,fedrn,0,0,0,0,196,0,0,0,194,0
197,1,final,0,0,0,0,196,0,0,0,194,0
198,60,scoreA,0,0,208,0,0,0,0,0,0,0
198,60,fedrn,0,0,208,0,0,0,0,0,0,0
198,60,final,0,0,208,0,0,0,0,0,0,0
198,61,scoreA,0,0,0,0,0,0,205,0,0,0
198,61,fedrn,0,0,0,0,0,0,205,0,0,0
198,61,final,0,0,0,0,0,0,205,0,0,0
198,38,scoreA,0,0,140,0,0,0,0,140,0,0
198,38,fedrn,0,0,139,0,0,0,0,141,0,0
198,38,final,0,0,139,0,0,0,0,141,0,0
198,75,scoreA,0,0,0,86,0,0,0,0,72,0
198,75,fedrn,0,0,0,86,0,0,0,0,73,0
198,75,final,0,0,0,86,0,0,0,0,73,0
198,3,scoreA,0,0,0,0,0,0,196,0,193,0
198,3,fedrn,0,0,0,0,0,0,195,0,193,0
198,3,final,0,0,0,0,0,0,195,0,193,0
198,41,scoreA,116,0,0,136,0,0,0,0,0,0
198,41,fedrn,119,0,0,135,0,0,0,0,0,0
198,41,final,119,0,0,135,0,0,0,0,0,0
198,86,scoreA,0,63,0,65,0,0,0,0,0,0
198,86,fedrn,0,64,0,63,0,0,0,0,0,0
198,86,final,0,64,0,63,0,0,0,0,0,0
198,30,scoreA,148,0,116,0,0,0,0,0,0,0
198,30,fedrn,148,0,143,0,0,0,0,0,0,0
198,30,final,148,0,143,0,0,0,0,0,0,0
198,62,scoreA,98,0,0,0,0,0,0,100,0,0
198,62,fedrn,98,0,0,0,0,0,0,105,0,0
198,62,final,98,0,0,0,0,0,0,105,0,0
198,57,scoreA,0,0,0,0,113,0,109,0,0,0
198,57,fedrn,0,0,0,0,116,0,107,0,0,0
198,57,final,0,0,0,0,116,0,107,0,0,0
199,21,scoreA,0,0,161,0,0,155,0,0,0,0
199,21,fedrn,0,0,170,0,0,145,0,0,0,0
199,21,final,0,0,170,0,0,145,0,0,0,0
199,25,scoreA,0,0,0,157,0,0,0,0,159,0
199,25,fedrn,0,0,0,158,0,0,0,0,159,0
199,25,final,0,0,0,158,0,0,0,0,159,0
199,42,scoreA,0,145,0,0,0,0,0,0,121,0
199,42,fedrn,0,143,0,0,0,0,0,0,121,0
199,42,final,0,143,0,0,0,0,0,0,121,0
199,83,scoreA,0,0,84,0,0,0,0,0,0,64
199,83,fedrn,0,0,83,0,0,0,0,0,0,64
199,83,final,0,0,83,0,0,0,0,0,0,64
199,46,scoreA,0,0,0,0,0,0,122,0,0,130
199,46,fedrn,0,0,0,0,0,0,122,0,0,129
199,46,final,0,0,0,0,0,0,122,0,0,129
199,67,scoreA,0,88,0,0,0,0,0,0,102,0
199,67,fedrn,0,89,0,0,0,0,0,0,102,0
199,67,final,0,89,0,0,0,0,0,0,102,0
199,98,scoreA,0,0,0,0,50,50,0,0,0,0
199,98,fedrn,0,0,0,0,54,47,0,0,0,0
199,98,final,0,0,0,0,54,47,0,0,0,0
199,48,scoreA,0,0,0,130,110,0,0,0,0,0
199,48,fedrn,0,0,0,131,109,0,0,0,0,0
199,48,final,0,0,0,131,109,0,0,0,0,0
199,91,scoreA,0,0,81,0,0,0,48,0,0,0
199,91,fedrn,0,0,81,0,0,0,46,0,0,0
199,91,final,0,0,81,0,0,0,46,0,0,0
199,55,scoreA,0,0,0,0,122,0,0,92,1,0
199,55,fedrn,0,0,0,0,121,0,0,101,1,0
199,55,final,0,0,0,0,121,0,0,101,1,0
200,55,scoreA,0,0,0,0,117,0,0,106,1,0
200,55,fedrn,0,0,0,0,118,0,0,105,0,0
200,55,final,0,0,0,0,118,0,0,105,0,0
200,41,scoreA,123,0,0,135,0,0,0,0,0,0
200,41,fedrn,124,0,0,134,0,0,0,0,0,0
200,41,final,124,0,0,134,0,0,0,0,0,0
200,24,scoreA,0,0,0,0,173,141,0,0,0,0
200,24,fedrn,0,0,0,0,173,145,0,0,0,0
200,24,final,0,0,0,0,173,145,0,0,0,0
200,4,scoreA,0,0,0,0,0,0,0,196,186,0
200,4,fedrn,0,0,0,0,0,0,0,196,186,0
200,4,final,0,0,0,0,0,0,0,196,186,0
200,13,scoreA,0,0,0,0,0,0,175,0,181,0
200,13,fedrn,0,0,0,0,0,0,175,0,179,0
200,13,final,0,0,0,0,0,0,175,0,179,0
200,71,scoreA,0,89,0,0,0,87,0,0,0,0
200,71,fedrn,0,85,0,0,0,87,0,0,0,0
200,71,final,0,85,0,0,0,87,0,0,0,0
200,26,scoreA,0,0,0,0,0,0,0,161,0,154
200,26,fedrn,0,0,0,0,0,0,0,159,0,156
200,26,final,0,0,0,0,0,0,0,159,0,156
200,56,scoreA,0,0,124,0,0,0,0,0,0,104
200,56,fedrn,0,0,123,0,0,0,0,0,0,104
200,56,final,0,0,123,0,0,0,0,0,0,104
200,93,scoreA,0,0,0,0,0,0,46,0,0,66
200,93,fedrn,0,0,0,0,0,0,46,0,0,67
200,93,final,0,0,0,0,0,0,46,0,0,67
200,82,scoreA,0,0,0,0,75,0,0,0,69,0
200,82,fedrn,0,0,0,0,73,0,0,0,69,0
200,82,final,0,0,0,0,73,0,0,0,69,0
201,91,scoreA,0,0,80,0,0,0,49,0,0,0
201,91,fedrn,0,0,81,0,0,0,48,0,0,0
201,91,final,0,0,81,0,0,0,48,0,0,0
201,42,scoreA,0,143,0,0,0,0,0,0,123,0
201,42,fedrn,0,143,0,0,0,0,0,0,123,0
201,42,final,0,143,0,0,0,0,0,0,123,0
201,43,scoreA,0,0,0,118,0,0,0,0,129,0
201,43,fedrn,0,0,0,124,0,0,0,0,129,0
201,43,final,0,0,0,124,0,0,0,0,129,0
201,44,scoreA,0,0,0,0,0,0,129,133,0,0
201,44,fedrn,0,0,0,0,0,0,129,133,0,0
201,44,final,0,0,0,0,0,0,129,133,0,0
201,17,scoreA,0,0,0,177,147,0,0,0,0,0
201,17,fedrn,0,0,0,179,152,0,0,0,0,0
201,17,final,0,0,0,179,152,0,0,0,0,0
201,24,scoreA,0,0,0,0,175,127,0,0,0,0
201,24,fedrn,0,0,0,0,174,108,0,0,0,0
201,24,final,0,0,0,0,174,108,0,0,0,0
201,68,scoreA,0,0,0,0,0,0,96,0,0,87
201,68,fedrn,0,0,0,0,0,0,97,0,0,86
201,68,final,0,0,0,0,0,0,97,0,0,86
201,65,scoreA,0,0,0,100,99,0,0,0,0,0
201,65,fedrn,0,0,0,100,95,0,0,0,0,0
201,65,final,0,0,0,100,95,0,0,0,0,0
201,1,scoreA,0,0,0,0,196,0,0,0,193,0
201,1,fedrn,0,0,0,0,196,0,0,0,193,0
201,1,final,0,0,0,0,196,0,0,0,193,0
201,38,scoreA,0,0,140,0,0,0,0,140,0,0
201,38,fedrn,0,0,138,0,0,0,0,141,0,0
201,38,final,0,0,138,0,0,0,0,141,0,0
202,5,scoreA,188,0,0,0,0,0,191,0,0,0
202,5,fedrn,188,0,0,0,0,0,191,0,0,0
202,5,final,188,0,0,0,0,0,191,0,0,0
202,99,scoreA,0,0,0,0,3,0,0,1,48,65
202,99,fedrn,0,0,0,0,3,0,0,0,50,66
202,99,final,0,0,0,0,3,0,0,0,50,66
202,42,scoreA,0,143,0,0,0,0,0,0,123,0
202,42,fedrn,0,143,0,0,0,0,0,0,124,0
202,42,final,0,143,0,0,0,0,0,0,124,0
202,76,scoreA,0,84,0,70,0,0,0,0,0,0
202,76,fedrn,0,83,0,73,0,0,0,0,0,0
202,76,final,0,83,0,73,0,0,0,0,0,0
202,9,scoreA,0,372,0,0,0,0,0,0,0,0
202,9,fedrn,0,372,0,0,0,0,0,0,0,0
202,9,final,0,372,0,0,0,0,0,0,0,0
202,51,scoreA,0,0,0,0,118,0,0,122,0,0
202,51,fedrn,0,0,0,0,120,0,0,121,0,0
202,51,final,0,0,0,0,120,0,0,121,0,0
202,6,scoreA,0,193,0,0,0,0,184,0,0,0
202,6,fedrn,0,194,0,0,0,0,183,0,0,0
202,6,final,0,194,0,0,0,0,183,0,0,0
202,93,scoreA,0,0,0,0,0,0,47,0,0,66
202,93,fedrn,0,0,0,0,0,0,47,0,0,65
202,93,final,0,0,0,0,0,0,47,0,0,65
202,67,scoreA,0,87,0,0,0,0,0,0,102,0
202,67,fedrn,0,87,0,0,0,0,0,0,102,0
202,67,final,0,87,0,0,0,0,0,0,102,0
202,44,scoreA,0,0,0,0,0,0,127,133,0,0
202,44,fedrn,0,0,0,0,0,0,129,114,0,0
202,44,final,0,0,0,0,0,0,129,114,0,0
203,39,scoreA,139,0,0,0,0,0,0,0,144,0
203,39,fedrn,139,0,0,0,0,0,0,0,139,0
203,39,final,139,0,0,0,0,0,0,0,139,0
203,60,scoreA,0,0,208,0,0,0,0,0,0,0
203,60,fedrn,0,0,208,0,0,0,0,0,0,0
203,60,final,0,0,208,0,0,0,0,0,0,0
203,20,scoreA,0,0,170,0,0,0,0,164,0,0
203,20,fedrn,0,0,168,0,0,0,0,164,0,0
203,20,final,0,0,168,0,0,0,0,164,0,0
203,59,scoreA,113,0,0,0,0,0,0,100,0,0
203,59,fedrn,112,0,0,0,0,0,0,99,0,0
203,59,final,112,0,0,0,0,0,0,99,0,0
203,4,scoreA,0,0,0,0,0,0,0,196,187,0
203,4,fedrn,0,0,0,0,0,0,0,196,188,0
203,4,final,0,0,0,0,0,0,0,196,188,0
203,88,scoreA,119,0,0,0,0,0,0,0,0,0
203,88,fedrn,119,0,0,0,0,0,0,0,0,0
203,88,final,119,0,0,0,0,0,0,0,0,0
203,45,scoreA,0,0,0,0,126,125,0,0,0,0
203,45,fedrn,0,0,0,0,125,124,0,0,0,0
203,45,final,0,0,0,0,125,124,0,0,0,0
203,87,scoreA,0,2,0,1,1,0,0,0,81,56
203,87,fedrn,0,1,0,0,0,0,0,0,81,60
203,87,final,0,1,0,0,0,0,0,0,81,60
203,94,scoreA,58,50,0,0,0,0,0,0,0,0
203,94,fedrn,55,52,0,0,0,0,0,0,0,0
203,94,final,55,52,0,0,0,0,0,0,0,0
203,96,scoreA,0,40,0,59,0,0,0,0,0,0
203,96,fedrn,0,40,0,59,0,0,0,0,0,1
203,96,final,0,40,0,59,0,0,0,0,0,1
204,76,scoreA,0,83,0,74,0,0,0,0,0,0
204,76,fedrn,0,83,0,75,0,0,0,0,0,0
204,76,final,0,83,0,75,0,0,0,0,0,0
204,96,scoreA,0,40,0,60,0,0,0,0,0,0
204,96,fedrn,0,40,0,58,0,0,0,0,0,1
204,96,final,0,40,0,58,0,0,0,0,0,1
204,59,scoreA,112,0,0,0,0,0,0,103,0,0
204,59,fedrn,112,0,0,0,0,0,0,101,0,0
204,59,final,112,0,0,0,0,0,0,101,0,0
204,8,scoreA,0,0,0,0,0,0,0,186,187,0
204,8,fedrn,0,0,0,0,0,0,0,186,185,0
204,8,final,0,0,0,0,0,0,0,186,185,0
204,82,scoreA,0,0,0,0,74,0,0,0,69,0
204,82,fedrn,0,0,0,0,73,0,0,0,68,0
204,82,final,0,0,0,0,73,0,0,0,68,0
204,88,scoreA,119,0,0,0,0,0,0,0,0,0
204,88,fedrn,119,0,0,0,0,0,0,0,0,0
204,88,final,119,0,0,0,0,0,0,0,0,0
204,6,scoreA,0,193,0,0,0,0,183,0,0,0
204,6,fedrn,0,189,0,0,0,0,183,0,0,0
204,6,final,0,189,0,0,0,0,183,0,0,0
204,16,scoreA,174,0,0,165,0,0,0,0,0,0
204,16,fedrn,173,0,0,165,0,0,0,0,0,0
204,16,final,173,0,0,165,0,0,0,0,0,0
204,93,scoreA,0,0,0,0,0,0,47,0,0,66
204,93,fedrn,0,0,0,0,0,0,47,0,0,66
204,93,final,0,0,0,0,0,0,47,0,0,66
204,7,scoreA,188,185,0,0,0,0,0,0,0,0
204,7,fedrn,190,184,0,0,0,0,0,0,0,0
204,7,final,190,184,0,0,0,0,0,0,0,0
205,22,scoreA,163,0,0,0,0,164,0,0,0,0
205,22,fedrn,164,0,0,0,0,165,0,0,0,0
205,22,final,164,0,0,0,0,165,0,0,0,0
205,15,scoreA,0,0,0,0,0,165,0,172,0,0
205,15,fedrn,0,0,0,0,0,163,0,166,0,0
205,15,final,0,0,0,0,0,163,0,166,0,0
205,82,scoreA,0,0,0,0,72,0,0,0,69,0
205,82,fedrn,0,0,0,0,71,0,0,0,68,0
205,82,final,0,0,0,0,71,0,0,0,68,0
205,55,scoreA,0,0,0,0,98,0,0,114,0,0
205,55,fedrn,0,0,0,0,117,0,0,103,1,0
205,55,final,0,0,0,0,117,0,0,103,1,0
205,80,scoreA,0,0,0,0,0,0,144,0,0,0
205,80,fedrn,0,0,0,0,0,0,142,0,0,0
205,80,final,0,0,0,0,0,0,142,0,0,0
205,54,scoreA,0,114,0,0,0,0,117,0,0,0
205,54,fedrn,0,114,0,0,0,0,117,0,0,0
205,54,final,0,114,0,0,0,0,117,0,0,0
205,16,scoreA,173,0,0,165,0,0,0,0,0,0
205,16,fedrn,172,0,0,165,0,0,0,0,0,0
205,16,final,172,0,0,165,0,0,0,0,0,0
205,64,scoreA,0,0,196,0,0,0,0,0,0,0
205,64,fedrn,0,0,196,0,0,0,0,0,0,0
205,64,final,0,0,196,0,0,0,0,0,0,0
205,87,scoreA,0,0,0,0,0,0,0,0,78,63
205,87,fedrn,0,0,0,0,0,0,0,0,81,65
205,87,final,0,0,0,0,0,0,0,0,81,65
205,63,scoreA,0,0,0,0,87,112,0,0,0,0
205,63,fedrn,0,0,0,0,88,114,0,0,0,0
205,63,final,0,0,0,0,88,114,0,0,0,0
206,89,scoreA,68,0,0,0,0,0,0,0,0,54
206,89,fedrn,67,0,0,0,0,0,0,0,0,54
206,89,final,67,0,0,0,0,0,0,0,0,54
206,44,scoreA,0,0,0,0,0,0,129,130,0,0
206,44,fedrn,0,0,0,0,0,0,129,131,0,0
206,44,final,0,0,0,0,0,0,129,131,0,0
206,81,scoreA,0,0,0,72,0,0,0,71,1,0
206,81,fedrn,0,0,0,68,0,0,0,68,1,0
206,81,final,0,0,0,68,0,0,0,68,1,0
206,74,scoreA,0,0,0,0,0,164,0,0,0,0
206,74,fedrn,0,0,0,0,0,164,0,0,0,0
206,74,final,0,0,0,0,0,164,0,0,0,0
206,9,scoreA,0,372,0,0,0,0,0,0,0,0
206,9,fedrn,0,372,0,0,0,0,0,0,0,0
206,9,final,0,372,0,0,0,0,0,0,0,0
206,87,scoreA,0,0,0,0,0,0,0,0,83,60
206,87,fedrn,0,0,0,0,0,0,0,0,83,63
206,87,final,0,0,0,0,0,0,0,0,83,63
206,94,scoreA,55,52,0,0,0,0,0,0,0,0
206,94,fedrn,59,52,0,0,0,0,0,0,0,0
206,94,final,59,52,0,0,0,0,0,0,0,0
206,36,scoreA,0,151,0,137,0,0,0,0,0,0
206,36,fedrn,0,149,0,137,0,0,0,0,0,0
206,36,final,0,149,0,137,0,0,0,0,0,0
206,80,scoreA,0,0,0,0,0,0,144,0,0,0
206,80,fedrn,0,0,0,0,0,0,141,0,0,0
206,80,final,0,0,0,0,0,0,141,0,0,0
206,20,scoreA,0,0,164,0,0,0,0,163,0,0
206,20,fedrn,0,0,168,0,0,0,0,165,0,0
206,20,final,0,0,168,0,0,0,0,165,0,0
207,25,scoreA,0,0,0,156,0,0,0,0,160,0
207,25,fedrn,0,0,0,157,0,0,0,0,158,0
207,25,final,0,0,0,157,0,0,0,0,158,0
207,76,scoreA,0,83,0,76,0,0,0,0,0,0
207,76,fedrn,0,83,0,76,0,0,0,0,0,0
207,76,final,0,83,0,76,0,0,0,0,0,0
207,17,scoreA,0,0,0,179,147,0,0,0,0,0
207,17,fedrn,0,0,0,182,150,0,0,0,0,0
207,17,final,0,0,0,182,150,0,0,0,0,0
207,62,scoreA,95,0,0,0,0,0,0,107,0,0
207,62,fedrn,98,0,0,0,0,0,0,106,0,0
207,62,final,98,0,0,0,0,0,0,106,0,0
207,36,scoreA,0,150,0,137,0,0,0,0,0,0
207,36,fedrn,0,148,0,137,0,0,0,0,0,0
207,36,final,0,148,0,137,0,0,0,0,0,0
207,94,scoreA,59,54,0,0,0,0,0,0,0,0
207,94,fedrn,56,52,0,0,0,0,0,0,0,0
207,94,final,56,52,0,0,0,0,0,0,0,0
207,14,scoreA,0,0,0,0,0,177,0,0,0,177
207,14,fedrn,0,0,0,0,0,177,0,0,0,174
207,14,final,0,0,0,0,0,177,0,0,0,174
207,91,scoreA,0,0,80,0,0,0,48,0,0,0
207,91,fedrn,0,0,81,0,0,0,47,0,0,0
207,91,final,0,0,81,0,0,0,47,0,0,0
207,32,scoreA,161,0,0,0,0,0,0,0,0,137
207,32,fedrn,160,0,0,0,0,0,0,0,0,139
207,32,final,160,0,0,0,0,0,0,0,0,139
207,90,scoreA,0,0,0,0,0,0,54,0,59,0
207,90,fedrn,0,0,0,0,0,0,53,0,59,0
207,90,final,0,0,0,0,0,0,53,0,59,0
208,78,scoreA,0,0,78,0,100,0,0,0,0,0
208,78,fedrn,0,0,78,0,100,0,0,0,0,0
208,78,final,0,0,78,0,100,0,0,0,0,0
208,2,scoreA,0,0,0,0,0,0,0,0,0,394
208,2,fedrn,0,0,0,0,0,0,0,0,0,394
208,2,final,0,0,0,0,0,0,0,0,0,394
208,34,scoreA,0,0,0,155,0,0,0,132,0,0
208,34,fedrn,0,0,0,156,0,0,0,129,0,0
208,34,final,0,0,0,156,0,0,0,129,0,0
208,11,scoreA,0,0,0,0,40,178,0,0,0,0
208,11,fedrn,0,0,0,0,97,178,0,0,0,0
208,11,final,0,0,0,0,97,178,0,0,0,0
208,41,scoreA,123,0,0,136,0,0,0,0,0,0
208,41,fedrn,125,0,0,135,0,0,0,0,0,0
208,41,final,125,0,0,135,0,0,0,0,0,0
208,9,scoreA,0,372,0,0,0,0,0,0,0,0
208,9,fedrn,0,372,0,0,0,0,0,0,0,0
208,9,final,0,372,0,0,0,0,0,0,0,0
208,25,scoreA,0,0,0,157,0,0,0,0,159,0
208,25,fedrn,0,0,0,157,0,0,0,0,156,0
208,25,final,0,0,0,157,0,0,0,0,156,0
208,13,scoreA,0,0,0,0,0,0,175,0,179,0
208,13,fedrn,0,0,0,0,0,0,173,0,180,0
208,13,final,0,0,0,0,0,0,173,0,180,0
208,44,scoreA,0,0,0,0,0,0,129,133,0,0
208,44,fedrn,0,0,0,0,0,0,129,122,0,0
208,44,final,0,0,0,0,0,0,129,122,0,0
208,38,scoreA,0,0,140,0,0,0,0,140,0,0
208,38,fedrn,0,0,138,0,0,0,0,141,0,0
208,38,final,0,0,138,0,0,0,0,141,0,0
209,57,scoreA,0,0,0,0,117,0,107,0,0,0
209,57,fedrn,0,0,0,0,118,0,106,0,0,0
209,57,final,0,0,0,0,118,0,106,0,0,0
209,30,scoreA,147,0,147,0,0,0,0,0,0,0
209,30,fedrn,141,0,158,0,0,0,0,0,0,0
209,30,final,141,0,158,0,0,0,0,0,0,0
209,17,scoreA,0,0,0,173,156,0,0,0,0,0
209,17,fedrn,0,0,0,180,156,0,0,0,0,0
209,17,final,0,0,0,180,156,0,0,0,0,0
209,51,scoreA,0,0,0,0,119,0,0,123,0,0
209,51,fedrn,0,0,0,0,120,0,0,124,0,0
209,51,final,0,0,0,0,120,0,0,124,0,0
209,86,scoreA,0,63,0,63,0,0,0,0,0,0
209,86,fedrn,0,62,0,63,0,0,0,0,0,0
209,86,final,0,62,0,63,0,0,0,0,0,0
209,79,scoreA,66,0,0,0,0,0,0,0,78,0
209,79,fedrn,69,0,0,0,0,0,0,0,72,0
209,79,final,69,0,0,0,0,0,0,0,72,0
209,88,scoreA,119,0,0,0,0,0,0,0,0,0
209,88,fedrn,119,0,0,0,0,0,0,0,0,0
209,88,final,119,0,0,0,0,0,0,0,0,0
209,84,scoreA,66,0,0,0,0,0,0,0,0,68
209,84,fedrn,64,0,0,0,0,0,0,0,0,69
209,84,final,64,0,0,0,0,0,0,0,0,69
209,0,scoreA,0,0,367,0,0,0,0,0,0,0
209,0,fedrn,0,0,388,0,0,0,0,0,0,0
209,0,final,0,0,388,0,0,0,0,0,0,0
209,90,scoreA,0,0,0,0,0,0,54,0,60,0
209,90,fedrn,0,0,0,0,0,0,53,0,59,0
209,90,final,0,0,0,0,0,0,53,0,59,0
210,79,scoreA,69,0,0,0,0,0,0,0,72,0
210,79,fedrn,69,0,0,0,0,0,2,0,73,0
210,79,final,69,0,0,0,0,0,2,0,73,0
210,2,scoreA,0,0,0,0,0,0,0,0,0,394
210,2,fedrn,0,0,0,0,0,0,0,0,0,394
210,2,final,0,0,0,0,0,0,0,0,0,394
210,18,scoreA,164,0,0,0,0,0,175,0,0,0
210,18,fedrn,165,0,0,0,0,0,172,0,0,0
210,18,final,165,0,0,0,0,0,172,0,0,0
210,43,scoreA,0,0,0,130,0,0,0,0,128,0
210,43,fedrn,0,0,0,127,0,0,0,0,126,0
210,43,final,0,0,0,127,0,0,0,0,126,0
210,59,scoreA,112,0,0,0,0,0,0,104,0,0
210,59,fedrn,111,0,0,0,0,0,0,101,0,0
210,59,final,111,0,0,0,0,0,0,101,0,0
210,0,scoreA,0,0,399,0,0,0,0,0,0,0
210,0,fedrn,0,0,396,0,0,0,0,0,0,0
210,0,final,0,0,396,0,0,0,0,0,0,0
210,34,scoreA,0,0,0,155,0,0,0,132,0,0
210,34,fedrn,0,0,0,155,0,0,0,126,0,0
210,34,final,0,0,0,155,0,0,0,126,0,0
210,19,scoreA,0,0,0,0,0,169,152,0,0,0
210,19,fedrn,0,0,0,0,0,168,154,0,0,0
210,19,final,0,0,0,0,0,168,154,0,0,0
210,65,scoreA,0,0,0,98,97,0,0,0,0,0
210,65,fedrn,0,0,0,101,93,0,0,0,0,0
210,65,final,0,0,0,101,93,0,0,0,0,0
210,71,scoreA,0,88,0,0,0,88,0,0,0,0
210,71,fedrn,0,84,0,0,0,86,0,0,0,0
210,71,final,0,84,0,0,0,86,0,0,0,0
211,17,scoreA,0,0,0,177,154,0,0,0,0,0
211,17,fedrn,0,0,0,180,146,0,0,0,0,0
211,17,final,0,0,0,180,146,0,0,0,0,0
211,56,scoreA,0,0,123,0,0,0,0,0,0,103
211,56,fedrn,0,0,123,0,0,0,0,0,0,103
211,56,final,0,0,123,0,0,0,0,0,0,103
211,80,scoreA,0,0,0,0,0,0,144,0,0,0
211,80,fedrn,0,0,0,0,0,0,142,0,0,0
211,80,final,0,0,0,0,0,0,142,0,0,0
211,59,scoreA,112,0,0,0,0,0,0,96,0,0
211,59,fedrn,113,0,0,0,0,0,0,100,0,0
211,59,final,113,0,0,0,0,0,0,100,0,0
211,88,scoreA,119,0,0,0,0,0,0,0,0,0
211,88,fedrn,119,0,0,0,0,0,0,0,0,0
211,88,final,119,0,0,0,0,0,0,0,0,0
211,71,scoreA,0,87,0,0,0,86,0,0,0,0
211,71,fedrn,0,86,0,0,0,85,0,0,0,0
211,71,final,0,86,0,0,0,85,0,0,0,0
211,13,scoreA,0,0,0,0,0,0,176,0,179,0
211,13,fedrn,0,0,0,0,0,0,173,0,180,0
211,13,final,0,0,0,0,0,0,173,0,180,0
211,58,scoreA,0,0,0,0,112,0,0,0,0,101
211,58,fedrn,0,0,0,0,115,0,0,0,0,100
211,58,final,0,0,0,0,115,0,0,0,0,100
211,95,scoreA,0,0,0,68,39,0,0,0,0,0
211,95,fedrn,0,0,0,68,23,0,0,0,0,0
211,95,final,0,0,0,68,23,0,0,0,0,0
211,69,scoreA,0,0,80,0,97,0,0,0,0,0
211,69,fedrn,0,0,98,0,104,0,0,0,0,0
211,69,final,0,0,98,0,104,0,0,0,0,0
212,2,scoreA,0,0,0,0,0,0,0,0,0,394
212,2,fedrn,0,0,0,0,0,0,0,0,0,394
212,2,final,0,0,0,0,0,0,0,0,0,394
212,28,scoreA,0,0,154,0,0,0,0,153,0,0
212,28,fedrn,0,0,156,0,0,0,0,152,0,0
212,28,final,0,0,156,0,0,0,0,152,0,0
212,31,scoreA,143,154,0,0,0,0,0,0,0,0
212,31,fedrn,144,153,0,0,0,0,0,0,0,0
212,31,final,144,153,0,0,0,0,0,0,0,0
212,49,scoreA,0,0,119,0,0,0,0,124,0,0
212,49,fedrn,0,0,118,0,0,0,0,127,0,0
212,49,final,0,0,118,0,0,0,0,127,0,0
212,88,scoreA,119,0,0,0,0,0,0,0,0,0
212,88,fedrn,119,0,0,0,0,0,0,0,0,0
212,88,final,119,0,0,0,0,0,0,0,0,0
212,62,scoreA,100,0,0,0,0,0,0,108,0,0
212,62,fedrn,98,0,0,0,0,0,0,107,0,0
212,62,final,98,0,0,0,0,0,0,107,0,0
212,15,scoreA,0,0,0,0,0,169,0,167,0,0
212,15,fedrn,0,0,0,0,0,164,0,169,0,0
212,15,final,0,0,0,0,0,164,0,169,0,0
212,42,scoreA,0,146,0,0,0,0,0,0,121,0
212,42,fedrn,0,145,0,0,0,0,0,0,124,0
212,42,final,0,145,0,0,0,0,0,0,124,0
212,38,scoreA,0,0,132,0,0,0,0,141,0,0
212,38,fedrn,0,0,136,0,0,0,0,141,0,0
212,38,final,0,0,136,0,0,0,0,141,0,0
212,54,scoreA,0,115,0,0,0,0,117,0,0,0
212,54,fedrn,0,114,0,0,0,0,117,0,0,0
212,54,final,0,114,0,0,0,0,117,0,0,0
213,58,scoreA,0,0,0,0,112,0,0,0,0,101
213,58,fedrn,0,0,0,0,112,0,0,0,0,100
213,58,final,0,0,0,0,112,0,0,0,0,100
213,63,scoreA,0,0,0,0,32,120,0,0,0,0
213,63,fedrn,0,0,0,0,47,117,0,0,0,0
213,63,final,0,0,0,0,47,117,0,0,0,0
213,79,scoreA,69,0,0,0,0,0,2,0,76,0
213,79,fedrn,70,0,0,0,0,0,4,0,76,0
213,79,final,70,0,0,0,0,0,4,0,76,0
213,82,scoreA,0,0,0,0,75,0,0,0,68,0
213,82,fedrn,0,0,0,0,71,0,0,0,68,0
213,82,final,0,0,0,0,71,0,0,0,68,0
213,0,scoreA,0,0,399,0,0,0,0,0,0,0
213,0,fedrn,0,0,395,0,0,0,0,0,0,0
213,0,final,0,0,395,0,0,0,0,0,0,0
213,25,scoreA,0,0,0,154,0,0,0,0,160,0
213,25,fedrn,0,0,0,157,0,0,0,0,158,0
213,25,final,0,0,0,157,0,0,0,0,158,0
213,35,scoreA,0,0,132,0,0,0,0,0,157,0
213,35,fedrn,0,0,132,0,0,0,0,0,157,0
213,35,final,0,0,132,0,0,0,0,0,157,0
213,12,scoreA,0,0,0,188,0,0,0,0,0,166
213,12,fedrn,0,0,0,186,0,0,0,0,0,169
213,12,final,0,0,0,186,0,0,0,0,0,169
213,89,scoreA,67,0,0,0,0,0,0,0,0,55
213,89,fedrn,65,0,0,0,0,0,0,0,0,54
213,89,final,65,0,0,0,0,0,0,0,0,54
213,60,scoreA,0,0,208,0,0,0,0,0,0,0
213,60,fedrn,0,0,208,0,0,0,0,0,0,0
213,60,final,0,0,208,0,0,0,0,0,0,0
214,14,scoreA,0,0,0,0,0,176,0,0,0,176
214,14,fedrn,0,0,0,0,0,177,0,0,0,176
214,14,final,0,0,0,0,0,177,0,0,0,176
214,26,scoreA,0,0,0,0,0,0,0,159,0,154
214,26,fedrn,0,0,0,0,0,0,0,158,0,154
214,26,final,0,0,0,0,0,0,0,158,0,154
214,43,scoreA,0,0,0,135,0,0,0,0,96,0
214,43,fedrn,0,0,0,131,0,0,0,0,120,0
214,43,final,0,0,0,131,0,0,0,0,120,0
214,27,scoreA,0,0,149,0,0,155,0,0,0,0
214,27,fedrn,0,0,151,0,0,143,0,0,0,0
214,27,final,0,0,151,0,0,143,0,0,0,0
214,87,scoreA,0,0,0,0,0,0,0,0,83,56
214,87,fedrn,0,0,0,0,0,0,0,0,83,58
214,87,final,0,0,0,0,0,0,0,0,83,58
214,46,scoreA,0,0,0,0,0,0,117,0,0,130
214,46,fedrn,0,0,0,0,0,0,120,0,0,127
214,46,final,0,0,0,0,0,0,120,0,0,127
214,57,scoreA,0,0,0,0,122,0,94,0,0,0
214,57,fedrn,0,0,0,0,121,0,99,0,0,0
214,57,final,0,0,0,0,121,0,99,0,0,0
214,63,scoreA,0,0,0,0,66,117,0,0,0,0
214,63,fedrn,0,0,0,0,69,117,0,0,0,0
214,63,final,0,0,0,0,69,117,0,0,0,0
214,94,scoreA,58,52,0,0,0,0,0,0,0,0
214,94,fedrn,54,53,0,0,0,0,0,0,0,0
214,94,final,54,53,0,0,0,0,0,0,0,0
214,48,scoreA,0,0,0,130,117,0,0,0,0,0
214,48,fedrn,0,0,0,132,107,0,0,0,0,0
214,48,final,0,0,0,132,107,0,0,0,0,0
215,73,scoreA,89,0,0,0,0,0,84,0,0,0
215,73,fedrn,88,0,0,0,0,0,84,0,0,0
215,73,final,88,0,0,0,0,0,84,0,0,0
215,31,scoreA,145,153,0,0,0,0,0,0,0,0
215,31,fedrn,145,153,0,0,0,0,0,0,0,0
215,31,final,145,153,0,0,0,0,0,0,0,0
215,46,scoreA,0,0,0,0,0,0,122,0,0,129
215,46,fedrn,0,0,0,0,0,0,118,0,0,129
215,46,final,0,0,0,0,0,0,118,0,0,129
215,24,scoreA,0,0,0,0,174,122,0,0,0,0
215,24,fedrn,0,0,0,0,174,128,0,0,0,0
215,24,final,0,0,0,0,174,128,0,0,0,0
215,90,scoreA,0,0,0,0,0,0,54,0,60,0
215,90,fedrn,0,0,0,0,0,0,54,0,59,0
215,90,final,0,0,0,0,0,0,54,0,59,0
215,65,scoreA,0,0,0,101,94,0,0,0,0,0
215,65,fedrn,0,0,0,102,92,0,0,0,0,0
215,65,final,0,0,0,102,92,0,0,0,0,0
215,21,scoreA,0,0,162,0,0,151,0,0,0,0
215,21,fedrn,0,0,166,0,0,153,0,0,0,0
215,21,final,0,0,166,0,0,153,0,0,0,0
215,57,scoreA,0,0,0,0,117,0,107,0,0,0
215,57,fedrn,0,0,0,0,118,0,106,0,0,0
215,57,final,0,0,0,0,118,0,106,0,0,0
215,38,scoreA,0,0,140,0,0,0,0,139,0,0
215,38,fedrn,0,0,140,0,0,0,0,139,0,0
215,38,final,0,0,140,0,0,0,0,139,0,0
215,49,scoreA,0,0,116,0,0,0,0,126,0,0
215,49,fedrn,0,0,116,0,0,0,0,121,0,0
215,49,final,0,0,116,0,0,0,0,121,0,0
216,66,scoreA,0,101,0,0,92,0,0,0,0,0
216,66,fedrn,0,100,0,0,89,0,0,0,0,0
216,66,final,0,100,0,0,89,0,0,0,0,0
216,13,scoreA,0,0,0,0,0,0,174,0,181,0
216,13,fedrn,0,0,0,0,0,0,173,0,181,0
216,13,final,0,0,0,0,0,0,173,0,181,0
216,33,scoreA,0,0,0,0,0,138,146,0,0,0
216,33,fedrn,0,0,0,0,0,139,144,0,0,0
216,33,final,0,0,0,0,0,139,144,0,0,0
216,76,scoreA,0,83,0,76,0,0,0,0,0,0
216,76,fedrn,0,83,0,74,0,0,0,0,0,0
216,76,final,0,83,0,74,0,0,0,0,0,0
216,43,scoreA,0,0,0,98,0,0,0,0,136,0
216,43,fedrn,0,0,0,125,0,0,0,0,128,0
216,43,final,0,0,0,125,0,0,0,0,128,0
216,89,scoreA,67,0,0,0,0,0,0,0,0,56
216,89,fedrn,65,0,0,0,0,0,0,0,0,52
216,89,final,65,0,0,0,0,0,0,0,0,52
216,35,scoreA,0,0,134,0,0,0,0,0,157,0
216,35,fedrn,0,0,133,0,0,0,0,0,157,0
216,35,final,0,0,133,0,0,0,0,0,157,0
216,50,scoreA,0,0,125,124,0,0,0,0,0,0
216,50,fedrn,0,0,124,136,0,0,0,0,0,0
216,50,final,0,0,124,136,0,0,0,0,0,0
216,79,scoreA,72,0,0,0,0,0,3,0,76,0
216,79,fedrn,78,0,0,0,0,0,2,0,60,0
216,79,final,78,0,0,0,0,0,2,0,60,0
216,20,scoreA,0,0,168,0,0,0,0,166,0,0
216,20,fedrn,0,0,169,0,0,0,0,158,0,0
216,20,final,0,0,169,0,0,0,0,158,0,0
217,28,scoreA,0,0,154,0,0,0,0,154,0,0
217,28,fedrn,0,0,156,0,0,0,0,151,0,0
217,28,final,0,0,156,0,0,0,0,151,0,0
217,61,scoreA,0,0,0,0,0,0,205,0,0,0
217,61,fedrn,0,0,0,0,0,0,205,0,0,0
217,61,final,0,0,0,0,0,0,205,0,0,0
217,70,scoreA,0,0,0,0,0,86,0,0,87,0
217,70,fedrn,0,0,0,0,0,85,0,0,87,0
217,70,final,0,0,0,0,0,85,0,0,87,0
217,56,scoreA,0,0,122,0,0,0,0,0,0,104
217,56,fedrn,0,0,123,0,0,0,0,0,0,104
217,56,final,0,0,123,0,0,0,0,0,0,104
217,11,scoreA,0,0,0,0,155,177,0,0,0,0
217,11,fedrn,0,0,0,0,170,175,0,0,0,0
217,11,final,0,0,0,0,170,175,0,0,0,0
217,21,scoreA,0,0,163,0,0,159,0,0,0,0
217,21,fedrn,0,0,168,0,0,161,0,0,0,0
217,21,final,0,0,168,0,0,161,0,0,0,0
217,95,scoreA,0,0,0,68,30,0,0,0,0,0
217,95,fedrn,0,0,0,68,39,0,0,0,0,0
217,95,final,0,0,0,68,39,0,0,0,0,0
217,3,scoreA,0,0,0,0,0,0,196,0,193,0
217,3,fedrn,0,0,0,0,0,0,195,0,193,0
217,3,final,0,0,0,0,0,0,195,0,193,0
217,78,scoreA,0,0,78,0,101,0,0,0,0,0
217,78,fedrn,0,0,78,0,101,0,0,0,0,0
217,78,final,0,0,78,0,101,0,0,0,0,0
217,69,scoreA,0,0,92,0,99,0,0,0,0,0
217,69,fedrn,0,0,96,0,100,0,0,0,0,0
217,69,final,0,0,96,0,100,0,0,0,0,0
218,38,scoreA,0,0,140,0,0,0,0,141,0,0
218,38,fedrn,0,0,139,0,0,0,0,141,0,0
218,38,final,0,0,139,0,0,0,0,141,0,0
218,72,scoreA,0,102,0,0,0,0,0,0,0,94
218,72,fedrn,0,102,0,0,0,0,0,0,0,95
218,72,final,0,102,0,0,0,0,0,0,0,95
218,60,scoreA,0,0,208,0,0,0,0,0,0,0
218,60,fedrn,0,0,208,0,0,0,0,0,0,0
218,60,final,0,0,208,0,0,0,0,0,0,0
218,76,scoreA,0,83,0,76,0,0,0,0,0,0
218,76,fedrn,0,83,0,75,0,0,0,0,0,0
218,76,final,0,83,0,75,0,0,0,0,0,0
218,15,scoreA,0,0,0,0,0,169,0,164,0,0
218,15,fedrn,0,0,0,0,0,165,0,167,0,0
218,15,final,0,0,0,0,0,165,0,167,0,0
218,99,scoreA,0,0,0,0,3,0,0,0,40,66
218,99,fedrn,0,0,0,0,2,0,0,0,45,68
218,99,final,0,0,0,0,2,0,0,0,45,68
218,27,scoreA,0,0,151,0,0,146,0,0,0,0
218,27,fedrn,0,0,152,0,0,147,0,0,0,0
218,27,final,0,0,152,0,0,147,0,0,0,0
218,78,scoreA,0,0,72,0,101,0,0,0,0,0
218,78,fedrn,0,0,77,0,101,0,0,0,0,0
218,78,final,0,0,77,0,101,0,0,0,0,0
218,49,scoreA,0,0,116,0,0,0,0,122,0,0
218,49,fedrn,0,0,121,0,0,0,0,120,0,0
218,49,final,0,0,121,0,0,0,0,120,0,0
218,54,scoreA,0,114,0,0,0,0,117,0,0,0
218,54,fedrn,0,114,0,0,0,0,117,0,0,0
218,54,final,0,114,0,0,0,0,117,0,0,0
219,87,scoreA,1,0,0,0,0,0,0,0,81,64
219,87,fedrn,0,0,0,0,0,0,0,0,81,60
219,87,final,0,0,0,0,0,0,0,0,81,60
219,39,scoreA,140,0,0,0,0,0,0,0,141,0
219,39,fedrn,138,0,0,0,0,0,0,0,143,0
219,39,final,138,0,0,0,0,0,0,0,143,0
219,6,scoreA,0,191,0,0,0,0,184,0,0,0
219,6,fedrn,0,191,0,0,0,0,185,0,0,0
219,6,final,0,191,0,0,0,0,185,0,0,0
219,25,scoreA,0,0,0,157,0,0,0,0,159,0
219,25,fedrn,0,0,0,157,0,0,0,0,157,0
219,25,final,0,0,0,157,0,0,0,0,157,0
219,24,scoreA,0,0,0,0,125,144,0,0,0,0
219,24,fedrn,0,0,0,0,159,151,0,0,0,0
219,24,final,0,0,0,0,159,151,0,0,0,0
219,67,scoreA,0,86,0,0,0,0,0,0,103,0
219,67,fedrn,0,87,0,0,0,0,0,0,99,0
219,67,final,0,87,0,0,0,0,0,0,99,0
219,46,scoreA,0,0,0,0,0,0,121,0,0,129
219,46,fedrn,0,0,0,0,0,0,121,0,0,129
219,46,final,0,0,0,0,0,0,121,0,0,129
219,65,scoreA,0,0,0,101,95,0,0,0,0,0
219,65,fedrn,0,0,0,102,91,0,0,0,0,0
219,65,final,0,0,0,102,91,0,0,0,0,0
219,93,scoreA,0,0,0,0,0,0,48,0,0,68
219,93,fedrn,0,0,0,0,0,0,48,0,0,66
219,93,final,0,0,0,0,0,0,48,0,0,66
219,90,scoreA,0,0,0,0,0,0,56,0,59,0
219,90,fedrn,0,0,0,0,0,0,56,0,59,0
219,90,final,0,0,0,0,0,0,56,0,59,0
220,22,scoreA,164,0,0,0,0,167,0,0,0,0
220,22,fedrn,164,0,0,0,0,163,0,0,0,0
220,22,final,164,0,0,0,0,163,0,0,0,0
220,95,scoreA,0,0,0,68,38,0,0,0,0,0
220,95,fedrn,0,0,0,68,33,0,0,0,0,0
220,95,final,0,0,0,68,33,0,0,0,0,0
220,89,scoreA,66,0,0,0,0,0,0,0,0,55
220,89,fedrn,66,0,0,0,0,0,0,0,0,55
220,89,final,66,0,0,0,0,0,0,0,0,55
220,41,scoreA,124,0,0,135,0,0,0,0,0,0
220,41,fedrn,124,0,0,134,0,0,0,0,0,0
220,41,final,124,0,0,134,0,0,0,0,0,0
220,94,scoreA,60,50,0,0,0,0,0,0,0,0
220,94,fedrn,56,53,0,0,0,0,0,0,0,0
220,94,final,56,53,0,0,0,0,0,0,0,0
220,6,scoreA,0,192,0,0,0,0,186,0,0,0
220,6,fedrn,0,192,0,0,0,0,183,0,0,0
220,6,final,0,192,0,0,0,0,183,0,0,0
220,31,scoreA,146,154,0,0,0,0,0,0,0,0
220,31,fedrn,146,152,0,0,0,0,0,0,0,0
220,31,final,146,152,0,0,0,0,0,0,0,0
220,26,scoreA,0,0,0,0,0,0,0,159,0,153
220,26,fedrn,0,0,0,0,0,0,0,159,0,152
220,26,final,0,0,0,0,0,0,0,159,0,152
220,12,scoreA,0,0,0,188,0,0,0,0,0,171
220,12,fedrn,0,0,0,181,0,0,0,0,0,171
220,12,final,0,0,0,181,0,0,0,0,0,171
220,0,scoreA,0,0,364,0,0,0,0,0,0,0
220,0,fedrn,0,0,395,0,0,0,0,0,0,0
220,0,final,0,0,395,0,0,0,0,0,0,0
221,49,scoreA,0,0,120,0,0,0,0,124,0,0
221,49,fedrn,0,0,121,0,0,0,0,124,0,0
221,49,final,0,0,121,0,0,0,0,124,0,0
221,69,scoreA,0,0,98,0,99,0,0,0,0,0
221,69,fedrn,0,0,99,0,101,0,0,0,0,0
221,69,final,0,0,99,0,101,0,0,0,0,0
221,3,scoreA,0,0,0,0,0,0,196,0,193,0
221,3,fedrn,0,0,0,0,0,0,196,0,193,0
221,3,final,0,0,0,0,0,0,196,0,193,0
221,74,scoreA,0,0,0,0,0,164,0,0,0,0
221,74,fedrn,0,0,0,0,0,164,0,0,0,0
221,74,final,0,0,0,0,0,164,0,0,0,0
221,58,scoreA,0,0,0,0,114,0,0,0,0,98
221,58,fedrn,0,0,0,0,113,0,0,0,0,98
221,58,final,0,0,0,0,113,0,0,0,0,98
221,30,scoreA,146,0,154,0,0,0,0,0,0,0
221,30,fedrn,145,0,156,0,0,0,0,0,0,0
221,30,final,145,0,156,0,0,0,0,0,0,0
221,44,scoreA,0,0,0,0,0,0,129,127,0,0
221,44,fedrn,0,0,0,0,0,0,122,131,0,0
221,44,final,0,0,0,0,0,0,122,131,0,0
221,63,scoreA,0,0,0,0,83,117,0,0,0,0
221,63,fedrn,0,0,0,0,83,117,0,0,0,0
221,63,final,0,0,0,0,83,117,0,0,0,0
221,27,scoreA,0,0,148,0,0,155,0,0,0,0
221,27,fedrn,0,0,152,0,0,148,0,0,0,0
221,27,final,0,0,152,0,0,148,0,0,0,0
221,17,scoreA,0,0,0,177,153,0,0,0,0,0
221,17,fedrn,0,0,0,177,153,0,0,0,0,0
221,17,final,0,0,0,177,153,0,0,0,0,0
222,40,scoreA,0,0,0,151,1,131,0,0,0,1
222,40,fedrn,0,0,0,154,1,131,0,0,0,1
222,40,final,0,0,0,154,1,131,0,0,0,1
222,83,scoreA,0,0,82,0,0,0,0,0,0,65
222,83,fedrn,0,0,80,0,0,0,0,0,0,64
222,83,final,0,0,80,0,0,0,0,0,0,64
222,48,scoreA,0,0,0,130,109,0,0,0,0,0
222,48,fedrn,0,0,0,131,109,0,0,0,0,0
222,48,final,0,0,0,131,109,0,0,0,0,0
222,42,scoreA,0,142,0,0,0,0,0,0,125,0
222,42,fedrn,0,136,0,0,0,0,0,0,124,0
222,42,final,0,136,0,0,0,0,0,0,124,0
222,94,scoreA,57,54,0,0,0,0,0,0,0,0
222,94,fedrn,55,52,0,0,0,0,0,0,0,0
222,94,final,55,52,0,0,0,0,0,0,0,0
222,31,scoreA,145,152,0,0,0,0,0,0,0,0
222,31,fedrn,145,153,0,0,0,0,0,0,0,0
222,31,final,145,153,0,0,0,0,0,0,0,0
222,4,scoreA,0,0,0,0,0,0,0,196,188,0
222,4,fedrn,0,0,0,0,0,0,0,196,188,0
222,4,final,0,0,0,0,0,0,0,196,188,0
222,11,scoreA,0,0,0,0,182,173,0,0,0,0
222,11,fedrn,0,0,0,0,170,174,0,0,0,0
222,11,final,0,0,0,0,170,174,0,0,0,0
222,92,scoreA,0,47,0,61,0,0,0,0,0,0
222,92,fedrn,0,45,0,61,0,0,0,0,0,0
222,92,final,0,45,0,61,0,0,0,0,0,0
222,52,scoreA,0,0,0,0,0,0,0,115,116,0
222,52,fedrn,0,0,0,0,0,0,0,115,115,0
222,52,final,0,0,0,0,0,0,0,115,115,0
223,38,scoreA,0,0,137,0,0,0,0,141,0,0
223,38,fedrn,0,0,139,0,0,0,0,140,0,0
223,38,final,0,0,139,0,0,0,0,140,0,0
223,57,scoreA,0,0,0,0,119,0,104,0,0,0
223,57,fedrn,0,0,0,0,119,0,105,0,0,0
223,57,final,0,0,0,0,119,0,105,0,0,0
223,13,scoreA,0,0,0,0,0,0,173,0,181,0
223,13,fedrn,0,0,0,0,0,0,173,0,181,0
223,13,final,0,0,0,0,0,0,173,0,181,0
223,86,scoreA,0,62,0,64,0,0,0,0,0,0
223,86,fedrn,0,64,0,63,0,0,0,0,0,0
223,86,final,0,64,0,63,0,0,0,0,0,0
223,75,scoreA,0,0,0,86,0,0,0,0,74,0
223,75,fedrn,0,0,0,85,0,0,0,0,73,0
223,75,final,0,0,0,85,0,0,0,0,73,0
223,24,scoreA,0,0,0,0,168,150,0,0,0,0
223,24,fedrn,0,0,0,0,169,148,0,0,0,0
223,24,final,0,0,0,0,169,148,0,0,0,0
223,17,scoreA,0,0,0,177,152,0,0,0,0,0
223,17,fedrn,0,0,0,178,153,0,0,0,0,0
223,17,final,0,0,0,178,153,0,0,0,0,0
223,68,scoreA,0,0,0,0,0,0,97,0,0,88
223,68,fedrn,0,0,0,0,0,0,97,0,0,87
223,68,final,0,0,0,0,0,0,97,0,0,87
223,67,scoreA,0,85,0,0,0,0,0,0,102,0
223,67,fedrn,0,82,0,0,0,0,0,0,104,0
223,67,final,0,82,0,0,0,0,0,0,104,0
223,98,scoreA,0,0,0,0,66,6,0,0,0,0
223,98,fedrn,0,0,0,0,67,22,0,0,0,0
223,98,final,0,0,0,0,67,22,0,0,0,0
224,73,scoreA,89,0,0,0,0,0,82,0,0,0
224,73,fedrn,89,0,0,0,0,0,84,0,0,0
224,73,final,89,0,0,0,0,0,84,0,0,0
224,71,scoreA,0,87,0,0,0,89,0,0,0,0
224,71,fedrn,0,85,0,0,0,89,0,0,0,0
224,71,final,0,85,0,0,0,89,0,0,0,0
224,14,scoreA,0,0,0,0,0,176,0,0,0,173
224,14,fedrn,0,0,0,0,0,176,0,0,0,175
224,14,final,0,0,0,0,0,176,0,0,0,175
224,5,scoreA,188,0,0,0,0,0,192,0,0,0
224,5,fedrn,188,0,0,0,0,0,193,0,0,0
224,5,final,188,0,0,0,0,0,193,0,0,0
224,0,scoreA,0,0,399,0,0,0,0,0,0,0
224,0,fedrn,0,0,399,0,0,0,0,0,0,0
224,0,final,0,0,399,0,0,0,0,0,0,0
224,96,scoreA,0,40,0,59,0,0,0,0,0,1
224,96,fedrn,0,41,0,55,0,0,0,0,0,0
224,96,final,0,41,0,55,0,0,0,0,0,0
224,13,scoreA,0,0,0,0,0,0,174,0,178,0
224,13,fedrn,0,0,0,0,0,0,173,0,180,0
224,13,final,0,0,0,0,0,0,173,0,180,0
224,89,scoreA,66,0,0,0,0,0,0,0,0,56
224,89,fedrn,66,0,0,0,0,0,0,0,0,53
224,89,final,66,0,0,0,0,0,0,0,0,53
224,90,scoreA,0,0,0,0,0,0,56,0,59,0
224,90,fedrn,0,0,0,0,0,0,56,0,59,0
224,90,final,0,0,0,0,0,0,56,0,59,0
224,33,scoreA,0,0,0,0,0,139,146,0,0,0
224,33,fedrn,0,0,0,0,0,139,147,0,0,0
224,33,final,0,0,0,0,0,139,147,0,0,0
225,66,scoreA,0,100,0,0,88,0,0,0,0,0
225,66,fedrn,0,102,0,0,87,0,0,0,0,0
225,66,final,0,102,0,0,87,0,0,0,0,0
225,70,scoreA,0,0,0,0,0,87,0,0,90,0
225,70,fedrn,0,0,0,0,0,87,0,0,87,0
225,70,final,0,0,0,0,0,87,0,0,87,0
225,34,scoreA,0,0,0,155,0,0,0,130,0,0
225,34,fedrn,0,0,0,156,0,0,0,128,0,0
225,34,final,0,0,0,156,0,0,0,128,0,0
225,22,scoreA,165,0,0,0,0,165,0,0,0,0
225,22,fedrn,165,0,0,0,0,166,0,0,0,0
225,22,final,165,0,0,0,0,166,0,0,0,0
225,10,scoreA,0,0,0,180,0,0,0,163,0,0
225,10,fedrn,0,0,0,176,0,0,0,160,0,0
225,10,final,0,0,0,176,0,0,0,160,0,0
225,13,scoreA,0,0,0,0,0,0,171,0,182,0
225,13,fedrn,0,0,0,0,0,0,176,0,180,0
225,13,final,0,0,0,0,0,0,176,0,180,0
225,82,scoreA,0,0,0,0,73,0,0,0,69,0
225,82,fedrn,0,0,0,0,73,0,0,0,66,0
225,82,final,0,0,0,0,73,0,0,0,66,0
225,62,scoreA,95,0,0,0,0,0,0,98,0,0
225,62,fedrn,98,0,0,0,0,0,0,105,1,0
225,62,final,98,0,0,0,0,0,0,105,1,0
225,77,scoreA,0,85,0,0,0,0,0,0,78,0
225,77,fedrn,0,85,0,0,0,0,0,0,78,0
225,77,final,0,85,0,0,0,0,0,0,78,0
225,97,scoreA,0,0,0,0,73,0,0,0,0,0
225,97,fedrn,0,0,0,0,73,0,0,0,0,0
225,97,final,0,0,0,0,73,0,0,0,0,0
226,64,scoreA,0,0,196,0,0,0,0,0,0,0
226,64,fedrn,0,0,196,0,0,0,0,0,0,0
226,64,final,0,0,196,0,0,0,0,0,0,0
226,5,scoreA,188,0,0,0,0,0,192,0,0,0
226,5,fedrn,187,0,0,0,0,0,191,0,0,0
226,5,final,187,0,0,0,0,0,191,0,0,0
226,91,scoreA,0,0,81,0,0,0,46,0,0,0
226,91,fedrn,0,0,81,0,0,0,42,0,1,0
226,91,final,0,0,81,0,0,0,42,0,1,0
226,9,scoreA,0,372,0,0,0,0,0,0,0,0
226,9,fedrn,0,372,0,0,0,0,0,0,0,0
226,9,final,0,372,0,0,0,0,0,0,0,0
226,93,scoreA,0,0,0,0,0,0,44,0,0,66
226,93,fedrn,0,0,0,0,0,0,48,0,0,66
226,93,final,0,0,0,0,0,0,48,0,0,66
226,59,scoreA,112,0,0,0,0,0,0,104,0,0
226,59,fedrn,111,0,0,0,0,0,0,103,0,0
226,59,final,111,0,0,0,0,0,0,103,0,0
226,24,scoreA,0,0,0,0,168,148,0,0,0,0
226,24,fedrn,0,0,0,0,169,149,0,0,0,0
226,24,final,0,0,0,0,169,149,0,0,0,0
226,27,scoreA,0,0,149,0,0,152,0,0,0,0
226,27,fedrn,0,0,151,0,0,149,0,0,0,0
226,27,final,0,0,151,0,0,149,0,0,0,0
226,78,scoreA,0,0,78,0,98,0,0,0,0,0
226,78,fedrn,0,0,77,0,100,0,0,0,0,0
226,78,final,0,0,77,0,100,0,0,0,0,0
226,19,scoreA,0,0,0,0,0,165,163,0,0,0
226,19,fedrn,0,0,0,0,0,166,163,0,0,0
226,19,final,0,0,0,0,0,166,163,0,0,0
227,61,scoreA,0,0,0,0,0,0,205,0,0,0
227,61,fedrn,0,0,0,0,0,0,204,0,0,0
227,61,final,0,0,0,0,0,0,204,0,0,0
227,86,scoreA,0,64,0,63,0,0,0,0,0,0
227,86,fedrn,0,65,0,63,0,0,0,0,0,0
227,86,final,0,65,0,63,0,0,0,0,0,0
227,75,scoreA,0,0,0,86,0,0,0,0,75,0
227,75,fedrn,0,0,0,85,0,0,0,0,72,0
227,75,final,0,0,0,85,0,0,0,0,72,0
227,2,scoreA,0,0,0,0,0,0,0,0,0,394
227,2,fedrn,0,0,0,0,0,0,0,0,0,394
227,2,final,0,0,0,0,0,0,0,0,0,394
227,81,scoreA,0,0,0,71,0,0,0,69,1,0
227,81,fedrn,0,0,0,70,0,0,0,68,1,0
227,81,final,0,0,0,70,0,0,0,68,1,0
227,94,scoreA,51,55,0,0,0,0,0,0,0,0
227,94,fedrn,52,53,0,0,0,0,0,0,0,0
227,94,final,52,53,0,0,0,0,0,0,0,0
227,0,scoreA,0,0,399,0,0,0,0,0,0,0
227,0,fedrn,0,0,399,0,0,0,0,0,0,0
227,0,final,0,0,399,0,0,0,0,0,0,0
227,6,scoreA,0,193,0,0,0,0,184,0,0,0
227,6,fedrn,0,194,0,0,0,0,183,0,0,0
227,6,final,0,194,0,0,0,0,183,0,0,0
227,67,scoreA,0,85,0,0,0,0,0,0,104,0
227,67,fedrn,0,87,0,0,0,0,0,0,104,0
227,67,final,0,87,0,0,0,0,0,0,104,0
227,34,scoreA,0,0,0,157,0,0,0,125,0,0
227,34,fedrn,0,0,0,157,0,0,0,124,0,0
227,34,final,0,0,0,157,0,0,0,124,0,0
228,40,scoreA,0,0,0,153,1,130,0,0,0,1
228,40,fedrn,0,0,0,154,0,130,0,0,0,0
228,40,final,0,0,0,154,0,130,0,0,0,0
228,39,scoreA,134,0,0,0,0,0,0,0,143,0
228,39,fedrn,138,0,0,0,0,0,0,0,139,0
228,39,final,138,0,0,0,0,0,0,0,139,0
228,0,scoreA,0,0,357,0,0,0,0,0,0,0
228,0,fedrn,0,0,391,0,0,0,0,0,0,0
228,0,final,0,0,391,0,0,0,0,0,0,0
228,58,scoreA,0,0,0,0,117,0,0,0,0,97
228,58,fedrn,0,0,0,0,118,0,0,0,0,99
228,58,final,0,0,0,0,118,0,0,0,0,99
228,68,scoreA,0,0,0,0,0,0,97,0,0,87
228,68,fedrn,0,0,0,0,0,0,96,0,0,85
228,68,final,0,0,0,0,0,0,96,0,0,85
228,34,scoreA,0,0,0,157,0,0,0,126,0,0
228,34,fedrn,0,0,0,157,0,0,0,123,0,0
228,34,final,0,0,0,157,0,0,0,123,0,0
228,56,scoreA,0,0,124,0,0,0,0,0,0,102
228,56,fedrn,0,0,124,0,0,0,0,0,0,101
228,56,final,0,0,124,0,0,0,0,0,0,101
228,91,scoreA,0,0,79,0,0,0,45,0,0,0
228,91,fedrn,0,0,81,0,0,0,44,0,0,0
228,91,final,0,0,81,0,0,0,44,0,0,0
228,63,scoreA,0,0,0,0,81,117,0,0,0,0
228,63,fedrn,0,0,0,0,81,117,0,0,0,0
228,63,final,0,0,0,0,81,117,0,0,0,0
228,95,scoreA,0,0,0,69,31,0,0,0,0,0
228,95,fedrn,0,0,0,65,43,0,0,0,0,0
228,95,final,0,0,0,65,43,0,0,0,0,0
229,57,scoreA,0,0,0,0,119,0,104,0,0,0
229,57,fedrn,0,0,0,0,119,0,105,0,0,0
229,57,final,0,0,0,0,119,0,105,0,0,0
229,68,scoreA,0,0,0,0,0,0,97,0,0,87
229,68,fedrn,0,0,0,0,0,0,97,0,0,87
229,68,final,0,0,0,0,0,0,97,0,0,87
229,94,scoreA,56,55,0,0,0,0,0,0,0,0
229,94,fedrn,55,52,0,0,0,0,0,0,0,0
229,94,final,55,52,0,0,0,0,0,0,0,0
229,75,scoreA,0,0,0,86,0,0,0,0,74,0
229,75,fedrn,0,0,0,85,0,0,0,0,72,0
229,75,final,0,0,0,85,0,0,0,0,72,0
229,42,scoreA,0,143,0,0,0,0,0,0,124,0
229,42,fedrn,0,141,0,0,0,0,0,0,123,0
229,42,final,0,141,0,0,0,0,0,0,123,0
229,67,scoreA,0,90,0,0,0,0,0,0,102,0
229,67,fedrn,0,85,0,0,0,0,0,0,103,0
229,67,final,0,85,0,0,0,0,0,0,103,0
229,63,scoreA,0,0,0,0,86,118,0,0,0,0
229,63,fedrn,0,0,0,0,85,117,0,0,0,0
229,63,final,0,0,0,0,85,117,0,0,0,0
229,7,scoreA,187,185,0,0,0,0,0,0,0,0
229,7,fedrn,190,184,0,0,0,0,0,0,0,0
229,7,final,190,184,0,0,0,0,0,0,0,0
229,46,scoreA,0,0,0,0,0,0,122,0,0,129
229,46,fedrn,0,0,0,0,0,0,122,0,0,130
229,46,final,0,0,0,0,0,0,122,0,0,130
229,33,scoreA,0,0,0,0,0,135,149,0,0,0
229,33,fedrn,0,0,0,0,0,138,148,0,0,0
229,33,final,0,0,0,0,0,138,148,0,0,0
230,80,scoreA,0,0,0,0,0,0,144,0,0,0
230,80,fedrn,0,0,0,0,0,0,143,0,0,0
230,80,final,0,0,0,0,0,0,143,0,0,0
230,69,scoreA,0,0,100,0,102,0,0,0,0,0
230,69,fedrn,0,0,76,0,105,0,0,0,0,0
230,69,final,0,0,76,0,105,0,0,0,0,0
230,19,scoreA,0,0,0,0,0,166,164,0,0,0
230,19,fedrn,0,0,0,0,0,163,165,0,0,0
230,19,final,0,0,0,0,0,163,165,0,0,0
230,65,scoreA,0,0,0,101,94,0,0,0,0,0
230,65,fedrn,0,0,0,104,90,0,0,0,0,0
230,65,final,0,0,0,104,90,0,0,0,0,0
230,0,scoreA,0,0,380,0,0,0,0,0,0,0
230,0,fedrn,0,0,399,0,0,0,0,0,0,0
230,0,final,0,0,399,0,0,0,0,0,0,0
230,15,scoreA,0,0,0,0,0,167,0,157,0,0
230,15,fedrn,0,0,0,0,0,166,0,166,0,0
230,15,final,0,0,0,0,0,166,0,166,0,0
230,27,scoreA,0,0,146,0,0,155,0,0,0,0
230,27,fedrn,0,0,152,0,0,156,0,0,0,0
230,27,final,0,0,152,0,0,156,0,0,0,0
230,3,scoreA,0,0,0,0,0,0,196,0,193,0
230,3,fedrn,0,0,0,0,0,0,196,0,191,0
230,3,final,0,0,0,0,0,0,196,0,191,0
230,62,scoreA,98,0,0,0,0,0,0,104,0,0
230,62,fedrn,99,0,0,0,0,0,0,104,0,0
230,62,final,99,0,0,0,0,0,0,104,0,0
230,66,scoreA,0,101,0,0,89,0,0,0,0,0
230,66,fedrn,0,101,0,0,88,0,0,0,0,0
230,66,final,0,101,0,0,88,0,0,0,0,0
231,35,scoreA,0,0,134,0,0,0,0,0,157,0
231,35,fedrn,0,0,135,0,0,0,0,0,157,0
231,35,final,0,0,135,0,0,0,0,0,157,0
231,30,scoreA,149,0,92,0,0,0,0,0,0,0
231,30,fedrn,149,0,147,0,0,0,0,0,0,0
231,30,final,149,0,147,0,0,0,0,0,0,0
231,20,scoreA,0,0,169,0,0,0,0,166,0,0
231,20,fedrn,0,0,170,0,0,0,0,162,0,0
231,20,final,0,0,170,0,0,0,0,162,0,0
231,37,scoreA,0,0,0,0,0,138,0,134,0,0
231,37,fedrn,0,0,0,0,0,137,0,138,0,0
231,37,final,0,0,0,0,0,137,0,138,0,0
231,49,scoreA,0,0,122,0,0,0,0,122,0,0
231,49,fedrn,0,0,121,0,0,0,0,122,0,0
231,49,final,0,0,121,0,0,0,0,122,0,0
231,80,scoreA,0,0,0,0,0,0,144,0,0,0
231,80,fedrn,0,0,0,0,0,0,141,0,0,0
231,80,final,0,0,0,0,0,0,141,0,0,0
231,51,scoreA,0,0,0,0,121,0,0,125,0,0
231,51,fedrn,0,0,0,0,120,0,0,124,0,0
231,51,final,0,0,0,0,120,0,0,124,0,0
231,59,scoreA,113,0,0,0,0,0,0,103,0,0
231,59,fedrn,113,0,0,0,0,0,0,99,0,0
231,59,final,113,0,0,0,0,0,0,99,0,0
231,60,scoreA,0,0,208,0,0,0,0,0,0,0
231,60,fedrn,0,0,208,0,0,0,0,0,0,0
231,60,final,0,0,208,0,0,0,0,0,0,0
231,92,scoreA,0,46,0,61,0,0,0,0,0,0
231,92,fedrn,0,45,0,61,0,0,0,0,0,0
231,92,final,0,45,0,61,0,0,0,0,0,0
232,49,scoreA,0,0,120,0,0,0,0,126,0,0
232,49,fedrn,0,0,121,0,0,0,0,125,0,0
232,49,final,0,0,121,0,0,0,0,125,0,0
232,53,scoreA,114,0,0,0,0,0,0,117,0,0
232,53,fedrn,115,0,0,0,0,0,0,116,0,0
232,53,final,115,0,0,0,0,0,0,116,0,0
232,42,scoreA,0,147,0,0,0,0,0,0,121,0
232,42,fedrn,0,144,0,0,0,0,0,0,123,0
232,42,final,0,144,0,0,0,0,0,0,123,0
232,72,scoreA,0,93,0,0,0,0,0,0,0,94
232,72,fedrn,0,101,0,0,0,0,0,0,0,94
232,72,final,0,101,0,0,0,0,0,0,0,94
232,54,scoreA,0,114,0,0,0,0,117,0,0,0
232,54,fedrn,0,114,0,0,0,0,116,0,0,0
232,54,final,0,114,0,0,0,0,116,0,0,0
232,11,scoreA,0,0,0,0,187,174,0,0,0,0
232,11,fedrn,0,0,0,0,186,169,0,0,0,0
232,11,final,0,0,0,0,186,169,0,0,0,0
232,23,scoreA,0,167,0,0,0,162,0,0,0,0
232,23,fedrn,0,167,0,0,0,162,0,0,0,0
232,23,final,0,167,0,0,0,162,0,0,0,0
232,71,scoreA,0,87,0,0,0,90,0,0,1,0
232,71,fedrn,0,84,0,0,0,90,0,0,0,0
232,71,final,0,84,0,0,0,90,0,0,0,0
232,40,scoreA,0,0,0,154,0,132,0,0,0,0
232,40,fedrn,0,0,0,154,0,132,0,0,0,0
232,40,final,0,0,0,154,0,132,0,0,0,0
232,73,scoreA,89,0,0,0,0,0,84,0,0,0
232,73,fedrn,89,0,0,0,0,0,84,0,0,0
232,73,final,89,0,0,0,0,0,84,0,0,0
233,9,scoreA,0,372,0,0,0,0,0,0,0,0
233,9,fedrn,0,372,0,0,0,0,0,0,0,0
233,9,final,0,372,0,0,0,0,0,0,0,0
233,24,scoreA,0,0,0,0,172,146,0,0,0,0
233,24,fedrn,0,0,0,0,165,151,0,0,0,0
233,24,final,0,0,0,0,165,151,0,0,0,0
233,84,scoreA,64,0,0,0,0,0,0,0,0,68
233,84,fedrn,66,0,0,0,0,0,0,0,0,68
233,84,final,66,0,0,0,0,0,0,0,0,68
233,56,scoreA,0,0,124,0,0,0,0,0,0,101
233,56,fedrn,0,0,124,0,0,0,0,0,0,102
233,56,final,0,0,124,0,0,0,0,0,0,102
233,65,scoreA,0,0,0,105,95,0,0,0,0,0
233,65,fedrn,0,0,0,105,92,0,0,0,0,0
233,65,final,0,0,0,105,92,0,0,0,0,0
233,51,scoreA,0,0,0,0,119,0,0,124,0,0
233,51,fedrn,0,0,0,0,121,0,0,121,0,0
233,51,final,0,0,0,0,121,0,0,121,0,0
233,96,scoreA,0,41,0,58,0,0,0,0,0,0
233,96,fedrn,0,49,0,56,3,7,8,0,0,0
233,96,final,0,49,0,56,3,7,8,0,0,0
233,73,scoreA,89,0,0,0,0,0,84,0,0,0
233,73,fedrn,89,0,0,0,0,0,83,0,0,0
233,73,final,89,0,0,0,0,0,83,0,0,0
233,12,scoreA,0,0,0,183,0,0,0,0,0,159
233,12,fedrn,0,0,0,182,0,0,0,0,0,170
233,12,final,0,0,0,182,0,0,0,0,0,170
233,45,scoreA,0,0,0,0,126,123,0,0,0,0
233,45,fedrn,0,0,0,0,119,124,0,0,0,0
233,45,final,0,0,0,0,119,124,0,0,0,0
234,94,scoreA,62,53,0,0,0,0,0,0,0,0
234,94,fedrn,59,53,0,0,0,0,0,0,0,0
234,94,final,59,53,0,0,0,0,0,0,0,0
234,91,scoreA,0,0,78,0,0,0,48,0,0,0
234,91,fedrn,0,0,81,0,0,0,44,0,0,0
234,91,final,0,0,81,0,0,0,44,0,0,0
234,66,scoreA,0,101,0,0,89,0,0,0,0,0
234,66,fedrn,0,101,0,0,89,0,0,0,0,0
234,66,final,0,101,0,0,89,0,0,0,0,0
234,98,scoreA,0,0,0,0,62,34,0,0,0,0
234,98,fedrn,0,0,0,0,63,41,0,0,0,0
234,98,final,0,0,0,0,63,41,0,0,0,0
234,15,scoreA,0,0,0,0,0,169,0,171,0,0
234,15,fedrn,0,0,0,0,0,165,0,173,0,0
234,15,final,0,0,0,0,0,165,0,173,0,0
234,86,scoreA,0,63,0,63,0,0,0,0,0,0
234,86,fedrn,0,65,0,63,0,0,0,0,0,0
234,86,final,0,65,0,63,0,0,0,0,0,0
234,51,scoreA,0,0,0,0,122,0,0,118,0,0
234,51,fedrn,0,0,0,0,122,0,0,121,0,0
234,51,final,0,0,0,0,122,0,0,121,0,0
234,12,scoreA,0,0,0,159,0,0,0,0,0,172
234,12,fedrn,0,0,0,179,0,0,0,0,0,172
234,12,final,0,0,0,179,0,0,0,0,0,172
234,17,scoreA,0,0,0,175,153,0,0,0,0,0
234,17,fedrn,0,0,0,176,151,0,0,0,0,0
234,17,final,0,0,0,176,151,0,0,0,0,0
234,90,scoreA,0,0,0,0,0,0,56,0,59,0
234,90,fedrn,0,0,0,0,0,0,54,0,59,0
234,90,final,0,0,0,0,0,0,54,0,59,0
235,3,scoreA,0,0,0,0,0,0,196,0,193,0
235,3,fedrn,0,0,0,0,0,0,195,0,192,0
235,3,final,0,0,0,0,0,0,195,0,192,0
235,54,scoreA,0,114,0,0,0,0,117,0,0,0
235,54,fedrn,0,114,0,0,0,0,115,0,0,0
235,54,final,0,114,0,0,0,0,115,0,0,0
235,14,scoreA,0,0,0,0,0,176,0,0,0,172
235,14,fedrn,0,0,0,0,0,178,0,0,0,170
235,14,final,0,0,0,0,0,178,0,0,0,170
235,43,scoreA,0,0,0,128,0,0,0,0,107,0
235,43,fedrn,0,0,0,129,0,0,0,0,121,0
235,43,final,0,0,0,129,0,0,0,0,121,0
235,56,scoreA,0,0,123,0,0,0,0,0,0,103
235,56,fedrn,0,0,124,0,0,0,0,0,0,101
235,56,final,0,0,124,0,0,0,0,0,0,101
235,59,scoreA,111,0,0,0,0,0,0,102,0,0
235,59,fedrn,110,0,0,0,0,0,0,98,0,0
235,59,final,110,0,0,0,0,0,0,98,0,0
235,71,scoreA,0,88,0,0,0,90,0,0,0,0
235,71,fedrn,0,84,0,0,0,89,0,0,0,0
235,71,final,0,84,0,0,0,89,0,0,0,0
235,83,scoreA,0,0,79,0,0,0,0,0,0,66
235,83,fedrn,0,0,77,0,0,0,0,0,0,66
235,83,final,0,0,77,0,0,0,0,0,0,66
235,35,scoreA,0,0,133,0,0,0,0,0,157,0
235,35,fedrn,0,0,133,0,0,0,0,0,157,0
235,35,final,0,0,133,0,0,0,0,0,157,0
235,61,scoreA,0,0,0,0,0,0,205,0,0,0
235,61,fedrn,0,0,0,0,0,0,204,0,0,0
235,61,final,0,0,0,0,0,0,204,0,0,0
236,95,scoreA,0,0,0,65,43,0,0,0,0,0
236,95,fedrn,0,0,0,67,43,0,0,0,0,0
236,95,final,0,0,0,67,43,0,0,0,0,0
236,65,scoreA,0,0,0,104,95,0,0,0,0,0
236,65,fedrn,0,0,0,105,91,0,0,0,0,0
236,65,final,0,0,0,105,91,0,0,0,0,0
236,71,scoreA,0,86,0,0,0,90,0,0,0,0
236,71,fedrn,0,85,0,0,0,88,0,0,0,0
236,71,final,0,85,0,0,0,88,0,0,0,0
236,35,scoreA,0,0,135,0,0,0,0,0,157,0
236,35,fedrn,0,0,135,0,0,0,0,0,157,0
236,35,final,0,0,135,0,0,0,0,0,157,0
236,83,scoreA,0,0,76,0,0,0,0,0,0,66
236,83,fedrn,0,0,73,0,0,0,0,0,0,67
236,83,final,0,0,73,0,0,0,0,0,0,67
236,97,scoreA,0,0,0,0,73,0,0,0,0,0
236,97,fedrn,0,0,0,0,72,0,0,0,0,0
236,97,final,0,0,0,0,72,0,0,0,0,0
236,72,scoreA,0,101,0,0,0,0,0,0,0,93
236,72,fedrn,0,101,0,0,0,0,0,0,0,93
236,72,final,0,101,0,0,0,0,0,0,0,93
236,10,scoreA,0,0,0,176,0,0,0,174,0,0
236,10,fedrn,0,0,0,173,0,0,0,171,0,0
236,10,final,0,0,0,173,0,0,0,171,0,0
236,39,scoreA,139,0,0,0,0,0,0,0,135,0
236,39,fedrn,139,0,0,0,0,0,0,0,140,0
236,39,final,139,0,0,0,0,0,0,0,140,0
236,99,scoreA,0,0,0,0,2,0,0,0,45,69
236,99,fedrn,0,0,0,0,2,0,0,0,45,65
236,99,final,0,0,0,0,2,0,0,0,45,65
237,28,scoreA,0,0,158,0,0,0,0,122,0,0
237,28,fedrn,0,0,158,0,0,0,0,145,0,0
237,28,final,0,0,158,0,0,0,0,145,0,0
237,6,scoreA,0,193,0,0,0,0,185,0,0,0
237,6,fedrn,0,192,0,0,0,0,184,0,0,0
237,6,final,0,192,0,0,0,0,184,0,0,0
237,11,scoreA,0,0,0,0,164,168,0,0,0,0
237,11,fedrn,0,0,0,0,171,171,0,0,0,0
237,11,final,0,0,0,0,171,171,0,0,0,0
237,85,scoreA,0,64,0,0,72,0,0,0,0,0
237,85,fedrn,0,64,0,0,70,0,0,0,0,0
237,85,final,0,64,0,0,70,0,0,0,0,0
237,99,scoreA,0,0,0,0,2,0,0,0,55,67
237,99,fedrn,0,0,0,0,2,0,0,0,55,67
237,99,final,0,0,0,0,2,0,0,0,55,67
237,18,scoreA,165,0,0,0,0,0,175,0,0,0
237,18,fedrn,165,0,0,0,0,0,174,0,0,0
237,18,final,165,0,0,0,0,0,174,0,0,0
237,33,scoreA,0,0,0,0,0,139,149,0,0,0
237,33,fedrn,0,0,0,0,0,140,148,0,0,0
237,33,final,0,0,0,0,0,140,148,0,0,0
237,45,scoreA,0,0,0,0,126,122,0,0,0,0
237,45,fedrn,0,0,0,0,125,123,0,0,0,0
237,45,final,0,0,0,0,125,123,0,0,0,0
237,75,scoreA,0,0,0,87,0,0,0,0,73,0
237,75,fedrn,0,0,0,87,0,0,0,0,72,0
237,75,final,0,0,0,87,0,0,0,0,72,0
237,58,scoreA,0,0,0,0,118,0,0,0,0,100
237,58,fedrn,0,0,0,0,117,0,0,0,0,100
237,58,final,0,0,0,0,117,0,0,0,0,100
238,43,scoreA,0,0,0,130,0,0,0,0,127,0
238,43,fedrn,0,0,0,126,0,0,0,0,130,0
238,43,final,0,0,0,126,0,0,0,0,130,0
238,46,scoreA,0,0,0,0,0,0,122,0,0,130
238,46,fedrn,0,0,0,0,0,0,122,0,0,129
238,46,final,0,0,0,0,0,0,122,0,0,129
238,76,scoreA,0,84,0,76,0,0,0,0,0,0
238,76,fedrn,0,82,0,77,0,0,0,0,0,0
238,76,final,0,82,0,77,0,0,0,0,0,0
238,93,scoreA,0,0,0,0,0,0,48,0,0,67
238,93,fedrn,0,0,0,0,0,0,47,0,0,67
238,93,final,0,0,0,0,0,0,47,0,0,67
238,34,scoreA,0,0,0,157,0,0,0,123,0,0
238,34,fedrn,0,0,0,156,0,0,0,122,0,0
238,34,final,0,0,0,156,0,0,0,122,0,0
238,25,scoreA,0,0,0,157,0,0,0,0,160,0
238,25,fedrn,0,0,0,158,0,0,0,0,158,0
238,25,final,0,0,0,158,0,0,0,0,158,0
238,72,scoreA,0,102,0,0,0,0,0,0,0,89
238,72,fedrn,0,102,0,0,0,0,0,0,0,92
238,72,final,0,102,0,0,0,0,0,0,0,92
238,68,scoreA,0,0,0,0,0,0,96,0,0,87
238,68,fedrn,0,0,0,0,0,0,95,0,0,87
238,68,final,0,0,0,0,0,0,95,0,0,87
238,16,scoreA,172,0,0,165,0,0,0,0,0,0
238,16,fedrn,172,0,0,165,0,0,0,0,0,0
238,16,final,172,0,0,165,0,0,0,0,0,0
238,39,scoreA,138,0,0,0,0,0,0,0,143,0
238,39,fedrn,139,0,0,0,0,0,0,0,139,0
238,39,final,139,0,0,0,0,0,0,0,139,0
239,5,scoreA,186,0,0,0,0,0,192,0,0,0
239,5,fedrn,187,0,0,0,0,0,192,0,0,0
239,5,final,187,0,0,0,0,0,192,0,0,0
239,69,scoreA,0,0,91,0,104,0,0,0,0,0
239,69,fedrn,0,0,96,0,104,0,0,0,0,0
239,69,final,0,0,96,0,104,0,0,0,0,0
239,13,scoreA,0,0,0,0,0,0,176,0,182,0
239,13,fedrn,0,0,0,0,0,0,174,0,182,0
239,13,final,0,0,0,0,0,0,174,0,182,0
239,73,scoreA,89,0,0,0,0,0,82,0,0,0
239,73,fedrn,89,0,0,0,0,0,83,0,0,0
239,73,final,89,0,0,0,0,0,83,0,0,0
239,11,scoreA,0,0,0,0,177,175,0,0,0,0
239,11,fedrn,0,0,0,0,176,173,0,0,0,0
239,11,final,0,0,0,0,176,173,0,0,0,0
239,41,scoreA,126,0,0,134,0,0,0,0,0,0
239,41,fedrn,127,0,0,134,0,0,0,0,0,0
239,41,final,127,0,0,134,0,0,0,0,0,0
239,28,scoreA,0,0,148,0,0,0,0,143,0,0
239,28,fedrn,0,0,156,0,0,0,0,148,0,0
239,28,final,0,0,156,0,0,0,0,148,0,0
239,59,scoreA,111,0,0,0,0,0,0,100,0,0
239,59,fedrn,111,0,0,0,0,0,0,101,0,0
239,59,final,111,0,0,0,0,0,0,101,0,0
239,86,scoreA,0,65,0,63,0,0,0,0,0,0
239,86,fedrn,0,65,0,63,0,0,0,0,0,0
239,86,final,0,65,0,63,0,0,0,0,0,0
239,31,scoreA,142,154,0,0,0,0,0,0,0,0
239,31,fedrn,144,154,0,0,0,0,0,0,0,0
239,31,final,144,154,0,0,0,0,0,0,0,0
240,13,scoreA,0,0,0,0,0,0,175,0,180,0
240,13,fedrn,0,0,0,0,0,0,175,0,179,0
240,13,final,0,0,0,0,0,0,175,0,179,0
240,54,scoreA,0,114,0,0,0,0,116,0,0,0
240,54,fedrn,0,114,0,0,0,0,117,0,0,0
240,54,final,0,114,0,0,0,0,117,0,0,0
240,62,scoreA,99,0,0,0,0,0,0,106,0,0
240,62,fedrn,99,0,0,0,0,0,0,104,0,0
240,62,final,99,0,0,0,0,0,0,104,0,0
240,51,scoreA,0,0,0,0,122,0,0,117,0,0
240,51,fedrn,0,0,0,0,121,0,0,121,0,0
240,51,final,0,0,0,0,121,0,0,121,0,0
240,3,scoreA,0,0,0,0,0,0,196,0,191,0
240,3,fedrn,0,0,0,0,0,0,196,0,191,0
240,3,final,0,0,0,0,0,0,196,0,191,0
240,33,scoreA,0,0,0,0,0,136,150,0,0,0
240,33,fedrn,0,0,0,0,0,139,147,0,0,0
240,33,final,0,0,0,0,0,139,147,0,0,0
240,75,scoreA,0,0,0,87,0,0,0,0,73,0
240,75,fedrn,0,0,0,87,0,0,0,0,72,0
240,75,final,0,0,0,87,0,0,0,0,72,0
240,61,scoreA,0,0,0,0,0,0,205,0,0,0
240,61,fedrn,0,0,0,0,0,0,205,0,0,0
240,61,final,0,0,0,0,0,0,205,0,0,0
240,58,scoreA,0,0,0,0,120,0,0,0,0,99
240,58,fedrn,0,0,0,0,119,0,0,0,0,99
240,58,final,0,0,0,0,119,0,0,0,0,99
240,74,scoreA,0,0,0,0,0,164,0,0,0,0
240,74,fedrn,0,0,0,0,0,163,0,0,0,0
240,74,final,0,0,0,0,0,163,0,0,0,0
241,32,scoreA,159,0,0,0,0,0,0,0,0,138
241,32,fedrn,160,0,0,0,0,0,0,0,0,135
241,32,final,160,0,0,0,0,0,0,0,0,135
241,5,scoreA,188,0,0,0,0,0,193,0,0,0
241,5,fedrn,188,0,0,0,0,0,193,0,0,0
241,5,final,188,0,0,0,0,0,193,0,0,0
241,93,scoreA,0,0,0,0,0,0,46,0,0,68
241,93,fedrn,0,0,0,0,0,0,47,0,0,66
241,93,final,0,0,0,0,0,0,47,0,0,66
241,1,scoreA,0,0,0,0,196,0,0,0,195,0
241,1,fedrn,0,0,0,0,195,0,0,0,195,0
241,1,final,0,0,0,0,195,0,0,0,195,0
241,52,scoreA,0,0,0,0,0,0,0,115,114,0
241,52,fedrn,0,0,0,0,0,0,0,116,115,0
241,52,final,0,0,0,0,0,0,0,116,115,0
241,39,scoreA,139,0,0,0,0,0,0,0,145,0
241,39,fedrn,139,0,0,0,0,0,0,0,145,0
241,39,final,139,0,0,0,0,0,0,0,145,0
241,81,scoreA,0,0,0,72,0,0,0,72,1,0
241,81,fedrn,0,0,0,70,0,0,0,71,1,0
241,81,final,0,0,0,70,0,0,0,71,1,0
241,35,scoreA,0,0,135,0,0,0,0,0,157,0
241,35,fedrn,0,0,135,0,0,0,0,0,156,0
241,35,final,0,0,135,0,0,0,0,0,156,0
241,47,scoreA,0,0,0,0,0,131,0,0,0,116
241,47,fedrn,0,0,0,0,0,130,0,0,0,117
241,47,final,0,0,0,0,0,130,0,0,0,117
241,90,scoreA,0,0,0,0,0,0,54,0,60,0
241,90,fedrn,0,0,0,0,0,0,55,0,59,0
241,90,final,0,0,0,0,0,0,55,0,59,0
242,70,scoreA,0,0,0,0,0,87,0,0,89,0
242,70,fedrn,0,0,0,0,0,87,0,0,89,0
242,70,final,0,0,0,0,0,87,0,0,89,0
242,88,scoreA,119,0,0,0,0,0,0,0,0,0
242,88,fedrn,119,0,0,0,0,0,0,0,0,0
242,88,final,119,0,0,0,0,0,0,0,0,0
242,15,scoreA,0,0,0,0,0,167,0,178,0,0
242,15,fedrn,0,0,0,0,0,165,0,172,0,0
242,15,final,0,0,0,0,0,165,0,172,0,0
242,68,scoreA,0,0,0,0,0,0,95,0,0,87
242,68,fedrn,0,0,0,0,0,0,95,0,0,87
242,68,final,0,0,0,0,0,0,95,0,0,87
242,83,scoreA,0,0,73,0,0,0,0,0,0,67
242,83,fedrn,0,0,73,0,0,0,0,0,0,68
242,83,final,0,0,73,0,0,0,0,0,0,68
242,13,scoreA,0,0,0,0,0,0,176,0,180,0
242,13,fedrn,0,0,0,0,0,0,175,0,180,0
242,13,final,0,0,0,0,0,0,175,0,180,0
242,59,scoreA,112,0,0,0,0,0,0,104,0,0
242,59,fedrn,111,0,0,0,0,0,0,103,0,0
242,59,final,111,0,0,0,0,0,0,103,0,0
242,66,scoreA,0,102,0,0,92,0,0,0,0,0
242,66,fedrn,0,101,0,0,90,0,0,0,0,0
242,66,final,0,101,0,0,90,0,0,0,0,0
242,3,scoreA,0,0,0,0,0,0,196,0,193,0
242,3,fedrn,0,0,0,0,0,0,196,0,193,0
242,3,final,0,0,0,0,0,0,196,0,193,0
242,5,scoreA,188,0,0,0,0,0,192,0,0,0
242,5,fedrn,188,0,0,0,0,0,191,0,0,0
242,5,final,188,0,0,0,0,0,191,0,0,0
243,60,scoreA,0,0,208,0,0,0,0,0,0,0
243,60,fedrn,0,0,208,0,0,0,0,0,0,0
243,60,final,0,0,208,0,0,0,0,0,0,0
243,55,scoreA,0,0,0,0,118,0,0,108,1,0
243,55,fedrn,0,0,0,0,119,0,0,102,1,0
243,55,final,0,0,0,0,119,0,0,102,1,0
243,36,scoreA,0,150,0,137,0,0,0,0,0,0
243,36,fedrn,0,149,0,137,0,0,0,0,0,0
243,36,final,0,149,0,137,0,0,0,0,0,0
243,17,scoreA,0,0,0,175,156,0,0,0,0,0
243,17,fedrn,0,0,0,178,152,0,0,0,0,0
243,17,final,0,0,0,178,152,0,0,0,0,0
243,24,scoreA,0,0,0,0,157,151,0,0,0,0
243,24,fedrn,0,0,0,0,164,149,0,0,0,0
243,24,final,0,0,0,0,164,149,0,0,0,0
243,96,scoreA,0,46,0,58,2,4,8,0,0,0
243,96,fedrn,0,43,0,57,1,1,7,0,0,0
243,96,final,0,43,0,57,1,1,7,0,0,0
243,32,scoreA,161,0,0,0,0,0,0,0,0,134
243,32,fedrn,161,0,0,0,0,0,0,0,0,134
243,32,final,161,0,0,0,0,0,0,0,0,134
243,41,scoreA,126,0,0,133,0,0,0,0,0,0
243,41,fedrn,126,0,0,134,0,0,0,0,0,0
243,41,final,126,0,0,134,0,0,0,0,0,0
243,29,scoreA,0,0,0,0,0,0,0,0,0,308
243,29,fedrn,0,0,0,0,0,0,0,0,0,308
243,29,final,0,0,0,0,0,0,0,0,0,308
243,66,scoreA,0,101,0,0,90,0,0,0,0,0
243,66,fedrn,0,99,0,0,91,0,0,0,0,0
243,66,final,0,99,0,0,91,0,0,0,0,0
244,1,scoreA,0,0,0,0,194,0,0,0,196,0
244,1,fedrn,0,0,0,0,196,0,0,0,196,0
244,1,final,0,0,0,0,196,0,0,0,196,0
244,65,scoreA,0,0,0,104,94,0,0,0,0,0
244,65,fedrn,0,0,0,105,92,0,0,0,0,0
244,65,final,0,0,0,105,92,0,0,0,0,0
244,54,scoreA,0,114,0,0,0,0,117,0,0,0
244,54,fedrn,0,114,0,0,0,0,117,0,0,0
244,54,final,0,114,0,0,0,0,117,0,0,0
244,39,scoreA,140,0,0,0,0,0,0,0,145,0
244,39,fedrn,139,0,0,0,0,0,0,0,140,0
244,39,final,139,0,0,0,0,0,0,0,140,0
244,62,scoreA,94,0,0,0,0,0,0,107,0,0
244,62,fedrn,99,0,0,0,0,0,0,106,0,0
244,62,final,99,0,0,0,0,0,0,106,0,0
244,52,scoreA,0,0,0,0,0,0,0,116,116,0
244,52,fedrn,0,0,0,0,0,0,0,117,115,0
244,52,final,0,0,0,0,0,0,0,117,115,0
244,70,scoreA,0,0,0,0,0,86,0,0,89,0
244,70,fedrn,0,0,0,0,0,85,0,0,87,0
244,70,final,0,0,0,0,0,85,0,0,87,0
244,26,scoreA,0,0,0,0,0,0,0,160,0,152
244,26,fedrn,0,0,0,0,0,0,0,155,0,153
244,26,final,0,0,0,0,0,0,0,155,0,153
244,47,scoreA,0,0,0,0,0,129,0,0,0,118
244,47,fedrn,0,0,0,0,0,128,0,0,0,117
244,47,final,0,0,0,0,0,128,0,0,0,117
244,27,scoreA,0,0,154,0,0,153,0,0,0,0
244,27,fedrn,0,0,154,0,0,154,0,0,0,0
244,27,final,0,0,154,0,0,154,0,0,0,0
245,54,scoreA,0,114,0,0,0,0,117,0,0,0
245,54,fedrn,0,114,0,0,0,0,117,0,0,0
245,54,final,0,114,0,0,0,0,117,0,0,0
245,4,scoreA,0,0,0,0,0,0,0,196,188,0
245,4,fedrn,0,0,0,0,0,0,0,196,187,0
245,4,final,0,0,0,0,0,0,0,196,187,0
245,51,scoreA,0,0,0,0,119,0,0,125,0,0
245,51,fedrn,0,0,0,0,121,0,0,117,0,0
245,51,final,0,0,0,0,121,0,0,117,0,0
245,30,scoreA,146,0,157,0,0,0,0,0,0,0
245,30,fedrn,141,0,161,0,0,0,0,0,0,0
245,30,final,141,0,161,0,0,0,0,0,0,0
245,66,scoreA,0,100,0,0,92,0,0,0,0,0
245,66,fedrn,0,101,0,0,92,0,0,0,0,0
245,66,final,0,101,0,0,92,0,0,0,0,0
245,41,scoreA,129,0,0,133,0,0,0,0,0,0
245,41,fedrn,127,0,0,133,0,0,0,0,0,0
245,41,final,127,0,0,133,0,0,0,0,0,0
245,76,scoreA,0,83,0,77,0,0,0,0,1,0
245,76,fedrn,0,82,0,77,0,0,0,0,0,0
245,76,final,0,82,0,77,0,0,0,0,0,0
245,56,scoreA,0,0,122,0,0,0,0,0,0,103
245,56,fedrn,0,0,122,0,0,0,0,0,0,103
245,56,final,0,0,122,0,0,0,0,0,0,103
245,46,scoreA,0,0,0,0,0,0,70,0,0,135
245,46,fedrn,0,0,0,0,0,0,110,0,0,135
245,46,final,0,0,0,0,0,0,110,0,0,135
245,27,scoreA,0,0,153,0,0,144,0,0,0,0
245,27,fedrn,0,0,152,0,0,154,0,0,0,0
245,27,final,0,0,152,0,0,154,0,0,0,0
246,1,scoreA,0,0,0,0,196,0,0,0,197,0
246,1,fedrn,0,0,0,0,196,0,0,0,194,0
246,1,final,0,0,0,0,196,0,0,0,194,0
246,30,scoreA,133,0,163,0,0,0,0,0,0,0
246,30,fedrn,139,0,164,0,0,0,0,0,0,0
246,30,final,139,0,164,0,0,0,0,0,0,0
246,98,scoreA,0,0,0,0,52,46,0,0,0,0
246,98,fedrn,0,0,0,0,52,41,0,0,0,0
246,98,final,0,0,0,0,52,41,0,0,0,0
246,75,scoreA,0,0,0,86,0,0,0,0,73,0
246,75,fedrn,0,0,0,87,0,0,0,0,73,0
246,75,final,0,0,0,87,0,0,0,0,73,0
246,7,scoreA,189,181,0,0,0,0,0,0,0,0
246,7,fedrn,190,182,0,0,0,0,0,0,0,0
246,7,final,190,182,0,0,0,0,0,0,0,0
246,39,scoreA,140,0,0,0,0,0,0,0,143,0
246,39,fedrn,139,0,0,0,0,0,0,0,143,0
246,39,final,139,0,0,0,0,0,0,0,143,0
246,72,scoreA,0,102,0,0,0,0,0,0,0,93
246,72,fedrn,0,102,1,0,0,0,1,0,0,94
246,72,final,0,102,1,0,0,0,1,0,0,94
246,51,scoreA,0,0,0,0,118,0,0,124,0,0
246,51,fedrn,0,0,0,0,119,0,0,125,1,0
246,51,final,0,0,0,0,119,0,0,125,1,0
246,47,scoreA,0,0,0,0,0,130,0,0,0,116
246,47,fedrn,0,0,0,0,0,131,0,0,0,115
246,47,final,0,0,0,0,0,131,0,0,0,115
246,78,scoreA,0,0,75,0,101,0,0,0,0,0
246,78,fedrn,0,0,75,0,101,0,0,0,0,0
246,78,final,0,0,75,0,101,0,0,0,0,0
247,13,scoreA,0,0,0,0,0,0,174,0,179,0
247,13,fedrn,0,0,0,0,0,0,175,0,180,0
247,13,final,0,0,0,0,0,0,175,0,180,0
247,71,scoreA,0,88,0,0,0,88,0,0,0,0
247,71,fedrn,0,87,0,0,0,88,0,0,0,0
247,71,final,0,87,0,0,0,88,0,0,0,0
247,24,scoreA,0,0,0,0,167,140,0,0,0,0
247,24,fedrn,0,0,0,0,168,151,0,0,0,0
247,24,final,0,0,0,0,168,151,0,0,0,0
247,9,scoreA,0,372,0,0,0,0,0,0,0,0
247,9,fedrn,0,372,0,0,0,0,0,0,0,0
247,9,final,0,372,0,0,0,0,0,0,0,0
247,79,scoreA,75,0,0,0,0,0,2,0,70,0
247,79,fedrn,74,0,0,0,0,0,2,0,69,0
247,79,final,74,0,0,0,0,0,2,0,69,0
247,49,scoreA,0,0,121,0,0,0,0,126,0,0
247,49,fedrn,0,0,120,0,0,0,0,126,0,0
247,49,final,0,0,120,0,0,0,0,126,0,0
247,94,scoreA,53,55,0,0,0,0,0,0,0,0
247,94,fedrn,51,55,0,0,0,0,0,0,0,0
247,94,final,51,55,0,0,0,0,0,0,0,0
247,84,scoreA,65,0,0,0,0,0,0,0,0,70
247,84,fedrn,66,0,0,0,0,0,0,0,0,70
247,84,final,66,0,0,0,0,0,0,0,0,70
247,61,scoreA,0,0,0,0,0,0,205,0,0,0
247,61,fedrn,0,0,0,0,0,0,205,0,0,0
247,61,final,0,0,0,0,0,0,205,0,0,0
247,80,scoreA,0,0,0,0,0,0,144,0,0,0
247,80,fedrn,0,0,0,0,0,0,143,0,0,0
247,80,final,0,0,0,0,0,0,143,0,0,0
248,21,scoreA,0,0,163,0,0,157,0,0,0,0
248,21,fedrn,0,0,169,0,0,152,0,0,0,0
248,21,final,0,0,169,0,0,152,0,0,0,0
248,73,scoreA,88,0,0,0,0,0,83,0,0,0
248,73,fedrn,89,0,0,0,0,0,84,0,0,0
248,73,final,89,0,0,0,0,0,84,0,0,0
248,93,scoreA,0,0,0,0,0,0,47,0,0,67
248,93,fedrn,0,0,0,0,0,0,44,0,0,72
248,93,final,0,0,0,0,0,0,44,0,0,72
248,33,scoreA,0,0,0,0,0,138,149,0,0,0
248,33,fedrn,0,0,0,0,0,138,146,0,0,0
248,33,final,0,0,0,0,0,138,146,0,0,0
248,53,scoreA,115,0,0,0,0,0,0,116,0,0
248,53,fedrn,114,0,0,0,0,0,0,116,0,0
248,53,final,114,0,0,0,0,0,0,116,0,0
248,52,scoreA,0,0,0,0,0,0,0,117,113,0
248,52,fedrn,0,0,0,0,0,0,0,117,115,0
248,52,final,0,0,0,0,0,0,0,117,115,0
248,91,scoreA,0,0,81,0,0,0,47,0,0,0
248,91,fedrn,0,0,81,0,0,0,42,0,0,0
248,91,final,0,0,81,0,0,0,42,0,0,0
248,48,scoreA,0,0,0,130,114,0,0,0,0,0
248,48,fedrn,0,0,0,130,113,0,0,0,0,0
248,48,final,0,0,0,130,113,0,0,0,0,0
248,11,scoreA,0,0,0,0,180,171,0,0,0,0
248,11,fedrn,0,0,0,0,183,164,0,0,0,0
248,11,final,0,0,0,0,183,164,0,0,0,0
248,80,scoreA,0,0,0,0,0,0,144,0,0,0
248,80,fedrn,0,0,0,0,0,0,143,0,0,0
248,80,final,0,0,0,0,0,0,143,0,0,0
249,41,scoreA,129,0,0,133,0,0,0,0,0,0
249,41,fedrn,129,0,0,133,0,0,0,0,0,0
249,41,final,129,0,0,133,0,0,0,0,0,0
249,21,scoreA,0,0,171,0,0,152,0,0,0,0
249,21,fedrn,0,0,169,0,0,152,0,0,0,0
249,21,final,0,0,169,0,0,152,0,0,0,0
249,98,scoreA,0,0,0,0,56,44,0,0,0,0
249,98,fedrn,0,0,0,0,55,40,0,0,0,0
249,98,final,0,0,0,0,55,40,0,0,0,0
249,89,scoreA,68,0,0,0,0,0,0,0,0,52
249,89,fedrn,68,0,0,0,0,0,0,0,0,54
249,89,final,68,0,0,0,0,0,0,0,0,54
249,26,scoreA,0,0,0,0,0,0,0,152,0,156
249,26,fedrn,0,0,0,0,0,0,0,153,0,155
249,26,final,0,0,0,0,0,0,0,153,0,155
249,32,scoreA,160,0,0,0,0,0,0,0,0,136
249,32,fedrn,160,0,0,0,0,0,0,0,0,137
249,32,final,160,0,0,0,0,0,0,0,0,137
249,37,scoreA,0,0,0,0,0,136,0,141,0,0
249,37,fedrn,0,0,0,0,0,136,0,141,0,0
249,37,final,0,0,0,0,0,136,0,141,0,0
249,25,scoreA,0,0,0,159,0,0,0,0,157,0
249,25,fedrn,0,0,0,159,0,0,0,0,160,0
249,25,final,0,0,0,159,0,0,0,0,160,0
249,31,scoreA,142,156,0,0,0,0,0,0,0,0
249,31,fedrn,143,156,0,0,0,0,0,0,0,0
249,31,final,143,156,0,0,0,0,0,0,0,0
249,73,scoreA,89,0,0,0,0,0,84,0,0,0
249,73,fedrn,89,0,0,0,0,0,84,0,0,0
249,73,final,89,0,0,0,0,0,84,0,0,0
250,29,scoreA,0,0,0,0,0,0,0,0,0,308
250,29,fedrn,0,0,0,0,0,0,0,0,0,308
250,29,final,0,0,0,0,0,0,0,0,0,308
250,88,scoreA,119,0,0,0,0,0,0,0,0,0
250,88,fedrn,119,0,0,0,0,0,0,0,0,0
250,88,final,119,0,0,0,0,0,0,0,0,0
250,99,scoreA,0,0,0,0,3,0,0,0,55,62
250,99,fedrn,0,0,0,0,2,0,0,0,55,62
250,99,final,0,0,0,0,2,0,0,0,55,62
250,77,scoreA,0,86,0,0,0,0,0,0,75,0
250,77,fedrn,0,84,0,0,0,0,0,0,77,0
250,77,final,0,84,0,0,0,0,0,0,77,0
250,53,scoreA,115,0,0,0,0,0,0,116,0,0
250,53,fedrn,115,0,0,0,0,0,0,114,0,0
250,53,final,115,0,0,0,0,0,0,114,0,0
250,62,scoreA,100,0,0,0,0,0,0,107,0,0
250,62,fedrn,98,0,0,0,0,0,0,107,0,0
250,62,final,98,0,0,0,0,0,0,107,0,0
250,61,scoreA,0,0,0,0,0,0,205,0,0,0
250,61,fedrn,0,0,0,0,0,0,205,0,0,0
250,61,final,0,0,0,0,0,0,205,0,0,0
250,7,scoreA,190,185,0,0,0,0,0,0,0,0
250,7,fedrn,188,185,0,0,0,0,0,0,0,0
250,7,final,188,185,0,0,0,0,0,0,0,0
250,1,scoreA,0,0,0,0,195,0,0,0,197,0
250,1,fedrn,0,0,0,0,196,0,0,0,196,0
250,1,final,0,0,0,0,196,0,0,0,196,0
250,63,scoreA,0,0,0,0,83,115,0,0,0,0
250,63,fedrn,0,0,0,0,82,115,0,0,0,0
250,63,final,0,0,0,0,82,115,0,0,0,0
251,82,scoreA,0,0,0,0,73,0,0,0,66,0
251,82,fedrn,0,0,0,0,72,0,0,0,68,0
251,82,final,0,0,0,0,72,0,0,0,68,0
251,98,scoreA,0,0,0,0,56,40,0,0,0,0
251,98,fedrn,0,0,0,0,54,42,0,0,0,0
251,98,final,0,0,0,0,54,42,0,0,0,0
251,11,scoreA,0,0,0,0,182,170,0,0,0,0
251,11,fedrn,0,0,0,0,181,164,0,0,0,0
251,11,final,0,0,0,0,181,164,0,0,0,0
251,79,scoreA,71,0,0,0,0,0,2,0,75,0
251,79,fedrn,70,0,0,0,0,0,2,0,74,0
251,79,final,70,0,0,0,0,0,2,0,74,0
251,87,scoreA,0,0,0,0,0,0,0,0,79,59
251,87,fedrn,0,0,0,0,0,0,0,0,81,58
251,87,final,0,0,0,0,0,0,0,0,81,58
251,94,scoreA,56,55,0,0,0,0,0,0,0,0
251,94,fedrn,53,54,0,0,0,0,0,0,0,0
251,94,final,53,54,0,0,0,0,0,0,0,0
251,72,scoreA,0,98,1,0,0,0,1,0,0,94
251,72,fedrn,1,102,1,0,0,0,1,0,0,94
251,72,final,1,102,1,0,0,0,1,0,0,94
251,97,scoreA,0,0,0,0,73,0,0,0,0,0
251,97,fedrn,0,0,0,0,72,0,0,0,0,0
251,97,final,0,0,0,0,72,0,0,0,0,0
251,83,scoreA,0,0,74,0,0,0,0,0,0,68
251,83,fedrn,0,0,73,0,0,0,0,0,0,67
251,83,final,0,0,73,0,0,0,0,0,0,67
251,28,scoreA,0,0,158,0,0,0,0,131,0,0
251,28,fedrn,0,0,157,0,0,0,0,144,0,0
251,28,final,0,0,157,0,0,0,0,144,0,0
252,5,scoreA,188,0,0,0,0,0,193,0,0,0
252,5,fedrn,185,0,0,0,0,0,193,0,0,0
252,5,final,185,0,0,0,0,0,193,0,0,0
252,16,scoreA,172,0,0,166,0,0,0,0,0,0
252,16,fedrn,171,0,0,165,0,0,0,0,0,0
252,16,final,171,0,0,165,0,0,0,0,0,0
252,44,scoreA,0,0,0,0,0,0,64,138,0,0
252,44,fedrn,0,0,0,0,0,0,113,127,1,0
252,44,final,0,0,0,0,0,0,113,127,1,0
252,7,scoreA,190,186,0,0,0,0,0,0,0,0
252,7,fedrn,190,185,0,0,0,0,0,0,0,0
252,7,final,190,185,0,0,0,0,0,0,0,0
252,24,scoreA,0,0,0,0,170,152,0,0,0,0
252,24,fedrn,0,0,0,0,168,151,0,0,0,0
252,24,final,0,0,0,0,168,151,0,0,0,0
252,35,scoreA,0,0,136,0,0,0,0,0,156,0
252,35,fedrn,0,0,134,0,0,0,0,0,157,0
252,35,final,0,0,134,0,0,0,0,0,157,0
252,3,scoreA,0,0,0,0,0,0,196,0,193,0
252,3,fedrn,0,0,0,0,0,0,196,0,193,0
252,3,final,0,0,0,0,0,0,196,0,193,0
252,47,scoreA,0,0,0,0,0,131,0,0,0,118
252,47,fedrn,0,0,0,0,0,131,0,0,0,115
252,47,final,0,0,0,0,0,131,0,0,0,115
252,93,scoreA,0,0,0,0,0,0,44,0,0,78
252,93,fedrn,0,0,0,0,0,0,43,0,0,73
252,93,final,0,0,0,0,0,0,43,0,0,73
252,12,scoreA,0,0,0,181,0,0,0,0,0,172
252,12,fedrn,0,0,0,184,0,0,0,0,0,170
252,12,final,0,0,0,184,0,0,0,0,0,170
253,56,scoreA,0,0,122,0,0,0,0,0,0,103
253,56,fedrn,0,0,123,0,0,0,0,0,0,101
253,56,final,0,0,123,0,0,0,0,0,0,101
253,15,scoreA,0,0,0,0,0,166,0,183,0,0
253,15,fedrn,0,0,0,0,0,163,0,173,0,0
253,15,final,0,0,0,0,0,163,0,173,0,0
253,49,scoreA,0,0,118,0,0,0,0,126,0,0
253,49,fedrn,0,0,123,0,0,0,0,122,0,0
253,49,final,0,0,123,0,0,0,0,122,0,0
253,92,scoreA,0,47,0,57,0,0,0,0,0,0
253,92,fedrn,0,46,0,57,0,0,0,0,0,0
253,92,final,0,46,0,57,0,0,0,0,0,0
253,7,scoreA,190,185,0,0,0,0,0,0,0,0
253,7,fedrn,191,182,0,0,0,0,0,0,0,0
253,7,final,191,182,0,0,0,0,0,0,0,0
253,51,scoreA,0,0,0,0,117,0,0,127,1,0
253,51,fedrn,0,0,0,0,120,0,0,113,0,0
253,51,final,0,0,0,0,120,0,0,113,0,0
253,42,scoreA,0,145,0,0,0,0,0,0,122,0
253,42,fedrn,0,147,0,0,0,0,0,0,119,0
253,42,final,0,147,0,0,0,0,0,0,119,0
253,48,scoreA,0,0,0,131,116,0,0,0,0,0
253,48,fedrn,0,0,0,131,112,0,0,0,0,0
253,48,final,0,0,0,131,112,0,0,0,0,0
253,66,scoreA,0,101,0,0,93,0,0,0,0,0
253,66,fedrn,0,101,0,0,93,0,0,0,0,0
253,66,final,0,101,0,0,93,0,0,0,0,0
253,69,scoreA,0,0,97,0,103,0,0,0,0,0
253,69,fedrn,0,0,97,0,104,0,0,0,0,0
253,69,final,0,0,97,0,104,0,0,0,0,0
254,43,scoreA,0,0,0,124,0,0,0,0,131,0
254,43,fedrn,0,0,0,124,0,0,0,0,130,0
254,43,final,0,0,0,124,0,0,0,0,130,0
254,48,scoreA,0,0,0,131,114,0,0,0,0,0
254,48,fedrn,0,0,0,131,112,0,0,0,0,0
254,48,final,0,0,0,131,112,0,0,0,0,0
254,66,scoreA,0,101,0,0,94,0,0,0,0,0
254,66,fedrn,0,99,0,0,93,0,0,0,0,0
254,66,final,0,99,0,0,93,0,0,0,0,0
254,98,scoreA,0,0,0,0,56,43,0,0,0,0
254,98,fedrn,0,0,0,0,55,41,0,0,0,0
254,98,final,0,0,0,0,55,41,0,0,0,0
254,6,scoreA,0,192,0,0,0,0,184,0,0,0
254,6,fedrn,0,191,0,0,0,0,183,0,0,0
254,6,final,0,191,0,0,0,0,183,0,0,0
254,86,scoreA,0,65,0,63,0,0,0,0,0,0
254,86,fedrn,0,65,0,63,0,0,0,0,0,0
254,86,final,0,65,0,63,0,0,0,0,0,0
254,19,scoreA,0,0,0,0,0,165,167,0,0,0
254,19,fedrn,0,0,0,0,0,165,166,0,0,0
254,19,final,0,0,0,0,0,165,166,0,0,0
254,16,scoreA,174,0,0,165,0,0,0,0,0,0
254,16,fedrn,174,0,0,164,0,0,0,0,0,0
254,16,final,174,0,0,164,0,0,0,0,0,0
254,80,scoreA,0,0,0,0,0,0,144,0,0,0
254,80,fedrn,0,0,0,0,0,0,143,0,0,0
254,80,final,0,0,0,0,0,0,143,0,0,0
254,21,scoreA,0,0,170,0,0,154,0,0,0,0
254,21,fedrn,0,0,171,0,0,160,0,0,0,0
254,21,final,0,0,171,0,0,160,0,0,0,0
255,87,scoreA,0,0,0,0,0,0,0,0,81,59
255,87,fedrn,0,0,0,0,0,0,0,0,82,62
255,87,final,0,0,0,0,0,0,0,0,82,62
255,50,scoreA,0,0,125,125,0,0,0,0,0,0
255,50,fedrn,0,0,122,132,0,0,0,0,0,0
255,50,final,0,0,122,132,0,0,0,0,0,0
255,94,scoreA,56,51,0,0,0,0,0,0,0,0
255,94,fedrn,54,52,0,0,0,0,0,0,0,0
255,94,final,54,52,0,0,0,0,0,0,0,0
255,92,scoreA,0,47,0,58,0,0,0,0,0,0
255,92,fedrn,0,47,0,58,0,0,0,0,0,0
255,92,final,0,47,0,58,0,0,0,0,0,0
255,48,scoreA,0,0,0,131,116,0,0,0,0,0
255,48,fedrn,0,0,0,132,110,0,0,0,0,0
255,48,final,0,0,0,132,110,0,0,0,0,0
255,12,scoreA,0,0,0,183,0,0,0,0,0,170
255,12,fedrn,0,0,0,185,0,0,0,0,0,172
255,12,final,0,0,0,185,0,0,0,0,0,172
255,45,scoreA,0,0,0,0,124,123,0,0,0,0
255,45,fedrn,0,0,0,0,121,124,0,0,0,0
255,45,final,0,0,0,0,121,124,0,0,0,0
255,68,scoreA,0,0,0,0,0,0,96,0,0,88
255,68,fedrn,0,0,0,0,0,0,96,0,0,85
255,68,final,0,0,0,0,0,0,96,0,0,85
255,25,scoreA,0,0,0,158,0,0,0,0,160,0
255,25,fedrn,0,0,0,158,0,0,0,0,160,0
255,25,final,0,0,0,158,0,0,0,0,160,0
255,32,scoreA,161,0,0,0,0,0,0,0,0,140
255,32,fedrn,163,0,0,0,0,0,0,0,0,134
255,32,final,163,0,0,0,0,0,0,0,0,134
256,52,scoreA,0,0,0,0,0,0,0,117,115,0
256,52,fedrn,0,0,0,0,0,0,0,117,115,0
256,52,final,0,0,0,0,0,0,0,117,115,0
256,78,scoreA,0,0,72,0,101,0,0,0,0,0
256,78,fedrn,0,0,74,0,101,0,0,0,0,0
256,78,final,0,0,74,0,101,0,0,0,0,0
256,50,scoreA,0,0,121,136,0,0,0,0,0,0
256,50,fedrn,0,0,123,133,0,0,0,0,0,0
256,50,final,0,0,123,133,0,0,0,0,0,0
256,5,scoreA,184,0,0,0,0,0,194,0,0,0
256,5,fedrn,187,0,0,0,0,0,194,0,0,0
256,5,final,187,0,0,0,0,0,194,0,0,0
256,32,scoreA,162,0,0,0,0,0,0,0,0,137
256,32,fedrn,162,0,0,0,0,0,0,0,0,135
256,32,final,162,0,0,0,0,0,0,0,0,135
256,18,scoreA,166,0,0,0,0,0,174,0,0,0
256,18,fedrn,166,0,0,0,0,0,173,0,0,0
256,18,final,166,0,0,0,0,0,173,0,0,0
256,10,scoreA,0,0,0,173,0,0,0,177,0,0
256,10,fedrn,0,0,0,173,0,0,0,173,0,0
256,10,final,0,0,0,173,0,0,0,173,0,0
256,24,scoreA,0,0,0,0,169,151,0,0,0,0
256,24,fedrn,0,0,0,0,171,151,0,0,0,0
256,24,final,0,0,0,0,171,151,0,0,0,0
256,62,scoreA,98,0,0,0,0,0,0,106,0,0
256,62,fedrn,99,0,0,0,0,0,0,105,0,0
256,62,final,99,0,0,0,0,0,0,105,0,0
256,56,scoreA,0,0,124,0,0,0,0,0,0,101
256,56,fedrn,0,0,124,0,0,0,0,0,0,102
256,56,final,0,0,124,0,0,0,0,0,0,102
257,24,scoreA,0,0,0,0,171,149,0,0,0,0
257,24,fedrn,0,0,0,0,169,150,0,0,0,0
257,24,final,0,0,0,0,169,150,0,0,0,0
257,32,scoreA,162,0,0,1,0,0,0,0,0,137
257,32,fedrn,162,0,0,0,0,0,0,0,0,134
257,32,final,162,0,0,0,0,0,0,0,0,134
257,57,scoreA,0,0,0,0,115,0,108,0,0,0
257,57,fedrn,0,0,0,0,116,0,106,0,0,0
257,57,final,0,0,0,0,116,0,106,0,0,0
257,41,scoreA,128,0,0,134,0,0,0,0,0,0
257,41,fedrn,128,0,0,134,0,0,0,0,0,0
257,41,final,128,0,0,134,0,0,0,0,0,0
257,84,scoreA,67,0,0,0,0,0,0,0,0,71
257,84,fedrn,67,0,0,0,0,0,0,0,0,71
257,84,final,67,0,0,0,0,0,0,0,0,71
257,31,scoreA,143,156,0,0,0,0,0,0,0,0
257,31,fedrn,144,157,0,0,0,0,0,0,0,0
257,31,final,144,157,0,0,0,0,0,0,0,0
257,89,scoreA,69,0,0,0,0,0,0,0,0,55
257,89,fedrn,69,0,0,0,0,0,0,0,0,54
257,89,final,69,0,0,0,0,0,0,0,0,54
257,19,scoreA,0,0,0,0,0,169,166,0,0,0
257,19,fedrn,0,0,0,0,0,169,157,0,0,0
257,19,final,0,0,0,0,0,169,157,0,0,0
257,93,scoreA,0,0,0,0,0,0,46,0,0,75
257,93,fedrn,0,0,0,0,0,0,45,0,0,72
257,93,final,0,0,0,0,0,0,45,0,0,72
257,90,scoreA,0,0,0,0,0,0,57,0,59,0
257,90,fedrn,0,0,0,0,0,0,56,0,59,0
257,90,final,0,0,0,0,0,0,56,0,59,0
258,46,scoreA,0,0,0,0,0,0,121,0,0,134
258,46,fedrn,0,0,0,0,0,0,122,0,0,130
258,46,final,0,0,0,0,0,0,122,0,0,130
258,58,scoreA,0,0,0,0,120,0,0,0,0,99
258,58,fedrn,0,0,0,0,119,0,0,0,0,99
258,58,final,0,0,0,0,119,0,0,0,0,99
258,38,scoreA,0,0,140,0,0,0,0,140,0,0
258,38,fedrn,0,0,140,0,0,0,0,140,0,0
258,38,final,0,0,140,0,0,0,0,140,0,0
258,72,scoreA,1,102,1,0,0,0,1,0,0,93
258,72,fedrn,0,100,1,0,0,0,0,0,0,97
258,72,final,0,100,1,0,0,0,0,0,0,97
258,26,scoreA,0,0,0,0,0,0,0,157,0,154
258,26,fedrn,0,0,0,0,0,0,0,156,0,154
258,26,final,0,0,0,0,0,0,0,156,0,154
258,8,scoreA,0,0,0,0,0,0,0,186,186,0
258,8,fedrn,0,0,0,0,0,0,0,186,186,0
258,8,final,0,0,0,0,0,0,0,186,186,0
258,45,scoreA,0,0,0,0,122,125,0,0,0,0
258,45,fedrn,0,0,0,0,121,123,0,0,0,0
258,45,final,0,0,0,0,121,123,0,0,0,0
258,11,scoreA,0,0,0,0,187,169,0,0,0,0
258,11,fedrn,0,0,0,0,187,166,0,0,0,0
258,11,final,0,0,0,0,187,166,0,0,0,0
258,48,scoreA,0,0,0,132,111,0,0,0,0,0
258,48,fedrn,0,0,0,132,106,0,0,0,0,0
258,48,final,0,0,0,132,106,0,0,0,0,0
258,74,scoreA,0,0,0,0,0,164,0,0,0,0
258,74,fedrn,0,0,0,0,0,164,0,0,0,0
258,74,final,0,0,0,0,0,164,0,0,0,0
259,96,scoreA,0,37,0,61,1,1,2,0,0,0
259,96,fedrn,0,39,0,56,0,0,2,0,0,0
259,96,final,0,39,0,56,0,0,2,0,0,0
259,78,scoreA,0,0,77,0,99,0,0,0,0,0
259,78,fedrn,0,0,76,0,99,0,0,0,0,0
259,78,final,0,0,76,0,99,0,0,0,0,0
259,62,scoreA,93,0,0,0,0,0,0,108,0,0
259,62,fedrn,100,0,0,0,0,0,0,105,0,0
259,62,final,100,0,0,0,0,0,0,105,0,0
259,14,scoreA,0,0,0,0,0,177,0,0,0,174
259,14,fedrn,0,0,0,0,0,177,0,0,0,176
259,14,final,0,0,0,0,0,177,0,0,0,176
259,42,scoreA,0,144,0,0,0,0,0,0,124,0
259,42,fedrn,0,143,0,0,0,0,0,0,123,0
259,42,final,0,143,0,0,0,0,0,0,123,0
259,11,scoreA,0,0,0,0,172,130,0,0,0,0
259,11,fedrn,0,0,0,0,189,151,0,0,0,0
259,11,final,0,0,0,0,189,151,0,0,0,0
259,98,scoreA,0,0,0,0,52,43,0,0,0,0
259,98,fedrn,0,0,0,0,53,42,0,0,0,0
259,98,final,0,0,0,0,53,42,0,0,0,0
259,9,scoreA,0,372,0,0,0,0,0,0,0,0
259,9,fedrn,0,372,0,0,0,0,0,0,0,0
259,9,final,0,372,0,0,0,0,0,0,0,0
259,19,scoreA,0,0,0,0,0,168,164,0,0,0
259,19,fedrn,0,0,0,0,0,166,162,0,0,0
259,19,final,0,0,0,0,0,166,162,0,0,0
259,77,scoreA,0,86,0,0,0,0,0,0,69,0
259,77,fedrn,0,84,0,0,0,0,0,0,74,0
259,77,final,0,84,0,0,0,0,0,0,74,0
260,66,scoreA,0,102,0,0,94,0,0,0,0,0
260,66,fedrn,0,102,0,0,90,0,0,0,0,0
260,66,final,0,102,0,0,90,0,0,0,0,0
260,13,scoreA,0,0,0,0,0,0,176,0,181,0
260,13,fedrn,0,0,0,0,0,0,175,0,181,0
260,13,final,0,0,0,0,0,0,175,0,181,0
260,96,scoreA,0,39,0,57,0,0,2,0,0,0
260,96,fedrn,0,47,0,54,0,0,15,0,0,0
260,96,final,0,47,0,54,0,0,15,0,0,0
260,1,scoreA,0,0,0,0,196,0,0,0,196,0
260,1,fedrn,0,0,0,0,196,0,0,0,196,0
260,1,final,0,0,0,0,196,0,0,0,196,0
260,36,scoreA,0,150,0,136,0,0,0,0,0,0
260,36,fedrn,0,149,0,137,0,0,0,0,0,0
260,36,final,0,149,0,137,0,0,0,0,0,0
260,91,scoreA,0,0,81,0,0,0,46,0,0,0
260,91,fedrn,0,0,81,0,0,0,40,0,0,0
260,91,final,0,0,81,0,0,0,40,0,0,0
260,76,scoreA,0,82,0,77,0,0,0,0,0,0
260,76,fedrn,0,82,0,77,0,0,0,0,0,0
260,76,final,0,82,0,77,0,0,0,0,0,0
260,72,scoreA,0,102,0,0,0,0,0,0,0,93
260,72,fedrn,0,102,0,0,0,0,0,0,0,95
260,72,final,0,102,0,0,0,0,0,0,0,95
260,49,scoreA,0,0,118,0,0,0,0,126,0,0
260,49,fedrn,0,0,120,0,0,0,0,125,0,0
260,49,final,0,0,120,0,0,0,0,125,0,0
260,62,scoreA,101,0,0,0,0,0,0,96,0,0
260,62,fedrn,99,0,0,0,0,0,0,104,0,0
260,62,final,99,0,0,0,0,0,0,104,0,0
261,95,scoreA,0,0,0,66,48,0,0,0,0,0
261,95,fedrn,0,0,0,66,48,0,0,0,0,0
261,95,final,0,0,0,66,48,0,0,0,0,0
261,85,scoreA,0,63,0,0,71,0,0,0,0,0
261,85,fedrn,0,63,0,0,70,0,0,0,0,0
261,85,final,0,63,0,0,70,0,0,0,0,0
261,15,scoreA,0,0,0,0,0,167,0,174,0,0
261,15,fedrn,0,0,0,0,0,168,0,173,0,0
261,15,final,0,0,0,0,0,168,0,173,0,0
261,11,scoreA,0,0,0,0,189,163,0,0,0,0
261,11,fedrn,0,0,0,0,189,151,0,0,0,0
261,11,final,0,0,0,0,189,151,0,0,0,0
261,17,scoreA,0,0,0,181,151,0,0,0,0,0
261,17,fedrn,0,0,0,180,152,0,0,0,0,0
261,17,final,0,0,0,180,152,0,0,0,0,0
261,64,scoreA,0,0,196,0,0,0,0,0,0,0
261,64,fedrn,0,0,196,0,0,0,0,0,0,0
261,64,final,0,0,196,0,0,0,0,0,0,0
261,22,scoreA,163,0,0,0,0,167,0,0,0,0
261,22,fedrn,164,0,0,0,0,165,0,0,0,0
261,22,final,164,0,0,0,0,165,0,0,0,0
261,60,scoreA,0,0,208,0,0,0,0,0,0,0
261,60,fedrn,0,0,208,0,0,0,0,0,0,0
261,60,final,0,0,208,0,0,0,0,0,0,0
261,44,scoreA,0,0,0,0,0,0,129,133,1,0
261,44,fedrn,0,0,0,0,0,0,129,129,1,0
261,44,final,0,0,0,0,0,0,129,129,1,0
261,39,scoreA,137,0,0,0,0,0,0,0,144,0
261,39,fedrn,140,0,0,0,0,0,0,0,144,0
261,39,final,140,0,0,0,0,0,0,0,144,0
262,73,scoreA,89,0,0,0,0,0,84,0,0,0
262,73,fedrn,88,0,0,0,0,0,85,0,0,0
262,73,final,88,0,0,0,0,0,85,0,0,0
262,2,scoreA,0,0,0,0,0,0,0,0,0,394
262,2,fedrn,0,0,0,0,0,0,0,0,0,394
262,2,final,0,0,0,0,0,0,0,0,0,394
262,30,scoreA,134,0,158,0,0,0,0,0,0,0
262,30,fedrn,141,0,162,0,0,0,0,0,0,0
262,30,final,141,0,162,0,0,0,0,0,0,0
262,5,scoreA,187,0,0,0,0,0,193,0,0,0
262,5,fedrn,188,0,0,0,0,0,192,0,0,0
262,5,final,188,0,0,0,0,0,192,0,0,0
262,4,scoreA,0,0,0,0,0,0,0,196,187,0
262,4,fedrn,0,0,0,0,0,0,0,196,189,0
262,4,final,0,0,0,0,0,0,0,196,189,0
262,86,scoreA,0,65,0,65,0,0,0,0,0,0
262,86,fedrn,0,65,0,63,0,0,0,0,0,0
262,86,final,0,65,0,63,0,0,0,0,0,0
262,48,scoreA,0,0,0,131,109,0,0,0,0,0
262,48,fedrn,0,0,0,132,111,0,0,0,0,0
262,48,final,0,0,0,132,111,0,0,0,0,0
262,38,scoreA,0,0,141,0,0,0,0,141,0,0
262,38,fedrn,0,0,141,0,0,0,0,141,0,0
262,38,final,0,0,141,0,0,0,0,141,0,0
262,84,scoreA,68,0,0,0,0,0,0,0,0,71
262,84,fedrn,66,0,0,0,0,0,0,0,0,71
262,84,final,66,0,0,0,0,0,0,0,0,71
262,26,scoreA,0,0,0,0,0,0,0,161,0,151
262,26,fedrn,0,0,0,0,0,0,0,161,0,153
262,26,final,0,0,0,0,0,0,0,161,0,153
263,47,scoreA,0,0,0,0,0,131,0,0,0,117
263,47,fedrn,0,0,0,0,0,131,0,0,0,116
263,47,final,0,0,0,0,0,131,0,0,0,116
263,34,scoreA,0,0,0,156,0,0,0,124,0,0
263,34,fedrn,0,0,0,156,0,0,0,120,0,0
263,34,final,0,0,0,156,0,0,0,120,0,0
263,27,scoreA,0,0,158,0,0,131,0,0,0,0
263,27,fedrn,0,0,154,0,0,150,0,0,0,0
263,27,final,0,0,154,0,0,150,0,0,0,0
263,19,scoreA,0,0,0,0,0,166,164,0,0,0
263,19,fedrn,0,0,0,0,0,168,162,0,0,0
263,19,final,0,0,0,0,0,168,162,0,0,0
263,13,scoreA,0,0,0,0,0,0,175,0,181,0
263,13,fedrn,0,0,0,0,0,0,175,0,181,0
263,13,final,0,0,0,0,0,0,175,0,181,0
263,77,scoreA,0,85,0,0,0,0,0,0,75,0
263,77,fedrn,0,86,0,0,0,0,0,0,76,0
263,77,final,0,86,0,0,0,0,0,0,76,0
263,22,scoreA,164,0,0,0,0,165,0,0,0,0
263,22,fedrn,164,0,0,0,0,165,0,0,0,0
263,22,final,164,0,0,0,0,165,0,0,0,0
263,49,scoreA,0,1,122,0,0,0,0,126,0,0
263,49,fedrn,0,0,121,0,0,0,0,125,0,0
263,49,final,0,0,121,0,0,0,0,125,0,0
263,42,scoreA,0,145,0,0,0,0,0,0,122,0
263,42,fedrn,0,142,0,0,0,0,0,0,122,0
263,42,final,0,142,0,0,0,0,0,0,122,0
263,8,scoreA,0,0,0,0,0,0,0,185,187,0
263,8,fedrn,0,0,0,0,0,0,0,186,186,0
263,8,final,0,0,0,0,0,0,0,186,186,0
264,60,scoreA,0,0,208,0,0,0,0,0,0,0
264,60,fedrn,0,0,208,0,0,0,0,0,0,0
264,60,final,0,0,208,0,0,0,0,0,0,0
264,46,scoreA,0,0,0,0,0,0,118,0,0,127
264,46,fedrn,0,0,0,0,0,0,122,0,0,127
264,46,final,0,0,0,0,0,0,122,0,0,127
264,27,scoreA,0,0,153,0,0,153,0,0,0,0
264,27,fedrn,0,0,152,0,0,156,0,0,0,0
264,27,final,0,0,152,0,0,156,0,0,0,0
264,17,scoreA,0,0,0,179,150,0,0,0,0,0
264,17,fedrn,0,0,0,180,151,0,0,0,0,0
264,17,final,0,0,0,180,151,0,0,0,0,0
264,91,scoreA,0,0,77,0,0,0,48,0,0,0
264,91,fedrn,0,0,81,0,0,0,46,0,0,0
264,91,final,0,0,81,0,0,0,46,0,0,0
264,14,scoreA,0,0,0,0,0,178,0,0,0,178
264,14,fedrn,0,0,0,0,0,177,0,0,0,179
264,14,final,0,0,0,0,0,177,0,0,0,179
264,93,scoreA,0,0,0,0,0,0,44,0,0,73
264,93,fedrn,0,0,0,0,0,0,44,0,0,72
264,93,final,0,0,0,0,0,0,44,0,0,72
264,36,scoreA,0,150,0,137,0,0,0,0,0,0
264,36,fedrn,0,148,0,137,0,0,0,0,0,0
264,36,final,0,148,0,137,0,0,0,0,0,0
264,16,scoreA,173,0,0,165,0,0,0,0,0,0
264,16,fedrn,172,0,0,165,0,0,0,0,0,0
264,16,final,172,0,0,165,0,0,0,0,0,0
264,79,scoreA,71,0,0,0,0,0,1,0,73,0
264,79,fedrn,72,0,0,0,0,0,1,0,70,0
264,79,final,72,0,0,0,0,0,1,0,70,0
265,56,scoreA,0,0,124,0,0,0,0,0,0,103
265,56,fedrn,0,0,124,0,0,0,0,0,0,103
265,56,final,0,0,124,0,0,0,0,0,0,103
265,32,scoreA,160,0,0,0,0,0,0,0,0,137
265,32,fedrn,159,0,0,0,0,0,0,0,0,137
265,32,final,159,0,0,0,0,0,0,0,0,137
265,46,scoreA,0,0,0,0,0,0,123,0,0,129
265,46,fedrn,0,0,0,0,0,0,123,0,0,128
265,46,final,0,0,0,0,0,0,123,0,0,128
265,65,scoreA,0,0,0,105,96,0,0,0,0,0
265,65,fedrn,0,0,0,105,87,0,0,0,0,0
265,65,final,0,0,0,105,87,0,0,0,0,0
265,75,scoreA,0,0,0,86,0,0,0,0,75,0
265,75,fedrn,0,0,0,85,0,0,0,0,71,0
265,75,final,0,0,0,85,0,0,0,0,71,0
265,28,scoreA,0,0,154,0,0,0,0,146,0,0
265,28,fedrn,0,0,156,0,0,0,0,152,0,0
265,28,final,0,0,156,0,0,0,0,152,0,0
265,98,scoreA,0,0,0,0,55,42,0,0,0,0
265,98,fedrn,0,0,0,0,54,41,0,0,0,0
265,98,final,0,0,0,0,54,41,0,0,0,0
265,73,scoreA,89,0,0,0,0,0,85,0,0,0
265,73,fedrn,87,0,0,0,0,0,84,0,0,0
265,73,final,87,0,0,0,0,0,84,0,0,0
265,64,scoreA,0,0,196,0,0,0,0,0,0,0
265,64,fedrn,0,0,196,0,0,0,0,0,0,0
265,64,final,0,0,196,0,0,0,0,0,0,0
265,71,scoreA,0,88,0,0,0,88,0,0,0,0
265,71,fedrn,0,87,0,0,0,88,0,0,0,0
265,71,final,0,87,0,0,0,88,0,0,0,0
266,93,scoreA,0,0,0,0,0,0,46,0,0,73
266,93,fedrn,0,0,0,0,0,0,46,0,0,72
266,93,final,0,0,0,0,0,0,46,0,0,72
266,11,scoreA,0,0,0,0,189,159,0,0,0,0
266,11,fedrn,0,0,0,0,188,161,0,0,0,0
266,11,final,0,0,0,0,188,161,0,0,0,0
266,62,scoreA,101,0,0,0,0,0,0,83,0,0
266,62,fedrn,99,0,0,0,0,0,0,100,0,0
266,62,final,99,0,0,0,0,0,0,100,0,0
266,13,scoreA,0,0,0,0,0,0,176,0,180,0
266,13,fedrn,0,0,0,0,0,0,176,0,180,0
266,13,final,0,0,0,0,0,0,176,0,180,0
266,91,scoreA,0,0,81,0,0,0,48,0,0,0
266,91,fedrn,0,0,81,0,0,0,42,0,0,0
266,91,final,0,0,81,0,0,0,42,0,0,0
266,6,scoreA,0,192,0,0,0,0,184,0,0,0
266,6,fedrn,0,192,0,0,0,0,182,0,0,0
266,6,final,0,192,0,0,0,0,182,0,0,0
266,67,scoreA,0,88,0,0,0,0,0,0,103,0
266,67,fedrn,0,89,0,0,0,0,0,0,103,0
266,67,final,0,89,0,0,0,0,0,0,103,0
266,99,scoreA,0,0,0,0,2,0,0,1,53,67
266,99,fedrn,0,0,0,0,2,0,0,0,52,65
266,99,final,0,0,0,0,2,0,0,0,52,65
266,14,scoreA,0,0,0,0,0,178,0,0,0,179
266,14,fedrn,0,0,0,0,0,177,0,0,0,176
266,14,final,0,0,0,0,0,177,0,0,0,176
266,27,scoreA,0,0,148,0,0,156,0,0,0,0
266,27,fedrn,0,0,153,0,0,153,0,0,0,0
266,27,final,0,0,153,0,0,153,0,0,0,0
267,64,scoreA,0,0,196,0,0,0,0,0,0,0
267,64,fedrn,0,0,196,0,0,0,0,0,0,0
267,64,final,0,0,196,0,0,0,0,0,0,0
267,65,scoreA,0,0,0,103,91,0,0,0,0,0
267,65,fedrn,0,0,0,105,88,0,0,0,0,0
267,65,final,0,0,0,105,88,0,0,0,0,0
267,46,scoreA,0,0,0,0,0,0,122,0,0,129
267,46,fedrn,0,0,0,0,0,0,123,0,0,126
267,46,final,0,0,0,0,0,0,123,0,0,126
267,16,scoreA,170,0,0,165,0,0,0,0,0,0
267,16,fedrn,176,0,0,166,0,0,0,0,0,0
267,16,final,176,0,0,166,0,0,0,0,0,0
267,30,scoreA,139,0,162,0,0,0,0,0,0,0
267,30,fedrn,149,0,152,0,0,0,0,0,0,0
267,30,final,149,0,152,0,0,0,0,0,0,0
267,54,scoreA,0,114,0,0,0,0,117,0,0,0
267,54,fedrn,0,114,0,0,0,0,116,0,0,0
267,54,final,0,114,0,0,0,0,116,0,0,0
267,90,scoreA,0,0,0,0,0,0,57,0,59,0
267,90,fedrn,0,0,0,0,0,0,55,0,59,0
267,90,final,0,0,0,0,0,0,55,0,59,0
267,63,scoreA,0,0,0,0,84,117,0,0,0,0
267,63,fedrn,0,0,0,0,83,118,0,0,0,0
267,63,final,0,0,0,0,83,118,0,0,0,0
267,41,scoreA,127,0,0,135,0,0,0,0,0,0
267,41,fedrn,127,0,0,134,0,0,0,0,0,0
267,41,final,127,0,0,134,0,0,0,0,0,0
267,80,scoreA,0,0,0,0,0,0,144,0,0,0
267,80,fedrn,0,0,0,0,0,0,143,0,0,0
267,80,final,0,0,0,0,0,0,143,0,0,0
268,22,scoreA,164,0,0,0,0,165,0,0,0,0
268,22,fedrn,164,0,0,0,0,165,0,0,0,0
268,22,final,164,0,0,0,0,165,0,0,0,0
268,73,scoreA,89,0,0,0,0,0,84,0,0,0
268,73,fedrn,89,0,0,0,0,0,84,0,0,0
268,73,final,89,0,0,0,0,0,84,0,0,0
268,35,scoreA,0,0,134,0,0,0,0,0,157,0
268,35,fedrn,0,0,134,0,0,0,0,0,157,0
268,35,final,0,0,134,0,0,0,0,0,157,0
268,99,scoreA,0,0,0,0,2,0,0,0,51,66
268,99,fedrn,0,0,0,0,2,0,0,0,49,66
268,99,final,0,0,0,0,2,0,0,0,49,66
268,13,scoreA,0,0,0,0,0,0,176,0,180,0
268,13,fedrn,0,0,0,0,0,0,174,0,180,0
268,13,final,0,0,0,0,0,0,174,0,180,0
268,27,scoreA,0,0,154,0,0,155,0,0,0,0
268,27,fedrn,0,0,155,0,0,154,0,0,0,0
268,27,final,0,0,155,0,0,154,0,0,0,0
268,17,scoreA,0,0,0,183,152,0,0,0,0,0
268,17,fedrn,0,0,0,179,153,0,0,0,0,0
268,17,final,0,0,0,179,153,0,0,0,0,0
268,93,scoreA,0,0,0,0,0,0,46,0,0,72
268,93,fedrn,0,0,0,0,0,0,45,0,0,73
268,93,final,0,0,0,0,0,0,45,0,0,73
268,67,scoreA,0,88,0,0,0,0,0,0,103,0
268,67,fedrn,0,86,0,0,0,0,0,0,103,0
268,67,final,0,86,0,0,0,0,0,0,103,0
268,88,scoreA,119,0,0,0,0,0,0,0,0,0
268,88,fedrn,119,0,0,0,0,0,0,0,0,0
268,88,final,119,0,0,0,0,0,0,0,0,0
269,87,scoreA,0,0,0,0,0,0,0,0,82,62
269,87,fedrn,0,0,0,0,0,0,0,0,82,59
269,87,final,0,0,0,0,0,0,0,0,82,59
269,58,scoreA,0,0,0,0,119,0,0,0,0,100
269,58,fedrn,0,0,0,0,119,0,0,0,0,100
269,58,final,0,0,0,0,119,0,0,0,0,100
269,27,scoreA,0,0,154,0,0,153,0,0,0,0
269,27,fedrn,0,0,155,0,0,156,0,0,0,0
269,27,final,0,0,155,0,0,156,0,0,0,0
269,3,scoreA,0,0,0,0,0,0,196,0,193,0
269,3,fedrn,0,0,0,0,0,0,196,0,193,0
269,3,final,0,0,0,0,0,0,196,0,193,0
269,17,scoreA,0,0,0,176,153,0,0,0,0,0
269,17,fedrn,0,0,0,181,151,0,0,0,0,0
269,17,final,0,0,0,181,151,0,0,0,0,0
269,37,scoreA,0,0,0,0,0,138,0,137,0,0
269,37,fedrn,0,0,0,0,0,137,0,133,0,0
269,37,final,0,0,0,0,0,137,0,133,0,0
269,55,scoreA,0,0,0,0,118,0,0,105,1,0
269,55,fedrn,0,0,0,0,118,0,0,104,1,0
269,55,final,0,0,0,0,118,0,0,104,1,0
269,84,scoreA,65,0,0,0,0,0,0,0,0,72
269,84,fedrn,64,0,0,0,0,0,0,0,0,71
269,84,final,64,0,0,0,0,0,0,0,0,71
269,2,scoreA,0,0,0,0,0,0,0,0,0,394
269,2,fedrn,0,0,0,0,0,0,0,0,0,394
269,2,final,0,0,0,0,0,0,0,0,0,394
269,23,scoreA,0,166,0,0,0,163,0,0,0,0
269,23,fedrn,0,164,0,0,0,162,0,0,0,0
269,23,final,0,164,0,0,0,162,0,0,0,0
270,67,scoreA,0,87,0,0,0,0,0,0,102,0
270,67,fedrn,0,86,0,0,0,0,0,0,103,0
270,67,final,0,86,0,0,0,0,0,0,103,0
270,4,scoreA,0,0,0,0,0,0,0,196,190,0
270,4,fedrn,0,0,0,0,0,0,0,196,189,0
270,4,final,0,0,0,0,0,0,0,196,189,0
270,31,scoreA,130,152,0,0,0,0,0,0,0,0
270,31,fedrn,143,155,0,0,0,0,0,0,0,0
270,31,final,143,155,0,0,0,0,0,0,0,0
270,90,scoreA,0,0,0,0,0,0,55,0,60,0
270,90,fedrn,0,0,0,0,0,0,55,0,59,0
270,90,final,0,0,0,0,0,0,55,0,59,0
270,32,scoreA,160,0,0,0,0,0,0,0,0,138
270,32,fedrn,160,0,0,0,0,0,0,0,0,138
270,32,final,160,0,0,0,0,0,0,0,0,138
270,58,scoreA,0,0,0,0,118,0,0,0,0,100
270,58,fedrn,0,0,0,0,119,0,0,0,0,100
270,58,final,0,0,0,0,119,0,0,0,0,100
270,3,scoreA,0,0,0,0,0,0,196,0,193,0
270,3,fedrn,0,0,0,0,0,0,196,0,191,0
270,3,final,0,0,0,0,0,0,196,0,191,0
270,93,scoreA,0,0,0,0,0,0,46,0,0,74
270,93,fedrn,0,0,0,0,0,0,45,0,0,71
270,93,final,0,0,0,0,0,0,45,0,0,71
270,44,scoreA,0,0,0,0,0,0,129,130,0,0
270,44,fedrn,0,0,0,0,0,0,129,127,2,0
270,44,final,0,0,0,0,0,0,129,127,2,0
270,91,scoreA,0,0,80,0,0,0,46,0,0,0
270,91,fedrn,0,0,81,0,0,0,42,0,0,0
270,91,final,0,0,81,0,0,0,42,0,0,0
271,50,scoreA,0,0,122,132,0,0,0,0,0,0
271,50,fedrn,0,0,125,125,0,0,0,0,0,0
271,50,final,0,0,125,125,0,0,0,0,0,0
271,52,scoreA,0,0,0,0,0,0,0,117,114,0
271,52,fedrn,0,0,0,0,0,0,0,116,117,0
271,52,final,0,0,0,0,0,0,0,116,117,0
271,27,scoreA,0,0,155,0,0,147,0,0,0,0
271,27,fedrn,0,0,152,0,0,159,0,0,0,0
271,27,final,0,0,152,0,0,159,0,0,0,0
271,40,scoreA,0,0,0,154,0,128,0,0,0,0
271,40,fedrn,0,0,0,154,0,127,0,0,0,0
271,40,final,0,0,0,154,0,127,0,0,0,0
271,31,scoreA,144,157,0,0,0,0,0,0,0,0
271,31,fedrn,145,155,0,0,0,0,0,0,0,0
271,31,final,145,155,0,0,0,0,0,0,0,0
271,80,scoreA,0,0,0,0,0,0,144,0,0,0
271,80,fedrn,0,0,0,0,0,0,142,0,0,0
271,80,final,0,0,0,0,0,0,142,0,0,0
271,18,scoreA,166,0,0,0,0,0,173,0,0,0
271,18,fedrn,167,0,0,0,0,0,174,0,0,0
271,18,final,167,0,0,0,0,0,174,0,0,0
271,71,scoreA,0,88,0,0,0,90,0,0,0,0
271,71,fedrn,0,87,0,0,0,89,0,0,0,0
271,71,final,0,87,0,0,0,89,0,0,0,0
271,67,scoreA,0,87,0,0,0,0,0,0,103,0
271,67,fedrn,0,88,0,0,0,0,0,0,103,0
271,67,final,0,88,0,0,0,0,0,0,103,0
271,42,scoreA,0,143,0,0,0,0,0,0,123,0
271,42,fedrn,0,145,0,0,0,0,0,0,124,0
271,42,final,0,145,0,0,0,0,0,0,124,0
272,38,scoreA,0,0,138,0,0,0,0,141,0,0
272,38,fedrn,0,0,138,0,0,0,0,141,0,0
272,38,final,0,0,138,0,0,0,0,141,0,0
272,26,scoreA,0,0,0,0,0,0,0,160,0,155
272,26,fedrn,0,0,0,0,0,0,0,158,0,155
272,26,final,0,0,0,0,0,0,0,158,0,155
272,60,scoreA,0,0,208,0,0,0,0,0,0,0
272,60,fedrn,0,0,208,0,0,0,0,0,0,0
272,60,final,0,0,208,0,0,0,0,0,0,0
272,79,scoreA,71,0,0,0,0,0,1,0,75,0
272,79,fedrn,72,0,0,0,0,0,3,0,67,0
272,79,final,72,0,0,0,0,0,3,0,67,0
272,27,scoreA,0,0,151,0,0,159,0,0,0,0
272,27,fedrn,0,0,151,0,0,155,0,0,0,0
272,27,final,0,0,151,0,0,155,0,0,0,0
272,0,scoreA,0,0,399,0,0,0,0,0,0,0
272,0,fedrn,0,0,399,0,0,0,0,0,0,0
272,0,final,0,0,399,0,0,0,0,0,0,0
272,2,scoreA,0,0,0,0,0,0,0,0,0,394
272,2,fedrn,0,0,0,0,0,0,0,0,0,394
272,2,final,0,0,0,0,0,0,0,0,0,394
272,92,scoreA,0,48,0,60,0,0,0,0,0,0
272,92,fedrn,0,46,0,60,0,0,0,0,0,0
272,92,final,0,46,0,60,0,0,0,0,0,0
272,21,scoreA,0,0,168,0,0,155,0,0,0,0
272,21,fedrn,0,0,169,0,0,156,0,0,0,0
272,21,final,0,0,169,0,0,156,0,0,0,0
272,50,scoreA,0,0,122,126,0,0,0,0,0,0
272,50,fedrn,0,0,119,134,0,0,0,0,0,0
272,50,final,0,0,119,134,0,0,0,0,0,0
273,98,scoreA,0,0,0,0,54,41,0,0,0,0
273,98,fedrn,0,0,0,0,53,40,0,0,0,0
273,98,final,0,0,0,0,53,40,0,0,0,0
273,69,scoreA,0,0,101,0,87,0,0,0,0,0
273,69,fedrn,0,0,100,0,96,0,0,0,0,0
273,69,final,0,0,100,0,96,0,0,0,0,0
273,0,scoreA,0,0,349,0,0,0,0,0,0,0
273,0,fedrn,0,0,395,0,0,0,0,0,0,0
273,0,final,0,0,395,0,0,0,0,0,0,0
273,84,scoreA,64,0,0,0,0,0,0,0,0,71
273,84,fedrn,63,0,0,0,0,0,0,0,0,71
273,84,final,63,0,0,0,0,0,0,0,0,71
273,90,scoreA,0,0,0,0,0,0,55,0,59,0
273,90,fedrn,0,0,0,0,0,0,54,0,59,0
273,90,final,0,0,0,0,0,0,54,0,59,0
273,83,scoreA,0,0,75,0,0,0,0,0,0,66
273,83,fedrn,0,0,72,0,0,0,0,0,0,67
273,83,final,0,0,72,0,0,0,0,0,0,67
273,44,scoreA,0,0,0,0,0,0,129,132,1,0
273,44,fedrn,0,0,0,0,0,0,129,131,1,0
273,44,final,0,0,0,0,0,0,129,131,1,0
273,65,scoreA,0,0,0,105,95,0,0,0,0,0
273,65,fedrn,0,0,0,105,92,0,0,0,0,0
273,65,final,0,0,0,105,92,0,0,0,0,0
273,68,scoreA,0,0,0,0,0,0,96,0,0,87
273,68,fedrn,0,0,0,0,0,0,95,0,0,87
273,68,final,0,0,0,0,0,0,95,0,0,87
273,58,scoreA,0,0,0,0,119,0,0,0,0,99
273,58,fedrn,0,0,0,0,120,0,0,0,0,99
273,58,final,0,0,0,0,120,0,0,0,0,99
274,35,scoreA,0,0,135,0,0,0,0,0,157,0
274,35,fedrn,0,0,135,0,0,0,0,0,157,0
274,35,final,0,0,135,0,0,0,0,0,157,0
274,45,scoreA,0,0,0,0,122,125,0,0,0,0
274,45,fedrn,0,0,0,0,123,125,0,0,0,0
274,45,final,0,0,0,0,123,125,0,0,0,0
274,68,scoreA,0,0,0,0,0,0,94,0,0,88
274,68,fedrn,0,0,0,0,0,0,95,0,0,86
274,68,final,0,0,0,0,0,0,95,0,0,86
274,38,scoreA,0,0,140,0,0,0,0,141,0,0
274,38,fedrn,0,0,139,0,0,0,0,141,0,0
274,38,final,0,0,139,0,0,0,0,141,0,0
274,65,scoreA,0,0,0,105,96,0,0,0,0,0
274,65,fedrn,0,0,0,105,89,0,0,0,0,0
274,65,final,0,0,0,105,89,0,0,0,0,0
274,5,scoreA,184,0,0,0,0,0,193,0,0,0
274,5,fedrn,186,0,0,0,0,0,194,0,0,0
274,5,final,186,0,0,0,0,0,194,0,0,0
274,86,scoreA,0,65,0,63,0,0,0,0,0,0
274,86,fedrn,0,65,0,63,0,0,0,0,0,0
274,86,final,0,65,0,63,0,0,0,0,0,0
274,17,scoreA,0,0,0,174,153,0,0,0,0,0
274,17,fedrn,0,0,0,181,154,0,0,0,0,0
274,17,final,0,0,0,181,154,0,0,0,0,0
274,78,scoreA,0,0,78,0,92,0,0,0,0,0
274,78,fedrn,0,0,75,0,97,0,0,0,0,0
274,78,final,0,0,75,0,97,0,0,0,0,0
274,99,scoreA,0,0,0,0,2,0,0,0,49,68
274,99,fedrn,0,0,0,0,0,0,0,0,47,68
274,99,final,0,0,0,0,0,0,0,0,47,68
275,39,scoreA,139,0,0,0,0,0,0,0,143,0
275,39,fedrn,140,0,0,0,0,0,0,0,141,0
275,39,final,140,0,0,0,0,0,0,0,141,0
275,0,scoreA,0,0,369,0,0,0,0,0,0,0
275,0,fedrn,0,0,391,0,0,0,0,0,0,0
275,0,final,0,0,391,0,0,0,0,0,0,0
275,16,scoreA,176,0,0,164,0,0,0,0,0,0
275,16,fedrn,175,0,0,165,0,0,0,0,0,0
275,16,final,175,0,0,165,0,0,0,0,0,0
275,56,scoreA,0,0,124,0,0,0,0,0,0,103
275,56,fedrn,0,0,124,0,0,0,0,0,0,102
275,56,final,0,0,124,0,0,0,0,0,0,102
275,89,scoreA,71,0,0,0,0,0,0,0,0,55
275,89,fedrn,70,0,0,0,0,0,0,0,0,55
275,89,final,70,0,0,0,0,0,0,0,0,55
275,13,scoreA,0,0,0,0,0,0,174,0,180,0
275,13,fedrn,0,0,0,0,0,0,174,0,180,0
275,13,final,0,0,0,0,0,0,174,0,180,0
275,76,scoreA,0,83,0,77,0,0,0,0,0,0
275,76,fedrn,0,82,0,77,0,0,0,0,0,0
275,76,final,0,82,0,77,0,0,0,0,0,0
275,70,scoreA,0,0,0,0,0,86,0,0,89,0
275,70,fedrn,0,0,0,0,0,86,0,0,89,0
275,70,final,0,0,0,0,0,86,0,0,89,0
275,37,scoreA,0,0,0,0,0,135,0,146,0,0
275,37,fedrn,0,0,0,0,0,135,0,139,0,0
275,37,final,0,0,0,0,0,135,0,139,0,0
275,77,scoreA,0,86,0,0,0,0,0,0,76,0
275,77,fedrn,0,86,0,0,0,0,0,0,75,0
275,77,final,0,86,0,0,0,0,0,0,75,0
276,92,scoreA,0,47,0,58,0,0,0,0,0,0
276,92,fedrn,0,49,0,58,0,0,0,0,0,0
276,92,final,0,49,0,58,0,0,0,0,0,0
276,88,scoreA,119,0,0,0,0,0,0,0,0,0
276,88,fedrn,119,0,0,0,0,0,0,0,0,0
276,88,final,119,0,0,0,0,0,0,0,0,0
276,98,scoreA,0,0,0,0,52,42,0,0,0,0
276,98,fedrn,0,0,0,0,54,42,0,0,0,0
276,98,final,0,0,0,0,54,42,0,0,0,0
276,37,scoreA,0,0,0,0,0,139,0,135,0,0
276,37,fedrn,0,0,0,0,0,138,0,138,0,0
276,37,final,0,0,0,0,0,138,0,138,0,0
276,3,scoreA,0,0,0,0,0,0,196,0,192,0
276,3,fedrn,0,0,0,0,0,0,196,0,193,0
276,3,final,0,0,0,0,0,0,196,0,193,0
276,49,scoreA,0,0,120,0,0,0,0,125,0,0
276,49,fedrn,0,0,120,0,0,0,0,125,0,0
276,49,final,0,0,120,0,0,0,0,125,0,0
276,51,scoreA,0,0,0,0,115,0,0,123,0,0
276,51,fedrn,0,0,0,0,116,0,0,123,0,0
276,51,final,0,0,0,0,116,0,0,123,0,0
276,30,scoreA,149,0,51,0,0,0,0,0,0,0
276,30,fedrn,149,0,116,0,0,0,0,0,0,0
276,30,final,149,0,116,0,0,0,0,0,0,0
276,52,scoreA,0,0,0,0,0,0,0,116,117,0
276,52,fedrn,0,0,0,0,0,0,0,116,117,0
276,52,final,0,0,0,0,0,0,0,116,117,0
276,2,scoreA,0,0,0,0,0,0,0,0,0,394
276,2,fedrn,0,0,0,0,0,0,0,0,0,394
276,2,final,0,0,0,0,0,0,0,0,0,394
277,74,scoreA,0,0,0,0,0,164,0,0,0,0
277,74,fedrn,0,0,0,0,0,163,0,0,0,0
277,74,final,0,0,0,0,0,163,0,0,0,0
277,98,scoreA,0,0,0,0,54,44,0,0,0,0
277,98,fedrn,0,0,0,0,53,41,0,0,0,0
277,98,final,0,0,0,0,53,41,0,0,0,0
277,16,scoreA,174,0,0,166,0,0,0,0,0,0
277,16,fedrn,176,0,0,165,0,0,0,0,0,0
277,16,final,176,0,0,165,0,0,0,0,0,0
277,0,scoreA,0,0,399,0,0,0,0,0,0,0
277,0,fedrn,0,0,395,0,0,0,0,0,0,0
277,0,final,0,0,395,0,0,0,0,0,0,0
277,94,scoreA,59,51,0,0,0,0,0,0,0,0
277,94,fedrn,60,51,0,0,0,0,0,0,0,0
277,94,final,60,51,0,0,0,0,0,0,0,0
277,23,scoreA,0,167,0,0,0,162,0,0,0,0
277,23,fedrn,0,167,0,0,0,162,0,0,0,0
277,23,final,0,167,0,0,0,162,0,0,0,0
277,31,scoreA,145,155,0,0,0,0,0,0,0,0
277,31,fedrn,145,155,0,0,0,0,0,0,0,0
277,31,final,145,155,0,0,0,0,0,0,0,0
277,33,scoreA,0,0,0,0,0,139,144,0,0,0
277,33,fedrn,0,0,0,0,0,140,144,0,0,0
277,33,final,0,0,0,0,0,140,144,0,0,0
277,75,scoreA,0,0,0,86,0,0,0,0,68,0
277,75,fedrn,0,0,0,86,0,0,0,0,68,0
277,75,final,0,0,0,86,0,0,0,0,68,0
277,12,scoreA,0,0,0,184,0,0,0,0,0,169
277,12,fedrn,0,0,0,186,0,0,0,0,0,173
277,12,final,0,0,0,186,0,0,0,0,0,173
278,58,scoreA,0,0,0,0,119,0,0,0,0,100
278,58,fedrn,0,0,0,0,119,0,0,0,0,99
278,58,final,0,0,0,0,119,0,0,0,0,99
278,9,scoreA,0,372,0,0,0,0,0,0,0,0
278,9,fedrn,0,372,0,0,0,0,0,0,0,0
278,9,final,0,372,0,0,0,0,0,0,0,0
278,30,scoreA,148,0,136,0,0,0,0,0,0,0
278,30,fedrn,147,0,150,0,0,0,0,0,0,0
278,30,final,147,0,150,0,0,0,0,0,0,0
278,19,scoreA,0,0,0,0,0,166,164,0,0,0
278,19,fedrn,0,0,0,0,0,166,164,0,0,0
278,19,final,0,0,0,0,0,166,164,0,0,0
278,76,scoreA,0,83,0,77,0,0,0,0,0,0
278,76,fedrn,0,82,0,76,0,0,0,0,0,0
278,76,final,0,82,0,76,0,0,0,0,0,0
278,51,scoreA,0,0,0,0,118,0,0,124,0,0
278,51,fedrn,0,0,0,0,120,0,0,122,1,0
278,51,final,0,0,0,0,120,0,0,122,1,0
278,92,scoreA,0,51,0,59,0,0,0,0,0,0
278,92,fedrn,0,52,0,59,0,0,0,0,0,0
278,92,final,0,52,0,59,0,0,0,0,0,0
278,53,scoreA,115,0,0,0,0,0,0,115,0,0
278,53,fedrn,116,0,0,0,0,0,0,114,0,0
278,53,final,116,0,0,0,0,0,0,114,0,0
278,77,scoreA,0,86,0,0,0,0,0,0,74,0
278,77,fedrn,0,85,0,0,0,0,0,0,75,0
278,77,final,0,85,0,0,0,0,0,0,75,0
278,89,scoreA,70,0,0,0,0,0,0,0,0,55
278,89,fedrn,70,0,0,0,0,0,0,0,0,55
278,89,final,70,0,0,0,0,0,0,0,0,55
279,65,scoreA,0,0,0,104,95,0,0,0,0,0
279,65,fedrn,0,0,0,105,90,0,0,0,0,0
279,65,final,0,0,0,105,90,0,0,0,0,0
279,76,scoreA,0,83,0,75,0,0,0,0,0,0
279,76,fedrn,0,82,0,74,0,0,0,0,0,0
279,76,final,0,82,0,74,0,0,0,0,0,0
279,13,scoreA,0,0,0,0,0,0,175,0,180,0
279,13,fedrn,0,0,0,0,0,0,174,0,180,0
279,13,final,0,0,0,0,0,0,174,0,180,0
279,79,scoreA,72,0,0,0,0,0,3,0,71,0
279,79,fedrn,72,0,0,0,0,0,5,0,73,0
279,79,final,72,0,0,0,0,0,5,0,73,0
279,7,scoreA,191,183,0,0,0,0,0,0,0,0
279,7,fedrn,190,184,0,0,0,0,0,0,0,0
279,7,final,190,184,0,0,0,0,0,0,0,0
279,8,scoreA,0,0,0,0,0,0,0,186,186,0
279,8,fedrn,0,0,0,0,0,0,0,186,185,0
279,8,final,0,0,0,0,0,0,0,186,185,0
279,3,scoreA,0,0,0,0,0,0,196,0,193,0
279,3,fedrn,0,0,0,0,0,0,196,0,193,0
279,3,final,0,0,0,0,0,0,196,0,193,0
279,22,scoreA,163,0,0,0,0,167,0,0,0,0
279,22,fedrn,163,0,0,0,0,165,0,0,0,0
279,22,final,163,0,0,0,0,165,0,0,0,0
279,68,scoreA,0,0,0,0,0,0,95,0,0,86
279,68,fedrn,0,0,0,0,0,0,94,0,0,85
279,68,final,0,0,0,0,0,0,94,0,0,85
279,44,scoreA,0,0,0,0,0,0,129,131,1,0
279,44,fedrn,0,0,0,0,0,0,129,128,2,0
279,44,final,0,0,0,0,0,0,129,128,2,0
280,91,scoreA,0,0,81,0,0,0,43,0,0,0
280,91,fedrn,0,0,81,0,0,0,40,0,0,0
280,91,final,0,0,81,0,0,0,40,0,0,0
280,52,scoreA,0,0,0,0,0,0,0,116,117,0
280,52,fedrn,0,0,0,0,0,0,0,116,116,0
280,52,final,0,0,0,0,0,0,0,116,116,0
280,43,scoreA,0,0,0,128,0,0,0,0,132,0
280,43,fedrn,0,0,0,126,0,0,0,0,130,0
280,43,final,0,0,0,126,0,0,0,0,130,0
280,4,scoreA,0,0,0,0,0,0,0,196,189,0
280,4,fedrn,0,0,0,0,0,0,0,196,189,0
280,4,final,0,0,0,0,0,0,0,196,189,0
280,1,scoreA,0,0,0,0,196,0,0,0,197,0
280,1,fedrn,0,0,0,0,196,0,0,0,196,0
280,1,final,0,0,0,0,196,0,0,0,196,0
280,53,scoreA,115,0,0,0,0,0,0,116,0,0
280,53,fedrn,116,0,0,0,0,0,0,114,0,0
280,53,final,116,0,0,0,0,0,0,114,0,0
280,76,scoreA,0,83,0,75,0,0,0,0,0,0
280,76,fedrn,0,83,0,75,0,0,0,0,0,0
280,76,final,0,83,0,75,0,0,0,0,0,0
280,15,scoreA,0,0,0,0,0,169,0,171,0,0
280,15,fedrn,0,0,0,0,0,167,0,167,0,0
280,15,final,0,0,0,0,0,167,0,167,0,0
280,38,scoreA,0,0,139,0,0,0,0,141,0,0
280,38,fedrn,0,0,140,0,0,0,0,141,0,0
280,38,final,0,0,140,0,0,0,0,141,0,0
280,6,scoreA,0,191,0,0,0,0,186,0,0,0
280,6,fedrn,0,192,0,0,0,0,185,0,0,0
280,6,final,0,192,0,0,0,0,185,0,0,0
281,27,scoreA,0,0,156,0,0,129,0,0,0,0
281,27,fedrn,0,0,154,0,0,149,0,0,0,0
281,27,final,0,0,154,0,0,149,0,0,0,0
281,59,scoreA,112,0,0,0,0,0,0,104,0,0
281,59,fedrn,110,0,0,0,0,0,0,100,0,0
281,59,final,110,0,0,0,0,0,0,100,0,0
281,89,scoreA,70,0,0,0,0,0,0,0,0,55
281,89,fedrn,70,0,0,0,0,0,0,0,0,55
281,89,final,70,0,0,0,0,0,0,0,0,55
281,56,scoreA,0,0,124,0,0,0,0,0,0,103
281,56,fedrn,0,0,123,0,0,0,0,0,0,102
281,56,final,0,0,123,0,0,0,0,0,0,102
281,41,scoreA,128,0,0,133,0,0,0,0,0,0
281,41,fedrn,128,0,0,133,0,0,0,0,0,0
281,41,final,128,0,0,133,0,0,0,0,0,0
281,80,scoreA,0,0,0,0,0,0,144,0,0,0
281,80,fedrn,0,0,0,0,0,0,141,0,0,0
281,80,final,0,0,0,0,0,0,141,0,0,0
281,91,scoreA,0,0,81,0,0,0,43,0,0,0
281,91,fedrn,0,0,81,0,0,0,40,0,0,0
281,91,final,0,0,81,0,0,0,40,0,0,0
281,39,scoreA,139,0,0,0,0,0,0,0,142,0
281,39,fedrn,140,0,0,0,0,0,0,0,139,0
281,39,final,140,0,0,0,0,0,0,0,139,0
281,30,scoreA,147,0,154,0,0,0,0,0,0,0
281,30,fedrn,149,0,147,0,0,0,0,0,0,0
281,30,final,149,0,147,0,0,0,0,0,0,0
281,69,scoreA,0,0,97,0,102,0,0,0,0,0
281,69,fedrn,0,0,97,0,104,0,0,0,0,0
281,69,final,0,0,97,0,104,0,0,0,0,0
282,5,scoreA,186,0,0,0,0,0,194,0,0,0
282,5,fedrn,187,0,0,0,0,0,193,0,0,0
282,5,final,187,0,0,0,0,0,193,0,0,0
282,67,scoreA,0,89,0,0,0,0,0,0,103,0
282,67,fedrn,0,86,0,0,0,0,0,0,103,0
282,67,final,0,86,0,0,0,0,0,0,103,0
282,14,scoreA,0,0,0,0,0,179,0,0,0,171
282,14,fedrn,0,0,0,0,0,178,0,0,0,173
282,14,final,0,0,0,0,0,178,0,0,0,173
282,25,scoreA,0,0,0,159,0,0,0,0,160,0
282,25,fedrn,0,0,0,159,0,0,0,0,159,0
282,25,final,0,0,0,159,0,0,0,0,159,0
282,79,scoreA,72,0,0,0,0,0,4,0,73,0
282,79,fedrn,72,0,0,0,0,0,4,0,73,0
282,79,final,72,0,0,0,0,0,4,0,73,0
282,49,scoreA,0,0,119,0,0,0,0,126,0,0
282,49,fedrn,0,0,122,0,0,0,0,114,0,0
282,49,final,0,0,122,0,0,0,0,114,0,0
282,62,scoreA,99,0,0,0,0,0,0,108,0,0
282,62,fedrn,99,0,0,0,0,0,0,107,0,0
282,62,final,99,0,0,0,0,0,0,107,0,0
282,87,scoreA,0,0,0,0,0,0,0,0,80,61
282,87,fedrn,0,0,0,0,0,0,0,0,83,59
282,87,final,0,0,0,0,0,0,0,0,83,59
282,63,scoreA,0,0,0,0,67,121,0,0,0,0
282,63,fedrn,0,0,0,0,74,120,0,0,0,0
282,63,final,0,0,0,0,74,120,0,0,0,0
282,78,scoreA,0,0,76,0,97,0,0,0,0,0
282,78,fedrn,0,0,74,0,98,0,0,0,0,0
282,78,final,0,0,74,0,98,0,0,0,0,0
283,70,scoreA,0,0,0,0,0,86,0,0,89,0
283,70,fedrn,0,0,0,0,0,86,0,0,89,0
283,70,final,0,0,0,0,0,86,0,0,89,0
283,89,scoreA,71,0,0,0,0,0,0,0,0,57
283,89,fedrn,71,0,0,0,0,0,0,0,0,55
283,89,final,71,0,0,0,0,0,0,0,0,55
283,11,scoreA,0,0,0,0,186,165,0,0,0,0
283,11,fedrn,0,0,0,0,185,163,0,0,0,0
283,11,final,0,0,0,0,185,163,0,0,0,0
283,46,scoreA,0,0,0,0,0,0,123,0,0,129
283,46,fedrn,0,0,0,0,0,0,123,0,0,129
283,46,final,0,0,0,0,0,0,123,0,0,129
283,33,scoreA,0,0,0,0,0,140,148,0,0,0
283,33,fedrn,0,0,0,0,0,140,148,0,0,0
283,33,final,0,0,0,0,0,140,148,0,0,0
283,96,scoreA,0,40,0,56,0,0,15,0,0,0
283,96,fedrn,0,41,0,54,0,0,12,0,0,0
283,96,final,0,41,0,54,0,0,12,0,0,0
283,13,scoreA,0,0,0,0,0,0,175,0,180,0
283,13,fedrn,0,0,0,0,0,0,174,0,180,0
283,13,final,0,0,0,0,0,0,174,0,180,0
283,90,scoreA,0,0,0,0,0,0,54,0,59,0
283,90,fedrn,0,0,0,0,0,0,54,0,59,0
283,90,final,0,0,0,0,0,0,54,0,59,0
283,40,scoreA,0,0,0,154,0,127,0,0,0,0
283,40,fedrn,0,0,0,154,0,130,0,0,0,1
283,40,final,0,0,0,154,0,130,0,0,0,1
283,8,scoreA,0,0,0,0,0,0,0,186,186,0
283,8,fedrn,0,0,0,0,0,0,0,186,185,0
283,8,final,0,0,0,0,0,0,0,186,185,0
284,44,scoreA,0,0,0,0,0,0,129,132,2,0
284,44,fedrn,0,0,0,0,0,0,129,122,2,0
284,44,final,0,0,0,0,0,0,129,122,2,0
284,57,scoreA,0,0,0,0,116,0,110,0,0,0
284,57,fedrn,0,0,0,0,117,0,107,0,0,0
284,57,final,0,0,0,0,117,0,107,0,0,0
284,84,scoreA,63,0,0,0,0,0,0,0,0,71
284,84,fedrn,63,0,0,0,0,0,0,0,0,71
284,84,final,63,0,0,0,0,0,0,0,0,71
284,6,scoreA,0,192,0,0,0,0,185,0,0,0
284,6,fedrn,0,192,0,0,0,0,184,0,0,0
284,6,final,0,192,0,0,0,0,184,0,0,0
284,69,scoreA,0,0,100,0,98,0,0,0,0,0
284,69,fedrn,0,0,99,0,103,0,0,0,0,0
284,69,final,0,0,99,0,103,0,0,0,0,0
284,20,scoreA,0,0,164,0,0,0,0,167,0,0
284,20,fedrn,0,0,165,0,0,0,0,161,0,0
284,20,final,0,0,165,0,0,0,0,161,0,0
284,9,scoreA,0,372,0,0,0,0,0,0,0,0
284,9,fedrn,0,372,0,0,0,0,0,0,0,0
284,9,final,0,372,0,0,0,0,0,0,0,0
284,92,scoreA,0,48,0,62,0,0,0,0,0,0
284,92,fedrn,0,48,0,60,0,0,0,0,0,0
284,92,final,0,48,0,60,0,0,0,0,0,0
284,7,scoreA,191,182,0,0,0,0,0,0,0,0
284,7,fedrn,189,186,0,0,0,0,0,0,0,0
284,7,final,189,186,0,0,0,0,0,0,0,0
284,27,scoreA,0,0,158,0,0,80,0,0,0,0
284,27,fedrn,0,0,156,0,0,148,0,0,0,0
284,27,final,0,0,156,0,0,148,0,0,0,0
285,7,scoreA,189,185,0,0,0,0,0,0,0,0
285,7,fedrn,190,185,0,0,0,0,0,0,0,0
285,7,final,190,185,0,0,0,0,0,0,0,0
285,57,scoreA,0,0,0,0,115,0,109,0,0,0
285,57,fedrn,0,0,0,0,117,0,109,0,0,0
285,57,final,0,0,0,0,117,0,109,0,0,0
285,62,scoreA,100,0,0,0,0,0,0,108,0,0
285,62,fedrn,99,0,0,0,0,0,0,106,0,0
285,62,final,99,0,0,0,0,0,0,106,0,0
285,68,scoreA,0,0,0,0,0,0,95,0,0,87
285,68,fedrn,0,0,0,0,0,0,95,0,0,87
285,68,final,0,0,0,0,0,0,95,0,0,87
285,26,scoreA,0,0,0,0,0,0,0,162,0,155
285,26,fedrn,0,0,0,0,0,0,0,162,0,155
285,26,final,0,0,0,0,0,0,0,162,0,155
285,6,scoreA,0,193,0,0,0,0,185,0,0,0
285,6,fedrn,0,192,0,0,0,0,186,0,0,0
285,6,final,0,192,0,0,0,0,186,0,0,0
285,32,scoreA,160,0,0,0,0,0,0,0,0,138
285,32,fedrn,159,0,0,0,0,0,0,0,0,139
285,32,final,159,0,0,0,0,0,0,0,0,139
285,14,scoreA,0,0,0,0,0,177,0,0,0,175
285,14,fedrn,0,0,0,0,0,177,0,0,0,172
285,14,final,0,0,0,0,0,177,0,0,0,172
285,49,scoreA,0,0,123,0,0,0,0,122,0,0
285,49,fedrn,0,0,124,0,0,0,0,122,0,0
285,49,final,0,0,124,0,0,0,0,122,0,0
285,88,scoreA,119,0,0,0,0,0,0,0,0,0
285,88,fedrn,119,0,0,0,0,0,0,0,0,0
285,88,final,119,0,0,0,0,0,0,0,0,0
286,57,scoreA,0,0,0,0,118,0,109,0,0,0
286,57,fedrn,0,0,0,0,117,0,109,0,0,0
286,57,final,0,0,0,0,117,0,109,0,0,0
286,27,scoreA,0,0,157,0,0,103,0,0,0,0
286,27,fedrn,0,0,157,0,0,145,0,0,0,0
286,27,final,0,0,157,0,0,145,0,0,0,0
286,65,scoreA,0,0,0,105,94,0,0,0,0,0
286,65,fedrn,0,0,0,105,91,0,0,0,0,0
286,65,final,0,0,0,105,91,0,0,0,0,0
286,68,scoreA,0,0,0,0,0,0,95,0,0,88
286,68,fedrn,0,0,0,0,0,0,95,0,0,88
286,68,final,0,0,0,0,0,0,95,0,0,88
286,88,scoreA,119,0,0,0,0,0,0,0,0,0
286,88,fedrn,119,0,0,0,0,0,0,0,0,0
286,88,final,119,0,0,0,0,0,0,0,0,0
286,64,scoreA,0,0,196,0,0,0,0,0,0,0
286,64,fedrn,0,0,196,0,0,0,0,0,0,0
286,64,final,0,0,196,0,0,0,0,0,0,0
286,87,scoreA,0,0,0,0,0,0,0,0,81,72
286,87,fedrn,0,0,0,0,0,0,0,0,82,65
286,87,final,0,0,0,0,0,0,0,0,82,65
286,8,scoreA,0,0,0,0,0,0,0,186,185,0
286,8,fedrn,0,0,0,0,0,0,0,186,185,0
286,8,final,0,0,0,0,0,0,0,186,185,0
286,76,scoreA,0,83,0,76,0,0,0,0,0,0
286,76,fedrn,0,83,0,76,0,0,0,0,0,0
286,76,final,0,83,0,76,0,0,0,0,0,0
286,38,scoreA,0,0,141,0,0,0,0,141,0,0
286,38,fedrn,0,0,140,0,0,0,0,141,0,0
286,38,final,0,0,140,0,0,0,0,141,0,0
287,7,scoreA,187,185,0,0,0,0,0,0,0,0
287,7,fedrn,189,183,0,0,0,0,0,0,0,0
287,7,final,189,183,0,0,0,0,0,0,0,0
287,44,scoreA,0,0,0,0,0,0,129,119,1,0
287,44,fedrn,0,0,0,0,0,0,129,123,1,0
287,44,final,0,0,0,0,0,0,129,123,1,0
287,81,scoreA,0,0,0,72,0,0,0,73,1,0
287,81,fedrn,0,0,0,72,0,0,0,68,1,0
287,81,final,0,0,0,72,0,0,0,68,1,0
287,96,scoreA,0,38,0,56,0,0,6,0,0,0
287,96,fedrn,4,52,1,54,4,6,18,0,0,0
287,96,final,4,52,1,54,4,6,18,0,0,0
287,43,scoreA,0,0,0,127,0,0,0,0,130,0
287,43,fedrn,0,0,0,123,0,0,0,0,128,0
287,43,final,0,0,0,123,0,0,0,0,128,0
287,40,scoreA,0,0,0,154,0,132,0,0,0,1
287,40,fedrn,0,0,0,154,0,132,0,0,0,1
287,40,final,0,0,0,154,0,132,0,0,0,1
287,49,scoreA,0,0,124,0,0,0,0,123,0,0
287,49,fedrn,0,0,124,0,0,0,0,120,0,0
287,49,final,0,0,124,0,0,0,0,120,0,0
287,13,scoreA,0,0,0,0,0,0,173,0,180,0
287,13,fedrn,0,0,0,0,0,0,173,0,181,0
287,13,final,0,0,0,0,0,0,173,0,181,0
287,76,scoreA,0,83,0,76,0,0,0,0,0,0
287,76,fedrn,0,83,0,75,0,0,0,0,0,0
287,76,final,0,83,0,75,0,0,0,0,0,0
287,97,scoreA,0,0,0,0,73,0,0,0,0,0
287,97,fedrn,0,0,0,0,73,0,0,0,0,0
287,97,final,0,0,0,0,73,0,0,0,0,0
288,31,scoreA,146,154,0,0,0,0,0,0,0,0
288,31,fedrn,145,152,0,0,0,0,0,0,0,0
288,31,final,145,152,0,0,0,0,0,0,0,0
288,96,scoreA,4,48,0,56,5,7,16,0,0,0
288,96,fedrn,4,47,0,55,5,6,17,0,0,0
288,96,final,4,47,0,55,5,6,17,0,0,0
288,8,scoreA,0,0,0,0,0,0,0,185,186,0
288,8,fedrn,0,0,0,0,0,0,0,186,185,0
288,8,final,0,0,0,0,0,0,0,186,185,0
288,15,scoreA,0,0,0,0,0,164,0,172,0,0
288,15,fedrn,0,0,0,0,0,164,0,170,0,0
288,15,final,0,0,0,0,0,164,0,170,0,0
288,45,scoreA,0,0,0,0,124,126,0,0,0,0
288,45,fedrn,0,0,0,0,120,126,0,0,0,0
288,45,final,0,0,0,0,120,126,0,0,0,0
288,99,scoreA,0,0,0,0,0,0,0,0,48,68
288,99,fedrn,0,0,0,0,0,0,0,0,49,63
288,99,final,0,0,0,0,0,0,0,0,49,63
288,66,scoreA,0,102,0,0,91,0,0,0,0,0
288,66,fedrn,0,102,0,0,90,0,0,0,0,0
288,66,final,0,102,0,0,90,0,0,0,0,0
288,81,scoreA,0,0,0,74,0,0,0,70,1,0
288,81,fedrn,0,0,0,73,0,0,0,66,1,0
288,81,final,0,0,0,73,0,0,0,66,1,0
288,95,scoreA,0,0,0,65,50,0,0,0,0,0
288,95,fedrn,0,0,0,62,46,0,0,0,0,0
288,95,final,0,0,0,62,46,0,0,0,0,0
288,3,scoreA,0,0,0,0,0,0,196,0,193,0
288,3,fedrn,0,0,0,0,0,0,196,0,192,0
288,3,final,0,0,0,0,0,0,196,0,192,0
289,44,scoreA,0,0,0,0,0,0,129,132,1,0
289,44,fedrn,0,0,0,0,0,0,129,132,1,0
289,44,final,0,0,0,0,0,0,129,132,1,0
289,23,scoreA,0,166,0,0,0,162,0,0,0,0
289,23,fedrn,0,166,0,0,0,162,0,0,0,0
289,23,final,0,166,0,0,0,162,0,0,0,0
289,59,scoreA,104,0,0,0,0,0,0,104,0,0
289,59,fedrn,110,0,0,0,0,0,0,102,0,0
289,59,final,110,0,0,0,0,0,0,102,0,0
289,65,scoreA,0,0,0,105,97,0,0,0,0,0
289,65,fedrn,0,0,0,95,101,0,0,0,0,0
289,65,final,0,0,0,95,101,0,0,0,0,0
289,94,scoreA,60,52,0,0,0,0,0,0,0,0
289,94,fedrn,57,51,0,0,0,0,0,0,0,0
289,94,final,57,51,0,0,0,0,0,0,0,0
289,70,scoreA,0,0,0,0,0,86,0,0,89,0
289,70,fedrn,0,0,0,0,0,86,0,0,88,0
289,70,final,0,0,0,0,0,86,0,0,88,0
289,63,scoreA,0,0,0,0,83,120,0,0,0,0
289,63,fedrn,0,0,0,0,82,120,0,0,0,0
289,63,final,0,0,0,0,82,120,0,0,0,0
289,46,scoreA,0,0,0,0,0,0,120,0,0,116
289,46,fedrn,0,0,0,0,0,0,123,0,0,127
289,46,final,0,0,0,0,0,0,123,0,0,127
289,41,scoreA,129,0,0,133,0,0,0,0,0,0
289,41,fedrn,128,0,0,132,0,0,0,0,0,0
289,41,final,128,0,0,132,0,0,0,0,0,0
289,75,scoreA,0,0,0,87,0,0,0,0,73,0
289,75,fedrn,0,0,0,87,0,0,0,0,72,0
289,75,final,0,0,0,87,0,0,0,0,72,0
290,41,scoreA,128,0,0,135,0,0,0,0,0,0
290,41,fedrn,129,0,0,134,0,0,0,0,0,0
290,41,final,129,0,0,134,0,0,0,0,0,0
290,52,scoreA,0,0,0,0,0,0,0,116,116,0
290,52,fedrn,0,0,0,0,0,0,0,117,116,0
290,52,final,0,0,0,0,0,0,0,117,116,0
290,1,scoreA,0,0,0,0,196,0,0,0,197,0
290,1,fedrn,0,0,0,0,196,0,0,0,197,0
290,1,final,0,0,0,0,196,0,0,0,197,0
290,85,scoreA,0,64,0,0,69,0,0,0,0,0
290,85,fedrn,0,63,0,0,66,0,0,0,0,0
290,85,final,0,63,0,0,66,0,0,0,0,0
290,17,scoreA,0,0,0,183,147,0,0,0,0,0
290,17,fedrn,0,0,0,181,148,0,0,0,0,0
290,17,final,0,0,0,181,148,0,0,0,0,0
290,64,scoreA,0,0,196,0,0,0,0,0,0,0
290,64,fedrn,0,0,196,0,0,0,0,0,0,0
290,64,final,0,0,196,0,0,0,0,0,0,0
290,20,scoreA,0,0,168,0,0,0,0,159,0,0
290,20,fedrn,0,0,169,0,0,0,0,157,0,0
290,20,final,0,0,169,0,0,0,0,157,0,0
290,7,scoreA,191,185,0,0,0,0,0,0,0,0
290,7,fedrn,190,185,0,0,0,0,0,0,0,0
290,7,final,190,185,0,0,0,0,0,0,0,0
290,50,scoreA,0,0,119,132,0,0,0,0,0,0
290,50,fedrn,0,0,117,137,0,0,0,0,0,0
290,50,final,0,0,117,137,0,0,0,0,0,0
290,11,scoreA,0,0,0,0,188,165,0,0,0,0
290,11,fedrn,0,0,0,0,186,165,0,0,0,0
290,11,final,0,0,0,0,186,165,0,0,0,0
291,41,scoreA,131,0,0,133,0,0,0,0,0,0
291,41,fedrn,131,0,0,134,0,0,0,0,0,0
291,41,final,131,0,0,134,0,0,0,0,0,0
291,26,scoreA,0,0,0,0,0,0,0,162,0,156
291,26,fedrn,0,0,0,0,0,0,0,160,0,155
291,26,final,0,0,0,0,0,0,0,160,0,155
291,6,scoreA,0,192,0,0,0,0,186,0,0,0
291,6,fedrn,0,192,0,0,0,0,186,0,0,0
291,6,final,0,192,0,0,0,0,186,0,0,0
291,25,scoreA,0,0,0,155,0,0,0,0,162,0
291,25,fedrn,0,0,0,159,0,0,0,0,159,0
291,25,final,0,0,0,159,0,0,0,0,159,0
291,42,scoreA,0,145,0,0,0,0,0,0,125,0
291,42,fedrn,0,145,0,0,0,0,0,0,124,0
291,42,final,0,145,0,0,0,0,0,0,124,0
291,22,scoreA,165,0,0,0,0,165,0,0,0,0
291,22,fedrn,165,0,0,0,0,164,0,0,0,0
291,22,final,165,0,0,0,0,164,0,0,0,0
291,0,scoreA,0,0,382,0,0,0,0,0,0,0
291,0,fedrn,0,0,400,0,0,0,0,0,0,0
291,0,final,0,0,400,0,0,0,0,0,0,0
291,62,scoreA,102,0,0,0,0,0,0,95,0,0
291,62,fedrn,98,0,0,0,0,0,0,102,0,0
291,62,final,98,0,0,0,0,0,0,102,0,0
291,79,scoreA,72,0,0,0,0,0,4,0,74,0
291,79,fedrn,72,0,0,0,0,0,4,0,75,0
291,79,final,72,0,0,0,0,0,4,0,75,0
291,61,scoreA,0,0,0,0,0,0,205,0,0,0
291,61,fedrn,0,0,0,0,0,0,205,0,0,0
291,61,final,0,0,0,0,0,0,205,0,0,0
292,19,scoreA,0,0,0,0,0,162,160,0,0,0
292,19,fedrn,0,0,0,0,0,167,159,0,0,0
292,19,final,0,0,0,0,0,167,159,0,0,0
292,29,scoreA,0,0,0,0,0,0,0,0,0,308
292,29,fedrn,0,0,0,0,0,0,0,0,0,308
292,29,final,0,0,0,0,0,0,0,0,0,308
292,71,scoreA,0,88,0,0,0,89,0,0,0,0
292,71,fedrn,0,87,0,0,0,88,0,0,0,0
292,71,final,0,87,0,0,0,88,0,0,0,0
292,82,scoreA,0,0,0,0,73,0,0,0,69,0
292,82,fedrn,0,0,0,0,72,0,0,0,68,0
292,82,final,0,0,0,0,72,0,0,0,68,0
292,42,scoreA,0,144,0,0,0,0,0,0,124,0
292,42,fedrn,0,144,0,0,0,0,0,0,124,0
292,42,final,0,144,0,0,0,0,0,0,124,0
292,11,scoreA,0,0,0,0,173,161,0,0,0,0
292,11,fedrn,0,0,0,0,182,163,0,0,0,0
292,11,final,0,0,0,0,182,163,0,0,0,0
292,66,scoreA,0,102,0,0,94,0,0,0,0,0
292,66,fedrn,0,101,0,0,92,0,0,0,0,0
292,66,final,0,101,0,0,92,0,0,0,0,0
292,26,scoreA,0,0,0,0,0,0,0,157,0,154
292,26,fedrn,0,0,0,0,0,0,0,160,0,155
292,26,final,0,0,0,0,0,0,0,160,0,155
292,80,scoreA,0,0,0,0,0,0,144,0,0,0
292,80,fedrn,0,0,0,0,0,0,142,0,0,0
292,80,final,0,0,0,0,0,0,142,0,0,0
292,14,scoreA,0,0,0,0,0,177,0,0,0,174
292,14,fedrn,0,0,0,0,0,177,0,0,0,175
292,14,final,0,0,0,0,0,177,0,0,0,175
293,95,scoreA,0,0,0,59,53,0,0,0,0,0
293,95,fedrn,0,0,0,61,45,0,0,0,0,0
293,95,final,0,0,0,61,45,0,0,0,0,0
293,36,scoreA,0,151,0,136,0,0,0,0,0,0
293,36,fedrn,0,150,0,137,0,0,0,0,0,0
293,36,final,0,150,0,137,0,0,0,0,0,0
293,4,scoreA,0,0,0,0,0,0,0,196,188,0
293,4,fedrn,0,0,0,0,0,0,0,196,188,0
293,4,final,0,0,0,0,0,0,0,196,188,0
293,78,scoreA,0,0,75,0,99,0,0,0,0,0
293,78,fedrn,0,0,76,0,99,0,0,0,0,0
293,78,final,0,0,76,0,99,0,0,0,0,0
293,80,scoreA,0,0,0,0,0,0,144,0,0,0
293,80,fedrn,0,0,0,0,0,0,142,0,0,0
293,80,final,0,0,0,0,0,0,142,0,0,0
293,88,scoreA,119,0,0,0,0,0,0,1,0,0
293,88,fedrn,119,0,0,0,0,0,0,0,0,0
293,88,final,119,0,0,0,0,0,0,0,0,0
293,2,scoreA,0,0,0,0,0,0,0,0,0,394
293,2,fedrn,0,0,0,0,0,0,0,0,0,394
293,2,final,0,0,0,0,0,0,0,0,0,394
293,84,scoreA,68,0,0,0,0,0,0,0,0,68
293,84,fedrn,66,0,0,0,0,0,0,0,0,68
293,84,final,66,0,0,0,0,0,0,0,0,68
293,49,scoreA,0,0,122,0,0,0,0,125,0,0
293,49,fedrn,0,0,120,0,0,0,0,126,0,0
293,49,final,0,0,120,0,0,0,0,126,0,0
293,70,scoreA,0,0,0,0,0,86,0,0,89,0
293,70,fedrn,0,0,0,0,0,86,0,0,89,0
293,70,final,0,0,0,0,0,86,0,0,89,0
294,30,scoreA,146,0,153,0,0,0,0,0,0,0
294,30,fedrn,141,0,153,0,0,0,0,0,0,0
294,30,final,141,0,153,0,0,0,0,0,0,0
294,60,scoreA,0,0,208,0,0,0,0,0,0,0
294,60,fedrn,0,0,208,0,0,0,0,0,0,0
294,60,final,0,0,208,0,0,0,0,0,0,0
294,44,scoreA,0,0,0,0,0,0,129,132,1,0
294,44,fedrn,0,0,0,0,0,0,129,132,2,0
294,44,final,0,0,0,0,0,0,129,132,2,0
294,28,scoreA,0,0,157,0,0,0,0,146,0,0
294,28,fedrn,0,0,156,0,0,0,0,147,0,0
294,28,final,0,0,156,0,0,0,0,147,0,0
294,96,scoreA,4,44,0,56,4,6,17,0,0,0
294,96,fedrn,2,43,0,55,2,1,16,0,0,0
294,96,final,2,43,0,55,2,1,16,0,0,0
294,70,scoreA,0,0,0,0,0,83,0,0,91,0
294,70,fedrn,0,0,0,0,0,86,0,0,88,0
294,70,final,0,0,0,0,0,86,0,0,88,0
294,33,scoreA,0,0,0,0,0,142,146,0,0,0
294,33,fedrn,0,0,0,0,0,140,144,0,0,0
294,33,final,0,0,0,0,0,140,144,0,0,0
294,72,scoreA,0,102,0,0,0,0,0,0,0,94
294,72,fedrn,0,102,0,0,0,0,0,0,0,94
294,72,final,0,102,0,0,0,0,0,0,0,94
294,52,scoreA,0,0,0,0,0,0,0,117,115,0
294,52,fedrn,0,0,0,0,0,0,0,117,116,0
294,52,final,0,0,0,0,0,0,0,117,116,0
294,43,scoreA,0,0,0,119,0,0,0,0,131,0
294,43,fedrn,0,0,0,124,0,0,0,0,130,0
294,43,final,0,0,0,124,0,0,0,0,130,0
295,42,scoreA,0,146,0,0,0,0,0,0,122,0
295,42,fedrn,0,146,0,0,0,0,0,0,122,0
295,42,final,0,146,0,0,0,0,0,0,122,0
295,93,scoreA,0,0,0,0,0,0,45,0,0,72
295,93,fedrn,0,0,0,0,0,0,46,0,0,67
295,93,final,0,0,0,0,0,0,46,0,0,67
295,89,scoreA,71,0,0,0,0,0,0,0,0,54
295,89,fedrn,70,0,0,0,0,0,0,0,0,51
295,89,final,70,0,0,0,0,0,0,0,0,51
295,82,scoreA,0,0,0,0,73,0,0,0,68,0
295,82,fedrn,0,0,0,0,69,0,0,0,67,0
295,82,final,0,0,0,0,69,0,0,0,67,0
295,21,scoreA,0,0,169,0,0,149,0,0,0,0
295,21,fedrn,0,0,171,0,0,157,0,0,0,0
295,21,final,0,0,171,0,0,157,0,0,0,0
295,61,scoreA,0,0,0,0,0,0,205,0,0,0
295,61,fedrn,0,0,0,0,0,0,205,0,0,0
295,61,final,0,0,0,0,0,0,205,0,0,0
295,19,scoreA,0,0,0,0,0,170,154,0,0,0
295,19,fedrn,0,0,0,0,0,169,150,0,0,0
295,19,final,0,0,0,0,0,169,150,0,0,0
295,83,scoreA,0,0,74,0,0,0,0,0,0,66
295,83,fedrn,0,0,72,0,0,0,0,0,0,65
295,83,final,0,0,72,0,0,0,0,0,0,65
295,32,scoreA,160,0,0,0,0,0,0,0,0,137
295,32,fedrn,160,0,0,0,0,0,0,0,0,138
295,32,final,160,0,0,0,0,0,0,0,0,138
295,56,scoreA,0,0,122,0,0,0,0,0,0,102
295,56,fedrn,0,0,123,0,0,0,0,0,0,101
295,56,final,0,0,123,0,0,0,0,0,0,101
296,78,scoreA,0,0,75,0,99,0,0,0,0,0
296,78,fedrn,0,0,73,0,99,0,0,0,0,0
296,78,final,0,0,73,0,99,0,0,0,0,0
296,66,scoreA,0,101,0,0,91,0,0,0,0,0
296,66,fedrn,0,101,0,0,89,0,0,0,0,0
296,66,final,0,101,0,0,89,0,0,0,0,0
296,54,scoreA,0,114,0,0,0,0,116,0,0,0
296,54,fedrn,0,114,0,0,0,0,115,0,0,0
296,54,final,0,114,0,0,0,0,115,0,0,0
296,83,scoreA,0,0,72,0,0,0,0,0,0,66
296,83,fedrn,0,0,73,0,0,0,0,0,0,65
296,83,final,0,0,73,0,0,0,0,0,0,65
296,47,scoreA,0,0,0,0,0,131,0,0,0,117
296,47,fedrn,0,0,0,0,0,131,0,0,0,117
296,47,final,0,0,0,0,0,131,0,0,0,117
296,35,scoreA,0,0,135,0,0,0,0,0,157,0
296,35,fedrn,0,0,136,0,0,0,0,0,157,0
296,35,final,0,0,136,0,0,0,0,0,157,0
296,49,scoreA,0,0,120,0,0,0,0,128,0,0
296,49,fedrn,0,0,121,0,0,0,0,128,0,0
296,49,final,0,0,121,0,0,0,0,128,0,0
296,65,scoreA,0,0,0,100,102,0,0,0,0,0
296,65,fedrn,0,0,0,100,98,0,0,0,0,0
296,65,final,0,0,0,100,98,0,0,0,0,0
296,55,scoreA,0,0,0,0,115,0,0,109,1,0
296,55,fedrn,0,0,0,0,118,0,0,107,1,0
296,55,final,0,0,0,0,118,0,0,107,1,0
296,33,scoreA,0,0,0,0,0,136,153,0,0,0
296,33,fedrn,0,0,0,0,0,139,150,0,0,0
296,33,final,0,0,0,0,0,139,150,0,0,0
297,15,scoreA,0,0,0,0,0,166,0,171,0,0
297,15,fedrn,0,0,0,0,0,167,0,167,0,0
297,15,final,0,0,0,0,0,167,0,167,0,0
297,12,scoreA,0,0,0,187,0,0,0,0,0,173
297,12,fedrn,0,0,0,187,0,0,0,0,0,172
297,12,final,0,0,0,187,0,0,0,0,0,172
297,69,scoreA,0,0,95,0,93,0,0,0,0,0
297,69,fedrn,0,0,96,0,97,0,0,0,0,0
297,69,final,0,0,96,0,97,0,0,0,0,0
297,62,scoreA,98,0,0,0,0,0,0,106,0,0
297,62,fedrn,97,0,0,0,0,0,0,106,0,0
297,62,final,97,0,0,0,0,0,0,106,0,0
297,48,scoreA,0,0,0,131,113,0,0,0,0,0
297,48,fedrn,0,0,0,130,111,0,0,0,0,0
297,48,final,0,0,0,130,111,0,0,0,0,0
297,97,scoreA,0,0,0,0,73,0,0,0,0,0
297,97,fedrn,0,0,0,0,73,3,0,0,0,0
297,97,final,0,0,0,0,73,3,0,0,0,0
297,65,scoreA,0,0,0,103,96,0,0,0,0,0
297,65,fedrn,0,0,0,102,95,0,0,0,0,0
297,65,final,0,0,0,102,95,0,0,0,0,0
297,77,scoreA,0,86,0,0,0,0,0,0,74,0
297,77,fedrn,0,86,0,0,0,0,0,0,75,0
297,77,final,0,86,0,0,0,0,0,0,75,0
297,29,scoreA,0,0,0,0,0,0,0,0,0,308
297,29,fedrn,0,0,0,0,0,0,0,0,0,308
297,29,final,0,0,0,0,0,0,0,0,0,308
297,39,scoreA,139,0,0,0,0,0,0,0,142,0
297,39,fedrn,139,0,0,0,0,0,0,0,145,0
297,39,final,139,0,0,0,0,0,0,0,145,0
298,57,scoreA,0,0,0,0,117,0,108,0,0,0
298,57,fedrn,0,0,0,0,117,0,107,0,0,0
298,57,final,0,0,0,0,117,0,107,0,0,0
298,93,scoreA,0,0,0,0,0,0,47,0,0,66
298,93,fedrn,0,0,0,0,0,0,47,0,0,64
298,93,final,0,0,0,0,0,0,47,0,0,64
298,39,scoreA,139,0,0,0,0,0,0,0,144,0
298,39,fedrn,138,0,0,0,0,0,0,0,145,0
298,39,final,138,0,0,0,0,0,0,0,145,0
298,97,scoreA,0,0,0,0,73,3,0,0,0,0
298,97,fedrn,0,0,0,0,73,3,0,0,0,0
298,97,final,0,0,0,0,73,3,0,0,0,0
298,80,scoreA,0,0,0,0,0,0,144,0,0,0
298,80,fedrn,0,0,0,0,0,0,141,0,0,0
298,80,final,0,0,0,0,0,0,141,0,0,0
298,29,scoreA,0,0,0,0,0,0,0,0,0,308
298,29,fedrn,0,0,0,0,0,0,0,0,0,308
298,29,final,0,0,0,0,0,0,0,0,0,308
298,53,scoreA,116,0,0,0,0,0,0,115,0,0
298,53,fedrn,117,0,0,0,0,0,0,114,0,0
298,53,final,117,0,0,0,0,0,0,114,0,0
298,59,scoreA,110,0,0,0,0,0,0,102,0,0
298,59,fedrn,109,0,0,0,0,0,0,101,0,0
298,59,final,109,0,0,0,0,0,0,101,0,0
298,91,scoreA,0,0,81,0,0,0,45,0,0,0
298,91,fedrn,0,0,81,0,0,0,40,0,1,0
298,91,final,0,0,81,0,0,0,40,0,1,0
298,21,scoreA,0,0,167,0,0,155,0,0,0,0
298,21,fedrn,0,0,166,0,0,153,0,0,0,0
298,21,final,0,0,166,0,0,153,0,0,0,0
299,93,scoreA,0,0,0,0,0,0,48,0,0,66
299,93,fedrn,0,0,0,0,0,0,48,0,0,65
299,93,final,0,0,0,0,0,0,48,0,0,65
299,47,scoreA,0,0,0,0,0,131,0,0,0,117
299,47,fedrn,0,0,0,0,0,130,0,0,0,117
299,47,final,0,0,0,0,0,130,0,0,0,117
299,50,scoreA,0,0,104,135,0,0,0,0,0,0
299,50,fedrn,0,0,118,137,0,0,0,0,0,0
299,50,final,0,0,118,137,0,0,0,0,0,0
299,64,scoreA,0,0,196,0,0,0,0,0,0,0
299,64,fedrn,0,0,196,0,0,0,0,0,0,0
299,64,final,0,0,196,0,0,0,0,0,0,0
299,34,scoreA,0,0,0,156,0,0,0,128,0,0
299,34,fedrn,0,0,0,156,0,0,0,122,0,0
299,34,final,0,0,0,156,0,0,0,122,0,0
299,97,scoreA,0,0,0,0,73,3,0,0,0,0
299,97,fedrn,0,0,0,0,73,2,0,0,0,0
299,97,final,0,0,0,0,73,2,0,0,0,0
299,92,scoreA,0,49,0,62,0,0,0,0,0,0
299,92,fedrn,0,48,0,58,0,0,0,0,0,0
299,92,final,0,48,0,58,0,0,0,0,0,0
299,61,scoreA,0,0,0,0,0,0,205,0,0,0
299,61,fedrn,0,0,0,0,0,0,205,0,0,0
299,61,final,0,0,0,0,0,0,205,0,0,0
299,81,scoreA,0,0,0,73,0,0,0,66,1,0
299,81,fedrn,0,0,0,72,0,0,0,67,1,0
299,81,final,0,0,0,72,0,0,0,67,1,0
299,20,scoreA,0,0,168,0,0,0,0,160,0,0
299,20,fedrn,0,0,167,0,0,0,0,166,0,0
299,20,final,0,0,167,0,0,0,0,166,0,0
300,85,scoreA,0,63,0,0,66,0,0,0,0,0
300,85,fedrn,0,63,0,0,65,0,0,0,0,0
300,85,final,0,63,0,0,65,0,0,0,0,0
300,47,scoreA,0,0,0,0,0,129,0,0,0,117
300,47,fedrn,0,0,0,0,0,129,0,0,0,116
300,47,final,0,0,0,0,0,129,0,0,0,116
300,98,scoreA,0,0,0,0,55,42,0,0,0,0
300,98,fedrn,0,0,0,0,55,40,0,0,0,0
300,98,final,0,0,0,0,55,40,0,0,0,0
300,19,scoreA,0,0,0,0,0,171,157,0,0,0
300,19,fedrn,0,0,0,0,0,171,157,0,0,0
300,19,final,0,0,0,0,0,171,157,0,0,0
300,0,scoreA,0,0,383,0,0,0,0,0,0,0
300,0,fedrn,0,0,398,0,0,0,0,0,0,0
300,0,final,0,0,398,0,0,0,0,0,0,0
300,59,scoreA,113,0,0,0,0,0,0,102,0,0
300,59,fedrn,111,0,0,0,0,0,0,102,0,0
300,59,final,111,0,0,0,0,0,0,102,0,0
300,25,scoreA,0,0,0,158,0,0,0,0,160,0
300,25,fedrn,0,0,0,159,0,0,0,0,158,0
300,25,final,0,0,0,159,0,0,0,0,158,0
300,92,scoreA,0,49,0,58,0,0,0,0,0,0
300,92,fedrn,0,52,0,59,0,0,0,0,0,0
300,92,final,0,52,0,59,0,0,0,0,0,0
300,65,scoreA,0,0,0,102,96,0,0,0,0,0
300,65,fedrn,0,0,0,102,95,0,0,0,0,0
300,65,final,0,0,0,102,95,0,0,0,0,0
300,82,scoreA,0,0,0,0,70,0,0,0,68,0
300,82,fedrn,0,0,0,0,68,0,0,0,68,0
300,82,final,0,0,0,0,68,0,0,0,68,0
301,59,scoreA,111,0,0,0,0,0,0,105,0,0
301,59,fedrn,111,0,0,0,0,0,0,103,0,0
301,59,final,111,0,0,0,0,0,0,103,0,0
301,86,scoreA,0,65,0,64,0,0,0,0,0,0
301,86,fedrn,0,64,0,63,0,0,0,0,0,0
301,86,final,0,64,0,63,0,0,0,0,0,0
301,46,scoreA,0,0,0,0,0,0,123,0,0,129
301,46,fedrn,0,0,0,0,0,0,122,0,0,129
301,46,final,0,0,0,0,0,0,122,0,0,129
301,19,scoreA,0,0,0,0,0,172,161,0,0,0
301,19,fedrn,0,0,0,0,0,171,161,0,0,0
301,19,final,0,0,0,0,0,171,161,0,0,0
301,58,scoreA,0,0,0,0,119,0,0,0,0,100
301,58,fedrn,0,0,0,0,119,0,0,0,0,100
301,58,final,0,0,0,0,119,0,0,0,0,100
301,28,scoreA,0,0,150,0,0,0,0,153,0,0
301,28,fedrn,0,0,156,0,0,0,0,151,0,0
301,28,final,0,0,156,0,0,0,0,151,0,0
301,5,scoreA,187,0,0,0,0,0,193,0,0,0
301,5,fedrn,187,0,0,0,0,0,194,0,0,0
301,5,final,187,0,0,0,0,0,194,0,0,0
301,77,scoreA,0,86,0,0,0,0,0,0,74,0
301,77,fedrn,0,86,0,0,0,0,0,0,75,0
301,77,final,0,86,0,0,0,0,0,0,75,0
301,88,scoreA,119,0,0,0,0,0,0,0,0,0
301,88,fedrn,119,0,0,0,0,0,0,0,0,0
301,88,final,119,0,0,0,0,0,0,0,0,0
301,97,scoreA,0,0,0,0,73,4,0,0,0,0
301,97,fedrn,0,0,0,0,73,4,0,0,0,0
301,97,final,0,0,0,0,73,4,0,0,0,0
302,72,scoreA,0,102,0,0,0,0,0,0,0,91
302,72,fedrn,0,102,0,0,0,0,0,0,0,92
302,72,final,0,102,0,0,0,0,0,0,0,92
302,5,scoreA,186,0,0,0,0,0,194,0,0,0
302,5,fedrn,185,0,0,0,0,0,193,0,0,0
302,5,final,185,0,0,0,0,0,193,0,0,0
302,96,scoreA,2,41,0,54,2,1,14,0,0,0
302,96,fedrn,2,42,0,55,1,1,14,0,0,0
302,96,final,2,42,0,55,1,1,14,0,0,0
302,1,scoreA,0,0,0,0,196,0,0,0,197,0
302,1,fedrn,0,0,0,0,197,0,0,0,195,0
302,1,final,0,0,0,0,197,0,0,0,195,0
302,83,scoreA,0,0,75,0,0,0,0,0,0,64
302,83,fedrn,0,0,73,0,0,0,0,0,0,63
302,83,final,0,0,73,0,0,0,0,0,0,63
302,57,scoreA,0,0,0,0,117,0,105,0,0,0
302,57,fedrn,0,0,0,0,118,0,105,0,0,0
302,57,final,0,0,0,0,118,0,105,0,0,0
302,64,scoreA,0,0,196,0,0,0,0,0,0,0
302,64,fedrn,0,0,196,0,0,0,0,0,0,0
302,64,final,0,0,196,0,0,0,0,0,0,0
302,25,scoreA,0,0,0,160,0,0,0,0,157,0
302,25,fedrn,0,0,0,160,0,0,0,0,157,0
302,25,final,0,0,0,160,0,0,0,0,157,0
302,98,scoreA,0,0,0,0,57,45,0,0,0,0
302,98,fedrn,0,0,0,0,43,48,0,0,0,0
302,98,final,0,0,0,0,43,48,0,0,0,0
302,87,scoreA,0,0,0,0,0,0,0,0,80,64
302,87,fedrn,0,0,0,0,0,0,0,0,82,65
302,87,final,0,0,0,0,0,0,0,0,82,65
303,87,scoreA,0,0,0,0,0,0,0,0,81,64
303,87,fedrn,0,0,0,0,0,0,0,0,82,63
303,87,final,0,0,0,0,0,0,0,0,82,63
303,2,scoreA,0,0,0,0,0,0,0,0,0,394
303,2,fedrn,0,0,0,0,0,0,0,0,0,394
303,2,final,0,0,0,0,0,0,0,0,0,394
303,74,scoreA,0,0,0,0,0,164,0,0,0,0
303,74,fedrn,0,0,0,0,0,163,0,0,0,0
303,74,final,0,0,0,0,0,163,0,0,0,0
303,29,scoreA,0,0,0,0,0,0,0,0,0,308
303,29,fedrn,0,0,0,0,0,0,0,0,0,308
303,29,final,0,0,0,0,0,0,0,0,0,308
303,57,scoreA,0,0,0,0,115,0,106,0,0,0
303,57,fedrn,0,0,0,0,116,0,108,0,0,0
303,57,final,0,0,0,0,116,0,108,0,0,0
303,45,scoreA,0,0,0,0,123,128,0,0,0,0
303,45,fedrn,0,0,0,0,122,126,0,0,0,0
303,45,final,0,0,0,0,122,126,0,0,0,0
303,71,scoreA,0,88,0,0,0,88,0,0,0,0
303,71,fedrn,0,86,0,0,0,88,0,0,0,0
303,71,final,0,86,0,0,0,88,0,0,0,0
303,69,scoreA,0,0,98,0,102,0,0,0,0,0
303,69,fedrn,0,0,98,0,104,0,0,0,0,0
303,69,final,0,0,98,0,104,0,0,0,0,0
303,91,scoreA,0,0,81,0,0,0,40,0,1,0
303,91,fedrn,0,0,81,0,0,0,39,0,1,0
303,91,final,0,0,81,0,0,0,39,0,1,0
303,98,scoreA,0,0,0,0,45,51,0,0,0,0
303,98,fedrn,0,0,0,0,47,43,0,0,0,0
303,98,final,0,0,0,0,47,43,0,0,0,0
304,17,scoreA,0,0,0,179,151,0,0,0,0,0
304,17,fedrn,0,0,0,180,151,0,0,0,0,0
304,17,final,0,0,0,180,151,0,0,0,0,0
304,27,scoreA,0,0,160,0,0,6,0,0,0,0
304,27,fedrn,0,0,160,0,0,6,0,0,0,0
304,27,final,0,0,160,0,0,6,0,0,0,0
304,95,scoreA,0,0,0,59,51,0,0,0,0,0
304,95,fedrn,0,0,0,59,48,0,0,0,0,0
304,95,final,0,0,0,59,48,0,0,0,0,0
304,42,scoreA,0,147,0,0,0,0,0,0,124,0
304,42,fedrn,0,145,0,0,0,0,0,0,124,0
304,42,final,0,145,0,0,0,0,0,0,124,0
304,86,scoreA,0,64,0,64,0,0,0,0,0,0
304,86,fedrn,0,64,0,63,0,0,0,0,0,0
304,86,final,0,64,0,63,0,0,0,0,0,0
304,14,scoreA,0,0,0,0,0,176,0,0,0,175
304,14,fedrn,0,0,0,0,0,178,0,0,0,174
304,14,final,0,0,0,0,0,178,0,0,0,174
304,20,scoreA,0,0,166,0,0,0,0,161,0,0
304,20,fedrn,0,0,168,0,0,0,0,159,0,0
304,20,final,0,0,168,0,0,0,0,159,0,0
304,57,scoreA,0,0,0,0,118,0,108,0,0,0
304,57,fedrn,0,0,0,0,117,0,107,0,0,0
304,57,final,0,0,0,0,117,0,107,0,0,0
304,15,scoreA,0,0,0,0,0,168,0,172,0,0
304,15,fedrn,0,0,0,0,0,167,0,169,0,0
304,15,final,0,0,0,0,0,167,0,169,0,0
304,33,scoreA,0,0,0,0,0,140,146,0,0,0
304,33,fedrn,0,0,0,0,0,140,146,0,0,0
304,33,final,0,0,0,0,0,140,146,0,0,0
305,82,scoreA,0,0,0,0,69,0,0,0,68,0
305,82,fedrn,0,0,0,0,68,0,0,0,68,0
305,82,final,0,0,0,0,68,0,0,0,68,0
305,29,scoreA,0,0,0,0,0,0,0,0,0,308
305,29,fedrn,0,0,0,0,0,0,0,0,0,308
305,29,final,0,0,0,0,0,0,0,0,0,308
305,56,scoreA,0,0,123,0,0,0,0,0,0,100
305,56,fedrn,0,0,123,0,0,0,0,0,0,102
305,56,final,0,0,123,0,0,0,0,0,0,102
305,4,scoreA,0,0,0,0,0,0,0,196,189,0
305,4,fedrn,0,0,0,0,0,0,0,196,188,0
305,4,final,0,0,0,0,0,0,0,196,188,0
305,77,scoreA,0,83,0,0,0,0,0,0,75,0
305,77,fedrn,0,83,0,0,0,0,0,0,75,0
305,77,final,0,83,0,0,0,0,0,0,75,0
305,72,scoreA,0,100,0,0,0,0,0,0,0,93
305,72,fedrn,0,101,0,0,0,0,0,0,0,93
305,72,final,0,101,0,0,0,0,0,0,0,93
305,37,scoreA,0,0,0,0,0,132,0,140,0,0
305,37,fedrn,0,0,0,0,0,131,0,139,1,0
305,37,final,0,0,0,0,0,131,0,139,1,0
305,71,scoreA,0,87,0,0,0,89,0,0,0,0
305,71,fedrn,0,86,0,0,0,88,0,0,0,0
305,71,final,0,86,0,0,0,88,0,0,0,0
305,40,scoreA,0,0,0,154,0,131,0,0,0,1
305,40,fedrn,0,0,0,153,0,132,0,0,0,1
305,40,final,0,0,0,153,0,132,0,0,0,1
305,52,scoreA,0,0,0,0,0,0,0,117,116,0
305,52,fedrn,0,0,0,0,0,0,0,116,116,0
305,52,final,0,0,0,0,0,0,0,116,116,0
306,40,scoreA,0,0,0,150,0,128,0,0,0,1
306,40,fedrn,0,0,0,154,0,131,0,0,0,1
306,40,final,0,0,0,154,0,131,0,0,0,1
306,10,scoreA,0,0,0,177,0,0,0,177,0,0
306,10,fedrn,0,0,0,173,0,0,0,173,0,0
306,10,final,0,0,0,173,0,0,0,173,0,0
306,69,scoreA,0,0,101,0,28,0,0,0,0,0
306,69,fedrn,0,0,101,0,81,1,0,0,1,0
306,69,final,0,0,101,0,81,1,0,0,1,0
306,68,scoreA,0,0,0,0,0,0,95,0,0,87
306,68,fedrn,0,0,0,0,0,0,95,0,0,87
306,68,final,0,0,0,0,0,0,95,0,0,87
306,60,scoreA,0,0,208,0,0,0,0,0,0,0
306,60,fedrn,0,0,208,0,0,0,0,0,0,0
306,60,final,0,0,208,0,0,0,0,0,0,0
306,28,scoreA,0,0,156,0,0,0,0,151,0,0
306,28,fedrn,0,0,156,0,0,0,0,151,0,0
306,28,final,0,0,156,0,0,0,0,151,0,0
306,0,scoreA,0,0,380,0,0,0,0,0,0,0
306,0,fedrn,0,0,398,0,0,0,0,0,0,0
306,0,final,0,0,398,0,0,0,0,0,0,0
306,91,scoreA,0,0,81,0,0,0,44,0,1,0
306,91,fedrn,0,0,81,0,0,0,42,0,1,0
306,91,final,0,0,81,0,0,0,42,0,1,0
306,19,scoreA,0,0,0,0,0,170,166,0,0,0
306,19,fedrn,0,0,0,0,0,170,162,0,0,0
306,19,final,0,0,0,0,0,170,162,0,0,0
306,99,scoreA,0,0,0,0,0,0,0,0,49,62
306,99,fedrn,0,0,0,0,0,0,0,1,48,64
306,99,final,0,0,0,0,0,0,0,1,48,64
307,20,scoreA,0,0,168,0,0,0,0,165,0,0
307,20,fedrn,0,0,168,0,0,0,0,164,0,0
307,20,final,0,0,168,0,0,0,0,164,0,0
307,50,scoreA,0,0,117,107,0,0,0,0,0,0
307,50,fedrn,0,0,119,133,0,0,0,0,0,0
307,50,final,0,0,119,133,0,0,0,0,0,0
307,21,scoreA,0,0,170,0,0,154,0,0,0,0
307,21,fedrn,0,0,170,0,0,153,0,0,0,0
307,21,final,0,0,170,0,0,153,0,0,0,0
307,14,scoreA,0,0,0,0,1,178,0,0,0,177
307,14,fedrn,0,0,0,0,0,178,0,0,0,176
307,14,final,0,0,0,0,0,178,0,0,0,176
307,51,scoreA,0,0,0,0,120,0,0,126,0,0
307,51,fedrn,0,0,0,0,120,0,0,126,0,0
307,51,final,0,0,0,0,120,0,0,126,0,0
307,60,scoreA,0,0,208,0,0,0,0,0,0,0
307,60,fedrn,0,0,208,0,0,0,0,0,0,0
307,60,final,0,0,208,0,0,0,0,0,0,0
307,71,scoreA,0,86,0,0,0,88,0,0,0,0
307,71,fedrn,0,86,0,0,0,87,0,0,0,0
307,71,final,0,86,0,0,0,87,0,0,0,0
307,1,scoreA,0,0,0,0,196,0,0,0,196,0
307,1,fedrn,0,0,0,0,195,0,0,0,196,0
307,1,final,0,0,0,0,195,0,0,0,196,0
307,58,scoreA,0,0,0,0,119,0,0,0,0,100
307,58,fedrn,0,0,0,0,118,0,0,0,0,100
307,58,final,0,0,0,0,118,0,0,0,0,100
307,22,scoreA,163,0,0,0,0,166,0,0,0,0
307,22,fedrn,164,0,0,0,0,165,0,0,0,0
307,22,final,164,0,0,0,0,165,0,0,0,0
308,42,scoreA,0,146,0,0,0,0,0,0,124,0
308,42,fedrn,0,145,0,0,0,0,0,0,123,0
308,42,final,0,145,0,0,0,0,0,0,123,0
308,17,scoreA,0,0,0,181,152,0,0,0,0,0
308,17,fedrn,0,0,0,179,152,0,0,0,0,0
308,17,final,0,0,0,179,152,0,0,0,0,0
308,88,scoreA,119,0,0,0,0,0,0,0,0,0
308,88,fedrn,119,0,0,0,0,0,0,0,0,0
308,88,final,119,0,0,0,0,0,0,0,0,0
308,69,scoreA,0,0,95,0,99,1,0,0,1,0
308,69,fedrn,0,0,94,0,100,0,0,0,0,0
308,69,final,0,0,94,0,100,0,0,0,0,0
308,22,scoreA,166,0,0,0,0,166,0,0,0,0
308,22,fedrn,166,0,0,0,0,164,0,0,0,0
308,22,final,166,0,0,0,0,164,0,0,0,0
308,39,scoreA,139,0,0,0,0,0,0,0,144,0
308,39,fedrn,140,0,0,0,0,0,0,0,144,0
308,39,final,140,0,0,0,0,0,0,0,144,0
308,24,scoreA,0,0,0,0,171,152,0,0,0,0
308,24,fedrn,0,0,0,0,171,151,0,0,0,0
308,24,final,0,0,0,0,171,151,0,0,0,0
308,8,scoreA,0,0,0,0,0,0,0,186,186,0
308,8,fedrn,0,0,0,0,0,0,0,186,185,0
308,8,final,0,0,0,0,0,0,0,186,185,0
308,82,scoreA,0,0,0,0,71,0,0,0,68,0
308,82,fedrn,0,0,0,0,70,0,0,0,69,0
308,82,final,0,0,0,0,70,0,0,0,69,0
308,54,scoreA,0,114,0,0,0,0,116,0,0,0
308,54,fedrn,0,114,0,0,0,0,116,0,0,0
308,54,final,0,114,0,0,0,0,116,0,0,0
309,42,scoreA,0,146,0,0,0,0,0,0,124,0
309,42,fedrn,0,145,0,0,0,0,0,0,124,0
309,42,final,0,145,0,0,0,0,0,0,124,0
309,61,scoreA,0,0,0,0,0,0,205,0,0,0
309,61,fedrn,0,0,0,0,0,0,205,0,0,0
309,61,final,0,0,0,0,0,0,205,0,0,0
309,14,scoreA,0,0,0,0,0,178,0,0,0,175
309,14,fedrn,0,0,0,0,0,178,0,0,0,175
309,14,final,0,0,0,0,0,178,0,0,0,175
309,53,scoreA,116,0,0,0,0,0,0,114,0,0
309,53,fedrn,116,0,0,0,0,0,0,114,0,0
309,53,final,116,0,0,0,0,0,0,114,0,0
309,71,scoreA,0,87,0,0,0,89,0,0,0,0
309,71,fedrn,0,86,0,0,0,87,0,0,0,0
309,71,final,0,86,0,0,0,87,0,0,0,0
309,48,scoreA,0,0,0,132,114,0,0,0,0,0
309,48,fedrn,0,0,0,130,112,0,0,0,0,0
309,48,final,0,0,0,130,112,0,0,0,0,0
309,77,scoreA,0,87,0,0,0,0,0,0,68,0
309,77,fedrn,0,86,0,0,0,0,0,0,74,0
309,77,final,0,86,0,0,0,0,0,0,74,0
309,62,scoreA,98,0,0,0,0,0,0,107,0,0
309,62,fedrn,98,0,0,0,0,0,0,106,0,0
309,62,final,98,0,0,0,0,0,0,106,0,0
309,25,scoreA,0,0,0,160,0,0,0,0,160,0
309,25,fedrn,0,0,0,159,0,0,0,0,159,0
309,25,final,0,0,0,159,0,0,0,0,159,0
309,50,scoreA,0,0,19,136,0,0,0,0,0,0
309,50,fedrn,0,0,1,137,0,0,0,0,0,0
309,50,final,0,0,1,137,0,0,0,0,0,0
310,68,scoreA,0,0,0,0,0,0,96,0,0,87
310,68,fedrn,0,0,0,0,0,0,95,0,0,86
310,68,final,0,0,0,0,0,0,95,0,0,86
310,32,scoreA,160,0,0,0,0,0,0,0,0,139
310,32,fedrn,160,0,0,0,0,0,0,0,0,139
310,32,final,160,0,0,0,0,0,0,0,0,139
310,64,scoreA,0,0,196,0,0,0,0,0,0,0
310,64,fedrn,0,0,196,0,0,0,0,0,0,0
310,64,final,0,0,196,0,0,0,0,0,0,0
310,18,scoreA,165,0,0,0,0,0,174,0,0,0
310,18,fedrn,166,0,0,0,0,0,173,0,0,0
310,18,final,166,0,0,0,0,0,173,0,0,0
310,71,scoreA,0,87,0,0,0,89,0,0,0,0
310,71,fedrn,0,87,0,0,0,87,0,0,0,0
310,71,final,0,87,0,0,0,87,0,0,0,0
310,66,scoreA,0,102,0,0,90,0,0,0,0,0
310,66,fedrn,0,99,0,0,87,0,0,0,0,0
310,66,final,0,99,0,0,87,0,0,0,0,0
310,38,scoreA,0,0,140,0,0,0,0,141,0,0
310,38,fedrn,0,0,139,0,0,0,0,141,0,0
310,38,final,0,0,139,0,0,0,0,141,0,0
310,91,scoreA,0,0,81,0,0,0,37,0,0,0
310,91,fedrn,0,0,81,0,0,0,38,0,0,0
310,91,final,0,0,81,0,0,0,38,0,0,0
310,35,scoreA,0,0,136,0,0,0,0,0,157,0
310,35,fedrn,0,0,135,0,0,0,0,0,156,0
310,35,final,0,0,135,0,0,0,0,0,156,0
310,15,scoreA,0,0,0,0,0,169,0,174,0,0
310,15,fedrn,0,0,0,0,0,168,0,166,0,0
310,15,final,0,0,0,0,0,168,0,166,0,0
311,23,scoreA,0,167,0,0,0,162,0,0,0,0
311,23,fedrn,0,165,0,0,0,162,0,0,0,0
311,23,final,0,165,0,0,0,162,0,0,0,0
311,58,scoreA,0,0,0,0,118,0,0,0,0,101
311,58,fedrn,0,0,0,0,119,0,0,0,0,100
311,58,final,0,0,0,0,119,0,0,0,0,100
311,28,scoreA,0,0,157,0,0,0,0,143,0,0
311,28,fedrn,0,0,157,0,0,0,0,149,0,0
311,28,final,0,0,157,0,0,0,0,149,0,0
311,90,scoreA,0,0,0,0,0,0,55,0,60,0
311,90,fedrn,0,0,0,0,0,0,55,0,59,0
311,90,final,0,0,0,0,0,0,55,0,59,0
311,45,scoreA,0,0,0,0,128,123,0,0,0,0
311,45,fedrn,0,0,0,0,125,124,0,0,0,0
311,45,final,0,0,0,0,125,124,0,0,0,0
311,98,scoreA,0,0,0,0,47,46,0,0,0,0
311,98,fedrn,0,0,0,0,48,44,0,0,0,0
311,98,final,0,0,0,0,48,44,0,0,0,0
311,87,scoreA,0,0,0,0,0,0,0,0,75,64
311,87,fedrn,0,0,0,0,0,0,0,0,77,62
311,87,final,0,0,0,0,0,0,0,0,77,62
311,11,scoreA,0,0,0,0,187,168,0,0,0,0
311,11,fedrn,0,0,0,0,187,165,0,0,0,0
311,11,final,0,0,0,0,187,165,0,0,0,0
311,97,scoreA,0,0,0,0,73,4,0,0,0,0
311,97,fedrn,0,0,1,2,73,9,0,6,0,1
311,97,final,0,0,1,2,73,9,0,6,0,1
311,89,scoreA,72,0,0,0,0,0,0,0,0,53
311,89,fedrn,69,0,0,0,0,0,0,0,0,51
311,89,final,69,0,0,0,0,0,0,0,0,51
312,14,scoreA,0,0,0,0,1,178,0,0,0,176
312,14,fedrn,0,0,0,0,1,178,0,0,0,173
312,14,final,0,0,0,0,1,178,0,0,0,173
312,78,scoreA,0,0,76,0,99,0,0,0,0,0
312,78,fedrn,0,0,75,0,99,0,0,0,0,0
312,78,final,0,0,75,0,99,0,0,0,0,0
312,33,scoreA,0,0,0,0,0,139,148,0,0,0
312,33,fedrn,0,0,0,0,0,140,145,0,0,0
312,33,final,0,0,0,0,0,140,145,0,0,0
312,75,scoreA,0,0,0,87,0,0,0,0,74,0
312,75,fedrn,0,0,0,86,0,0,0,0,72,0
312,75,final,0,0,0,86,0,0,0,0,72,0
312,20,scoreA,0,0,168,0,0,0,0,166,0,0
312,20,fedrn,0,0,169,0,0,0,0,165,0,0
312,20,final,0,0,169,0,0,0,0,165,0,0
312,56,scoreA,0,0,123,0,0,0,0,0,0,103
312,56,fedrn,0,0,123,0,0,0,0,0,0,103
312,56,final,0,0,123,0,0,0,0,0,0,103
312,68,scoreA,0,0,0,0,0,0,96,0,0,87
312,68,fedrn,0,0,0,0,0,0,95,0,0,86
312,68,final,0,0,0,0,0,0,95,0,0,86
312,36,scoreA,0,150,0,137,0,0,0,0,0,0
312,36,fedrn,0,150,0,137,0,0,0,0,0,0
312,36,final,0,150,0,137,0,0,0,0,0,0
312,31,scoreA,145,156,0,0,0,0,0,0,0,0
312,31,fedrn,145,157,0,0,0,0,0,0,0,0
312,31,final,145,157,0,0,0,0,0,0,0,0
312,27,scoreA,0,0,160,0,0,37,0,0,0,0
312,27,fedrn,0,0,160,0,0,44,0,0,0,0
312,27,final,0,0,160,0,0,44,0,0,0,0
313,7,scoreA,191,185,0,0,0,0,0,0,0,0
313,7,fedrn,191,183,0,0,0,0,0,0,0,0
313,7,final,191,183,0,0,0,0,0,0,0,0
313,17,scoreA,0,0,0,182,144,0,0,0,0,0
313,17,fedrn,0,0,0,183,145,0,0,0,0,0
313,17,final,0,0,0,183,145,0,0,0,0,0
313,54,scoreA,0,114,0,0,0,0,116,0,0,0
313,54,fedrn,0,114,0,0,0,0,115,0,0,0
313,54,final,0,114,0,0,0,0,115,0,0,0
313,37,scoreA,0,0,0,0,0,134,0,142,1,0
313,37,fedrn,0,0,0,0,0,137,0,131,1,0
313,37,final,0,0,0,0,0,137,0,131,1,0
313,40,scoreA,0,0,0,152,0,128,0,0,0,1
313,40,fedrn,0,0,0,154,0,129,0,0,0,1
313,40,final,0,0,0,154,0,129,0,0,0,1
313,83,scoreA,0,0,74,0,0,0,0,0,0,64
313,83,fedrn,0,0,73,0,0,0,0,0,0,65
313,83,final,0,0,73,0,0,0,0,0,0,65
313,44,scoreA,0,0,0,0,0,0,129,131,2,0
313,44,fedrn,0,0,0,0,0,0,129,118,1,0
313,44,final,0,0,0,0,0,0,129,118,1,0
313,97,scoreA,1,1,8,11,73,17,1,28,1,4
313,97,fedrn,0,2,7,10,73,21,3,55,3,6
313,97,final,0,2,7,10,73,21,3,55,3,6
313,49,scoreA,0,0,122,0,0,0,0,128,0,0
313,49,fedrn,0,0,122,0,0,0,0,126,0,0
313,49,final,0,0,122,0,0,0,0,126,0,0
313,43,scoreA,0,0,0,128,0,0,0,0,129,0
313,43,fedrn,0,0,0,125,0,0,0,0,126,0
313,43,final,0,0,0,125,0,0,0,0,126,0
314,66,scoreA,0,101,0,0,91,0,0,0,0,0
314,66,fedrn,0,101,0,0,90,0,0,0,0,0
314,66,final,0,101,0,0,90,0,0,0,0,0
314,31,scoreA,145,145,0,0,0,0,0,0,0,0
314,31,fedrn,147,151,0,0,0,0,0,0,0,0
314,31,final,147,151,0,0,0,0,0,0,0,0
314,25,scoreA,0,0,0,159,0,0,0,0,160,0
314,25,fedrn,0,0,0,159,0,0,0,0,160,0
314,25,final,0,0,0,159,0,0,0,0,160,0
314,22,scoreA,165,0,0,0,0,166,0,0,0,0
314,22,fedrn,166,0,0,0,0,165,0,0,0,0
314,22,final,166,0,0,0,0,165,0,0,0,0
314,21,scoreA,0,0,170,0,0,158,0,0,0,0
314,21,fedrn,0,0,168,0,0,159,0,0,0,0
314,21,final,0,0,168,0,0,159,0,0,0,0
314,96,scoreA,2,41,0,55,1,1,15,0,0,0
314,96,fedrn,0,41,0,54,0,0,10,0,0,0
314,96,final,0,41,0,54,0,0,10,0,0,0
314,29,scoreA,0,0,0,0,0,0,0,0,0,308
314,29,fedrn,0,0,0,0,0,0,0,0,0,308
314,29,final,0,0,0,0,0,0,0,0,0,308
314,98,scoreA,0,0,0,0,50,46,0,0,0,0
314,98,fedrn,0,0,0,0,51,44,0,0,0,0
314,98,final,0,0,0,0,51,44,0,0,0,0
314,84,scoreA,67,0,0,0,0,0,0,0,0,68
314,84,fedrn,65,0,0,0,0,0,0,0,0,68
314,84,final,65,0,0,0,0,0,0,0,0,68
314,87,scoreA,0,0,0,0,0,0,0,0,78,62
314,87,fedrn,0,0,0,0,0,0,0,0,81,62
314,87,final,0,0,0,0,0,0,0,0,81,62
315,90,scoreA,0,0,0,0,0,0,56,0,60,0
315,90,fedrn,0,0,0,0,0,0,55,0,59,0
315,90,final,0,0,0,0,0,0,55,0,59,0
315,1,scoreA,0,0,0,0,196,0,0,0,197,0
315,1,fedrn,0,0,0,0,197,0,0,0,197,0
315,1,final,0,0,0,0,197,0,0,0,197,0
315,4,scoreA,0,0,0,0,0,0,0,196,189,0
315,4,fedrn,0,0,0,0,0,0,0,196,189,0
315,4,final,0,0,0,0,0,0,0,196,189,0
315,18,scoreA,166,0,0,0,0,0,174,0,0,0
315,18,fedrn,166,0,0,0,0,0,173,0,0,0
315,18,final,166,0,0,0,0,0,173,0,0,0
315,52,scoreA,0,0,0,0,0,0,0,117,115,0
315,52,fedrn,0,0,0,0,0,0,0,117,116,0
315,52,final,0,0,0,0,0,0,0,117,116,0
315,49,scoreA,0,1,122,0,0,0,0,126,0,0
315,49,fedrn,0,0,122,0,0,0,0,125,0,0
315,49,final,0,0,122,0,0,0,0,125,0,0
315,45,scoreA,0,0,0,0,125,124,0,0,0,0
315,45,fedrn,0,0,0,0,123,122,0,0,0,0
315,45,final,0,0,0,0,123,122,0,0,0,0
315,79,scoreA,78,0,0,1,0,0,0,0,39,0
315,79,fedrn,76,0,0,0,0,0,0,0,77,0
315,79,final,76,0,0,0,0,0,0,0,77,0
315,14,scoreA,0,0,0,0,1,178,0,0,0,174
315,14,fedrn,0,0,0,0,0,178,0,0,0,177
315,14,final,0,0,0,0,0,178,0,0,0,177
315,93,scoreA,0,0,0,0,0,0,48,0,0,66
315,93,fedrn,0,0,0,0,0,0,48,0,0,64
315,93,final,0,0,0,0,0,0,48,0,0,64
316,97,scoreA,0,2,7,11,73,18,5,60,3,5
316,97,fedrn,0,3,10,9,69,19,7,67,7,4
316,97,final,0,3,10,9,69,19,7,67,7,4
316,13,scoreA,0,0,0,0,0,0,175,0,181,0
316,13,fedrn,0,0,0,0,0,0,175,0,180,0
316,13,final,0,0,0,0,0,0,175,0,180,0
316,39,scoreA,139,0,0,0,0,0,0,0,145,0
316,39,fedrn,140,0,0,0,0,0,0,0,143,0
316,39,final,140,0,0,0,0,0,0,0,143,0
316,61,scoreA,0,0,0,0,0,0,205,0,0,0
316,61,fedrn,0,0,0,0,0,0,205,0,0,0
316,61,final,0,0,0,0,0,0,205,0,0,0
316,12,scoreA,0,0,0,185,0,0,0,0,0,171
316,12,fedrn,0,0,0,187,0,0,0,0,0,169
316,12,final,0,0,0,187,0,0,0,0,0,169
316,55,scoreA,0,0,0,0,118,0,0,111,1,0
316,55,fedrn,0,0,0,0,118,0,0,101,1,0
316,55,final,0,0,0,0,118,0,0,101,1,0
316,62,scoreA,102,0,0,0,0,0,0,73,0,0
316,62,fedrn,99,0,0,0,0,0,0,100,0,0
316,62,final,99,0,0,0,0,0,0,100,0,0
316,38,scoreA,0,0,139,0,0,0,0,137,0,0
316,38,fedrn,0,0,138,0,0,0,0,140,0,0
316,38,final,0,0,138,0,0,0,0,140,0,0
316,11,scoreA,0,0,0,0,68,178,0,0,0,0
316,11,fedrn,0,0,0,0,138,177,0,0,0,0
316,11,final,0,0,0,0,138,177,0,0,0,0
316,85,scoreA,0,63,0,0,65,0,0,0,0,0
316,85,fedrn,0,63,0,0,65,0,0,0,0,0
316,85,final,0,63,0,0,65,0,0,0,0,0
317,42,scoreA,0,146,0,0,0,0,0,0,124,0
317,42,fedrn,0,144,0,0,0,0,0,0,123,0
317,42,final,0,144,0,0,0,0,0,0,123,0
317,99,scoreA,0,0,0,0,0,0,0,1,44,68
317,99,fedrn,0,0,0,0,0,0,0,1,44,66
317,99,final,0,0,0,0,0,0,0,1,44,66
317,80,scoreA,0,0,0,0,0,0,144,0,0,0
317,80,fedrn,0,0,0,0,0,0,142,0,0,0
317,80,final,0,0,0,0,0,0,142,0,0,0
317,1,scoreA,0,0,0,0,197,0,0,0,197,0
317,1,fedrn,0,0,0,0,197,0,0,0,196,0
317,1,final,0,0,0,0,197,0,0,0,196,0
317,32,scoreA,159,0,0,0,0,0,0,0,0,139
317,32,fedrn,159,0,0,0,0,0,0,0,0,138
317,32,final,159,0,0,0,0,0,0,0,0,138
317,47,scoreA,0,0,0,0,0,131,0,0,0,117
317,47,fedrn,0,0,0,0,0,131,0,0,0,117
317,47,final,0,0,0,0,0,131,0,0,0,117
317,29,scoreA,0,0,0,0,0,0,0,0,0,308
317,29,fedrn,0,0,0,0,0,0,0,0,0,308
317,29,final,0,0,0,0,0,0,0,0,0,308
317,16,scoreA,177,0,0,164,0,0,0,0,0,0
317,16,fedrn,173,0,0,163,0,0,0,0,0,0
317,16,final,173,0,0,163,0,0,0,0,0,0
317,10,scoreA,0,0,0,178,0,0,0,177,0,0
317,10,fedrn,0,0,0,177,0,0,0,170,0,0
317,10,final,0,0,0,177,0,0,0,170,0,0
317,46,scoreA,0,0,0,0,0,0,125,0,0,85
317,46,fedrn,0,0,0,0,0,0,122,0,0,123
317,46,final,0,0,0,0,0,0,122,0,0,123
318,46,scoreA,0,0,0,0,0,0,123,0,0,130
318,46,fedrn,0,0,0,0,0,0,123,0,0,129
318,46,final,0,0,0,0,0,0,123,0,0,129
318,72,scoreA,0,101,0,0,0,0,1,0,0,90
318,72,fedrn,0,101,0,0,0,0,0,0,0,93
318,72,final,0,101,0,0,0,0,0,0,0,93
318,92,scoreA,0,50,0,60,0,0,0,0,0,0
318,92,fedrn,0,46,0,60,0,0,0,0,0,0
318,92,final,0,46,0,60,0,0,0,0,0,0
318,15,scoreA,0,0,0,0,0,168,0,175,0,0
318,15,fedrn,0,0,0,0,0,168,0,171,0,0
318,15,final,0,0,0,0,0,168,0,171,0,0
318,81,scoreA,0,0,0,73,0,0,0,70,1,0
318,81,fedrn,0,0,0,73,0,0,0,69,1,0
318,81,final,0,0,0,73,0,0,0,69,1,0
318,95,scoreA,0,0,0,61,42,0,0,0,0,0
318,95,fedrn,0,0,0,57,49,0,0,0,0,0
318,95,final,0,0,0,57,49,0,0,0,0,0
318,99,scoreA,0,0,0,0,0,0,0,1,41,67
318,99,fedrn,0,0,0,0,0,0,0,0,36,66
318,99,final,0,0,0,0,0,0,0,0,36,66
318,53,scoreA,116,0,0,0,0,0,0,114,0,0
318,53,fedrn,116,0,0,0,0,0,0,114,0,0
318,53,final,116,0,0,0,0,0,0,114,0,0
318,44,scoreA,0,0,0,0,0,0,129,131,1,0
318,44,fedrn,0,0,0,0,0,0,129,131,2,0
318,44,final,0,0,0,0,0,0,129,131,2,0
318,71,scoreA,0,89,0,0,0,87,0,0,0,0
318,71,fedrn,0,87,0,0,0,87,0,0,0,0
318,71,final,0,87,0,0,0,87,0,0,0,0
319,77,scoreA,0,87,0,0,0,0,0,0,76,0
319,77,fedrn,0,85,0,0,0,0,0,0,75,0
319,77,final,0,85,0,0,0,0,0,0,75,0
319,4,scoreA,0,0,0,0,0,0,0,196,189,0
319,4,fedrn,0,0,0,0,0,0,0,196,188,0
319,4,final,0,0,0,0,0,0,0,196,188,0
319,60,scoreA,0,0,208,0,0,0,0,0,0,0
319,60,fedrn,0,0,208,0,0,0,0,0,0,0
319,60,final,0,0,208,0,0,0,0,0,0,0
319,33,scoreA,0,0,0,0,0,141,147,0,0,0
319,33,fedrn,0,0,0,0,0,141,146,0,0,0
319,33,final,0,0,0,0,0,141,146,0,0,0
319,36,scoreA,0,151,0,137,0,0,0,0,0,0
319,36,fedrn,0,148,0,137,0,0,0,0,0,0
319,36,final,0,148,0,137,0,0,0,0,0,0
319,98,scoreA,0,0,0,0,53,48,0,0,0,0
319,98,fedrn,0,0,0,0,52,47,0,0,0,0
319,98,final,0,0,0,0,52,47,0,0,0,0
319,65,scoreA,0,0,0,103,96,0,0,0,0,0
319,65,fedrn,0,0,0,103,92,0,0,0,0,0
319,65,final,0,0,0,103,92,0,0,0,0,0
319,47,scoreA,0,0,0,0,0,131,0,0,0,117
319,47,fedrn,0,0,0,0,0,131,0,0,0,117
319,47,final,0,0,0,0,0,131,0,0,0,117
319,34,scoreA,0,0,0,154,0,0,0,126,0,0
319,34,fedrn,0,0,0,156,0,0,0,123,0,0
319,34,final,0,0,0,156,0,0,0,123,0,0
319,37,scoreA,0,0,0,0,0,140,0,131,1,0
319,37,fedrn,0,0,0,0,0,138,0,132,1,0
319,37,final,0,0,0,0,0,138,0,132,1,0
320,90,scoreA,0,0,0,0,0,0,55,0,60,0
320,90,fedrn,0,0,0,0,0,0,55,0,59,0
320,90,final,0,0,0,0,0,0,55,0,59,0
320,94,scoreA,58,51,0,0,0,0,0,0,0,0
320,94,fedrn,56,51,0,0,0,0,0,0,0,0
320,94,final,56,51,0,0,0,0,0,0,0,0
320,83,scoreA,0,0,74,0,0,0,0,0,0,67
320,83,fedrn,0,0,73,0,0,0,0,0,0,66
320,83,final,0,0,73,0,0,0,0,0,0,66
320,32,scoreA,160,0,0,0,0,0,0,0,0,139
320,32,fedrn,158,0,0,0,0,0,0,0,0,136
320,32,final,158,0,0,0,0,0,0,0,0,136
320,72,scoreA,0,97,0,0,0,0,0,0,0,94
320,72,fedrn,0,101,0,0,0,0,0,0,0,95
320,72,final,0,101,0,0,0,0,0,0,0,95
320,33,scoreA,0,0,0,0,0,139,150,0,0,0
320,33,fedrn,0,0,0,0,0,140,147,0,0,0
320,33,final,0,0,0,0,0,140,147,0,0,0
320,39,scoreA,139,0,0,0,0,0,0,0,143,0
320,39,fedrn,139,0,0,0,0,0,0,0,140,0
320,39,final,139,0,0,0,0,0,0,0,140,0
320,41,scoreA,131,0,0,134,0,0,0,0,0,0
320,41,fedrn,131,0,0,134,0,0,0,0,0,0
320,41,final,131,0,0,134,0,0,0,0,0,0
320,99,scoreA,0,0,0,0,0,0,0,0,44,64
320,99,fedrn,0,0,0,0,0,0,0,0,45,59
320,99,final,0,0,0,0,0,0,0,0,45,59
320,3,scoreA,0,0,0,0,0,0,196,0,193,0
320,3,fedrn,0,0,0,0,0,0,196,0,193,0
320,3,final,0,0,0,0,0,0,196,0,193,0
321,38,scoreA,0,0,139,0,0,0,0,140,0,0
321,38,fedrn,0,0,139,0,0,0,0,139,0,0
321,38,final,0,0,139,0,0,0,0,139,0,0
321,62,scoreA,99,0,0,0,0,0,0,106,0,0
321,62,fedrn,99,0,0,0,0,0,0,106,0,0
321,62,final,99,0,0,0,0,0,0,106,0,0
321,82,scoreA,0,0,0,0,71,0,0,0,69,0
321,82,fedrn,0,0,0,0,71,0,0,0,69,0
321,82,final,0,0,0,0,71,0,0,0,69,0
321,92,scoreA,0,47,0,60,0,0,0,0,0,0
321,92,fedrn,0,50,0,59,0,0,0,0,0,0
321,92,final,0,50,0,59,0,0,0,0,0,0
321,89,scoreA,69,0,0,0,0,0,0,0,0,55
321,89,fedrn,68,0,0,0,0,0,0,0,0,53
321,89,final,68,0,0,0,0,0,0,0,0,53
321,91,scoreA,0,0,80,0,0,0,42,0,0,0
321,91,fedrn,0,0,80,0,0,0,42,0,0,0
321,91,final,0,0,80,0,0,0,42,0,0,0
321,49,scoreA,0,0,122,0,0,0,0,126,0,0
321,49,fedrn,0,0,121,0,0,0,0,126,0,0
321,49,final,0,0,121,0,0,0,0,126,0,0
321,26,scoreA,0,0,0,0,0,0,0,162,0,155
321,26,fedrn,0,0,0,0,0,0,0,160,0,155
321,26,final,0,0,0,0,0,0,0,160,0,155
321,76,scoreA,0,83,0,78,0,0,0,0,0,0
321,76,fedrn,0,83,0,77,0,0,0,0,0,0
321,76,final,0,83,0,77,0,0,0,0,0,0
321,12,scoreA,0,0,0,188,0,0,0,0,0,163
321,12,fedrn,0,0,0,188,0,0,0,0,0,166
321,12,final,0,0,0,188,0,0,0,0,0,166
322,80,scoreA,0,0,0,0,0,0,144,0,0,0
322,80,fedrn,0,0,0,0,0,0,142,0,0,0
322,80,final,0,0,0,0,0,0,142,0,0,0
322,87,scoreA,0,0,0,0,0,0,0,0,75,65
322,87,fedrn,0,0,0,0,0,0,0,0,82,59
322,87,final,0,0,0,0,0,0,0,0,82,59
322,15,scoreA,0,0,0,0,0,171,0,170,0,0
322,15,fedrn,0,0,0,0,0,169,0,169,0,0
322,15,final,0,0,0,0,0,169,0,169,0,0
322,32,scoreA,160,0,0,0,0,0,0,0,0,139
322,32,fedrn,160,0,0,0,0,0,0,0,0,137
322,32,final,160,0,0,0,0,0,0,0,0,137
322,79,scoreA,77,0,0,0,0,0,0,0,69,0
322,79,fedrn,71,0,0,0,0,0,0,0,76,0
322,79,final,71,0,0,0,0,0,0,0,76,0
322,74,scoreA,0,0,0,0,0,164,0,0,0,0
322,74,fedrn,0,0,0,0,0,164,0,0,0,0
322,74,final,0,0,0,0,0,164,0,0,0,0
322,2,scoreA,0,0,0,0,0,0,0,0,0,394
322,2,fedrn,0,0,0,0,0,0,0,0,0,394
322,2,final,0,0,0,0,0,0,0,0,0,394
322,33,scoreA,0,0,0,0,0,140,148,0,0,0
322,33,fedrn,0,0,0,0,0,140,143,0,0,0
322,33,final,0,0,0,0,0,140,143,0,0,0
322,90,scoreA,0,0,0,0,0,0,54,0,59,0
322,90,fedrn,0,0,0,0,0,0,55,0,59,0
322,90,final,0,0,0,0,0,0,55,0,59,0
322,27,scoreA,0,0,157,0,0,127,0,0,0,0
322,27,fedrn,0,0,159,0,0,151,0,0,0,0
322,27,final,0,0,159,0,0,151,0,0,0,0
323,32,scoreA,159,0,0,1,0,0,0,0,0,137
323,32,fedrn,160,0,0,0,0,0,0,0,0,137
323,32,final,160,0,0,0,0,0,0,0,0,137
323,87,scoreA,0,0,0,0,0,0,0,0,81,59
323,87,fedrn,0,0,0,0,0,0,0,0,83,58
323,87,final,0,0,0,0,0,0,0,0,83,58
323,58,scoreA,0,0,0,0,117,0,0,0,0,99
323,58,fedrn,0,0,0,0,117,0,0,0,0,99
323,58,final,0,0,0,0,117,0,0,0,0,99
323,36,scoreA,0,150,0,137,0,0,0,0,0,0
323,36,fedrn,0,149,0,137,0,0,0,0,0,0
323,36,final,0,149,0,137,0,0,0,0,0,0
323,85,scoreA,0,62,0,0,66,0,0,0,0,0
323,85,fedrn,0,62,0,0,64,0,0,0,0,0
323,85,final,0,62,0,0,64,0,0,0,0,0
323,28,scoreA,0,0,157,0,0,0,0,154,0,0
323,28,fedrn,0,0,156,0,0,0,0,152,0,0
323,28,final,0,0,156,0,0,0,0,152,0,0
323,65,scoreA,0,0,0,104,95,0,0,0,0,0
323,65,fedrn,0,0,0,104,93,0,0,0,0,0
323,65,final,0,0,0,104,93,0,0,0,0,0
323,26,scoreA,0,0,0,0,0,0,0,157,0,156
323,26,fedrn,0,0,0,0,0,0,0,159,0,156
323,26,final,0,0,0,0,0,0,0,159,0,156
323,56,scoreA,0,0,123,0,0,0,0,0,0,103
323,56,fedrn,0,0,122,0,0,0,0,0,0,103
323,56,final,0,0,122,0,0,0,0,0,0,103
323,75,scoreA,0,0,0,89,0,0,0,0,69,0
323,75,fedrn,0,0,0,87,0,0,0,0,68,0
323,75,final,0,0,0,87,0,0,0,0,68,0
324,21,scoreA,0,0,168,0,0,160,0,0,0,0
324,21,fedrn,0,0,167,0,0,157,0,0,0,0
324,21,final,0,0,167,0,0,157,0,0,0,0
324,82,scoreA,0,0,0,0,72,0,0,0,69,0
324,82,fedrn,0,0,0,0,70,0,0,0,69,0
324,82,final,0,0,0,0,70,0,0,0,69,0
324,0,scoreA,0,0,343,0,0,0,0,0,0,0
324,0,fedrn,0,0,391,0,0,0,0,0,0,0
324,0,final,0,0,391,0,0,0,0,0,0,0
324,25,scoreA,0,0,0,161,0,0,0,0,159,0
324,25,fedrn,0,0,0,160,0,0,0,0,159,0
324,25,final,0,0,0,160,0,0,0,0,159,0
324,70,scoreA,0,0,0,0,0,86,0,0,88,0
324,70,fedrn,0,0,0,0,0,86,0,0,87,0
324,70,final,0,0,0,0,0,86,0,0,87,0
324,79,scoreA,70,0,0,0,0,0,0,0,77,0
324,79,fedrn,69,0,0,0,0,0,0,0,77,0
324,79,final,69,0,0,0,0,0,0,0,77,0
324,44,scoreA,0,0,0,0,0,0,129,131,2,0
324,44,fedrn,0,0,0,0,0,0,129,132,2,0
324,44,final,0,0,0,0,0,0,129,132,2,0
324,13,scoreA,0,0,0,0,0,0,175,0,181,0
324,13,fedrn,0,0,0,0,0,0,175,0,181,0
324,13,final,0,0,0,0,0,0,175,0,181,0
324,94,scoreA,50,55,0,0,0,0,0,0,0,0
324,94,fedrn,54,52,0,0,0,0,0,0,0,0
324,94,final,54,52,0,0,0,0,0,0,0,0
324,11,scoreA,0,0,0,0,185,166,0,0,0,0
324,11,fedrn,0,0,0,0,188,161,0,0,0,0
324,11,final,0,0,0,0,188,161,0,0,0,0
325,63,scoreA,0,0,0,0,86,116,0,0,0,0
325,63,fedrn,0,0,0,0,84,114,0,0,0,0
325,63,final,0,0,0,0,84,114,0,0,0,0
325,47,scoreA,0,0,0,0,0,131,0,0,0,117
325,47,fedrn,0,0,0,0,0,131,0,0,0,117
325,47,final,0,0,0,0,0,131,0,0,0,117
325,56,scoreA,0,0,122,0,0,0,0,0,0,103
325,56,fedrn,0,0,122,0,0,0,0,0,0,103
325,56,final,0,0,122,0,0,0,0,0,0,103
325,94,scoreA,57,51,0,0,0,0,0,0,0,0
325,94,fedrn,57,51,0,0,0,0,0,0,0,0
325,94,final,57,51,0,0,0,0,0,0,0,0
325,82,scoreA,0,0,0,0,71,0,0,0,69,0
325,82,fedrn,0,0,0,0,70,0,0,0,69,0
325,82,final,0,0,0,0,70,0,0,0,69,0
325,1,scoreA,0,0,0,0,197,0,0,0,197,0
325,1,fedrn,0,0,0,0,195,0,0,0,197,0
325,1,final,0,0,0,0,195,0,0,0,197,0
325,54,scoreA,0,114,0,0,0,0,115,0,0,0
325,54,fedrn,0,114,0,0,0,0,114,0,0,0
325,54,final,0,114,0,0,0,0,114,0,0,0
325,5,scoreA,188,0,0,0,0,0,194,0,0,0
325,5,fedrn,188,0,0,0,0,0,193,0,0,0
325,5,final,188,0,0,0,0,0,193,0,0,0
325,75,scoreA,0,0,0,87,0,0,0,0,71,0
325,75,fedrn,0,0,0,87,0,0,0,0,70,0
325,75,final,0,0,0,87,0,0,0,0,70,0
325,76,scoreA,0,84,0,77,0,0,0,0,0,0
325,76,fedrn,0,84,0,77,0,0,0,0,0,0
325,76,final,0,84,0,77,0,0,0,0,0,0
326,71,scoreA,0,87,0,0,0,88,0,0,0,0
326,71,fedrn,0,86,0,0,0,88,0,0,0,0
326,71,final,0,86,0,0,0,88,0,0,0,0
326,25,scoreA,0,0,0,161,0,0,0,0,160,0
326,25,fedrn,0,0,0,161,0,0,0,0,158,0
326,25,final,0,0,0,161,0,0,0,0,158,0
326,83,scoreA,0,0,74,0,0,0,0,0,0,65
326,83,fedrn,0,0,73,0,0,0,0,0,0,66
326,83,final,0,0,73,0,0,0,0,0,0,66
326,38,scoreA,0,0,139,0,0,0,0,141,0,0
326,38,fedrn,0,0,141,0,0,0,0,141,0,0
326,38,final,0,0,141,0,0,0,0,141,0,0
326,59,scoreA,110,0,0,0,0,0,0,105,0,0
326,59,fedrn,109,0,0,0,0,0,0,103,0,0
326,59,final,109,0,0,0,0,0,0,103,0,0
326,89,scoreA,70,0,0,0,0,0,0,0,0,53
326,89,fedrn,69,0,0,0,0,0,0,0,0,52
326,89,final,69,0,0,0,0,0,0,0,0,52
326,67,scoreA,0,89,0,0,0,0,0,0,103,0
326,67,fedrn,0,88,0,0,0,0,0,0,103,0
326,67,final,0,88,0,0,0,0,0,0,103,0
326,73,scoreA,89,0,0,0,0,0,84,0,0,0
326,73,fedrn,88,0,0,0,0,0,83,0,0,0
326,73,final,88,0,0,0,0,0,83,0,0,0
326,35,scoreA,0,0,135,0,0,0,0,0,156,0
326,35,fedrn,0,0,135,0,0,0,0,0,157,0
326,35,final,0,0,135,0,0,0,0,0,157,0
326,6,scoreA,0,193,0,0,0,0,186,0,0,0
326,6,fedrn,0,192,0,0,0,0,185,0,0,0
326,6,final,0,192,0,0,0,0,185,0,0,0
327,37,scoreA,0,0,0,0,0,141,0,133,1,0
327,37,fedrn,0,0,0,0,0,140,0,134,1,0
327,37,final,0,0,0,0,0,140,0,134,1,0
327,69,scoreA,0,0,96,0,102,0,0,0,0,0
327,69,fedrn,0,0,97,0,103,0,0,0,0,0
327,69,final,0,0,97,0,103,0,0,0,0,0
327,91,scoreA,0,0,80,0,0,0,45,0,0,0
327,91,fedrn,0,0,81,0,0,0,44,0,0,0
327,91,final,0,0,81,0,0,0,44,0,0,0
327,32,scoreA,160,0,0,0,0,0,0,0,0,138
327,32,fedrn,160,0,0,0,0,0,0,0,0,136
327,32,final,160,0,0,0,0,0,0,0,0,136
327,53,scoreA,116,0,0,0,0,0,0,115,0,0
327,53,fedrn,116,0,0,0,0,0,0,114,0,0
327,53,final,116,0,0,0,0,0,0,114,0,0
327,4,scoreA,0,0,0,0,0,0,0,196,187,0
327,4,fedrn,0,0,0,0,0,0,0,196,188,0
327,4,final,0,0,0,0,0,0,0,196,188,0
327,81,scoreA,0,0,0,74,0,0,0,68,1,0
327,81,fedrn,0,0,0,73,0,0,0,66,1,0
327,81,final,0,0,0,73,0,0,0,66,1,0
327,52,scoreA,0,0,0,0,0,0,0,116,114,0
327,52,fedrn,0,0,0,0,0,0,0,117,116,0
327,52,final,0,0,0,0,0,0,0,117,116,0
327,70,scoreA,0,0,0,0,0,86,0,0,88,0
327,70,fedrn,0,0,0,0,0,86,0,0,87,0
327,70,final,0,0,0,0,0,86,0,0,87,0
327,73,scoreA,89,0,0,0,0,0,83,0,0,0
327,73,fedrn,87,0,0,0,0,0,82,0,0,0
327,73,final,87,0,0,0,0,0,82,0,0,0
328,35,scoreA,0,0,135,0,0,0,0,0,156,0
328,35,fedrn,0,0,135,0,0,0,0,0,156,0
328,35,final,0,0,135,0,0,0,0,0,156,0
328,26,scoreA,0,0,0,0,0,0,0,161,0,155
328,26,fedrn,0,0,0,0,0,0,0,161,0,155
328,26,final,0,0,0,0,0,0,0,161,0,155
328,8,scoreA,0,0,0,0,0,0,0,186,184,0
328,8,fedrn,0,0,0,0,0,0,0,186,184,0
328,8,final,0,0,0,0,0,0,0,186,184,0
328,31,scoreA,148,156,0,0,0,0,0,0,0,0
328,31,fedrn,147,155,0,0,0,0,0,0,0,0
328,31,final,147,155,0,0,0,0,0,0,0,0
328,0,scoreA,0,0,390,0,0,0,0,0,0,0
328,0,fedrn,0,0,391,0,0,0,0,0,0,0
328,0,final,0,0,391,0,0,0,0,0,0,0
328,55,scoreA,0,0,0,0,119,0,0,103,1,0
328,55,fedrn,0,0,0,0,118,0,0,102,1,0
328,55,final,0,0,0,0,118,0,0,102,1,0
328,61,scoreA,0,0,0,0,0,0,205,0,0,0
328,61,fedrn,0,0,0,0,0,0,205,0,0,0
328,61,final,0,0,0,0,0,0,205,0,0,0
328,81,scoreA,0,0,0,73,0,0,0,68,1,0
328,81,fedrn,0,0,0,73,0,0,0,66,1,0
328,81,final,0,0,0,73,0,0,0,66,1,0
328,49,scoreA,0,0,119,0,0,0,0,126,0,0
328,49,fedrn,0,0,119,0,0,0,0,124,0,0
328,49,final,0,0,119,0,0,0,0,124,0,0
328,11,scoreA,0,0,0,0,189,168,0,0,0,0
328,11,fedrn,0,0,0,0,186,166,0,0,0,0
328,11,final,0,0,0,0,186,166,0,0,0,0
329,62,scoreA,99,0,0,0,0,0,0,104,0,0
329,62,fedrn,99,0,0,0,0,0,0,107,0,0
329,62,final,99,0,0,0,0,0,0,107,0,0
329,74,scoreA,0,0,0,0,0,164,0,0,0,0
329,74,fedrn,0,0,0,0,0,164,0,0,0,0
329,74,final,0,0,0,0,0,164,0,0,0,0
329,5,scoreA,188,0,0,0,0,0,194,0,0,0
329,5,fedrn,187,0,0,0,0,0,192,0,0,0
329,5,final,187,0,0,0,0,0,192,0,0,0
329,92,scoreA,0,50,0,60,0,0,0,0,0,0
329,92,fedrn,0,50,0,60,0,0,0,0,0,0
329,92,final,0,50,0,60,0,0,0,0,0,0
329,78,scoreA,0,0,77,0,98,0,0,0,0,0
329,78,fedrn,0,0,73,0,99,0,0,0,0,0
329,78,final,0,0,73,0,99,0,0,0,0,0
329,44,scoreA,0,0,0,0,0,0,129,132,2,0
329,44,fedrn,0,0,0,0,0,0,129,132,2,0
329,44,final,0,0,0,0,0,0,129,132,2,0
329,77,scoreA,0,80,0,0,0,0,0,0,77,0
329,77,fedrn,0,86,0,0,0,0,0,0,71,0
329,77,final,0,86,0,0,0,0,0,0,71,0
329,88,scoreA,119,0,0,0,0,0,0,0,0,0
329,88,fedrn,119,0,0,0,0,0,0,0,0,0
329,88,final,119,0,0,0,0,0,0,0,0,0
329,71,scoreA,0,87,0,0,0,88,0,0,0,0
329,71,fedrn,0,87,0,0,0,87,0,0,0,0
329,71,final,0,87,0,0,0,87,0,0,0,0
329,69,scoreA,0,0,99,0,103,0,0,0,0,0
329,69,fedrn,0,0,89,0,104,0,0,0,0,0
329,69,final,0,0,89,0,104,0,0,0,0,0
330,54,scoreA,0,114,0,0,0,1,115,0,0,0
330,54,fedrn,0,114,0,0,0,0,116,0,0,0
330,54,final,0,114,0,0,0,0,116,0,0,0
330,0,scoreA,0,0,390,0,0,0,0,0,0,0
330,0,fedrn,0,0,399,0,0,0,0,0,0,0
330,0,final,0,0,399,0,0,0,0,0,0,0
330,79,scoreA,71,0,0,0,0,0,0,0,77,0
330,79,fedrn,71,0,0,0,0,0,0,0,77,0
330,79,final,71,0,0,0,0,0,0,0,77,0
330,95,scoreA,0,0,0,48,55,0,0,0,0,0
330,95,fedrn,0,0,0,55,51,0,0,0,0,0
330,95,final,0,0,0,55,51,0,0,0,0,0
330,15,scoreA,0,0,0,0,0,167,0,175,0,0
330,15,fedrn,0,0,0,0,0,167,0,174,0,0
330,15,final,0,0,0,0,0,167,0,174,0,0
330,27,scoreA,0,0,157,0,0,156,0,0,0,0
330,27,fedrn,0,0,155,0,0,159,0,0,0,0
330,27,final,0,0,155,0,0,159,0,0,0,0
330,4,scoreA,0,0,0,0,0,0,0,196,188,0
330,4,fedrn,0,0,0,0,0,0,0,196,188,0
330,4,final,0,0,0,0,0,0,0,196,188,0
330,37,scoreA,0,0,0,0,0,141,0,140,1,0
330,37,fedrn,0,0,0,0,0,137,0,138,1,0
330,37,final,0,0,0,0,0,137,0,138,1,0
330,46,scoreA,0,0,0,0,0,0,123,0,0,130
330,46,fedrn,0,0,0,0,0,0,121,0,0,129
330,46,final,0,0,0,0,0,0,121,0,0,129
330,22,scoreA,165,0,0,0,0,166,0,0,0,0
330,22,fedrn,165,0,0,0,0,165,0,0,0,0
330,22,final,165,0,0,0,0,165,0,0,0,0
331,5,scoreA,188,0,0,0,0,0,194,0,0,0
331,5,fedrn,188,0,0,0,0,0,194,0,0,0
331,5,final,188,0,0,0,0,0,194,0,0,0
331,22,scoreA,167,0,0,0,0,164,0,0,0,0
331,22,fedrn,166,0,0,0,0,164,0,0,0,0
331,22,final,166,0,0,0,0,164,0,0,0,0
331,70,scoreA,0,0,0,0,0,86,0,0,89,0
331,70,fedrn,0,0,0,0,0,85,0,0,89,0
331,70,final,0,0,0,0,0,85,0,0,89,0
331,75,scoreA,0,0,0,87,0,0,0,0,75,0
331,75,fedrn,0,0,0,87,0,0,0,0,71,0
331,75,final,0,0,0,87,0,0,0,0,71,0
331,33,scoreA,0,0,0,0,0,138,153,0,0,0
331,33,fedrn,0,0,0,0,0,138,147,0,0,0
331,33,final,0,0,0,0,0,138,147,0,0,0
331,92,scoreA,0,52,0,60,0,0,0,0,0,0
331,92,fedrn,0,49,0,58,0,0,0,0,0,0
331,92,final,0,49,0,58,0,0,0,0,0,0
331,45,scoreA,0,0,0,0,127,123,0,0,0,0
331,45,fedrn,0,0,0,0,126,124,0,0,0,0
331,45,final,0,0,0,0,126,124,0,0,0,0
331,66,scoreA,0,101,0,0,92,0,0,0,0,0
331,66,fedrn,0,100,0,0,88,0,0,0,0,0
331,66,final,0,100,0,0,88,0,0,0,0,0
331,90,scoreA,0,0,0,0,0,0,56,1,59,0
331,90,fedrn,0,0,0,0,0,0,56,0,59,0
331,90,final,0,0,0,0,0,0,56,0,59,0
331,29,scoreA,0,0,0,0,0,0,0,0,0,308
331,29,fedrn,0,0,0,0,0,0,0,0,0,308
331,29,final,0,0,0,0,0,0,0,0,0,308
332,24,scoreA,0,0,0,0,172,152,0,0,0,0
332,24,fedrn,0,0,0,0,171,151,0,0,0,0
332,24,final,0,0,0,0,171,151,0,0,0,0
332,27,scoreA,0,0,153,0,0,153,0,0,0,0
332,27,fedrn,0,0,153,0,0,157,0,0,0,0
332,27,final,0,0,153,0,0,157,0,0,0,0
332,53,scoreA,116,0,0,0,0,0,0,114,0,0
332,53,fedrn,116,0,0,0,0,0,0,114,0,0
332,53,final,116,0,0,0,0,0,0,114,0,0
332,6,scoreA,0,193,0,0,0,0,186,0,0,0
332,6,fedrn,0,192,0,0,0,0,184,0,0,0
332,6,final,0,192,0,0,0,0,184,0,0,0
332,81,scoreA,0,0,0,74,0,0,0,69,1,0
332,81,fedrn,0,0,0,73,0,0,0,67,1,0
332,81,final,0,0,0,73,0,0,0,67,1,0
332,67,scoreA,0,89,0,0,0,0,0,0,102,0
332,67,fedrn,0,88,0,0,0,0,0,0,102,0
332,67,final,0,88,0,0,0,0,0,0,102,0
332,36,scoreA,0,150,0,137,0,0,0,0,0,0
332,36,fedrn,0,148,0,137,0,0,0,0,0,0
332,36,final,0,148,0,137,0,0,0,0,0,0
332,80,scoreA,0,0,0,0,0,0,144,0,0,0
332,80,fedrn,0,0,0,0,0,0,143,0,0,0
332,80,final,0,0,0,0,0,0,143,0,0,0
332,23,scoreA,0,166,0,0,0,162,0,0,0,0
332,23,fedrn,0,165,0,0,0,162,0,0,0,0
332,23,final,0,165,0,0,0,162,0,0,0,0
332,19,scoreA,0,0,0,0,0,169,165,0,0,0
332,19,fedrn,0,0,0,0,0,168,162,0,0,0
332,19,final,0,0,0,0,0,168,162,0,0,0
333,62,scoreA,99,0,0,0,0,0,0,107,0,0
333,62,fedrn,99,0,0,0,0,0,0,106,0,0
333,62,final,99,0,0,0,0,0,0,106,0,0
333,95,scoreA,0,0,0,59,52,0,0,0,0,0
333,95,fedrn,0,0,0,57,48,0,0,0,0,0
333,95,final,0,0,0,57,48,0,0,0,0,0
333,21,scoreA,0,0,154,0,0,161,0,0,0,0
333,21,fedrn,0,0,161,0,0,158,0,0,0,0
333,21,final,0,0,161,0,0,158,0,0,0,0
333,48,scoreA,0,0,0,129,115,0,0,0,0,0
333,48,fedrn,0,0,0,132,115,0,0,0,0,0
333,48,final,0,0,0,132,115,0,0,0,0,0
333,54,scoreA,0,114,0,0,0,0,116,0,0,0
333,54,fedrn,0,114,0,0,0,0,116,0,0,0
333,54,final,0,114,0,0,0,0,116,0,0,0
333,86,scoreA,0,65,0,65,0,0,0,0,0,0
333,86,fedrn,0,64,0,63,0,0,0,0,0,0
333,86,final,0,64,0,63,0,0,0,0,0,0
333,87,scoreA,0,0,0,0,0,0,0,0,81,60
333,87,fedrn,0,0,0,0,0,0,0,0,82,59
333,87,final,0,0,0,0,0,0,0,0,82,59
333,18,scoreA,165,0,0,0,0,0,173,0,0,0
333,18,fedrn,167,0,0,0,0,0,169,0,0,0
333,18,final,167,0,0,0,0,0,169,0,0,0
333,7,scoreA,191,185,0,0,0,0,0,0,0,0
333,7,fedrn,191,182,0,0,0,0,0,0,0,0
333,7,final,191,182,0,0,0,0,0,0,0,0
333,46,scoreA,0,0,0,0,0,0,123,0,0,129
333,46,fedrn,0,0,0,0,0,0,122,0,0,129
333,46,final,0,0,0,0,0,0,122,0,0,129
334,5,scoreA,188,0,0,0,0,0,193,0,0,0
334,5,fedrn,188,0,0,0,0,0,193,0,0,0
334,5,final,188,0,0,0,0,0,193,0,0,0
334,65,scoreA,0,0,0,104,94,0,0,0,0,0
334,65,fedrn,0,0,0,103,90,0,0,0,0,0
334,65,final,0,0,0,103,90,0,0,0,0,0
334,16,scoreA,174,0,0,167,0,0,0,0,0,0
334,16,fedrn,171,0,0,166,0,0,0,0,0,0
334,16,final,171,0,0,166,0,0,0,0,0,0
334,89,scoreA,69,0,0,0,0,0,0,0,0,57
334,89,fedrn,69,0,0,0,0,0,0,0,0,52
334,89,final,69,0,0,0,0,0,0,0,0,52
334,58,scoreA,0,0,0,0,116,0,0,0,0,100
334,58,fedrn,0,0,0,0,117,0,0,0,0,100
334,58,final,0,0,0,0,117,0,0,0,0,100
334,9,scoreA,0,372,0,0,0,0,0,0,0,0
334,9,fedrn,0,372,0,0,0,0,0,0,0,0
334,9,final,0,372,0,0,0,0,0,0,0,0
334,47,scoreA,0,0,0,0,0,131,0,0,0,117
334,47,fedrn,0,0,0,0,0,131,0,0,0,117
334,47,final,0,0,0,0,0,131,0,0,0,117
334,14,scoreA,0,0,0,0,0,179,0,0,0,170
334,14,fedrn,0,0,0,0,0,179,0,0,0,171
334,14,final,0,0,0,0,0,179,0,0,0,171
334,84,scoreA,66,0,0,0,0,0,0,0,0,69
334,84,fedrn,66,0,0,0,0,0,0,0,0,69
334,84,final,66,0,0,0,0,0,0,0,0,69
334,38,scoreA,0,0,141,0,0,0,0,140,0,0
334,38,fedrn,0,0,141,0,0,0,0,140,0,0
334,38,final,0,0,141,0,0,0,0,140,0,0
335,42,scoreA,0,147,0,0,0,0,0,0,123,0
335,42,fedrn,0,143,0,0,0,0,0,0,123,0
335,42,final,0,143,0,0,0,0,0,0,123,0
335,89,scoreA,70,0,0,0,0,0,0,0,0,55
335,89,fedrn,70,0,0,0,0,0,0,0,0,55
335,89,final,70,0,0,0,0,0,0,0,0,55
335,73,scoreA,87,0,0,0,0,0,82,0,0,0
335,73,fedrn,87,0,0,0,0,0,83,0,0,0
335,73,final,87,0,0,0,0,0,83,0,0,0
335,92,scoreA,0,49,0,60,0,0,0,0,0,0
335,92,fedrn,0,48,0,60,0,0,0,0,0,0
335,92,final,0,48,0,60,0,0,0,0,0,0
335,68,scoreA,0,0,0,0,0,0,96,0,0,86
335,68,fedrn,0,0,0,0,0,0,95,0,0,87
335,68,final,0,0,0,0,0,0,95,0,0,87
335,14,scoreA,0,0,0,0,0,179,0,0,0,174
335,14,fedrn,0,0,0,0,0,178,0,0,0,176
335,14,final,0,0,0,0,0,178,0,0,0,176
335,18,scoreA,167,0,0,0,0,0,170,0,0,0
335,18,fedrn,166,0,0,0,0,0,170,0,0,0
335,18,final,166,0,0,0,0,0,170,0,0,0
335,10,scoreA,0,0,0,177,0,0,0,175,0,0
335,10,fedrn,0,0,0,180,0,0,0,154,0,0
335,10,final,0,0,0,180,0,0,0,154,0,0
335,38,scoreA,0,0,141,0,0,0,0,141,0,0
335,38,fedrn,0,0,141,0,0,0,0,141,0,0
335,38,final,0,0,141,0,0,0,0,141,0,0
335,41,scoreA,131,0,0,134,0,0,0,0,0,0
335,41,fedrn,130,0,0,134,0,0,0,0,0,0
335,41,final,130,0,0,134,0,0,0,0,0,0
336,15,scoreA,0,0,0,0,0,168,0,177,0,0
336,15,fedrn,0,0,0,0,0,169,0,168,0,0
336,15,final,0,0,0,0,0,169,0,168,0,0
336,61,scoreA,0,0,0,0,0,0,205,0,0,0
336,61,fedrn,0,0,0,0,0,0,205,0,0,0
336,61,final,0,0,0,0,0,0,205,0,0,0
336,86,scoreA,0,64,0,63,0,0,0,0,0,0
336,86,fedrn,0,64,0,63,0,0,0,0,0,0
336,86,final,0,64,0,63,0,0,0,0,0,0
336,79,scoreA,73,0,0,0,0,0,0,0,77,0
336,79,fedrn,71,0,0,0,0,0,0,0,74,0
336,79,final,71,0,0,0,0,0,0,0,74,0
336,16,scoreA,176,0,0,167,0,0,0,0,0,0
336,16,fedrn,176,0,0,165,0,0,0,0,0,0
336,16,final,176,0,0,165,0,0,0,0,0,0
336,90,scoreA,0,0,0,0,0,0,56,0,59,0
336,90,fedrn,0,0,0,0,0,0,56,0,59,0
336,90,final,0,0,0,0,0,0,56,0,59,0
336,23,scoreA,0,167,0,0,0,161,0,0,0,0
336,23,fedrn,0,165,0,0,0,162,0,0,0,0
336,23,final,0,165,0,0,0,162,0,0,0,0
336,31,scoreA,148,154,0,0,0,0,0,0,0,0
336,31,fedrn,146,155,0,0,0,0,0,0,0,0
336,31,final,146,155,0,0,0,0,0,0,0,0
336,10,scoreA,0,0,0,179,0,0,0,167,0,0
336,10,fedrn,0,0,0,178,0,0,0,158,0,0
336,10,final,0,0,0,178,0,0,0,158,0,0
336,45,scoreA,0,0,0,0,128,125,0,0,0,0
336,45,fedrn,0,0,0,0,120,126,0,0,0,0
336,45,final,0,0,0,0,120,126,0,0,0,0
337,83,scoreA,0,0,72,0,0,0,0,0,0,67
337,83,fedrn,0,0,72,0,0,0,0,0,0,66
337,83,final,0,0,72,0,0,0,0,0,0,66
337,33,scoreA,0,0,0,0,0,140,148,0,0,0
337,33,fedrn,0,0,0,0,0,139,146,0,0,0
337,33,final,0,0,0,0,0,139,146,0,0,0
337,25,scoreA,0,0,0,161,0,0,0,0,159,0
337,25,fedrn,0,0,0,160,0,0,0,0,157,0
337,25,final,0,0,0,160,0,0,0,0,157,0
337,28,scoreA,0,0,157,0,0,0,0,148,0,0
337,28,fedrn,0,0,158,0,0,0,0,151,0,0
337,28,final,0,0,158,0,0,0,0,151,0,0
337,51,scoreA,0,0,0,0,121,0,0,128,0,0
337,51,fedrn,0,0,0,0,120,0,0,125,1,0
337,51,final,0,0,0,0,120,0,0,125,1,0
337,70,scoreA,0,0,0,0,0,86,0,0,88,0
337,70,fedrn,0,0,0,0,0,85,0,0,89,0
337,70,final,0,0,0,0,0,85,0,0,89,0
337,50,scoreA,0,0,1,137,0,0,0,0,0,0
337,50,fedrn,0,0,0,137,0,0,0,0,0,0
337,50,final,0,0,0,137,0,0,0,0,0,0
337,54,scoreA,0,114,0,0,0,0,116,0,0,0
337,54,fedrn,0,114,0,0,0,0,116,0,0,0
337,54,final,0,114,0,0,0,0,116,0,0,0
337,67,scoreA,0,88,0,0,0,0,0,0,98,0
337,67,fedrn,0,89,0,0,0,0,0,0,99,0
337,67,final,0,89,0,0,0,0,0,0,99,0
337,81,scoreA,0,0,0,73,0,0,0,69,1,0
337,81,fedrn,0,0,0,71,0,0,0,67,1,0
337,81,final,0,0,0,71,0,0,0,67,1,0
338,61,scoreA,0,0,0,0,0,0,205,0,0,0
338,61,fedrn,0,0,0,0,0,0,205,0,0,0
338,61,final,0,0,0,0,0,0,205,0,0,0
338,26,scoreA,0,0,0,0,0,0,0,161,0,156
338,26,fedrn,0,0,0,0,0,0,0,161,0,156
338,26,final,0,0,0,0,0,0,0,161,0,156
338,60,scoreA,0,0,208,0,0,0,0,0,0,0
338,60,fedrn,0,0,208,0,0,0,0,0,0,0
338,60,final,0,0,208,0,0,0,0,0,0,0
338,99,scoreA,0,0,0,0,0,0,0,0,22,66
338,99,fedrn,0,0,0,0,0,0,0,0,26,68
338,99,final,0,0,0,0,0,0,0,0,26,68
338,54,scoreA,0,114,0,0,0,0,116,0,0,0
338,54,fedrn,0,114,0,0,0,0,116,0,0,0
338,54,final,0,114,0,0,0,0,116,0,0,0
338,85,scoreA,0,62,0,0,66,0,0,0,0,0
338,85,fedrn,0,63,0,0,65,0,0,0,0,0
338,85,final,0,63,0,0,65,0,0,0,0,0
338,66,scoreA,0,100,0,0,88,0,0,0,0,0
338,66,fedrn,0,101,0,0,88,0,0,0,0,0
338,66,final,0,101,0,0,88,0,0,0,0,0
338,31,scoreA,145,157,0,0,0,0,0,0,0,0
338,31,fedrn,145,157,0,0,0,0,0,0,0,0
338,31,final,145,157,0,0,0,0,0,0,0,0
338,39,scoreA,139,0,0,0,0,0,0,0,143,0
338,39,fedrn,140,0,0,0,0,0,0,0,142,0
338,39,final,140,0,0,0,0,0,0,0,142,0
338,11,scoreA,0,0,0,0,171,169,0,0,0,0
338,11,fedrn,0,0,0,0,185,166,0,0,0,0
338,11,final,0,0,0,0,185,166,0,0,0,0
339,38,scoreA,0,0,141,0,0,0,0,142,0,0
339,38,fedrn,0,0,141,0,0,0,0,142,0,0
339,38,final,0,0,141,0,0,0,0,142,0,0
339,34,scoreA,0,0,0,154,0,0,0,129,0,0
339,34,fedrn,0,0,0,156,0,0,0,127,0,0
339,34,final,0,0,0,156,0,0,0,127,0,0
339,99,scoreA,0,0,0,0,0,0,0,0,30,67
339,99,fedrn,0,0,0,0,0,0,0,0,29,68
339,99,final,0,0,0,0,0,0,0,0,29,68
339,77,scoreA,0,85,0,0,0,0,0,0,74,0
339,77,fedrn,0,88,0,0,0,0,0,0,71,0
339,77,final,0,88,0,0,0,0,0,0,71,0
339,52,scoreA,0,0,0,0,0,0,0,117,115,0
339,52,fedrn,0,0,0,0,0,0,0,117,116,0
339,52,final,0,0,0,0,0,0,0,117,116,0
339,36,scoreA,0,150,0,136,0,0,0,0,0,0
339,36,fedrn,0,149,0,137,0,0,0,0,0,0
339,36,final,0,149,0,137,0,0,0,0,0,0
339,30,scoreA,142,0,156,0,0,0,0,0,0,0
339,30,fedrn,138,0,155,0,0,0,0,0,0,0
339,30,final,138,0,155,0,0,0,0,0,0,0
339,92,scoreA,0,48,0,60,0,0,0,0,0,0
339,92,fedrn,0,48,0,59,0,0,0,0,0,0
339,92,final,0,48,0,59,0,0,0,0,0,0
339,31,scoreA,139,146,0,0,0,0,0,0,0,0
339,31,fedrn,145,152,0,0,0,0,0,0,0,0
339,31,final,145,152,0,0,0,0,0,0,0,0
339,37,scoreA,0,0,0,0,0,137,0,140,1,0
339,37,fedrn,0,0,0,0,0,137,0,137,1,0
339,37,final,0,0,0,0,0,137,0,137,1,0
340,14,scoreA,0,0,0,0,0,178,0,0,0,177
340,14,fedrn,0,0,0,0,0,178,0,0,0,176
340,14,final,0,0,0,0,0,178,0,0,0,176
340,53,scoreA,116,0,0,0,0,0,0,115,0,0
340,53,fedrn,116,0,0,0,0,0,0,114,0,0
340,53,final,116,0,0,0,0,0,0,114,0,0
340,36,scoreA,0,149,0,137,0,0,0,0,0,0
340,36,fedrn,0,149,0,137,0,0,0,0,0,0
340,36,final,0,149,0,137,0,0,0,0,0,0
340,67,scoreA,0,89,0,0,0,0,0,0,101,0
340,67,fedrn,0,89,0,0,0,0,0,0,101,0
340,67,final,0,89,0,0,0,0,0,0,101,0
340,95,scoreA,0,0,0,57,43,0,0,0,0,0
340,95,fedrn,0,0,0,57,45,0,0,0,0,0
340,95,final,0,0,0,57,45,0,0,0,0,0
340,63,scoreA,0,0,0,0,88,112,0,0,0,0
340,63,fedrn,0,0,0,0,81,113,0,0,0,0
340,63,final,0,0,0,0,81,113,0,0,0,0
340,69,scoreA,0,0,91,0,104,0,0,0,0,0
340,69,fedrn,0,0,91,0,104,0,0,0,0,0
340,69,final,0,0,91,0,104,0,0,0,0,0
340,75,scoreA,0,0,0,87,0,0,0,0,73,0
340,75,fedrn,0,0,0,86,0,0,0,0,71,0
340,75,final,0,0,0,86,0,0,0,0,71,0
340,77,scoreA,0,88,0,0,0,0,0,0,73,0
340,77,fedrn,0,87,0,0,0,0,0,0,71,0
340,77,final,0,87,0,0,0,0,0,0,71,0
340,47,scoreA,0,0,0,0,0,131,0,0,0,117
340,47,fedrn,0,0,0,0,0,131,0,0,0,117
340,47,final,0,0,0,0,0,131,0,0,0,117
341,64,scoreA,0,0,196,0,0,0,0,0,0,0
341,64,fedrn,0,0,196,0,0,0,0,0,0,0
341,64,final,0,0,196,0,0,0,0,0,0,0
341,48,scoreA,0,0,0,131,118,0,0,0,0,0
341,48,fedrn,0,0,0,130,117,0,0,0,0,0
341,48,final,0,0,0,130,117,0,0,0,0,0
341,7,scoreA,191,183,0,0,0,0,0,0,0,0
341,7,fedrn,191,184,0,0,0,0,0,0,0,0
341,7,final,191,184,0,0,0,0,0,0,0,0
341,25,scoreA,0,0,0,160,0,0,0,0,159,0
341,25,fedrn,0,0,0,160,0,0,0,0,158,0
341,25,final,0,0,0,160,0,0,0,0,158,0
341,4,scoreA,0,0,0,0,0,0,0,196,188,0
341,4,fedrn,0,0,0,0,0,0,0,196,188,0
341,4,final,0,0,0,0,0,0,0,196,188,0
341,10,scoreA,0,0,0,179,0,0,0,167,0,0
341,10,fedrn,0,0,0,176,0,0,0,164,0,0
341,10,final,0,0,0,176,0,0,0,164,0,0
341,51,scoreA,0,0,0,0,114,0,0,127,0,0
341,51,fedrn,0,0,0,0,119,0,0,123,0,0
341,51,final,0,0,0,0,119,0,0,123,0,0
341,12,scoreA,0,0,0,188,0,0,0,0,0,168
341,12,fedrn,0,0,0,188,0,0,0,0,0,170
341,12,final,0,0,0,188,0,0,0,0,0,170
341,71,scoreA,0,87,0,0,0,88,0,0,0,0
341,71,fedrn,0,86,0,0,0,87,0,0,0,0
341,71,final,0,86,0,0,0,87,0,0,0,0
341,80,scoreA,0,0,0,0,0,0,144,0,0,0
341,80,fedrn,0,0,0,0,0,0,140,0,0,0
341,80,final,0,0,0,0,0,0,140,0,0,0
342,90,scoreA,0,0,0,0,0,0,56,0,59,0
342,90,fedrn,0,0,0,0,0,0,55,0,59,0
342,90,final,0,0,0,0,0,0,55,0,59,0
342,18,scoreA,168,0,0,0,0,0,172,0,0,0
342,18,fedrn,165,0,0,0,0,0,171,0,0,0
342,18,final,165,0,0,0,0,0,171,0,0,0
342,8,scoreA,0,0,0,0,0,0,0,186,186,0
342,8,fedrn,0,0,0,0,0,0,0,186,184,0
342,8,final,0,0,0,0,0,0,0,186,184,0
342,25,scoreA,0,0,0,159,0,0,0,0,159,0
342,25,fedrn,0,0,0,161,0,0,0,0,158,0
342,25,final,0,0,0,161,0,0,0,0,158,0
342,61,scoreA,0,0,0,0,0,0,205,0,0,0
342,61,fedrn,0,0,0,0,0,0,205,0,0,0
342,61,final,0,0,0,0,0,0,205,0,0,0
342,84,scoreA,66,0,0,0,0,0,0,0,0,68
342,84,fedrn,66,0,0,0,0,0,0,0,0,70
342,84,final,66,0,0,0,0,0,0,0,0,70
342,5,scoreA,188,0,0,0,0,0,192,0,0,0
342,5,fedrn,188,0,0,0,0,0,193,0,0,0
342,5,final,188,0,0,0,0,0,193,0,0,0
342,34,scoreA,0,0,0,157,0,0,0,129,0,0
342,34,fedrn,0,0,0,155,0,0,0,128,0,0
342,34,final,0,0,0,155,0,0,0,128,0,0
342,68,scoreA,0,0,0,0,0,0,96,0,0,88
342,68,fedrn,0,0,0,0,0,0,95,0,0,86
342,68,final,0,0,0,0,0,0,95,0,0,86
342,40,scoreA,0,0,0,154,0,129,0,0,0,1
342,40,fedrn,0,0,0,154,0,131,0,0,0,1
342,40,final,0,0,0,154,0,131,0,0,0,1
343,28,scoreA,0,0,159,0,0,0,0,139,0,0
343,28,fedrn,0,0,157,0,0,0,0,146,0,0
343,28,final,0,0,157,0,0,0,0,146,0,0
343,8,scoreA,0,0,0,0,0,0,0,186,186,0
343,8,fedrn,0,0,0,0,0,0,0,186,185,0
343,8,final,0,0,0,0,0,0,0,186,185,0
343,57,scoreA,0,0,0,0,111,0,109,0,0,0
343,57,fedrn,0,0,0,0,114,0,107,0,0,0
343,57,final,0,0,0,0,114,0,107,0,0,0
343,29,scoreA,0,0,0,0,0,0,0,0,0,308
343,29,fedrn,0,0,0,0,0,0,0,0,0,308
343,29,final,0,0,0,0,0,0,0,0,0,308
343,11,scoreA,0,0,0,0,185,165,0,0,0,0
343,11,fedrn,0,0,0,0,186,164,0,0,0,0
343,11,final,0,0,0,0,186,164,0,0,0,0
343,79,scoreA,72,0,0,1,0,0,0,0,77,0
343,79,fedrn,70,0,0,0,0,0,0,0,78,0
343,79,final,70,0,0,0,0,0,0,0,78,0
343,5,scoreA,188,0,0,0,0,0,194,0,0,0
343,5,fedrn,188,0,0,0,0,0,193,0,0,0
343,5,final,188,0,0,0,0,0,193,0,0,0
343,55,scoreA,0,0,0,0,118,0,0,107,1,0
343,55,fedrn,0,0,0,0,118,0,0,104,1,0
343,55,final,0,0,0,0,118,0,0,104,1,0
343,80,scoreA,0,0,0,0,0,0,144,0,0,0
343,80,fedrn,0,0,0,0,0,0,143,0,0,0
343,80,final,0,0,0,0,0,0,143,0,0,0
343,97,scoreA,0,3,10,7,69,21,5,64,6,4
343,97,fedrn,0,2,13,6,69,21,5,67,10,5
343,97,final,0,2,13,6,69,21,5,67,10,5
344,70,scoreA,0,0,0,0,0,88,0,0,91,0
344,70,fedrn,0,0,0,0,0,86,0,0,88,0
344,70,final,0,0,0,0,0,86,0,0,88,0
344,61,scoreA,0,0,0,0,0,0,205,0,0,0
344,61,fedrn,0,0,0,0,0,0,204,0,0,0
344,61,final,0,0,0,0,0,0,204,0,0,0
344,96,scoreA,0,41,0,55,0,0,8,0,0,0
344,96,fedrn,0,41,0,54,0,0,10,0,0,0
344,96,final,0,41,0,54,0,0,10,0,0,0
344,99,scoreA,0,0,0,0,0,0,0,0,35,68
344,99,fedrn,0,0,0,0,0,0,0,0,38,67
344,99,final,0,0,0,0,0,0,0,0,38,67
344,54,scoreA,0,114,0,0,0,0,116,0,0,0
344,54,fedrn,0,114,0,0,0,0,116,0,0,0
344,54,final,0,114,0,0,0,0,116,0,0,0
344,50,scoreA,0,0,0,137,0,0,0,0,0,0
344,50,fedrn,0,0,0,137,0,0,0,0,0,0
344,50,final,0,0,0,137,0,0,0,0,0,0
344,41,scoreA,132,0,0,131,0,0,0,0,0,0
344,41,fedrn,130,0,0,133,0,0,0,0,0,0
344,41,final,130,0,0,133,0,0,0,0,0,0
344,67,scoreA,0,89,0,0,0,0,0,0,100,0
344,67,fedrn,0,89,0,0,0,0,0,0,101,0
344,67,final,0,89,0,0,0,0,0,0,101,0
344,13,scoreA,0,0,0,0,0,0,175,0,182,0
344,13,fedrn,0,0,0,0,0,0,175,0,181,0
344,13,final,0,0,0,0,0,0,175,0,181,0
344,23,scoreA,0,166,0,0,0,161,0,0,0,0
344,23,fedrn,0,165,0,0,0,162,0,0,0,0
344,23,final,0,165,0,0,0,162,0,0,0,0
345,39,scoreA,140,0,0,0,0,0,0,0,141,0
345,39,fedrn,140,0,0,0,0,0,0,0,140,0
345,39,final,140,0,0,0,0,0,0,0,140,0
345,50,scoreA,0,0,0,137,0,0,0,0,0,0
345,50,fedrn,0,0,0,137,0,0,0,0,0,0
345,50,final,0,0,0,137,0,0,0,0,0,0
345,17,scoreA,0,0,0,183,145,0,0,0,0,0
345,17,fedrn,0,0,0,182,143,0,0,0,0,0
345,17,final,0,0,0,182,143,0,0,0,0,0
345,22,scoreA,167,0,0,0,0,165,0,0,0,0
345,22,fedrn,167,0,0,0,0,165,0,0,0,0
345,22,final,167,0,0,0,0,165,0,0,0,0
345,18,scoreA,167,0,0,0,0,0,171,0,0,0
345,18,fedrn,167,0,0,0,0,0,171,0,0,0
345,18,final,167,0,0,0,0,0,171,0,0,0
345,55,scoreA,0,0,0,0,118,0,0,109,1,0
345,55,fedrn,0,0,0,0,116,0,0,105,1,0
345,55,final,0,0,0,0,116,0,0,105,1,0
345,99,scoreA,0,1,0,0,0,0,0,0,55,54
345,99,fedrn,0,0,0,0,0,0,0,0,54,58
345,99,final,0,0,0,0,0,0,0,0,54,58
345,51,scoreA,0,0,0,0,118,0,0,123,0,0
345,51,fedrn,0,0,0,0,118,0,0,123,0,0
345,51,final,0,0,0,0,118,0,0,123,0,0
345,77,scoreA,0,87,0,0,0,0,0,0,74,0
345,77,fedrn,0,88,0,0,0,0,0,0,70,0
345,77,final,0,88,0,0,0,0,0,0,70,0
345,49,scoreA,0,0,121,0,0,0,0,122,0,0
345,49,fedrn,0,0,121,0,0,0,0,121,0,0
345,49,final,0,0,121,0,0,0,0,121,0,0
346,24,scoreA,0,0,0,0,173,151,0,0,0,0
346,24,fedrn,0,0,0,0,171,150,0,0,0,0
346,24,final,0,0,0,0,171,150,0,0,0,0
346,52,scoreA,0,0,0,0,0,0,0,117,116,0
346,52,fedrn,0,0,0,0,0,0,0,117,116,0
346,52,final,0,0,0,0,0,0,0,117,116,0
346,69,scoreA,0,0,92,0,104,0,0,0,0,0
346,69,fedrn,0,0,95,0,104,0,0,0,0,0
346,69,final,0,0,95,0,104,0,0,0,0,0
346,36,scoreA,0,150,0,137,0,0,0,0,0,0
346,36,fedrn,0,150,0,137,0,0,0,0,0,0
346,36,final,0,150,0,137,0,0,0,0,0,0
346,96,scoreA,0,38,0,54,0,0,7,0,1,0
346,96,fedrn,0,40,0,55,1,0,12,0,1,0
346,96,final,0,40,0,55,1,0,12,0,1,0
346,22,scoreA,167,0,0,0,0,166,0,0,0,0
346,22,fedrn,166,0,0,0,0,165,0,0,0,0
346,22,final,166,0,0,0,0,165,0,0,0,0
346,49,scoreA,0,1,120,0,0,0,0,126,0,0
346,49,fedrn,0,0,121,0,0,0,0,126,0,0
346,49,final,0,0,121,0,0,0,0,126,0,0
346,75,scoreA,0,0,0,87,0,0,0,0,72,0
346,75,fedrn,0,0,0,85,0,0,0,0,72,0
346,75,final,0,0,0,85,0,0,0,0,72,0
346,93,scoreA,0,0,0,0,0,0,48,0,0,65
346,93,fedrn,0,0,0,0,0,0,46,0,0,65
346,93,final,0,0,0,0,0,0,46,0,0,65
346,4,scoreA,0,0,0,0,0,0,0,196,188,0
346,4,fedrn,0,0,0,0,0,0,0,196,188,0
346,4,final,0,0,0,0,0,0,0,196,188,0
347,10,scoreA,0,0,0,181,0,0,0,172,0,0
347,10,fedrn,0,0,0,180,0,0,0,164,0,0
347,10,final,0,0,0,180,0,0,0,164,0,0
347,46,scoreA,0,0,0,0,0,0,123,0,0,129
347,46,fedrn,0,0,0,0,0,0,123,0,0,129
347,46,final,0,0,0,0,0,0,123,0,0,129
347,62,scoreA,100,0,0,0,0,0,0,108,0,0
347,62,fedrn,98,0,0,0,0,0,0,108,0,0
347,62,final,98,0,0,0,0,0,0,108,0,0
347,99,scoreA,0,0,0,0,0,0,0,0,56,60
347,99,fedrn,0,0,0,0,0,0,0,0,56,56
347,99,final,0,0,0,0,0,0,0,0,56,56
347,59,scoreA,110,0,0,0,0,0,0,103,0,0
347,59,fedrn,110,0,0,0,0,0,0,100,0,0
347,59,final,110,0,0,0,0,0,0,100,0,0
347,3,scoreA,0,0,0,0,0,0,196,0,193,0
347,3,fedrn,0,0,0,0,0,0,196,0,193,0
347,3,final,0,0,0,0,0,0,196,0,193,0
347,49,scoreA,0,0,122,0,0,0,0,125,0,0
347,49,fedrn,0,0,121,0,0,0,0,125,0,0
347,49,final,0,0,121,0,0,0,0,125,0,0
347,38,scoreA,0,0,142,0,0,0,0,141,0,0
347,38,fedrn,0,0,139,0,0,0,0,141,0,0
347,38,final,0,0,139,0,0,0,0,141,0,0
347,7,scoreA,191,185,0,0,0,0,0,0,0,0
347,7,fedrn,191,185,0,0,0,0,0,0,0,0
347,7,final,191,185,0,0,0,0,0,0,0,0
347,92,scoreA,0,47,0,61,0,0,0,0,0,0
347,92,fedrn,0,48,0,60,0,0,0,0,0,0
347,92,final,0,48,0,60,0,0,0,0,0,0
348,85,scoreA,0,64,0,0,65,0,0,0,0,0
348,85,fedrn,0,64,0,0,65,0,0,0,0,0
348,85,final,0,64,0,0,65,0,0,0,0,0
348,58,scoreA,0,0,0,0,117,0,0,0,0,101
348,58,fedrn,0,0,0,0,116,0,0,0,0,101
348,58,final,0,0,0,0,116,0,0,0,0,101
348,49,scoreA,0,0,120,0,0,0,0,127,0,0
348,49,fedrn,0,0,120,0,0,0,0,126,0,0
348,49,final,0,0,120,0,0,0,0,126,0,0
348,82,scoreA,0,0,0,0,70,0,0,0,69,0
348,82,fedrn,0,0,0,0,69,0,0,0,69,0
348,82,final,0,0,0,0,69,0,0,0,69,0
348,53,scoreA,116,0,0,0,0,0,0,116,0,0
348,53,fedrn,115,0,0,0,0,0,0,115,0,0
348,53,final,115,0,0,0,0,0,0,115,0,0
348,37,scoreA,0,0,0,0,0,140,0,138,1,0
348,37,fedrn,0,0,0,0,0,137,0,138,1,0
348,37,final,0,0,0,0,0,137,0,138,1,0
348,24,scoreA,0,0,0,0,174,151,0,0,0,0
348,24,fedrn,0,0,0,0,174,150,0,0,0,0
348,24,final,0,0,0,0,174,150,0,0,0,0
348,36,scoreA,0,150,0,137,0,0,0,0,0,0
348,36,fedrn,0,150,0,137,0,0,0,0,0,0
348,36,final,0,150,0,137,0,0,0,0,0,0
348,31,scoreA,146,158,0,0,0,0,0,0,0,0
348,31,fedrn,146,153,0,0,0,0,0,0,0,0
348,31,final,146,153,0,0,0,0,0,0,0,0
348,23,scoreA,0,167,0,0,0,162,0,0,0,0
348,23,fedrn,0,164,0,0,0,162,0,0,0,0
348,23,final,0,164,0,0,0,162,0,0,0,0
349,56,scoreA,0,0,121,0,0,0,0,0,0,103
349,56,fedrn,0,0,121,0,0,0,0,0,0,102
349,56,final,0,0,121,0,0,0,0,0,0,102
349,67,scoreA,0,89,0,0,0,0,0,0,101,0
349,67,fedrn,0,88,0,0,0,0,0,0,100,0
349,67,final,0,88,0,0,0,0,0,0,100,0
349,0,scoreA,0,0,388,0,0,0,0,0,0,0
349,0,fedrn,0,0,396,0,0,0,0,0,0,0
349,0,final,0,0,396,0,0,0,0,0,0,0
349,88,scoreA,119,0,0,0,0,0,0,0,0,0
349,88,fedrn,119,0,0,0,0,0,0,0,0,0
349,88,final,119,0,0,0,0,0,0,0,0,0
349,96,scoreA,0,41,0,56,1,0,11,0,1,0
349,96,fedrn,0,40,0,55,0,0,7,0,1,0
349,96,final,0,40,0,55,0,0,7,0,1,0
349,93,scoreA,0,0,0,0,0,0,47,0,0,67
349,93,fedrn,0,0,0,0,0,0,47,0,0,64
349,93,final,0,0,0,0,0,0,47,0,0,64
349,15,scoreA,0,0,0,0,0,169,0,169,0,0
349,15,fedrn,0,0,0,0,0,169,0,170,0,0
349,15,final,0,0,0,0,0,169,0,170,0,0
349,84,scoreA,66,0,0,0,0,0,0,0,0,69
349,84,fedrn,65,0,0,0,0,0,0,0,0,68
349,84,final,65,0,0,0,0,0,0,0,0,68
349,55,scoreA,0,0,0,0,119,0,0,100,1,0
349,55,fedrn,0,0,0,0,121,0,0,101,1,0
349,55,final,0,0,0,0,121,0,0,101,1,0
349,98,scoreA,0,0,0,0,51,49,0,0,0,0
349,98,fedrn,0,0,0,0,51,46,0,0,0,0
349,98,final,0,0,0,0,51,46,0,0,0,0
350,70,scoreA,0,0,0,0,0,86,0,0,89,0
350,70,fedrn,0,0,0,0,0,86,0,0,89,0
350,70,final,0,0,0,0,0,86,0,0,89,0
350,4,scoreA,0,0,0,0,0,0,0,196,188,0
350,4,fedrn,0,0,0,0,0,0,0,196,189,0
350,4,final,0,0,0,0,0,0,0,196,189,0
350,96,scoreA,0,41,0,56,0,0,7,0,0,0
350,96,fedrn,0,40,0,54,0,0,2,0,0,0
350,96,final,0,40,0,54,0,0,2,0,0,0
350,78,scoreA,0,0,74,0,99,0,0,0,0,0
350,78,fedrn,0,0,73,0,100,0,0,0,0,0
350,78,final,0,0,73,0,100,0,0,0,0,0
350,49,scoreA,0,0,121,0,0,0,0,127,0,0
350,49,fedrn,0,0,121,0,0,0,0,119,0,0
350,49,final,0,0,121,0,0,0,0,119,0,0
350,43,scoreA,0,0,0,124,0,0,0,0,131,0
350,43,fedrn,0,0,0,125,0,0,0,0,130,0
350,43,final,0,0,0,125,0,0,0,0,130,0
350,27,scoreA,0,0,142,0,0,161,0,0,0,0
350,27,fedrn,0,0,153,0,0,158,0,0,0,0
350,27,final,0,0,153,0,0,158,0,0,0,0
350,51,scoreA,0,0,0,0,118,0,0,123,0,0
350,51,fedrn,0,0,0,0,120,0,0,122,0,0
350,51,final,0,0,0,0,120,0,0,122,0,0
350,13,scoreA,0,0,0,0,0,0,175,0,181,0
350,13,fedrn,0,0,0,0,0,0,175,0,181,0
350,13,final,0,0,0,0,0,0,175,0,181,0
350,41,scoreA,131,0,0,134,0,0,0,0,0,0
350,41,fedrn,131,0,0,135,0,0,0,0,0,0
350,41,final,131,0,0,135,0,0,0,0,0,0
351,36,scoreA,0,151,0,137,0,0,0,0,0,0
351,36,fedrn,0,150,0,137,0,0,0,0,0,0
351,36,final,0,150,0,137,0,0,0,0,0,0
351,24,scoreA,0,0,0,0,174,141,0,0,0,0
351,24,fedrn,0,0,0,0,172,147,0,0,0,0
351,24,final,0,0,0,0,172,147,0,0,0,0
351,94,scoreA,57,51,0,0,0,0,0,0,0,0
351,94,fedrn,56,51,0,0,0,0,0,0,0,0
351,94,final,56,51,0,0,0,0,0,0,0,0
351,3,scoreA,0,0,0,0,0,0,196,0,193,0
351,3,fedrn,0,0,0,0,0,0,195,0,192,0
351,3,final,0,0,0,0,0,0,195,0,192,0
351,22,scoreA,165,0,0,0,0,166,0,0,0,0
351,22,fedrn,166,0,0,0,0,165,0,0,0,0
351,22,final,166,0,0,0,0,165,0,0,0,0
351,86,scoreA,0,64,0,63,0,0,0,0,0,0
351,86,fedrn,0,64,0,63,0,0,0,0,0,0
351,86,final,0,64,0,63,0,0,0,0,0,0
351,90,scoreA,0,0,0,0,0,0,55,1,60,0
351,90,fedrn,0,0,0,0,0,0,54,0,60,0
351,90,final,0,0,0,0,0,0,54,0,60,0
351,57,scoreA,0,0,0,0,113,0,108,0,0,0
351,57,fedrn,0,0,0,0,115,0,105,0,0,0
351,57,final,0,0,0,0,115,0,105,0,0,0
351,70,scoreA,0,0,0,0,0,86,0,0,90,0
351,70,fedrn,0,0,0,0,0,86,0,0,89,0
351,70,final,0,0,0,0,0,86,0,0,89,0
351,52,scoreA,0,0,0,0,0,0,0,117,116,0
351,52,fedrn,0,0,0,0,0,0,0,117,116,0
351,52,final,0,0,0,0,0,0,0,117,116,0
352,24,scoreA,0,0,0,0,175,135,0,0,0,0
352,24,fedrn,0,0,0,0,174,144,0,0,0,0
352,24,final,0,0,0,0,174,144,0,0,0,0
352,78,scoreA,0,0,77,0,100,0,0,0,0,0
352,78,fedrn,0,0,75,0,100,0,0,0,0,0
352,78,final,0,0,75,0,100,0,0,0,0,0
352,80,scoreA,0,0,0,0,0,0,144,0,0,0
352,80,fedrn,0,0,0,0,0,0,142,0,0,0
352,80,final,0,0,0,0,0,0,142,0,0,0
352,49,scoreA,0,0,119,0,0,0,0,127,0,0
352,49,fedrn,0,0,120,0,0,0,0,123,0,0
352,49,final,0,0,120,0,0,0,0,123,0,0
352,65,scoreA,0,0,0,104,92,0,0,0,0,0
352,65,fedrn,0,0,0,104,92,0,0,0,0,0
352,65,final,0,0,0,104,92,0,0,0,0,0
352,17,scoreA,0,0,0,174,150,0,0,0,0,0
352,17,fedrn,0,0,0,178,145,0,0,0,0,0
352,17,final,0,0,0,178,145,0,0,0,0,0
352,79,scoreA,71,0,0,0,0,0,0,0,79,0
352,79,fedrn,72,0,0,0,0,0,3,0,74,0
352,79,final,72,0,0,0,0,0,3,0,74,0
352,74,scoreA,0,0,0,0,0,164,0,0,0,0
352,74,fedrn,0,0,0,0,0,164,0,0,0,0
352,74,final,0,0,0,0,0,164,0,0,0,0
352,99,scoreA,0,0,0,0,0,0,0,0,54,64
352,99,fedrn,0,0,0,0,0,0,0,0,50,64
352,99,final,0,0,0,0,0,0,0,0,50,64
352,19,scoreA,0,0,0,0,0,163,167,0,0,0
352,19,fedrn,0,0,0,0,0,168,161,0,0,0
352,19,final,0,0,0,0,0,168,161,0,0,0
353,44,scoreA,0,0,0,0,0,0,127,132,1,0
353,44,fedrn,0,0,0,0,0,0,124,132,0,0
353,44,final,0,0,0,0,0,0,124,132,0,0
353,69,scoreA,0,0,93,0,104,0,0,0,0,0
353,69,fedrn,0,0,95,0,104,0,0,0,0,0
353,69,final,0,0,95,0,104,0,0,0,0,0
353,39,scoreA,140,0,0,0,0,0,0,0,134,0
353,39,fedrn,140,0,0,0,0,0,0,0,137,0
353,39,final,140,0,0,0,0,0,0,0,137,0
353,16,scoreA,176,0,0,165,0,0,0,0,0,0
353,16,fedrn,177,0,0,163,0,0,0,0,0,0
353,16,final,177,0,0,163,0,0,0,0,0,0
353,28,scoreA,0,0,157,0,0,0,0,138,0,0
353,28,fedrn,0,0,156,0,0,0,0,152,0,0
353,28,final,0,0,156,0,0,0,0,152,0,0
353,88,scoreA,119,0,0,0,0,0,0,0,0,0
353,88,fedrn,119,0,0,0,0,0,0,0,0,0
353,88,final,119,0,0,0,0,0,0,0,0,0
353,71,scoreA,0,88,0,0,0,87,0,0,0,0
353,71,fedrn,0,85,0,0,0,87,0,0,0,0
353,71,final,0,85,0,0,0,87,0,0,0,0
353,12,scoreA,0,0,0,185,0,0,0,0,0,171
353,12,fedrn,0,0,0,188,0,0,0,0,0,170
353,12,final,0,0,0,188,0,0,0,0,0,170
353,79,scoreA,72,0,0,0,0,0,2,0,78,0
353,79,fedrn,78,0,0,0,0,0,2,0,57,0
353,79,final,78,0,0,0,0,0,2,0,57,0
353,46,scoreA,0,0,0,0,0,0,123,0,0,128
353,46,fedrn,0,0,0,0,0,0,123,0,0,126
353,46,final,0,0,0,0,0,0,123,0,0,126
354,70,scoreA,0,0,0,0,0,86,0,0,89,0
354,70,fedrn,0,0,0,0,0,86,0,0,89,0
354,70,final,0,0,0,0,0,86,0,0,89,0
354,75,scoreA,0,0,0,86,0,0,0,0,71,0
354,75,fedrn,0,0,0,86,0,0,0,0,70,0
354,75,final,0,0,0,86,0,0,0,0,70,0
354,6,scoreA,0,193,0,0,0,0,185,0,0,0
354,6,fedrn,0,189,0,0,0,0,185,0,0,0
354,6,final,0,189,0,0,0,0,185,0,0,0
354,56,scoreA,0,0,122,0,0,0,0,0,0,103
354,56,fedrn,0,0,122,0,0,0,0,0,0,102
354,56,final,0,0,122,0,0,0,0,0,0,102
354,7,scoreA,191,186,0,0,0,0,0,0,0,0
354,7,fedrn,191,186,0,0,0,0,0,0,0,0
354,7,final,191,186,0,0,0,0,0,0,0,0
354,11,scoreA,0,0,0,0,187,166,0,0,0,0
354,11,fedrn,0,0,0,0,187,161,0,0,0,0
354,11,final,0,0,0,0,187,161,0,0,0,0
354,15,scoreA,0,0,0,0,0,169,0,166,0,0
354,15,fedrn,0,0,0,0,0,169,0,172,0,0
354,15,final,0,0,0,0,0,169,0,172,0,0
354,92,scoreA,0,45,0,61,0,0,0,0,0,0
354,92,fedrn,0,46,0,61,0,0,0,0,0,0
354,92,final,0,46,0,61,0,0,0,0,0,0
354,93,scoreA,0,0,0,0,0,0,49,0,0,65
354,93,fedrn,0,0,0,0,0,0,47,0,0,64
354,93,final,0,0,0,0,0,0,47,0,0,64
354,32,scoreA,162,0,0,0,0,0,0,0,0,138
354,32,fedrn,160,0,0,0,0,0,0,0,0,135
354,32,final,160,0,0,0,0,0,0,0,0,135
355,38,scoreA,0,0,140,0,0,0,0,142,0,0
355,38,fedrn,0,0,141,0,0,0,0,142,0,0
355,38,final,0,0,141,0,0,0,0,142,0,0
355,0,scoreA,0,0,399,0,0,0,0,0,0,0
355,0,fedrn,0,0,399,0,0,0,0,0,0,0
355,0,final,0,0,399,0,0,0,0,0,0,0
355,34,scoreA,0,0,0,156,0,0,0,130,0,0
355,34,fedrn,0,0,0,156,0,0,0,126,0,0
355,34,final,0,0,0,156,0,0,0,126,0,0
355,17,scoreA,0,0,0,180,145,0,0,0,0,0
355,17,fedrn,0,0,0,181,146,0,0,0,0,0
355,17,final,0,0,0,181,146,0,0,0,0,0
355,31,scoreA,146,154,0,0,0,0,0,0,0,0
355,31,fedrn,145,154,0,0,0,0,0,0,0,0
355,31,final,145,154,0,0,0,0,0,0,0,0
355,1,scoreA,0,0,0,0,196,0,0,0,198,0
355,1,fedrn,0,0,0,0,196,0,0,0,196,0
355,1,final,0,0,0,0,196,0,0,0,196,0
355,93,scoreA,0,0,0,0,0,0,47,0,0,64
355,93,fedrn,0,0,0,0,0,0,46,0,0,64
355,93,final,0,0,0,0,0,0,46,0,0,64
355,99,scoreA,0,0,0,0,1,0,0,0,51,64
355,99,fedrn,0,0,0,0,1,0,0,0,50,59
355,99,final,0,0,0,0,1,0,0,0,50,59
355,82,scoreA,0,0,0,0,70,0,0,0,69,0
355,82,fedrn,0,0,0,0,69,0,0,0,69,0
355,82,final,0,0,0,0,69,0,0,0,69,0
355,81,scoreA,0,0,0,73,0,0,0,69,1,0
355,81,fedrn,0,0,0,71,0,0,0,68,1,0
355,81,final,0,0,0,71,0,0,0,68,1,0
356,82,scoreA,0,0,0,0,70,0,0,0,69,0
356,82,fedrn,0,0,0,0,69,0,0,0,69,0
356,82,final,0,0,0,0,69,0,0,0,69,0
356,14,scoreA,0,0,0,0,0,178,0,0,0,177
356,14,fedrn,0,0,0,0,0,177,0,0,0,177
356,14,final,0,0,0,0,0,177,0,0,0,177
356,41,scoreA,131,0,0,135,0,0,0,0,0,0
356,41,fedrn,131,0,0,134,0,0,0,0,0,0
356,41,final,131,0,0,134,0,0,0,0,0,0
356,74,scoreA,0,0,0,0,0,164,0,0,0,0
356,74,fedrn,0,0,0,0,0,163,0,0,0,0
356,74,final,0,0,0,0,0,163,0,0,0,0
356,69,scoreA,0,0,92,0,104,0,0,0,0,0
356,69,fedrn,0,0,92,0,104,0,0,0,0,0
356,69,final,0,0,92,0,104,0,0,0,0,0
356,1,scoreA,0,0,0,0,195,0,0,0,197,0
356,1,fedrn,0,0,0,0,196,0,0,0,196,0
356,1,final,0,0,0,0,196,0,0,0,196,0
356,44,scoreA,0,0,0,0,0,0,129,131,0,0
356,44,fedrn,0,0,0,0,0,0,129,131,1,0
356,44,final,0,0,0,0,0,0,129,131,1,0
356,7,scoreA,188,186,0,0,0,0,0,0,0,0
356,7,fedrn,190,185,0,0,0,0,0,0,0,0
356,7,final,190,185,0,0,0,0,0,0,0,0
356,68,scoreA,0,0,0,0,0,0,96,0,0,87
356,68,fedrn,0,0,0,0,0,0,95,0,0,86
356,68,final,0,0,0,0,0,0,95,0,0,86
356,67,scoreA,0,89,0,0,0,0,0,0,101,0
356,67,fedrn,0,89,0,0,0,0,0,0,100,0
356,67,final,0,89,0,0,0,0,0,0,100,0
357,76,scoreA,0,84,0,77,0,0,0,0,0,0
357,76,fedrn,0,83,0,77,0,0,0,0,0,0
357,76,final,0,83,0,77,0,0,0,0,0,0
357,26,scoreA,0,0,0,0,0,0,0,161,0,155
357,26,fedrn,0,0,0,0,0,0,0,157,0,155
357,26,final,0,0,0,0,0,0,0,157,0,155
357,53,scoreA,115,0,0,0,0,0,0,116,0,0
357,53,fedrn,116,0,0,0,0,0,0,114,0,0
357,53,final,116,0,0,0,0,0,0,114,0,0
357,87,scoreA,0,0,0,0,0,0,0,0,82,56
357,87,fedrn,0,0,0,0,0,0,0,0,82,58
357,87,final,0,0,0,0,0,0,0,0,82,58
357,40,scoreA,0,0,0,153,0,129,0,0,0,1
357,40,fedrn,0,0,0,152,1,131,0,0,0,0
357,40,final,0,0,0,152,1,131,0,0,0,0
357,95,scoreA,0,0,0,63,26,0,0,0,0,0
357,95,fedrn,0,0,0,67,29,0,0,1,0,0
357,95,final,0,0,0,67,29,0,0,1,0,0
357,19,scoreA,0,0,0,0,0,171,162,0,0,0
357,19,fedrn,0,0,0,0,0,170,161,0,0,0
357,19,final,0,0,0,0,0,170,161,0,0,0
357,36,scoreA,0,150,0,137,1,0,0,0,0,0
357,36,fedrn,0,150,0,137,0,0,0,0,0,0
357,36,final,0,150,0,137,0,0,0,0,0,0
357,84,scoreA,66,0,0,0,0,0,0,0,0,68
357,84,fedrn,65,0,0,0,0,0,0,0,0,67
357,84,final,65,0,0,0,0,0,0,0,0,67
357,20,scoreA,0,0,168,0,0,0,0,165,0,0
357,20,fedrn,0,0,168,0,0,0,0,167,0,0
357,20,final,0,0,168,0,0,0,0,167,0,0
358,15,scoreA,0,0,0,0,0,169,0,173,0,0
358,15,fedrn,0,0,0,0,0,169,0,174,0,0
358,15,final,0,0,0,0,0,169,0,174,0,0
358,49,scoreA,0,0,122,0,0,0,0,124,0,0
358,49,fedrn,0,0,121,0,0,0,0,124,0,0
358,49,final,0,0,121,0,0,0,0,124,0,0
358,8,scoreA,0,0,0,0,0,0,0,186,185,0
358,8,fedrn,0,0,0,0,0,0,0,186,185,0
358,8,final,0,0,0,0,0,0,0,186,185,0
358,72,scoreA,0,101,0,0,0,0,0,0,0,92
358,72,fedrn,0,102,0,0,0,0,0,0,0,93
358,72,final,0,102,0,0,0,0,0,0,0,93
358,26,scoreA,0,0,0,0,0,0,0,159,0,156
358,26,fedrn,0,0,0,0,0,0,0,158,0,156
358,26,final,0,0,0,0,0,0,0,158,0,156
358,50,scoreA,0,0,0,137,0,0,0,0,0,0
358,50,fedrn,0,0,0,137,0,0,0,0,0,0
358,50,final,0,0,0,137,0,0,0,0,0,0
358,35,scoreA,0,0,135,0,0,0,0,0,157,0
358,35,fedrn,0,0,135,0,0,0,0,0,157,0
358,35,final,0,0,135,0,0,0,0,0,157,0
358,91,scoreA,0,0,78,0,0,0,50,0,0,0
358,91,fedrn,0,0,78,0,0,0,47,0,0,0
358,91,final,0,0,78,0,0,0,47,0,0,0
358,89,scoreA,72,0,0,0,0,0,0,0,0,54
358,89,fedrn,70,0,0,0,0,0,0,0,0,51
358,89,final,70,0,0,0,0,0,0,0,0,51
358,28,scoreA,0,0,153,0,0,0,0,153,0,0
358,28,fedrn,0,0,152,0,0,0,0,154,0,0
358,28,final,0,0,152,0,0,0,0,154,0,0
359,84,scoreA,64,0,0,0,0,0,0,0,0,68
359,84,fedrn,65,0,0,0,0,0,0,0,0,69
359,84,final,65,0,0,0,0,0,0,0,0,69
359,67,scoreA,0,89,0,0,0,0,0,0,100,0
359,67,fedrn,0,89,0,0,0,0,0,0,99,0
359,67,final,0,89,0,0,0,0,0,0,99,0
359,74,scoreA,0,0,0,0,0,164,0,0,0,0
359,74,fedrn,0,0,0,0,0,164,0,1,0,0
359,74,final,0,0,0,0,0,164,0,1,0,0
359,96,scoreA,0,40,0,56,0,0,2,0,0,0
359,96,fedrn,0,43,0,53,0,0,7,0,0,0
359,96,final,0,43,0,53,0,0,7,0,0,0
359,2,scoreA,0,0,0,0,0,0,0,0,0,394
359,2,fedrn,0,0,0,0,0,0,0,0,0,394
359,2,final,0,0,0,0,0,0,0,0,0,394
359,20,scoreA,0,0,168,0,0,0,0,166,0,0
359,20,fedrn,0,0,168,0,0,0,0,164,0,0
359,20,final,0,0,168,0,0,0,0,164,0,0
359,56,scoreA,0,0,123,0,0,0,0,0,0,102
359,56,fedrn,0,0,122,0,0,0,0,0,0,103
359,56,final,0,0,122,0,0,0,0,0,0,103
359,1,scoreA,0,0,0,0,196,0,0,0,196,0
359,1,fedrn,0,0,0,0,196,0,0,0,194,0
359,1,final,0,0,0,0,196,0,0,0,194,0
359,13,scoreA,0,0,0,0,0,0,175,0,180,0
359,13,fedrn,0,0,0,0,0,0,175,0,180,0
359,13,final,0,0,0,0,0,0,175,0,180,0
359,88,scoreA,119,0,0,0,0,0,0,0,0,0
359,88,fedrn,119,0,0,0,0,0,0,0,0,0
359,88,final,119,0,0,0,0,0,0,0,0,0
360,1,scoreA,0,0,0,0,196,0,0,0,197,0
360,1,fedrn,0,0,0,0,196,0,0,0,197,0
360,1,final,0,0,0,0,196,0,0,0,197,0
360,39,scoreA,139,0,0,0,0,0,0,0,143,0
360,39,fedrn,138,0,0,0,0,0,0,0,140,0
360,39,final,138,0,0,0,0,0,0,0,140,0
360,6,scoreA,0,191,0,0,0,0,186,0,0,0
360,6,fedrn,0,191,0,0,0,0,186,0,0,0
360,6,final,0,191,0,0,0,0,186,0,0,0
360,79,scoreA,77,0,0,0,0,0,2,0,71,0
360,79,fedrn,74,0,0,0,0,0,2,0,69,0
360,79,final,74,0,0,0,0,0,2,0,69,0
360,54,scoreA,0,114,0,0,0,0,116,0,0,0
360,54,fedrn,0,114,0,0,0,0,116,0,0,0
360,54,final,0,114,0,0,0,0,116,0,0,0
360,45,scoreA,0,0,0,0,125,126,0,0,0,0
360,45,fedrn,0,0,0,0,124,123,0,0,0,0
360,45,final,0,0,0,0,124,123,0,0,0,0
360,86,scoreA,0,64,0,63,0,0,0,0,0,0
360,86,fedrn,0,64,0,63,0,0,0,0,0,0
360,86,final,0,64,0,63,0,0,0,0,0,0
360,85,scoreA,0,64,0,0,66,0,0,0,0,0
360,85,fedrn,0,64,0,0,64,0,0,0,0,0
360,85,final,0,64,0,0,64,0,0,0,0,0
360,68,scoreA,0,0,0,0,0,0,95,0,0,87
360,68,fedrn,0,0,0,0,0,0,95,0,0,87
360,68,final,0,0,0,0,0,0,95,0,0,87
360,52,scoreA,0,0,0,0,0,0,0,117,116,0
360,52,fedrn,0,0,0,0,0,0,0,117,116,0
360,52,final,0,0,0,0,0,0,0,117,116,0
361,13,scoreA,0,0,0,0,0,0,175,0,181,0
361,13,fedrn,0,0,0,0,0,0,175,0,181,0
361,13,final,0,0,0,0,0,0,175,0,181,0
361,45,scoreA,0,0,0,0,127,124,0,0,0,0
361,45,fedrn,0,0,0,0,125,122,0,0,0,0
361,45,final,0,0,0,0,125,122,0,0,0,0
361,46,scoreA,0,0,0,0,0,0,123,0,0,131
361,46,fedrn,0,0,0,0,0,0,123,0,0,130
361,46,final,0,0,0,0,0,0,123,0,0,130
361,90,scoreA,0,0,0,0,0,0,56,1,60,0
361,90,fedrn,0,0,0,0,0,0,54,0,60,0
361,90,final,0,0,0,0,0,0,54,0,60,0
361,32,scoreA,160,0,0,0,0,0,0,0,0,137
361,32,fedrn,160,0,0,0,0,0,0,0,0,138
361,32,final,160,0,0,0,0,0,0,0,0,138
361,92,scoreA,0,48,0,61,0,0,0,0,0,0
361,92,fedrn,0,48,0,60,0,0,0,0,0,0
361,92,final,0,48,0,60,0,0,0,0,0,0
361,26,scoreA,0,0,0,0,0,0,0,159,0,156
361,26,fedrn,0,0,0,0,0,0,0,158,0,156
361,26,final,0,0,0,0,0,0,0,158,0,156
361,70,scoreA,0,0,0,0,0,86,0,0,90,0
361,70,fedrn,0,0,0,0,0,86,0,0,89,0
361,70,final,0,0,0,0,0,86,0,0,89,0
361,6,scoreA,0,192,0,0,0,0,186,0,0,0
361,6,fedrn,0,192,0,0,0,0,184,0,0,0
361,6,final,0,192,0,0,0,0,184,0,0,0
361,95,scoreA,0,0,0,66,40,0,0,1,0,0
361,95,fedrn,0,0,0,65,39,0,0,0,0,0
361,95,final,0,0,0,65,39,0,0,0,0,0
362,3,scoreA,0,0,0,0,0,0,196,0,193,0
362,3,fedrn,0,0,0,0,0,0,196,0,193,0
362,3,final,0,0,0,0,0,0,196,0,193,0
362,81,scoreA,0,0,0,73,0,0,0,69,1,0
362,81,fedrn,0,0,0,73,0,0,0,69,1,0
362,81,final,0,0,0,73,0,0,0,69,1,0
362,92,scoreA,0,48,0,61,0,0,0,0,0,0
362,92,fedrn,0,47,0,61,0,0,0,0,0,0
362,92,final,0,47,0,61,0,0,0,0,0,0
362,51,scoreA,0,0,0,0,108,0,0,129,0,0
362,51,fedrn,0,0,0,0,117,0,0,121,0,0
362,51,final,0,0,0,0,117,0,0,121,0,0
362,91,scoreA,0,0,78,0,0,0,48,0,0,0
362,91,fedrn,0,0,80,0,0,0,46,0,0,0
362,91,final,0,0,80,0,0,0,46,0,0,0
362,60,scoreA,0,0,208,0,0,0,0,0,0,0
362,60,fedrn,0,0,208,0,0,0,0,0,0,0
362,60,final,0,0,208,0,0,0,0,0,0,0
362,55,scoreA,0,0,0,0,120,0,0,106,1,0
362,55,fedrn,0,0,0,0,113,0,0,107,1,0
362,55,final,0,0,0,0,113,0,0,107,1,0
362,52,scoreA,0,0,0,0,0,0,0,117,115,0
362,52,fedrn,0,0,0,0,0,0,0,117,116,0
362,52,final,0,0,0,0,0,0,0,117,116,0
362,99,scoreA,0,0,0,0,1,0,0,0,50,56
362,99,fedrn,0,0,0,0,1,0,0,0,46,61
362,99,final,0,0,0,0,1,0,0,0,46,61
362,72,scoreA,0,101,0,0,0,0,0,0,0,90
362,72,fedrn,0,102,0,0,0,0,0,0,0,91
362,72,final,0,102,0,0,0,0,0,0,0,91
363,96,scoreA,0,42,0,56,0,0,3,0,0,0
363,96,fedrn,0,40,0,53,0,0,1,0,0,0
363,96,final,0,40,0,53,0,0,1,0,0,0
363,69,scoreA,0,0,94,0,101,0,0,0,0,0
363,69,fedrn,0,0,92,0,102,0,0,0,0,0
363,69,final,0,0,92,0,102,0,0,0,0,0
363,54,scoreA,0,114,0,0,0,0,116,0,0,0
363,54,fedrn,0,114,0,0,0,0,116,0,0,0
363,54,final,0,114,0,0,0,0,116,0,0,0
363,66,scoreA,0,101,0,0,90,0,0,0,0,0
363,66,fedrn,0,100,0,0,89,0,0,0,0,0
363,66,final,0,100,0,0,89,0,0,0,0,0
363,98,scoreA,0,0,0,0,52,45,0,0,0,0
363,98,fedrn,0,0,0,0,52,44,0,0,0,0
363,98,final,0,0,0,0,52,44,0,0,0,0
363,79,scoreA,72,0,0,0,0,0,2,0,73,0
363,79,fedrn,72,0,0,0,0,0,3,0,73,0
363,79,final,72,0,0,0,0,0,3,0,73,0
363,16,scoreA,177,0,0,164,0,0,0,0,0,0
363,16,fedrn,176,0,0,165,0,0,0,0,0,0
363,16,final,176,0,0,165,0,0,0,0,0,0
363,81,scoreA,0,0,0,75,0,0,0,69,1,0
363,81,fedrn,0,0,0,73,0,0,0,67,1,0
363,81,final,0,0,0,73,0,0,0,67,1,0
363,74,scoreA,0,0,0,0,0,164,0,1,0,0
363,74,fedrn,0,0,0,0,0,164,0,1,0,0
363,74,final,0,0,0,0,0,164,0,1,0,0
363,95,scoreA,0,0,0,53,47,0,0,0,0,0
363,95,fedrn,0,0,0,57,48,0,0,0,0,0
363,95,final,0,0,0,57,48,0,0,0,0,0
364,3,scoreA,0,0,0,0,0,0,196,0,193,0
364,3,fedrn,0,0,0,0,0,0,196,0,193,0
364,3,final,0,0,0,0,0,0,196,0,193,0
364,84,scoreA,65,0,0,0,0,0,0,0,0,69
364,84,fedrn,65,0,0,0,0,0,0,0,0,68
364,84,final,65,0,0,0,0,0,0,0,0,68
364,91,scoreA,0,0,81,0,0,0,44,0,0,0
364,91,fedrn,0,0,81,0,0,0,40,0,0,0
364,91,final,0,0,81,0,0,0,40,0,0,0
364,98,scoreA,0,0,0,0,53,46,0,0,0,0
364,98,fedrn,0,0,0,0,52,44,0,0,0,0
364,98,final,0,0,0,0,52,44,0,0,0,0
364,20,scoreA,0,0,170,0,0,0,0,162,0,0
364,20,fedrn,0,0,170,0,0,0,0,163,0,0
364,20,final,0,0,170,0,0,0,0,163,0,0
364,25,scoreA,0,0,0,161,0,0,0,0,160,0
364,25,fedrn,0,0,0,160,0,0,0,0,158,0
364,25,final,0,0,0,160,0,0,0,0,158,0
364,17,scoreA,0,0,0,180,152,0,0,0,0,0
364,17,fedrn,0,0,0,181,150,0,0,0,0,0
364,17,final,0,0,0,181,150,0,0,0,0,0
364,31,scoreA,147,155,0,0,0,0,0,0,0,0
364,31,fedrn,147,156,0,0,0,0,0,0,0,0
364,31,final,147,156,0,0,0,0,0,0,0,0
364,85,scoreA,0,65,0,0,64,0,0,0,0,0
364,85,fedrn,0,64,0,0,64,0,0,0,0,0
364,85,final,0,64,0,0,64,0,0,0,0,0
364,34,scoreA,0,0,0,154,0,0,0,130,0,0
364,34,fedrn,0,0,0,156,0,0,0,123,0,0
364,34,final,0,0,0,156,0,0,0,123,0,0
365,87,scoreA,0,0,0,0,0,0,0,0,82,57
365,87,fedrn,1,0,0,0,0,0,0,0,82,59
365,87,final,1,0,0,0,0,0,0,0,82,59
365,31,scoreA,138,158,0,0,0,0,0,0,0,0
365,31,fedrn,146,156,0,0,0,0,0,0,0,0
365,31,final,146,156,0,0,0,0,0,0,0,0
365,12,scoreA,0,0,0,188,0,0,0,0,0,169
365,12,fedrn,0,0,0,188,0,0,0,0,0,171
365,12,final,0,0,0,188,0,0,0,0,0,171
365,77,scoreA,0,87,0,0,0,0,0,0,75,0
365,77,fedrn,0,86,0,0,0,0,1,0,77,0
365,77,final,0,86,0,0,0,0,1,0,77,0
365,44,scoreA,0,0,0,0,0,0,128,132,1,0
365,44,fedrn,0,0,0,0,0,0,129,132,1,0
365,44,final,0,0,0,0,0,0,129,132,1,0
365,89,scoreA,72,0,0,0,0,0,0,0,0,54
365,89,fedrn,69,0,0,0,0,0,0,0,0,53
365,89,final,69,0,0,0,0,0,0,0,0,53
365,13,scoreA,0,0,0,0,0,0,175,0,182,0
365,13,fedrn,0,0,0,0,0,0,174,0,182,0
365,13,final,0,0,0,0,0,0,174,0,182,0
365,6,scoreA,0,192,0,0,0,0,185,0,0,0
365,6,fedrn,0,192,0,0,0,0,185,0,0,0
365,6,final,0,192,0,0,0,0,185,0,0,0
365,34,scoreA,0,0,0,156,0,0,0,126,0,0
365,34,fedrn,0,0,0,155,0,0,0,124,0,0
365,34,final,0,0,0,155,0,0,0,124,0,0
365,61,scoreA,0,0,0,0,0,0,205,0,0,0
365,61,fedrn,0,0,0,0,0,0,205,0,0,0
365,61,final,0,0,0,0,0,0,205,0,0,0
366,74,scoreA,0,0,0,0,0,164,0,1,0,0
366,74,fedrn,0,0,0,0,0,163,0,1,0,0
366,74,final,0,0,0,0,0,163,0,1,0,0
366,56,scoreA,0,0,122,0,0,0,0,0,0,103
366,56,fedrn,0,0,122,0,0,0,0,0,0,103
366,56,final,0,0,122,0,0,0,0,0,0,103
366,52,scoreA,0,0,0,0,0,0,0,117,116,0
366,52,fedrn,0,0,0,0,0,0,0,117,116,0
366,52,final,0,0,0,0,0,0,0,117,116,0
366,39,scoreA,139,0,0,0,0,0,0,0,144,0
366,39,fedrn,139,0,0,0,0,0,0,0,142,0
366,39,final,139,0,0,0,0,0,0,0,142,0
366,7,scoreA,188,186,0,0,0,0,0,0,0,0
366,7,fedrn,190,186,0,0,0,0,0,0,0,0
366,7,final,190,186,0,0,0,0,0,0,0,0
366,34,scoreA,0,0,0,156,0,0,0,127,0,0
366,34,fedrn,0,0,0,156,0,0,0,123,0,0
366,34,final,0,0,0,156,0,0,0,123,0,0
366,27,scoreA,0,0,149,0,0,161,0,0,0,0
366,27,fedrn,0,0,151,0,0,158,0,0,0,0
366,27,final,0,0,151,0,0,158,0,0,0,0
366,26,scoreA,0,0,0,0,0,0,0,157,0,156
366,26,fedrn,0,0,0,0,0,0,0,156,0,156
366,26,final,0,0,0,0,0,0,0,156,0,156
366,53,scoreA,116,0,0,0,0,0,0,114,0,0
366,53,fedrn,116,0,0,0,0,0,0,114,0,0
366,53,final,116,0,0,0,0,0,0,114,0,0
366,65,scoreA,0,0,0,104,97,0,0,0,0,0
366,65,fedrn,0,0,0,100,92,0,0,0,0,0
366,65,final,0,0,0,100,92,0,0,0,0,0
367,6,scoreA,0,193,0,0,0,0,186,0,0,0
367,6,fedrn,0,194,0,0,0,0,182,0,0,0
367,6,final,0,194,0,0,0,0,182,0,0,0
367,48,scoreA,0,0,0,131,116,0,0,0,0,0
367,48,fedrn,0,0,0,131,113,0,0,0,0,0
367,48,final,0,0,0,131,113,0,0,0,0,0
367,15,scoreA,0,0,0,0,0,169,0,178,0,0
367,15,fedrn,0,0,0,0,0,167,0,177,0,0
367,15,final,0,0,0,0,0,167,0,177,0,0
367,73,scoreA,89,0,0,0,0,0,83,0,0,0
367,73,fedrn,88,0,0,0,0,0,82,0,0,0
367,73,final,88,0,0,0,0,0,82,0,0,0
367,53,scoreA,115,0,0,0,0,0,0,115,0,0
367,53,fedrn,116,0,0,0,0,0,0,114,0,0
367,53,final,116,0,0,0,0,0,0,114,0,0
367,99,scoreA,1,0,0,0,1,0,0,0,47,61
367,99,fedrn,0,0,0,0,1,0,0,0,44,59
367,99,final,0,0,0,0,1,0,0,0,44,59
367,9,scoreA,0,372,0,0,0,0,0,0,0,0
367,9,fedrn,0,372,0,0,0,0,0,0,0,0
367,9,final,0,372,0,0,0,0,0,0,0,0
367,76,scoreA,0,83,0,77,0,0,0,0,0,0
367,76,fedrn,0,82,0,78,0,0,0,0,0,0
367,76,final,0,82,0,78,0,0,0,0,0,0
367,78,scoreA,0,0,76,0,96,0,0,0,0,0
367,78,fedrn,0,0,70,0,99,0,0,0,0,0
367,78,final,0,0,70,0,99,0,0,0,0,0
367,3,scoreA,0,0,0,0,0,0,196,0,193,0
367,3,fedrn,0,0,0,0,0,0,196,0,193,0
367,3,final,0,0,0,0,0,0,196,0,193,0
368,31,scoreA,146,156,0,0,0,0,0,0,0,0
368,31,fedrn,146,154,0,0,0,0,0,0,0,0
368,31,final,146,154,0,0,0,0,0,0,0,0
368,62,scoreA,88,0,0,0,0,0,0,108,0,0
368,62,fedrn,96,0,0,0,0,0,0,108,1,0
368,62,final,96,0,0,0,0,0,0,108,1,0
368,56,scoreA,0,0,122,0,0,0,0,0,0,103
368,56,fedrn,0,0,121,0,0,0,0,0,0,103
368,56,final,0,0,121,0,0,0,0,0,0,103
368,3,scoreA,0,0,0,0,0,0,196,0,193,0
368,3,fedrn,0,0,0,0,0,0,196,0,192,0
368,3,final,0,0,0,0,0,0,196,0,192,0
368,33,scoreA,0,0,0,0,0,141,144,0,0,0
368,33,fedrn,0,0,0,0,0,141,146,0,0,0
368,33,final,0,0,0,0,0,141,146,0,0,0
368,9,scoreA,0,372,0,0,0,0,0,0,0,0
368,9,fedrn,0,372,0,0,0,0,0,0,0,0
368,9,final,0,372,0,0,0,0,0,0,0,0
368,93,scoreA,0,0,0,0,0,0,46,0,0,67
368,93,fedrn,0,0,0,0,0,0,46,0,0,65
368,93,final,0,0,0,0,0,0,46,0,0,65
368,58,scoreA,0,1,0,0,117,0,0,0,0,101
368,58,fedrn,0,0,0,0,118,0,0,0,0,99
368,58,final,0,0,0,0,118,0,0,0,0,99
368,63,scoreA,0,0,0,0,86,113,0,0,0,0
368,63,fedrn,0,0,0,0,85,112,0,0,0,0
368,63,final,0,0,0,0,85,112,0,0,0,0
368,0,scoreA,0,0,399,0,0,0,0,0,0,0
368,0,fedrn,0,0,397,0,0,0,0,0,0,0
368,0,final,0,0,397,0,0,0,0,0,0,0
369,31,scoreA,147,154,0,0,0,0,0,0,0,0
369,31,fedrn,147,154,0,0,0,0,0,0,0,0
369,31,final,147,154,0,0,0,0,0,0,0,0
369,10,scoreA,0,0,0,179,0,0,0,173,0,0
369,10,fedrn,0,0,0,176,0,0,0,169,0,0
369,10,final,0,0,0,176,0,0,0,169,0,0
369,79,scoreA,72,0,0,0,0,0,2,0,74,0
369,79,fedrn,72,0,0,0,0,0,3,0,72,0
369,79,final,72,0,0,0,0,0,3,0,72,0
369,93,scoreA,0,0,0,0,0,0,46,0,0,66
369,93,fedrn,0,0,0,0,0,0,46,0,0,65
369,93,final,0,0,0,0,0,0,46,0,0,65
369,62,scoreA,99,0,0,0,0,0,0,108,0,0
369,62,fedrn,99,0,0,0,0,0,0,106,0,0
369,62,final,99,0,0,0,0,0,0,106,0,0
369,14,scoreA,0,0,0,0,0,176,0,0,0,178
369,14,fedrn,0,0,0,0,0,177,0,0,0,177
369,14,final,0,0,0,0,0,177,0,0,0,177
369,22,scoreA,166,0,0,0,0,165,0,0,0,0
369,22,fedrn,167,0,0,0,0,163,0,0,0,0
369,22,final,167,0,0,0,0,163,0,0,0,0
369,92,scoreA,0,41,0,63,0,0,0,0,0,0
369,92,fedrn,0,46,0,63,0,0,0,0,0,0
369,92,final,0,46,0,63,0,0,0,0,0,0
369,43,scoreA,0,0,0,127,0,0,0,0,130,0
369,43,fedrn,0,0,0,127,0,0,0,0,125,0
369,43,final,0,0,0,127,0,0,0,0,125,0
369,37,scoreA,0,0,0,0,0,139,0,132,1,0
369,37,fedrn,0,0,0,0,0,139,0,134,1,0
369,37,final,0,0,0,0,0,139,0,134,1,0
370,83,scoreA,0,0,72,0,0,0,0,0,0,67
370,83,fedrn,0,0,71,0,0,0,0,0,0,66
370,83,final,0,0,71,0,0,0,0,0,0,66
370,19,scoreA,0,0,0,0,0,170,166,0,0,0
370,19,fedrn,0,0,0,0,0,169,159,0,0,0
370,19,final,0,0,0,0,0,169,159,0,0,0
370,8,scoreA,0,0,0,0,0,0,0,186,187,0
370,8,fedrn,0,0,0,0,0,0,0,186,186,0
370,8,final,0,0,0,0,0,0,0,186,186,0
370,36,scoreA,0,150,0,137,0,0,0,0,0,0
370,36,fedrn,0,149,0,137,0,0,0,0,0,0
370,36,final,0,149,0,137,0,0,0,0,0,0
370,21,scoreA,0,0,169,0,0,156,0,0,0,0
370,21,fedrn,0,0,166,0,0,157,0,0,0,0
370,21,final,0,0,166,0,0,157,0,0,0,0
370,51,scoreA,0,0,0,0,118,0,0,122,0,0
370,51,fedrn,0,0,0,0,118,0,0,119,0,0
370,51,final,0,0,0,0,118,0,0,119,0,0
370,77,scoreA,0,86,0,0,0,0,1,0,76,0
370,77,fedrn,0,84,0,0,0,0,1,0,76,0
370,77,final,0,84,0,0,0,0,1,0,76,0
370,64,scoreA,0,0,196,0,0,0,0,0,0,0
370,64,fedrn,0,0,196,0,0,0,0,0,0,0
370,64,final,0,0,196,0,0,0,0,0,0,0
370,13,scoreA,0,0,0,0,0,0,175,0,182,0
370,13,fedrn,0,0,0,0,0,0,174,0,182,0
370,13,final,0,0,0,0,0,0,174,0,182,0
370,90,scoreA,0,0,0,0,0,0,55,0,60,0
370,90,fedrn,0,0,0,0,0,0,55,0,59,0
370,90,final,0,0,0,0,0,0,55,0,59,0
371,79,scoreA,72,0,0,0,0,0,3,0,78,0
371,79,fedrn,71,0,0,0,0,0,3,0,73,0
371,79,final,71,0,0,0,0,0,3,0,73,0
371,98,scoreA,0,0,0,0,53,45,0,0,0,0
371,98,fedrn,0,0,0,0,53,44,0,0,0,0
371,98,final,0,0,0,0,53,44,0,0,0,0
371,62,scoreA,100,0,0,0,0,0,0,106,0,0
371,62,fedrn,100,0,0,0,0,0,0,106,0,0
371,62,final,100,0,0,0,0,0,0,106,0,0
371,80,scoreA,0,0,0,0,0,0,144,0,0,0
371,80,fedrn,0,0,0,0,0,0,142,0,0,0
371,80,final,0,0,0,0,0,0,142,0,0,0
371,16,scoreA,178,0,0,165,0,0,0,0,0,0
371,16,fedrn,178,0,0,165,0,0,0,0,0,0
371,16,final,178,0,0,165,0,0,0,0,0,0
371,42,scoreA,0,143,0,0,0,0,0,0,124,0
371,42,fedrn,0,144,0,0,0,0,0,0,121,0
371,42,final,0,144,0,0,0,0,0,0,121,0
371,27,scoreA,0,0,153,0,0,155,0,0,0,0
371,27,fedrn,0,0,153,0,0,157,0,0,0,0
371,27,final,0,0,153,0,0,157,0,0,0,0
371,0,scoreA,0,0,397,0,0,0,0,0,0,0
371,0,fedrn,0,0,398,0,0,0,0,0,0,0
371,0,final,0,0,398,0,0,0,0,0,0,0
371,44,scoreA,0,0,0,0,0,0,129,132,1,0
371,44,fedrn,0,0,0,0,0,0,129,132,1,0
371,44,final,0,0,0,0,0,0,129,132,1,0
371,83,scoreA,0,0,72,0,0,0,0,0,0,68
371,83,fedrn,0,0,70,0,0,0,0,0,0,66
371,83,final,0,0,70,0,0,0,0,0,0,66
372,80,scoreA,0,0,0,0,0,0,144,0,0,0
372,80,fedrn,0,0,0,0,0,0,143,0,0,0
372,80,final,0,0,0,0,0,0,143,0,0,0
372,76,scoreA,0,85,0,76,0,0,0,0,1,0
372,76,fedrn,0,83,0,77,0,0,0,0,0,0
372,76,final,0,83,0,77,0,0,0,0,0,0
372,24,scoreA,0,0,0,0,174,148,0,0,0,0
372,24,fedrn,0,0,0,0,174,147,0,0,0,0
372,24,final,0,0,0,0,174,147,0,0,0,0
372,78,scoreA,0,0,73,0,99,0,0,0,0,0
372,78,fedrn,0,0,64,0,99,0,0,0,0,0
372,78,final,0,0,64,0,99,0,0,0,0,0
372,7,scoreA,189,186,0,0,0,0,0,0,0,0
372,7,fedrn,191,184,0,0,0,0,0,0,0,0
372,7,final,191,184,0,0,0,0,0,0,0,0
372,16,scoreA,177,0,0,165,0,0,0,0,0,0
372,16,fedrn,177,0,0,165,0,0,0,0,0,0
372,16,final,177,0,0,165,0,0,0,0,0,0
372,6,scoreA,0,194,0,0,0,0,184,0,0,0
372,6,fedrn,0,193,0,0,0,0,184,0,0,0
372,6,final,0,193,0,0,0,0,184,0,0,0
372,39,scoreA,139,0,0,0,0,0,0,0,144,0
372,39,fedrn,140,0,0,0,0,0,0,0,139,0
372,39,final,140,0,0,0,0,0,0,0,139,0
372,65,scoreA,0,0,0,102,98,0,0,0,0,0
372,65,fedrn,0,0,0,100,95,0,0,0,0,0
372,65,final,0,0,0,100,95,0,0,0,0,0
372,98,scoreA,0,0,0,0,56,47,0,0,0,0
372,98,fedrn,0,0,0,0,50,44,0,0,0,0
372,98,final,0,0,0,0,50,44,0,0,0,0
373,41,scoreA,131,0,0,135,0,0,0,0,0,0
373,41,fedrn,131,0,0,136,0,0,0,0,0,0
373,41,final,131,0,0,136,0,0,0,0,0,0
373,54,scoreA,0,114,0,0,0,0,117,0,0,0
373,54,fedrn,0,114,0,0,0,0,116,0,0,0
373,54,final,0,114,0,0,0,0,116,0,0,0
373,20,scoreA,0,0,169,0,0,0,0,167,0,0
373,20,fedrn,0,0,168,0,0,0,0,166,0,0
373,20,final,0,0,168,0,0,0,0,166,0,0
373,86,scoreA,0,64,0,63,0,0,0,0,0,0
373,86,fedrn,0,64,0,63,0,0,0,0,0,0
373,86,final,0,64,0,63,0,0,0,0,0,0
373,79,scoreA,72,0,0,0,0,0,3,0,75,0
373,79,fedrn,72,0,0,0,0,0,4,0,70,0
373,79,final,72,0,0,0,0,0,4,0,70,0
373,92,scoreA,0,47,0,63,0,0,0,0,0,0
373,92,fedrn,0,47,0,61,0,0,0,0,0,0
373,92,final,0,47,0,61,0,0,0,0,0,0
373,83,scoreA,0,0,72,0,0,0,0,0,0,67
373,83,fedrn,0,0,71,0,0,0,0,0,0,66
373,83,final,0,0,71,0,0,0,0,0,0,66
373,71,scoreA,0,87,0,0,0,88,0,0,0,0
373,71,fedrn,0,86,0,0,0,87,0,0,0,0
373,71,final,0,86,0,0,0,87,0,0,0,0
373,2,scoreA,0,0,0,0,0,0,0,0,0,394
373,2,fedrn,0,0,0,0,0,0,0,0,0,394
373,2,final,0,0,0,0,0,0,0,0,0,394
373,42,scoreA,0,145,0,0,0,0,0,0,121,0
373,42,fedrn,0,144,0,0,0,0,0,0,122,0
373,42,final,0,144,0,0,0,0,0,0,122,0
374,41,scoreA,130,0,0,136,0,0,0,0,0,0
374,41,fedrn,129,0,0,135,0,0,0,0,0,0
374,41,final,129,0,0,135,0,0,0,0,0,0
374,85,scoreA,0,65,0,0,65,0,0,0,0,0
374,85,fedrn,0,64,0,0,64,0,1,0,0,0
374,85,final,0,64,0,0,64,0,1,0,0,0
374,83,scoreA,0,0,72,0,0,0,0,0,0,65
374,83,fedrn,0,0,71,0,0,0,0,0,0,65
374,83,final,0,0,71,0,0,0,0,0,0,65
374,23,scoreA,0,164,0,0,0,162,0,0,0,0
374,23,fedrn,0,165,0,0,0,162,0,0,0,0
374,23,final,0,165,0,0,0,162,0,0,0,0
374,57,scoreA,0,0,0,0,115,0,109,0,0,0
374,57,fedrn,0,0,0,0,116,0,109,0,0,0
374,57,final,0,0,0,0,116,0,109,0,0,0
374,4,scoreA,0,0,0,0,0,0,0,196,190,0
374,4,fedrn,0,0,0,0,0,0,0,196,189,0
374,4,final,0,0,0,0,0,0,0,196,189,0
374,80,scoreA,0,0,0,0,0,0,144,0,0,0
374,80,fedrn,0,0,0,0,0,0,143,0,0,0
374,80,final,0,0,0,0,0,0,143,0,0,0
374,13,scoreA,0,0,0,0,0,0,174,0,182,0
374,13,fedrn,0,0,0,0,0,0,175,0,181,0
374,13,final,0,0,0,0,0,0,175,0,181,0
374,14,scoreA,0,0,0,0,0,176,0,0,0,177
374,14,fedrn,0,0,0,0,0,177,0,0,0,176
374,14,final,0,0,0,0,0,177,0,0,0,176
374,42,scoreA,0,147,0,0,0,0,0,0,123,0
374,42,fedrn,0,144,0,0,0,0,0,0,122,0
374,42,final,0,144,0,0,0,0,0,0,122,0
375,13,scoreA,0,0,0,0,0,0,176,0,182,0
375,13,fedrn,0,0,0,0,0,0,175,0,181,0
375,13,final,0,0,0,0,0,0,175,0,181,0
375,8,scoreA,0,0,0,0,0,0,0,186,186,0
375,8,fedrn,0,0,0,0,0,0,0,186,186,0
375,8,final,0,0,0,0,0,0,0,186,186,0
375,41,scoreA,125,0,0,136,0,0,0,0,0,0
375,41,fedrn,128,0,0,136,0,0,0,0,0,0
375,41,final,128,0,0,136,0,0,0,0,0,0
375,67,scoreA,0,88,0,0,0,0,0,0,100,0
375,67,fedrn,0,89,0,0,0,0,0,1,100,0
375,67,final,0,89,0,0,0,0,0,1,100,0
375,63,scoreA,0,0,0,0,89,113,0,0,0,0
375,63,fedrn,0,0,0,0,85,113,0,0,0,0
375,63,final,0,0,0,0,85,113,0,0,0,0
375,40,scoreA,0,0,0,153,1,121,0,0,0,0
375,40,fedrn,0,0,0,154,0,126,0,0,0,0
375,40,final,0,0,0,154,0,126,0,0,0,0
375,43,scoreA,0,0,0,132,0,0,0,0,122,0
375,43,fedrn,0,0,0,125,0,0,0,0,132,0
375,43,final,0,0,0,125,0,0,0,0,132,0
375,18,scoreA,170,0,0,0,0,0,173,0,0,0
375,18,fedrn,170,0,0,0,0,0,171,0,0,0
375,18,final,170,0,0,0,0,0,171,0,0,0
375,51,scoreA,0,0,0,0,113,0,0,123,0,0
375,51,fedrn,0,0,0,0,117,0,0,114,0,0
375,51,final,0,0,0,0,117,0,0,114,0,0
375,32,scoreA,160,0,0,0,0,0,0,0,0,139
375,32,fedrn,160,0,0,0,0,0,0,0,0,138
375,32,final,160,0,0,0,0,0,0,0,0,138
376,26,scoreA,0,0,0,0,0,0,0,156,0,156
376,26,fedrn,0,0,0,0,0,0,0,156,0,156
376,26,final,0,0,0,0,0,0,0,156,0,156
376,32,scoreA,160,0,0,0,0,0,0,0,0,139
376,32,fedrn,160,0,0,0,0,0,0,0,0,136
376,32,final,160,0,0,0,0,0,0,0,0,136
376,56,scoreA,0,0,122,0,0,0,0,0,0,103
376,56,fedrn,0,0,121,0,0,0,0,0,0,103
376,56,final,0,0,121,0,0,0,0,0,0,103
376,4,scoreA,0,0,0,0,0,0,0,196,189,0
376,4,fedrn,0,0,0,0,0,0,0,196,188,0
376,4,final,0,0,0,0,0,0,0,196,188,0
376,65,scoreA,0,0,0,103,99,0,0,0,0,0
376,65,fedrn,0,0,0,105,95,0,0,0,0,0
376,65,final,0,0,0,105,95,0,0,0,0,0
376,52,scoreA,0,0,0,0,0,0,0,117,116,0
376,52,fedrn,0,0,0,0,0,0,0,117,116,0
376,52,final,0,0,0,0,0,0,0,117,116,0
376,72,scoreA,0,96,0,0,0,0,0,0,0,94
376,72,fedrn,0,100,0,0,0,0,0,0,0,94
376,72,final,0,100,0,0,0,0,0,0,0,94
376,76,scoreA,0,83,0,78,0,0,0,0,0,0
376,76,fedrn,0,83,0,78,0,0,0,0,0,0
376,76,final,0,83,0,78,0,0,0,0,0,0
376,95,scoreA,0,0,0,55,54,0,0,0,0,0
376,95,fedrn,0,0,0,57,50,0,0,0,0,0
376,95,final,0,0,0,57,50,0,0,0,0,0
376,81,scoreA,0,0,0,74,0,0,0,69,1,0
376,81,fedrn,0,0,0,72,0,0,0,67,1,0
376,81,final,0,0,0,72,0,0,0,67,1,0
377,27,scoreA,0,0,142,0,0,161,0,0,0,0
377,27,fedrn,0,0,152,0,0,158,0,0,0,0
377,27,final,0,0,152,0,0,158,0,0,0,0
377,70,scoreA,0,0,0,0,0,86,0,0,90,0
377,70,fedrn,0,0,0,0,0,86,0,0,88,0
377,70,final,0,0,0,0,0,86,0,0,88,0
377,40,scoreA,0,0,0,154,0,126,0,0,0,0
377,40,fedrn,0,0,0,154,0,132,0,0,0,0
377,40,final,0,0,0,154,0,132,0,0,0,0
377,21,scoreA,0,0,163,0,0,161,0,0,0,0
377,21,fedrn,0,0,169,0,0,161,0,0,0,0
377,21,final,0,0,169,0,0,161,0,0,0,0
377,73,scoreA,89,0,0,0,0,0,82,0,0,0
377,73,fedrn,89,0,0,0,0,0,82,0,0,0
377,73,final,89,0,0,0,0,0,82,0,0,0
377,45,scoreA,0,0,0,0,128,123,0,0,0,0
377,45,fedrn,0,0,0,0,133,107,0,0,0,0
377,45,final,0,0,0,0,133,107,0,0,0,0
377,33,scoreA,0,0,0,0,0,140,146,0,0,0
377,33,fedrn,0,0,0,0,0,140,145,0,0,0
377,33,final,0,0,0,0,0,140,145,0,0,0
377,34,scoreA,0,0,0,156,0,0,0,126,0,0
377,34,fedrn,0,0,0,156,0,0,0,124,0,0
377,34,final,0,0,0,156,0,0,0,124,0,0
377,18,scoreA,168,0,0,0,0,0,171,0,0,0
377,18,fedrn,168,0,0,0,0,0,170,0,0,0
377,18,final,168,0,0,0,0,0,170,0,0,0
377,49,scoreA,0,0,122,0,0,0,0,123,0,0
377,49,fedrn,0,0,121,0,0,0,0,125,0,0
377,49,final,0,0,121,0,0,0,0,125,0,0
378,46,scoreA,0,0,0,0,0,0,120,0,0,129
378,46,fedrn,0,0,0,0,0,0,122,0,0,129
378,46,final,0,0,0,0,0,0,122,0,0,129
378,19,scoreA,0,0,0,0,0,171,162,0,0,0
378,19,fedrn,0,0,0,0,0,170,157,0,0,0
378,19,final,0,0,0,0,0,170,157,0,0,0
378,23,scoreA,0,167,0,0,0,161,0,0,0,0
378,23,fedrn,0,164,0,0,0,162,0,0,0,0
378,23,final,0,164,0,0,0,162,0,0,0,0
378,44,scoreA,0,0,0,0,0,0,128,131,1,0
378,44,fedrn,0,0,0,0,0,0,129,131,1,0
378,44,final,0,0,0,0,0,0,129,131,1,0
378,28,scoreA,0,0,157,0,0,0,0,154,0,0
378,28,fedrn,0,0,155,0,0,0,0,154,0,0
378,28,final,0,0,155,0,0,0,0,154,0,0
378,90,scoreA,0,0,0,0,0,0,56,0,60,0
378,90,fedrn,0,0,0,0,0,0,56,0,59,0
378,90,final,0,0,0,0,0,0,56,0,59,0
378,29,scoreA,0,0,0,0,0,0,0,0,0,308
378,29,fedrn,0,0,0,0,0,0,0,0,0,308
378,29,final,0,0,0,0,0,0,0,0,0,308
378,80,scoreA,0,0,0,0,0,0,144,0,0,0
378,80,fedrn,0,0,0,0,0,0,142,0,0,0
378,80,final,0,0,0,0,0,0,142,0,0,0
378,97,scoreA,0,2,11,6,70,22,5,66,12,5
378,97,fedrn,0,5,17,12,71,21,7,67,14,5
378,97,final,0,5,17,12,71,21,7,67,14,5
378,14,scoreA,0,0,0,0,0,176,0,0,0,176
378,14,fedrn,0,0,0,0,0,175,0,0,0,176
378,14,final,0,0,0,0,0,175,0,0,0,176
379,58,scoreA,0,0,0,0,117,0,0,0,0,100
379,58,fedrn,0,0,0,0,115,0,0,0,0,100
379,58,final,0,0,0,0,115,0,0,0,0,100
379,64,scoreA,0,0,196,0,0,0,0,0,0,0
379,64,fedrn,0,0,196,0,0,0,0,0,0,0
379,64,final,0,0,196,0,0,0,0,0,0,0
379,69,scoreA,0,0,95,0,102,0,0,0,0,0
379,69,fedrn,0,0,93,0,104,0,0,0,0,0
379,69,final,0,0,93,0,104,0,0,0,0,0
379,81,scoreA,0,0,0,72,0,0,0,68,1,0
379,81,fedrn,0,0,0,72,0,0,0,68,1,0
379,81,final,0,0,0,72,0,0,0,68,1,0
379,27,scoreA,0,0,152,0,0,155,0,0,0,0
379,27,fedrn,0,0,154,0,0,155,0,0,0,0
379,27,final,0,0,154,0,0,155,0,0,0,0
379,99,scoreA,0,1,0,0,1,0,0,0,45,67
379,99,fedrn,0,0,0,0,1,0,0,0,46,66
379,99,final,0,0,0,0,1,0,0,0,46,66
379,43,scoreA,0,0,0,126,0,0,0,0,132,0
379,43,fedrn,0,0,0,126,0,0,0,0,128,0
379,43,final,0,0,0,126,0,0,0,0,128,0
379,78,scoreA,0,0,62,0,99,0,0,0,0,0
379,78,fedrn,0,0,66,0,99,0,0,0,0,0
379,78,final,0,0,66,0,99,0,0,0,0,0
379,1,scoreA,0,0,0,0,196,0,0,0,197,0
379,1,fedrn,0,0,0,0,196,0,0,0,197,0
379,1,final,0,0,0,0,196,0,0,0,197,0
379,23,scoreA,0,165,0,0,0,162,0,0,0,0
379,23,fedrn,0,165,0,0,0,162,0,0,0,0
379,23,final,0,165,0,0,0,162,0,0,0,0
380,23,scoreA,0,166,0,0,0,162,0,0,0,0
380,23,fedrn,0,166,0,0,0,162,0,0,0,0
380,23,final,0,166,0,0,0,162,0,0,0,0
380,88,scoreA,119,0,0,0,0,0,0,0,0,0
380,88,fedrn,119,0,0,0,0,0,0,0,0,0
380,88,final,119,0,0,0,0,0,0,0,0,0
380,99,scoreA,0,0,0,0,1,0,0,0,48,64
380,99,fedrn,0,0,0,0,0,0,0,0,48,62
380,99,final,0,0,0,0,0,0,0,0,48,62
380,67,scoreA,0,89,0,0,0,0,0,1,101,0
380,67,fedrn,0,90,0,0,0,0,0,1,100,0
380,67,final,0,90,0,0,0,0,0,1,100,0
380,20,scoreA,0,0,168,0,0,0,0,167,0,0
380,20,fedrn,0,0,168,0,0,0,0,164,0,0
380,20,final,0,0,168,0,0,0,0,164,0,0
380,84,scoreA,65,0,0,0,0,0,0,0,0,69
380,84,fedrn,64,0,0,0,0,0,0,0,0,70
380,84,final,64,0,0,0,0,0,0,0,0,70
380,31,scoreA,130,149,0,0,0,0,0,0,0,0
380,31,fedrn,146,155,0,0,0,0,0,0,0,0
380,31,final,146,155,0,0,0,0,0,0,0,0
380,44,scoreA,0,0,0,0,0,0,129,130,1,0
380,44,fedrn,0,0,0,0,0,0,129,131,1,0
380,44,final,0,0,0,0,0,0,129,131,1,0
380,65,scoreA,0,0,0,105,96,0,0,0,0,0
380,65,fedrn,0,0,0,109,46,0,0,0,0,0
380,65,final,0,0,0,109,46,0,0,0,0,0
380,66,scoreA,0,100,0,0,89,0,0,0,0,0
380,66,fedrn,0,100,0,0,88,0,0,0,0,0
380,66,final,0,100,0,0,88,0,0,0,0,0
381,2,scoreA,0,0,0,0,0,0,0,0,0,394
381,2,fedrn,0,0,0,0,0,0,0,0,0,394
381,2,final,0,0,0,0,0,0,0,0,0,394
381,80,scoreA,0,0,0,0,0,0,144,0,0,0
381,80,fedrn,0,0,0,0,0,0,142,0,0,0
381,80,final,0,0,0,0,0,0,142,0,0,0
381,9,scoreA,0,372,0,0,0,0,0,0,0,0
381,9,fedrn,0,372,0,0,0,0,0,0,0,0
381,9,final,0,372,0,0,0,0,0,0,0,0
381,88,scoreA,119,0,0,0,0,0,0,0,0,0
381,88,fedrn,119,0,0,0,0,0,0,0,0,0
381,88,final,119,0,0,0,0,0,0,0,0,0
381,65,scoreA,0,0,0,106,84,0,0,0,0,0
381,65,fedrn,0,0,0,107,85,0,0,0,0,0
381,65,final,0,0,0,107,85,0,0,0,0,0
381,92,scoreA,0,47,0,62,0,0,0,0,0,0
381,92,fedrn,0,47,0,62,0,0,0,0,0,0
381,92,final,0,47,0,62,0,0,0,0,0,0
381,82,scoreA,0,0,0,0,70,0,0,0,69,0
381,82,fedrn,0,0,0,0,69,0,0,0,69,0
381,82,final,0,0,0,0,69,0,0,0,69,0
381,90,scoreA,0,0,0,0,0,0,56,0,60,0
381,90,fedrn,0,0,0,0,0,0,56,0,59,0
381,90,final,0,0,0,0,0,0,56,0,59,0
381,76,scoreA,0,85,0,78,0,0,0,0,0,0
381,76,fedrn,0,83,0,78,0,0,0,0,0,0
381,76,final,0,83,0,78,0,0,0,0,0,0
381,7,scoreA,191,184,0,0,0,0,0,0,0,0
381,7,fedrn,191,185,0,0,0,0,0,0,0,0
381,7,final,191,185,0,0,0,0,0,0,0,0
382,49,scoreA,0,0,118,0,0,0,0,126,0,0
382,49,fedrn,0,0,120,0,0,0,0,120,0,0
382,49,final,0,0,120,0,0,0,0,120,0,0
382,99,scoreA,0,0,0,0,1,0,0,0,45,68
382,99,fedrn,0,0,0,0,1,0,0,0,45,65
382,99,final,0,0,0,0,1,0,0,0,45,65
382,24,scoreA,0,0,0,0,174,149,0,0,0,0
382,24,fedrn,0,0,0,0,173,151,0,0,0,0
382,24,final,0,0,0,0,173,151,0,0,0,0
382,35,scoreA,0,0,135,0,0,0,0,0,157,0
382,35,fedrn,0,0,135,0,0,0,0,0,157,0
382,35,final,0,0,135,0,0,0,0,0,157,0
382,91,scoreA,0,0,81,0,0,0,42,0,0,0
382,91,fedrn,0,0,80,0,0,0,43,0,0,0
382,91,final,0,0,80,0,0,0,43,0,0,0
382,70,scoreA,0,0,0,0,0,86,0,0,89,0
382,70,fedrn,0,0,0,0,0,86,0,0,90,0
382,70,final,0,0,0,0,0,86,0,0,90,0
382,76,scoreA,0,84,0,78,0,0,0,0,1,0
382,76,fedrn,0,83,0,78,0,0,0,0,0,0
382,76,final,0,83,0,78,0,0,0,0,0,0
382,52,scoreA,0,0,0,0,0,0,0,117,116,0
382,52,fedrn,0,0,0,0,0,0,0,117,116,0
382,52,final,0,0,0,0,0,0,0,117,116,0
382,20,scoreA,0,0,168,0,0,0,0,167,0,0
382,20,fedrn,0,0,169,0,0,0,0,164,0,0
382,20,final,0,0,169,0,0,0,0,164,0,0
382,84,scoreA,68,0,0,0,0,0,0,0,0,69
382,84,fedrn,66,0,0,0,0,0,0,0,0,70
382,84,final,66,0,0,0,0,0,0,0,0,70
383,22,scoreA,167,0,0,0,0,168,0,0,0,0
383,22,fedrn,166,0,0,0,0,168,0,0,0,0
383,22,final,166,0,0,0,0,168,0,0,0,0
383,18,scoreA,168,0,0,0,0,0,169,0,0,0
383,18,fedrn,169,0,0,0,0,0,169,0,0,0
383,18,final,169,0,0,0,0,0,169,0,0,0
383,9,scoreA,0,372,0,0,0,0,0,0,0,0
383,9,fedrn,0,372,0,0,0,0,0,0,0,0
383,9,final,0,372,0,0,0,0,0,0,0,0
383,46,scoreA,0,0,0,0,0,0,122,0,0,130
383,46,fedrn,0,0,0,0,0,0,122,0,0,128
383,46,final,0,0,0,0,0,0,122,0,0,128
383,45,scoreA,0,0,0,0,131,119,0,0,0,0
383,45,fedrn,0,0,0,0,129,119,0,0,0,0
383,45,final,0,0,0,0,129,119,0,0,0,0
383,97,scoreA,0,7,16,11,69,19,5,68,14,5
383,97,fedrn,0,6,21,13,71,18,7,64,14,5
383,97,final,0,6,21,13,71,18,7,64,14,5
383,20,scoreA,0,0,168,0,0,0,0,165,0,0
383,20,fedrn,0,0,169,0,0,0,0,160,0,0
383,20,final,0,0,169,0,0,0,0,160,0,0
383,87,scoreA,1,0,0,0,0,0,0,0,82,59
383,87,fedrn,0,0,0,0,0,0,0,0,82,61
383,87,final,0,0,0,0,0,0,0,0,82,61
383,13,scoreA,0,0,0,0,0,0,175,0,181,0
383,13,fedrn,0,0,0,0,0,0,175,0,182,0
383,13,final,0,0,0,0,0,0,175,0,182,0
383,24,scoreA,0,0,0,0,174,147,0,0,0,0
383,24,fedrn,0,0,0,0,174,149,0,0,0,0
383,24,final,0,0,0,0,174,149,0,0,0,0
384,8,scoreA,0,0,0,0,0,0,0,186,188,0
384,8,fedrn,0,0,0,0,0,0,0,186,188,0
384,8,final,0,0,0,0,0,0,0,186,188,0
384,50,scoreA,0,0,0,137,0,0,0,0,0,0
384,50,fedrn,0,0,0,137,0,0,0,0,0,0
384,50,final,0,0,0,137,0,0,0,0,0,0
384,79,scoreA,74,0,0,0,0,0,3,0,73,0
384,79,fedrn,73,0,0,0,0,0,4,0,73,0
384,79,final,73,0,0,0,0,0,4,0,73,0
384,20,scoreA,0,0,169,0,0,0,0,165,0,0
384,20,fedrn,0,0,168,0,0,0,0,165,0,0
384,20,final,0,0,168,0,0,0,0,165,0,0
384,82,scoreA,0,0,0,0,71,0,0,0,69,0
384,82,fedrn,0,0,0,0,69,0,0,0,69,0
384,82,final,0,0,0,0,69,0,0,0,69,0
384,60,scoreA,0,0,208,0,0,0,0,0,0,0
384,60,fedrn,0,0,208,0,0,0,0,0,0,0
384,60,final,0,0,208,0,0,0,0,0,0,0
384,86,scoreA,0,64,0,63,0,0,0,0,0,0
384,86,fedrn,0,65,0,63,0,0,0,0,0,0
384,86,final,0,65,0,63,0,0,0,0,0,0
384,17,scoreA,0,0,0,177,151,0,0,0,0,0
384,17,fedrn,0,0,0,180,150,0,0,0,0,0
384,17,final,0,0,0,180,150,0,0,0,0,0
384,78,scoreA,0,0,73,0,98,0,0,0,0,0
384,78,fedrn,0,0,71,0,99,0,0,0,0,0
384,78,final,0,0,71,0,99,0,0,0,0,0
384,64,scoreA,0,0,196,0,0,0,0,0,0,0
384,64,fedrn,0,0,196,0,0,0,0,0,0,0
384,64,final,0,0,196,0,0,0,0,0,0,0
385,66,scoreA,0,101,0,0,88,0,0,0,0,0
385,66,fedrn,0,101,0,0,87,0,0,0,0,0
385,66,final,0,101,0,0,87,0,0,0,0,0
385,96,scoreA,0,41,0,54,0,0,1,0,0,0
385,96,fedrn,0,41,0,55,0,0,11,0,1,0
385,96,final,0,41,0,55,0,0,11,0,1,0
385,58,scoreA,0,0,0,0,116,0,0,0,0,101
385,58,fedrn,0,0,0,0,115,0,0,0,0,101
385,58,final,0,0,0,0,115,0,0,0,0,101
385,15,scoreA,0,0,0,0,0,167,0,179,0,0
385,15,fedrn,0,0,0,0,0,167,0,173,0,0
385,15,final,0,0,0,0,0,167,0,173,0,0
385,71,scoreA,0,89,0,0,0,88,0,0,0,0
385,71,fedrn,0,88,0,0,0,87,0,0,0,0
385,71,final,0,88,0,0,0,87,0,0,0,0
385,47,scoreA,0,0,0,0,0,131,0,0,0,117
385,47,fedrn,0,0,0,0,0,130,0,0,0,117
385,47,final,0,0,0,0,0,130,0,0,0,117
385,26,scoreA,0,0,0,0,0,0,0,160,0,156
385,26,fedrn,0,0,0,0,0,0,0,161,0,156
385,26,final,0,0,0,0,0,0,0,161,0,156
385,49,scoreA,0,0,120,0,0,0,0,126,0,0
385,49,fedrn,0,0,120,0,0,0,0,126,0,0
385,49,final,0,0,120,0,0,0,0,126,0,0
385,6,scoreA,0,192,0,0,0,0,186,0,0,0
385,6,fedrn,0,193,0,0,0,0,186,0,0,0
385,6,final,0,193,0,0,0,0,186,0,0,0
385,7,scoreA,190,185,0,0,0,0,0,0,0,0
385,7,fedrn,191,184,0,0,0,0,0,0,0,0
385,7,final,191,184,0,0,0,0,0,0,0,0
386,80,scoreA,0,0,0,0,0,0,144,0,0,0
386,80,fedrn,0,0,0,0,0,0,143,0,0,0
386,80,final,0,0,0,0,0,0,143,0,0,0
386,72,scoreA,0,97,0,0,0,0,0,0,0,96
386,72,fedrn,0,101,0,0,0,0,0,0,0,95
386,72,final,0,101,0,0,0,0,0,0,0,95
386,34,scoreA,0,0,0,156,0,0,0,127,0,0
386,34,fedrn,0,0,0,156,0,0,0,125,0,0
386,34,final,0,0,0,156,0,0,0,125,0,0
386,68,scoreA,0,0,0,0,0,0,95,0,0,87
386,68,fedrn,0,0,0,0,0,0,95,0,0,87
386,68,final,0,0,0,0,0,0,95,0,0,87
386,2,scoreA,0,0,0,0,0,0,0,0,0,394
386,2,fedrn,0,0,0,0,0,0,0,0,0,394
386,2,final,0,0,0,0,0,0,0,0,0,394
386,98,scoreA,0,0,0,0,55,45,0,0,0,0
386,98,fedrn,0,0,0,0,53,41,0,0,0,0
386,98,final,0,0,0,0,53,41,0,0,0,0
386,62,scoreA,97,0,0,0,0,0,0,108,0,0
386,62,fedrn,98,0,0,0,0,0,0,107,0,0
386,62,final,98,0,0,0,0,0,0,107,0,0
386,69,scoreA,0,0,93,0,104,0,0,0,0,0
386,69,fedrn,0,0,94,0,104,0,0,0,0,0
386,69,final,0,0,94,0,104,0,0,0,0,0
386,25,scoreA,0,0,0,160,0,0,0,0,160,0
386,25,fedrn,0,0,0,160,0,0,0,0,158,0
386,25,final,0,0,0,160,0,0,0,0,158,0
386,94,scoreA,60,50,0,0,0,0,0,0,0,0
386,94,fedrn,59,50,0,0,0,0,0,0,0,0
386,94,final,59,50,0,0,0,0,0,0,0,0
387,74,scoreA,0,0,0,0,0,164,0,1,0,0
387,74,fedrn,0,0,0,0,0,164,0,1,0,0
387,74,final,0,0,0,0,0,164,0,1,0,0
387,8,scoreA,0,0,0,0,0,0,0,186,188,0
387,8,fedrn,0,0,0,0,0,0,0,186,187,0
387,8,final,0,0,0,0,0,0,0,186,187,0
387,52,scoreA,0,0,0,0,0,0,0,117,115,0
387,52,fedrn,0,0,0,0,0,0,0,117,116,0
387,52,final,0,0,0,0,0,0,0,117,116,0
387,56,scoreA,0,0,122,0,0,0,0,0,0,103
387,56,fedrn,0,0,123,0,0,0,0,0,0,103
387,56,final,0,0,123,0,0,0,0,0,0,103
387,59,scoreA,113,0,0,0,0,0,0,101,0,0
387,59,fedrn,111,0,0,0,0,0,0,100,0,0
387,59,final,111,0,0,0,0,0,0,100,0,0
387,35,scoreA,0,0,135,0,0,0,0,0,156,0
387,35,fedrn,0,0,134,0,0,0,0,0,155,0
387,35,final,0,0,134,0,0,0,0,0,155,0
387,26,scoreA,0,0,0,0,0,0,0,161,0,156
387,26,fedrn,0,0,0,0,0,0,0,160,0,156
387,26,final,0,0,0,0,0,0,0,160,0,156
387,90,scoreA,0,0,0,0,0,0,57,0,59,0
387,90,fedrn,0,0,0,0,0,0,56,0,59,0
387,90,final,0,0,0,0,0,0,56,0,59,0
387,63,scoreA,0,0,0,0,87,116,0,0,0,0
387,63,fedrn,0,0,0,0,85,107,0,0,0,0
387,63,final,0,0,0,0,85,107,0,0,0,0
387,2,scoreA,0,0,0,0,0,0,0,0,0,394
387,2,fedrn,0,0,0,0,0,0,0,0,0,394
387,2,final,0,0,0,0,0,0,0,0,0,394
388,39,scoreA,137,0,0,0,0,0,0,0,141,0
388,39,fedrn,140,0,0,0,0,0,0,0,140,0
388,39,final,140,0,0,0,0,0,0,0,140,0
388,48,scoreA,0,0,0,132,115,0,0,0,0,0
388,48,fedrn,0,0,0,132,110,0,0,0,0,0
388,48,final,0,0,0,132,110,0,0,0,0,0
388,55,scoreA,0,0,0,0,113,0,0,109,1,0
388,55,fedrn,0,0,0,0,113,0,0,107,1,0
388,55,final,0,0,0,0,113,0,0,107,1,0
388,65,scoreA,0,0,0,107,93,0,0,0,0,0
388,65,fedrn,0,0,0,105,91,0,0,0,0,0
388,65,final,0,0,0,105,91,0,0,0,0,0
388,23,scoreA,0,166,0,0,0,162,0,0,0,0
388,23,fedrn,0,164,0,0,0,162,0,0,0,0
388,23,final,0,164,0,0,0,162,0,0,0,0
388,37,scoreA,0,0,0,0,0,140,0,133,1,0
388,37,fedrn,0,0,0,0,0,137,0,133,1,0
388,37,final,0,0,0,0,0,137,0,133,1,0
388,2,scoreA,0,0,0,0,0,0,0,0,0,394
388,2,fedrn,0,0,0,0,0,0,0,0,0,394
388,2,final,0,0,0,0,0,0,0,0,0,394
388,89,scoreA,70,0,0,0,0,0,0,0,0,52
388,89,fedrn,70,0,0,0,0,0,0,0,0,51
388,89,final,70,0,0,0,0,0,0,0,0,51
388,62,scoreA,99,0,0,0,0,0,0,108,0,0
388,62,fedrn,100,0,0,0,0,0,0,106,0,0
388,62,final,100,0,0,0,0,0,0,106,0,0
388,63,scoreA,0,0,0,0,88,111,0,0,0,0
388,63,fedrn,0,0,0,0,84,111,0,0,0,0
388,63,final,0,0,0,0,84,111,0,0,0,0
389,63,scoreA,0,0,0,0,88,113,0,0,0,0
389,63,fedrn,0,0,0,0,84,113,0,0,0,0
389,63,final,0,0,0,0,84,113,0,0,0,0
389,0,scoreA,0,0,399,0,0,0,0,0,0,0
389,0,fedrn,0,0,398,0,0,0,0,0,0,0
389,0,final,0,0,398,0,0,0,0,0,0,0
389,94,scoreA,58,52,0,0,0,0,0,0,0,0
389,94,fedrn,55,52,0,0,0,0,0,0,0,0
389,94,final,55,52,0,0,0,0,0,0,0,0
389,30,scoreA,140,0,158,0,0,0,0,0,0,0
389,30,fedrn,139,0,158,0,0,0,0,0,0,0
389,30,final,139,0,158,0,0,0,0,0,0,0
389,92,scoreA,0,47,0,63,0,0,0,0,0,0
389,92,fedrn,0,46,0,61,0,0,0,0,0,0
389,92,final,0,46,0,61,0,0,0,0,0,0
389,81,scoreA,0,0,0,72,0,0,0,69,1,0
389,81,fedrn,0,0,0,72,0,0,0,68,1,0
389,81,final,0,0,0,72,0,0,0,68,1,0
389,31,scoreA,125,159,0,0,0,0,0,0,0,0
389,31,fedrn,143,156,0,0,0,0,0,0,0,0
389,31,final,143,156,0,0,0,0,0,0,0,0
389,28,scoreA,0,0,154,0,0,0,0,154,0,0
389,28,fedrn,0,0,157,0,0,0,0,153,0,0
389,28,final,0,0,157,0,0,0,0,153,0,0
389,97,scoreA,0,6,19,13,69,18,6,61,11,5
389,97,fedrn,0,4,23,12,73,19,4,63,10,5
389,97,final,0,4,23,12,73,19,4,63,10,5
389,88,scoreA,119,0,0,0,0,0,0,0,0,0
389,88,fedrn,119,0,0,0,0,0,0,0,0,0
389,88,final,119,0,0,0,0,0,0,0,0,0
390,3,scoreA,0,0,0,0,0,0,196,0,193,0
390,3,fedrn,0,0,0,0,0,0,196,0,193,0
390,3,final,0,0,0,0,0,0,196,0,193,0
390,34,scoreA,0,0,0,156,0,0,0,128,0,0
390,34,fedrn,0,0,0,156,0,0,0,125,0,0
390,34,final,0,0,0,156,0,0,0,125,0,0
390,48,scoreA,0,0,0,132,112,0,0,0,0,0
390,48,fedrn,0,0,0,132,109,0,0,0,0,0
390,48,final,0,0,0,132,109,0,0,0,0,0
390,46,scoreA,0,0,0,0,0,0,123,0,0,130
390,46,fedrn,0,0,0,0,0,0,123,0,0,129
390,46,final,0,0,0,0,0,0,123,0,0,129
390,5,scoreA,188,0,0,0,0,0,193,0,0,0
390,5,fedrn,188,0,0,0,0,0,193,0,0,0
390,5,final,188,0,0,0,0,0,193,0,0,0
390,31,scoreA,146,155,0,0,0,0,0,0,0,0
390,31,fedrn,146,153,0,0,0,0,0,0,0,0
390,31,final,146,153,0,0,0,0,0,0,0,0
390,52,scoreA,0,0,0,0,0,0,0,117,116,0
390,52,fedrn,0,0,0,0,0,0,0,117,116,0
390,52,final,0,0,0,0,0,0,0,117,116,0
390,83,scoreA,0,0,71,0,0,0,0,0,0,66
390,83,fedrn,0,0,71,0,0,0,0,0,0,67
390,83,final,0,0,71,0,0,0,0,0,0,67
390,56,scoreA,0,0,124,0,0,0,0,0,0,103
390,56,fedrn,0,0,124,0,0,0,0,0,0,103
390,56,final,0,0,124,0,0,0,0,0,0,103
390,40,scoreA,0,0,0,153,0,131,0,0,0,0
390,40,fedrn,0,0,0,154,0,130,0,0,0,1
390,40,final,0,0,0,154,0,130,0,0,0,1
391,9,scoreA,0,372,0,0,0,0,0,0,0,0
391,9,fedrn,0,372,0,0,0,0,0,0,0,0
391,9,final,0,372,0,0,0,0,0,0,0,0
391,83,scoreA,0,0,71,0,0,0,0,0,0,67
391,83,fedrn,0,0,72,0,0,0,0,0,0,67
391,83,final,0,0,72,0,0,0,0,0,0,67
391,91,scoreA,0,0,81,0,0,0,46,0,0,0
391,91,fedrn,0,0,81,0,0,0,43,0,0,0
391,91,final,0,0,81,0,0,0,43,0,0,0
391,89,scoreA,71,0,0,0,0,0,0,0,0,52
391,89,fedrn,72,0,0,0,0,0,0,0,0,49
391,89,final,72,0,0,0,0,0,0,0,0,49
391,14,scoreA,0,0,0,0,0,177,0,0,0,177
391,14,fedrn,0,0,0,0,0,178,0,0,0,176
391,14,final,0,0,0,0,0,178,0,0,0,176
391,61,scoreA,0,0,0,0,0,0,205,0,0,0
391,61,fedrn,0,0,0,0,0,0,205,0,0,0
391,61,final,0,0,0,0,0,0,205,0,0,0
391,64,scoreA,0,0,196,0,0,0,0,0,0,0
391,64,fedrn,0,0,196,0,0,0,0,0,0,0
391,64,final,0,0,196,0,0,0,0,0,0,0
391,87,scoreA,1,0,0,0,0,0,0,0,73,72
391,87,fedrn,0,0,0,0,0,0,0,0,73,63
391,87,final,0,0,0,0,0,0,0,0,73,63
391,68,scoreA,0,0,0,0,0,0,96,0,0,87
391,68,fedrn,0,0,0,0,0,0,96,0,0,87
391,68,final,0,0,0,0,0,0,96,0,0,87
391,90,scoreA,0,0,0,0,0,1,56,0,59,0
391,90,fedrn,0,0,0,0,0,0,56,0,59,0
391,90,final,0,0,0,0,0,0,56,0,59,0
392,5,scoreA,188,0,0,0,0,0,194,0,0,0
392,5,fedrn,188,0,0,0,0,0,194,0,0,0
392,5,final,188,0,0,0,0,0,194,0,0,0
392,47,scoreA,0,0,0,0,0,132,0,0,0,117
392,47,fedrn,0,0,0,0,0,131,0,0,0,117
392,47,final,0,0,0,0,0,131,0,0,0,117
392,84,scoreA,67,0,0,0,0,0,0,0,0,70
392,84,fedrn,67,0,0,0,0,0,0,0,0,69
392,84,final,67,0,0,0,0,0,0,0,0,69
392,24,scoreA,0,0,0,0,174,136,0,0,0,0
392,24,fedrn,0,0,0,0,174,151,0,0,0,0
392,24,final,0,0,0,0,174,151,0,0,0,0
392,81,scoreA,0,0,0,74,0,0,0,69,1,0
392,81,fedrn,0,0,0,73,0,0,0,66,1,0
392,81,final,0,0,0,73,0,0,0,66,1,0
392,68,scoreA,0,0,0,0,0,0,96,0,0,87
392,68,fedrn,0,0,0,0,0,0,96,0,0,86
392,68,final,0,0,0,0,0,0,96,0,0,86
392,99,scoreA,0,0,0,0,1,0,0,0,50,68
392,99,fedrn,0,0,0,0,1,0,0,0,45,66
392,99,final,0,0,0,0,1,0,0,0,45,66
392,18,scoreA,169,0,0,0,0,0,168,0,0,0
392,18,fedrn,167,0,0,0,0,0,169,0,0,0
392,18,final,167,0,0,0,0,0,169,0,0,0
392,63,scoreA,0,0,0,0,91,112,0,0,0,0
392,63,fedrn,0,0,0,0,84,114,0,0,0,0
392,63,final,0,0,0,0,84,114,0,0,0,0
392,28,scoreA,0,0,158,0,0,0,0,155,0,0
392,28,fedrn,0,0,154,0,0,0,0,154,0,0
392,28,final,0,0,154,0,0,0,0,154,0,0
393,84,scoreA,69,0,0,0,0,0,0,0,0,69
393,84,fedrn,68,0,0,0,0,0,0,0,0,68
393,84,final,68,0,0,0,0,0,0,0,0,68
393,67,scoreA,0,90,0,0,0,0,0,1,99,0
393,67,fedrn,0,89,0,0,0,0,0,1,101,0
393,67,final,0,89,0,0,0,0,0,1,101,0
393,59,scoreA,111,0,0,0,0,0,0,103,0,0
393,59,fedrn,112,0,0,0,0,0,0,100,0,0
393,59,final,112,0,0,0,0,0,0,100,0,0
393,49,scoreA,0,0,120,0,0,0,0,127,0,0
393,49,fedrn,0,0,122,0,0,0,0,119,0,0
393,49,final,0,0,122,0,0,0,0,119,0,0
393,52,scoreA,0,0,0,0,0,0,0,117,116,0
393,52,fedrn,0,0,0,0,0,0,0,117,116,0
393,52,final,0,0,0,0,0,0,0,117,116,0
393,99,scoreA,0,0,0,0,1,0,0,0,45,68
393,99,fedrn,0,0,0,0,0,0,0,0,47,63
393,99,final,0,0,0,0,0,0,0,0,47,63
393,44,scoreA,0,0,0,0,0,0,129,133,1,0
393,44,fedrn,0,0,0,0,0,0,129,123,1,0
393,44,final,0,0,0,0,0,0,129,123,1,0
393,72,scoreA,0,102,0,0,0,0,0,0,0,93
393,72,fedrn,0,101,0,0,0,0,0,0,0,93
393,72,final,0,101,0,0,0,0,0,0,0,93
393,5,scoreA,188,0,0,0,0,0,194,0,0,0
393,5,fedrn,188,0,0,0,0,0,194,0,0,0
393,5,final,188,0,0,0,0,0,194,0,0,0
393,9,scoreA,0,372,0,0,0,0,0,0,0,0
393,9,fedrn,0,372,0,0,0,0,0,0,0,0
393,9,final,0,372,0,0,0,0,0,0,0,0
394,11,scoreA,0,0,0,0,187,165,0,0,0,0
394,11,fedrn,0,0,0,0,188,163,0,0,0,0
394,11,final,0,0,0,0,188,163,0,0,0,0
394,53,scoreA,116,0,0,0,0,0,0,113,0,0
394,53,fedrn,116,0,0,0,0,0,0,113,0,0
394,53,final,116,0,0,0,0,0,0,113,0,0
394,40,scoreA,0,0,0,152,0,130,0,0,0,1
394,40,fedrn,0,0,0,154,1,132,0,0,0,1
394,40,final,0,0,0,154,1,132,0,0,0,1
394,94,scoreA,57,53,0,0,0,0,0,0,0,0
394,94,fedrn,56,52,0,0,0,0,0,0,0,0
394,94,final,56,52,0,0,0,0,0,0,0,0
394,92,scoreA,0,48,0,62,0,0,0,0,0,0
394,92,fedrn,0,48,0,61,0,0,1,0,0,0
394,92,final,0,48,0,61,0,0,1,0,0,0
394,25,scoreA,0,0,0,159,0,0,0,0,160,0
394,25,fedrn,0,0,0,160,0,0,0,0,159,0
394,25,final,0,0,0,160,0,0,0,0,159,0
394,54,scoreA,0,114,0,0,0,0,117,0,0,0
394,54,fedrn,0,114,0,0,0,0,117,0,0,0
394,54,final,0,114,0,0,0,0,117,0,0,0
394,31,scoreA,146,154,0,0,0,0,0,0,0,0
394,31,fedrn,146,153,0,0,0,0,0,0,0,0
394,31,final,146,153,0,0,0,0,0,0,0,0
394,42,scoreA,0,148,0,0,0,0,0,0,122,0
394,42,fedrn,0,146,0,0,0,0,0,0,122,0
394,42,final,0,146,0,0,0,0,0,0,122,0
394,85,scoreA,0,65,0,0,66,0,1,0,0,0
394,85,fedrn,0,65,0,0,65,0,1,0,0,0
394,85,final,0,65,0,0,65,0,1,0,0,0
395,86,scoreA,0,64,0,64,0,0,0,0,0,0
395,86,fedrn,0,64,0,63,0,0,1,0,0,0
395,86,final,0,64,0,63,0,0,1,0,0,0
395,42,scoreA,0,145,0,0,0,0,0,0,123,0
395,42,fedrn,0,143,0,0,0,0,0,0,123,0
395,42,final,0,143,0,0,0,0,0,0,123,0
395,96,scoreA,0,41,0,56,1,0,10,0,1,0
395,96,fedrn,0,40,0,55,0,0,9,0,1,0
395,96,final,0,40,0,55,0,0,9,0,1,0
395,50,scoreA,0,0,0,137,0,0,0,0,0,0
395,50,fedrn,0,0,0,137,0,0,0,0,0,0
395,50,final,0,0,0,137,0,0,0,0,0,0
395,45,scoreA,0,0,0,0,130,122,0,0,0,0
395,45,fedrn,0,0,0,0,131,120,0,0,0,0
395,45,final,0,0,0,0,131,120,0,0,0,0
395,88,scoreA,119,0,0,0,0,0,0,0,0,0
395,88,fedrn,119,0,0,0,0,0,0,0,0,0
395,88,final,119,0,0,0,0,0,0,0,0,0
395,26,scoreA,0,0,0,0,0,0,0,160,0,156
395,26,fedrn,0,0,0,0,0,0,0,160,0,155
395,26,final,0,0,0,0,0,0,0,160,0,155
395,48,scoreA,0,0,0,131,107,0,0,0,0,0
395,48,fedrn,0,0,0,132,105,0,0,0,0,0
395,48,final,0,0,0,132,105,0,0,0,0,0
395,61,scoreA,0,0,0,0,0,0,205,0,0,0
395,61,fedrn,0,0,0,0,0,0,204,0,0,0
395,61,final,0,0,0,0,0,0,204,0,0,0
395,75,scoreA,0,0,0,87,0,0,0,0,76,0
395,75,fedrn,0,0,0,86,0,0,0,0,72,0
395,75,final,0,0,0,86,0,0,0,0,72,0
396,81,scoreA,0,0,0,74,0,0,0,68,1,0
396,81,fedrn,0,0,0,71,0,0,0,68,1,0
396,81,final,0,0,0,71,0,0,0,68,1,0
396,74,scoreA,0,0,0,0,0,164,0,1,0,0
396,74,fedrn,0,0,0,0,0,164,0,1,0,0
396,74,final,0,0,0,0,0,164,0,1,0,0
396,21,scoreA,0,0,169,0,0,158,0,0,0,0
396,21,fedrn,0,0,167,0,0,158,0,0,0,0
396,21,final,0,0,167,0,0,158,0,0,0,0
396,25,scoreA,0,0,0,159,0,0,0,0,160,0
396,25,fedrn,0,0,0,160,0,0,0,0,158,0
396,25,final,0,0,0,160,0,0,0,0,158,0
396,36,scoreA,0,150,0,137,0,0,0,0,0,0
396,36,fedrn,0,149,0,137,0,0,0,0,0,0
396,36,final,0,149,0,137,0,0,0,0,0,0
396,52,scoreA,0,0,0,0,0,0,0,117,116,0
396,52,fedrn,0,0,0,0,0,0,0,117,116,0
396,52,final,0,0,0,0,0,0,0,117,116,0
396,7,scoreA,191,185,0,0,0,0,0,0,0,0
396,7,fedrn,191,184,0,0,0,0,0,0,0,0
396,7,final,191,184,0,0,0,0,0,0,0,0
396,17,scoreA,0,0,0,179,145,0,0,0,0,0
396,17,fedrn,0,0,0,180,146,0,0,0,0,0
396,17,final,0,0,0,180,146,0,0,0,0,0
396,53,scoreA,116,0,0,0,0,0,0,116,0,0
396,53,fedrn,116,0,0,0,0,0,0,114,0,0
396,53,final,116,0,0,0,0,0,0,114,0,0
396,33,scoreA,0,0,0,0,0,138,148,0,0,0
396,33,fedrn,0,0,0,0,0,141,146,0,0,0
396,33,final,0,0,0,0,0,141,146,0,0,0
397,43,scoreA,0,0,0,126,0,0,0,0,128,0
397,43,fedrn,0,0,0,125,0,0,0,0,132,0
397,43,final,0,0,0,125,0,0,0,0,132,0
397,51,scoreA,0,0,0,0,117,0,0,124,0,0
397,51,fedrn,0,0,0,0,117,0,0,123,0,0
397,51,final,0,0,0,0,117,0,0,123,0,0
397,35,scoreA,0,0,135,0,0,0,0,0,157,0
397,35,fedrn,0,0,135,0,0,0,0,0,157,0
397,35,final,0,0,135,0,0,0,0,0,157,0
397,41,scoreA,129,0,0,136,0,0,0,0,0,0
397,41,fedrn,129,0,0,136,0,0,0,0,0,0
397,41,final,129,0,0,136,0,0,0,0,0,0
397,67,scoreA,0,89,0,0,0,0,0,1,101,0
397,67,fedrn,0,89,0,0,0,0,0,1,100,0
397,67,final,0,89,0,0,0,0,0,1,100,0
397,85,scoreA,0,65,0,0,65,0,1,0,0,0
397,85,fedrn,0,67,0,0,64,0,1,0,0,0
397,85,final,0,67,0,0,64,0,1,0,0,0
397,44,scoreA,0,0,0,0,0,0,127,131,1,0
397,44,fedrn,0,0,0,0,0,0,128,131,1,0
397,44,final,0,0,0,0,0,0,128,131,1,0
397,11,scoreA,0,0,0,0,188,168,0,0,0,0
397,11,fedrn,0,0,0,0,189,162,0,0,0,0
397,11,final,0,0,0,0,189,162,0,0,0,0
397,8,scoreA,0,0,0,0,0,0,0,186,187,0
397,8,fedrn,0,0,0,0,0,0,0,186,187,0
397,8,final,0,0,0,0,0,0,0,186,187,0
397,83,scoreA,0,0,73,0,1,0,0,0,0,67
397,83,fedrn,0,0,72,0,0,0,0,0,0,67
397,83,final,0,0,72,0,0,0,0,0,0,67
398,33,scoreA,0,0,0,0,0,142,150,0,0,0
398,33,fedrn,0,0,0,0,0,142,143,0,0,0
398,33,final,0,0,0,0,0,142,143,0,0,0
398,53,scoreA,115,0,0,0,0,0,0,116,0,0
398,53,fedrn,116,0,0,0,0,0,0,115,0,0
398,53,final,116,0,0,0,0,0,0,115,0,0
398,96,scoreA,0,42,0,50,0,0,11,0,2,0
398,96,fedrn,0,42,0,54,0,0,6,0,0,0
398,96,final,0,42,0,54,0,0,6,0,0,0
398,51,scoreA,0,0,0,0,117,0,0,120,0,0
398,51,fedrn,0,0,0,0,117,0,0,121,1,0
398,51,final,0,0,0,0,117,0,0,121,1,0
398,89,scoreA,71,0,0,0,0,0,0,0,0,48
398,89,fedrn,70,0,0,0,0,0,0,0,0,48
398,89,final,70,0,0,0,0,0,0,0,0,48
398,19,scoreA,0,0,0,0,0,165,165,0,0,0
398,19,fedrn,0,0,0,0,0,168,163,0,0,0
398,19,final,0,0,0,0,0,168,163,0,0,0
398,88,scoreA,119,0,0,0,0,0,0,0,0,0
398,88,fedrn,119,0,0,0,0,0,0,0,0,0
398,88,final,119,0,0,0,0,0,0,0,0,0
398,76,scoreA,0,82,0,78,0,0,0,0,0,0
398,76,fedrn,0,83,0,77,0,0,0,0,0,0
398,76,final,0,83,0,77,0,0,0,0,0,0
398,39,scoreA,140,0,0,0,0,0,0,0,143,0
398,39,fedrn,137,0,0,0,0,0,0,0,142,0
398,39,final,137,0,0,0,0,0,0,0,142,0
398,3,scoreA,0,0,0,0,0,0,196,0,193,0
398,3,fedrn,0,0,0,0,0,0,195,0,193,0
398,3,final,0,0,0,0,0,0,195,0,193,0
399,52,scoreA,0,0,0,0,0,0,0,118,116,0
399,52,fedrn,0,0,0,0,0,0,0,117,116,0
399,52,final,0,0,0,0,0,0,0,117,116,0
399,61,scoreA,0,0,0,0,0,0,205,0,0,0
399,61,fedrn,0,0,0,0,0,0,205,0,0,0
399,61,final,0,0,0,0,0,0,205,0,0,0
399,44,scoreA,0,0,0,0,0,0,129,132,1,0
399,44,fedrn,0,0,0,0,0,0,129,132,2,0
399,44,final,0,0,0,0,0,0,129,132,2,0
399,46,scoreA,0,0,0,0,0,0,123,0,0,129
399,46,fedrn,0,0,0,0,0,0,123,0,0,129
399,46,final,0,0,0,0,0,0,123,0,0,129
399,5,scoreA,188,0,0,0,0,0,194,0,0,0
399,5,fedrn,188,0,0,0,0,0,194,0,0,0
399,5,final,188,0,0,0,0,0,194,0,0,0
399,34,scoreA,0,0,0,156,0,0,0,128,0,0
399,34,fedrn,0,0,0,156,0,0,0,126,0,0
399,34,final,0,0,0,156,0,0,0,126,0,0
399,69,scoreA,0,0,96,0,104,0,0,0,0,0
399,69,fedrn,0,0,95,0,104,0,0,0,0,0
399,69,final,0,0,95,0,104,0,0,0,0,0
399,29,scoreA,0,0,0,0,0,0,0,0,0,308
399,29,fedrn,0,0,0,0,0,0,0,0,0,308
399,29,final,0,0,0,0,0,0,0,0,0,308
399,56,scoreA,0,0,124,0,0,0,0,0,0,102
399,56,fedrn,0,0,123,0,0,0,0,0,0,101
399,56,final,0,0,123,0,0,0,0,0,0,101
399,45,scoreA,0,0,0,0,131,122,0,0,0,0
399,45,fedrn,0,0,0,0,125,127,0,0,0,0
399,45,final,0,0,0,0,125,127,0,0,0,0
400,1,scoreA,0,0,0,0,196,0,0,0,197,0
400,1,fedrn,0,0,0,0,196,0,0,0,197,0
400,1,final,0,0,0,0,196,0,0,0,197,0
400,94,scoreA,59,53,0,0,0,0,0,0,0,0
400,94,fedrn,55,52,0,0,0,0,0,0,0,0
400,94,final,55,52,0,0,0,0,0,0,0,0
400,6,scoreA,0,191,0,0,0,0,186,0,0,0
400,6,fedrn,0,191,0,0,0,0,186,0,0,0
400,6,final,0,191,0,0,0,0,186,0,0,0
400,77,scoreA,0,89,0,0,0,0,1,0,72,0
400,77,fedrn,0,86,0,0,0,0,1,0,71,0
400,77,final,0,86,0,0,0,0,1,0,71,0
400,61,scoreA,0,0,0,0,0,0,205,0,0,0
400,61,fedrn,0,0,0,0,0,0,204,0,0,0
400,61,final,0,0,0,0,0,0,204,0,0,0
400,25,scoreA,0,0,0,158,0,0,0,0,160,0
400,25,fedrn,0,0,0,161,0,0,0,0,160,0
400,25,final,0,0,0,161,0,0,0,0,160,0
400,4,scoreA,0,0,0,0,0,0,0,196,188,0
400,4,fedrn,0,0,0,0,0,0,0,196,188,0
400,4,final,0,0,0,0,0,0,0,196,188,0
400,96,scoreA,0,42,0,55,0,0,5,0,0,0
400,96,fedrn,0,41,0,54,0,0,3,0,0,0
400,96,final,0,41,0,54,0,0,3,0,0,0
400,55,scoreA,0,0,0,0,111,0,0,112,1,0
400,55,fedrn,0,0,0,0,119,0,0,102,1,0
400,55,final,0,0,0,0,119,0,0,102,1,0
400,48,scoreA,0,0,0,132,112,0,0,0,0,0
400,48,fedrn,0,0,0,132,112,0,0,0,0,0
400,48,final,0,0,0,132,112,0,0,0,0,0
401,1,scoreA,0,0,0,0,196,0,0,0,197,0
401,1,fedrn,0,0,0,0,196,0,0,0,197,0
401,1,final,0,0,0,0,196,0,0,0,197,0
401,95,scoreA,0,0,0,61,35,0,0,0,0,0
401,95,fedrn,0,0,0,58,42,0,0,0,0,0
401,95,final,0,0,0,58,42,0,0,0,0,0
401,69,scoreA,0,0,95,0,104,0,0,0,0,0
401,69,fedrn,0,0,96,0,104,0,0,0,0,0
401,69,final,0,0,96,0,104,0,0,0,0,0
401,20,scoreA,0,0,168,0,0,0,0,165,0,0
401,20,fedrn,0,0,169,0,0,0,0,164,0,0
401,20,final,0,0,169,0,0,0,0,164,0,0
401,77,scoreA,0,87,0,0,0,0,1,0,73,0
401,77,fedrn,0,85,0,0,0,0,1,0,73,0
401,77,final,0,85,0,0,0,0,1,0,73,0
401,53,scoreA,116,0,0,0,0,0,0,117,0,0
401,53,fedrn,116,0,0,0,0,0,0,116,0,0
401,53,final,116,0,0,0,0,0,0,116,0,0
401,59,scoreA,112,0,0,0,0,0,0,102,0,0
401,59,fedrn,110,0,0,0,0,0,0,101,0,0
401,59,final,110,0,0,0,0,0,0,101,0,0
401,16,scoreA,177,0,0,165,0,0,0,0,0,0
401,16,fedrn,177,0,0,164,0,0,0,0,0,0
401,16,final,177,0,0,164,0,0,0,0,0,0
401,88,scoreA,119,0,0,0,0,0,0,0,0,0
401,88,fedrn,119,0,0,0,0,0,0,0,0,0
401,88,final,119,0,0,0,0,0,0,0,0,0
401,30,scoreA,142,0,158,0,0,0,0,0,0,0
401,30,fedrn,143,0,154,0,0,0,0,0,0,0
401,30,final,143,0,154,0,0,0,0,0,0,0
402,6,scoreA,0,193,0,0,0,0,186,0,0,0
402,6,fedrn,0,193,0,0,0,0,186,0,0,0
402,6,final,0,193,0,0,0,0,186,0,0,0
402,68,scoreA,0,0,0,0,0,0,96,0,0,86
402,68,fedrn,0,0,0,0,0,0,95,0,0,85
402,68,final,0,0,0,0,0,0,95,0,0,85
402,83,scoreA,0,0,73,0,0,0,0,0,0,66
402,83,fedrn,0,0,72,0,0,0,0,0,0,66
402,83,final,0,0,72,0,0,0,0,0,0,66
402,58,scoreA,0,0,0,0,114,0,0,0,0,101
402,58,fedrn,0,0,0,0,114,0,0,0,0,100
402,58,final,0,0,0,0,114,0,0,0,0,100
402,18,scoreA,169,0,0,0,0,0,172,0,0,0
402,18,fedrn,168,0,0,0,0,0,169,0,0,0
402,18,final,168,0,0,0,0,0,169,0,0,0
402,69,scoreA,0,0,96,0,104,0,0,0,0,0
402,69,fedrn,0,0,98,0,104,0,0,0,0,0
402,69,final,0,0,98,0,104,0,0,0,0,0
402,4,scoreA,0,0,0,0,0,0,0,196,188,0
402,4,fedrn,0,0,0,0,0,0,0,196,188,0
402,4,final,0,0,0,0,0,0,0,196,188,0
402,44,scoreA,0,0,0,0,0,0,128,132,2,0
402,44,fedrn,0,0,0,0,0,0,128,131,2,0
402,44,final,0,0,0,0,0,0,128,131,2,0
402,88,scoreA,119,0,0,0,0,0,0,0,0,0
402,88,fedrn,119,0,0,0,0,0,0,0,0,0
402,88,final,119,0,0,0,0,0,0,0,0,0
402,39,scoreA,138,0,0,0,0,0,0,0,143,0
402,39,fedrn,139,0,0,0,0,0,0,0,139,0
402,39,final,139,0,0,0,0,0,0,0,139,0
403,25,scoreA,0,0,0,161,0,0,0,0,160,0
403,25,fedrn,0,0,0,160,0,0,0,0,159,0
403,25,final,0,0,0,160,0,0,0,0,159,0
403,56,scoreA,0,0,123,0,0,0,0,0,0,103
403,56,fedrn,0,0,122,0,0,0,0,0,0,103
403,56,final,0,0,122,0,0,0,0,0,0,103
403,9,scoreA,0,372,0,0,0,0,0,0,0,0
403,9,fedrn,0,372,0,0,0,0,0,0,0,0
403,9,final,0,372,0,0,0,0,0,0,0,0
403,98,scoreA,0,0,0,0,54,44,0,0,0,0
403,98,fedrn,0,0,0,0,54,43,0,0,0,0
403,98,final,0,0,0,0,54,43,0,0,0,0
403,29,scoreA,0,0,0,0,0,0,0,0,0,308
403,29,fedrn,0,0,0,0,0,0,0,0,0,308
403,29,final,0,0,0,0,0,0,0,0,0,308
403,45,scoreA,0,0,0,0,50,127,0,0,0,0
403,45,fedrn,0,0,0,0,111,133,0,0,0,0
403,45,final,0,0,0,0,111,133,0,0,0,0
403,8,scoreA,0,0,0,0,0,0,0,186,187,0
403,8,fedrn,0,0,0,0,0,0,0,186,186,0
403,8,final,0,0,0,0,0,0,0,186,186,0
403,42,scoreA,0,148,0,0,0,0,0,0,123,0
403,42,fedrn,0,146,0,0,0,0,0,0,123,0
403,42,final,0,146,0,0,0,0,0,0,123,0
403,67,scoreA,0,89,0,0,0,0,0,1,100,0
403,67,fedrn,0,89,0,0,0,0,0,0,99,0
403,67,final,0,89,0,0,0,0,0,0,99,0
403,57,scoreA,0,0,0,0,113,0,111,0,0,0
403,57,fedrn,0,0,0,0,114,0,109,0,0,0
403,57,final,0,0,0,0,114,0,109,0,0,0
404,53,scoreA,115,0,0,0,0,0,0,118,0,0
404,53,fedrn,115,0,0,0,0,0,0,115,0,0
404,53,final,115,0,0,0,0,0,0,115,0,0
404,63,scoreA,0,0,0,0,86,115,0,0,0,0
404,63,fedrn,0,0,0,0,76,116,0,0,0,0
404,63,final,0,0,0,0,76,116,0,0,0,0
404,16,scoreA,178,0,0,164,0,0,0,0,0,0
404,16,fedrn,177,0,0,166,0,0,0,0,0,0
404,16,final,177,0,0,166,0,0,0,0,0,0
404,93,scoreA,0,0,0,0,0,0,47,0,0,65
404,93,fedrn,0,0,0,0,0,0,46,0,0,64
404,93,final,0,0,0,0,0,0,46,0,0,64
404,21,scoreA,0,0,170,0,0,151,0,0,0,0
404,21,fedrn,0,0,169,0,0,152,0,0,0,0
404,21,final,0,0,169,0,0,152,0,0,0,0
404,38,scoreA,0,0,141,0,0,0,0,141,0,0
404,38,fedrn,0,0,137,0,0,0,0,142,0,0
404,38,final,0,0,137,0,0,0,0,142,0,0
404,87,scoreA,1,0,0,0,0,0,0,0,79,66
404,87,fedrn,0,0,0,0,0,0,0,0,79,62
404,87,final,0,0,0,0,0,0,0,0,79,62
404,0,scoreA,0,0,395,0,0,0,0,0,0,0
404,0,fedrn,0,0,392,0,0,0,0,0,0,0
404,0,final,0,0,392,0,0,0,0,0,0,0
404,14,scoreA,0,0,0,0,0,178,0,0,0,175
404,14,fedrn,0,0,0,0,0,178,0,0,0,178
404,14,final,0,0,0,0,0,178,0,0,0,178
404,97,scoreA,0,4,27,13,70,20,4,63,11,6
404,97,fedrn,0,5,30,14,72,21,6,65,12,5
404,97,final,0,5,30,14,72,21,6,65,12,5
405,98,scoreA,0,0,0,0,55,43,0,0,0,0
405,98,fedrn,0,0,0,0,55,44,0,0,0,0
405,98,final,0,0,0,0,55,44,0,0,0,0
405,32,scoreA,161,0,0,0,0,0,0,0,0,138
405,32,fedrn,160,0,0,0,0,0,0,0,0,137
405,32,final,160,0,0,0,0,0,0,0,0,137
405,84,scoreA,68,0,0,0,0,0,0,0,0,69
405,84,fedrn,66,0,0,0,0,0,0,0,0,67
405,84,final,66,0,0,0,0,0,0,0,0,67
405,10,scoreA,0,0,0,180,0,0,0,170,0,0
405,10,fedrn,0,0,0,177,0,0,0,169,0,0
405,10,final,0,0,0,177,0,0,0,169,0,0
405,33,scoreA,0,0,0,0,0,143,148,0,0,0
405,33,fedrn,0,0,0,0,0,143,141,0,0,0
405,33,final,0,0,0,0,0,143,141,0,0,0
405,24,scoreA,0,0,0,0,174,152,0,0,0,0
405,24,fedrn,0,0,0,0,173,153,0,0,0,0
405,24,final,0,0,0,0,173,153,0,0,0,0
405,91,scoreA,0,0,81,0,0,0,43,0,0,0
405,91,fedrn,0,0,81,0,0,0,44,0,0,0
405,91,final,0,0,81,0,0,0,44,0,0,0
405,5,scoreA,188,0,0,0,0,0,194,0,0,0
405,5,fedrn,187,0,0,0,0,0,192,0,0,0
405,5,final,187,0,0,0,0,0,192,0,0,0
405,26,scoreA,0,0,0,0,0,0,0,160,0,155
405,26,fedrn,0,0,0,0,0,0,0,159,0,156
405,26,final,0,0,0,0,0,0,0,159,0,156
405,9,scoreA,0,372,0,0,0,0,0,0,0,0
405,9,fedrn,0,372,0,0,0,0,0,0,0,0
405,9,final,0,372,0,0,0,0,0,0,0,0
406,79,scoreA,73,0,0,0,0,0,4,0,74,0
406,79,fedrn,78,1,0,3,0,0,9,0,70,0
406,79,final,78,1,0,3,0,0,9,0,70,0
406,5,scoreA,188,0,0,0,0,0,193,0,0,0
406,5,fedrn,187,0,0,0,0,0,193,0,0,0
406,5,final,187,0,0,0,0,0,193,0,0,0
406,49,scoreA,0,0,121,0,0,0,0,125,0,0
406,49,fedrn,0,0,122,0,0,0,0,119,0,0
406,49,final,0,0,122,0,0,0,0,119,0,0
406,37,scoreA,0,0,0,0,0,139,0,134,1,0
406,37,fedrn,0,0,0,0,0,138,0,135,1,0
406,37,final,0,0,0,0,0,138,0,135,1,0
406,7,scoreA,191,185,0,0,0,0,0,0,0,0
406,7,fedrn,191,184,0,0,0,0,0,0,0,0
406,7,final,191,184,0,0,0,0,0,0,0,0
406,78,scoreA,0,0,72,0,99,0,0,0,0,0
406,78,fedrn,0,0,73,0,99,0,0,0,0,0
406,78,final,0,0,73,0,99,0,0,0,0,0
406,41,scoreA,130,0,0,136,0,0,0,0,0,0
406,41,fedrn,130,0,0,136,0,0,0,0,0,0
406,41,final,130,0,0,136,0,0,0,0,0,0
406,90,scoreA,0,0,0,0,0,0,56,0,60,0
406,90,fedrn,0,0,0,0,0,0,56,0,59,0
406,90,final,0,0,0,0,0,0,56,0,59,0
406,75,scoreA,0,0,0,82,0,0,0,0,76,0
406,75,fedrn,0,0,0,85,0,0,0,0,72,0
406,75,final,0,0,0,85,0,0,0,0,72,0
406,22,scoreA,165,0,0,0,0,168,0,0,0,0
406,22,fedrn,165,0,0,0,0,165,0,0,0,0
406,22,final,165,0,0,0,0,165,0,0,0,0
407,7,scoreA,191,183,0,0,0,0,0,0,0,0
407,7,fedrn,191,185,0,0,0,0,0,0,0,0
407,7,final,191,185,0,0,0,0,0,0,0,0
407,30,scoreA,146,0,157,0,0,0,0,0,0,0
407,30,fedrn,145,0,153,0,0,0,0,0,0,0
407,30,final,145,0,153,0,0,0,0,0,0,0
407,6,scoreA,0,194,0,0,0,0,185,0,0,0
407,6,fedrn,0,190,0,0,0,0,187,0,0,0
407,6,final,0,190,0,0,0,0,187,0,0,0
407,83,scoreA,0,0,72,0,0,0,0,0,0,66
407,83,fedrn,0,0,72,0,0,0,0,0,0,66
407,83,final,0,0,72,0,0,0,0,0,0,66
407,84,scoreA,68,0,0,0,0,0,0,0,0,68
407,84,fedrn,70,0,0,0,0,0,0,0,0,69
407,84,final,70,0,0,0,0,0,0,0,0,69
407,63,scoreA,0,0,0,0,82,116,0,0,0,0
407,63,fedrn,0,0,0,0,82,114,0,0,0,0
407,63,final,0,0,0,0,82,114,0,0,0,0
407,77,scoreA,0,85,0,0,0,0,0,0,73,0
407,77,fedrn,0,88,0,0,0,0,1,0,71,0
407,77,final,0,88,0,0,0,0,1,0,71,0
407,11,scoreA,0,0,0,0,188,162,0,0,0,0
407,11,fedrn,0,0,0,0,187,165,0,0,0,0
407,11,final,0,0,0,0,187,165,0,0,0,0
407,3,scoreA,0,0,0,0,0,0,196,0,193,0
407,3,fedrn,0,0,0,0,0,0,196,0,193,0
407,3,final,0,0,0,0,0,0,196,0,193,0
407,97,scoreA,0,5,29,14,70,22,7,63,13,4
407,97,fedrn,0,4,31,14,70,21,7,63,11,5
407,97,final,0,4,31,14,70,21,7,63,11,5
408,22,scoreA,166,0,0,0,0,166,0,0,0,0
408,22,fedrn,165,0,0,0,0,165,0,0,0,0
408,22,final,165,0,0,0,0,165,0,0,0,0
408,88,scoreA,119,0,0,0,0,0,0,0,0,0
408,88,fedrn,119,0,0,0,0,0,0,0,0,0
408,88,final,119,0,0,0,0,0,0,0,0,0
408,57,scoreA,0,0,0,0,114,0,110,0,0,0
408,57,fedrn,0,0,0,0,113,0,108,0,0,0
408,57,final,0,0,0,0,113,0,108,0,0,0
408,28,scoreA,0,0,157,0,0,0,0,155,0,0
408,28,fedrn,0,0,157,0,0,0,0,154,0,0
408,28,final,0,0,157,0,0,0,0,154,0,0
408,25,scoreA,0,0,0,160,0,0,0,0,160,0
408,25,fedrn,0,0,0,160,0,0,0,0,159,0
408,25,final,0,0,0,160,0,0,0,0,159,0
408,55,scoreA,0,0,0,0,118,0,0,110,1,0
408,55,fedrn,0,0,0,0,118,0,0,110,1,0
408,55,final,0,0,0,0,118,0,0,110,1,0
408,98,scoreA,0,0,0,0,54,45,0,0,0,0
408,98,fedrn,0,0,0,0,55,43,0,0,0,0
408,98,final,0,0,0,0,55,43,0,0,0,0
408,36,scoreA,0,150,0,137,0,0,0,0,0,0
408,36,fedrn,0,150,0,137,0,0,0,0,0,0
408,36,final,0,150,0,137,0,0,0,0,0,0
408,2,scoreA,0,0,0,0,0,0,0,0,0,394
408,2,fedrn,0,0,0,0,0,0,0,0,0,394
408,2,final,0,0,0,0,0,0,0,0,0,394
408,99,scoreA,0,0,0,0,0,0,0,0,50,61
408,99,fedrn,0,0,0,0,0,0,0,0,51,62
408,99,final,0,0,0,0,0,0,0,0,51,62
409,51,scoreA,0,0,0,0,120,0,0,125,1,0
409,51,fedrn,0,0,0,0,121,0,0,124,0,0
409,51,final,0,0,0,0,121,0,0,124,0,0
409,53,scoreA,116,0,0,0,0,0,0,115,0,0
409,53,fedrn,116,0,0,0,0,0,0,114,0,0
409,53,final,116,0,0,0,0,0,0,114,0,0
409,50,scoreA,0,0,0,137,0,0,0,0,0,0
409,50,fedrn,0,0,0,137,0,0,0,0,0,0
409,50,final,0,0,0,137,0,0,0,0,0,0
409,58,scoreA,0,0,0,0,116,0,0,0,0,100
409,58,fedrn,0,0,0,0,116,0,0,0,0,100
409,58,final,0,0,0,0,116,0,0,0,0,100
409,54,scoreA,0,114,0,0,0,0,117,0,0,0
409,54,fedrn,0,114,0,0,0,0,117,0,0,0
409,54,final,0,114,0,0,0,0,117,0,0,0
409,52,scoreA,0,0,0,0,0,0,0,117,116,0
409,52,fedrn,0,0,0,0,0,0,0,117,116,0
409,52,final,0,0,0,0,0,0,0,117,116,0
409,55,scoreA,0,0,0,0,118,0,0,112,1,0
409,55,fedrn,0,0,0,0,117,0,0,106,1,0
409,55,final,0,0,0,0,117,0,0,106,1,0
409,18,scoreA,168,0,0,0,0,0,174,0,0,0
409,18,fedrn,169,0,0,0,0,0,173,0,0,0
409,18,final,169,0,0,0,0,0,173,0,0,0
409,22,scoreA,165,0,0,0,0,167,0,0,0,0
409,22,fedrn,165,0,0,0,0,164,0,0,0,0
409,22,final,165,0,0,0,0,164,0,0,0,0
409,65,scoreA,0,0,0,106,92,0,0,0,0,0
409,65,fedrn,0,0,0,104,90,0,0,0,0,0
409,65,final,0,0,0,104,90,0,0,0,0,0
410,92,scoreA,0,48,0,61,0,0,1,0,0,0
410,92,fedrn,0,46,0,61,0,0,0,0,0,0
410,92,final,0,46,0,61,0,0,0,0,0,0
410,94,scoreA,54,53,0,0,0,0,0,0,0,0
410,94,fedrn,52,52,0,0,0,0,0,0,0,0
410,94,final,52,52,0,0,0,0,0,0,0,0
410,28,scoreA,0,0,156,0,0,0,0,155,0,0
410,28,fedrn,0,0,154,0,0,0,0,153,0,0
410,28,final,0,0,154,0,0,0,0,153,0,0
410,52,scoreA,0,0,0,0,0,0,0,117,116,0
410,52,fedrn,0,0,0,0,0,0,0,117,116,0
410,52,final,0,0,0,0,0,0,0,117,116,0
410,59,scoreA,111,0,0,0,0,0,0,100,0,0
410,59,fedrn,111,0,0,0,0,0,0,100,0,0
410,59,final,111,0,0,0,0,0,0,100,0,0
410,6,scoreA,0,194,0,0,0,0,186,0,0,0
410,6,fedrn,0,193,0,0,0,0,187,0,0,0
410,6,final,0,193,0,0,0,0,187,0,0,0
410,49,scoreA,0,0,122,0,0,0,0,126,0,0
410,49,fedrn,0,0,123,0,0,0,0,121,0,0
410,49,final,0,0,123,0,0,0,0,121,0,0
410,72,scoreA,0,100,0,0,0,0,0,0,0,94
410,72,fedrn,0,101,0,0,0,0,0,0,0,94
410,72,final,0,101,0,0,0,0,0,0,0,94
410,70,scoreA,0,0,0,0,0,86,0,0,90,0
410,70,fedrn,0,0,0,0,0,85,0,0,89,0
410,70,final,0,0,0,0,0,85,0,0,89,0
410,11,scoreA,0,0,0,0,188,155,0,0,0,0
410,11,fedrn,0,0,0,0,187,161,0,0,0,0
410,11,final,0,0,0,0,187,161,0,0,0,0
411,57,scoreA,0,1,0,0,112,0,111,0,0,0
411,57,fedrn,0,0,0,0,113,0,111,0,0,0
411,57,final,0,0,0,0,113,0,111,0,0,0
411,29,scoreA,0,0,0,0,0,0,0,0,0,308
411,29,fedrn,0,0,0,0,0,0,0,0,0,308
411,29,final,0,0,0,0,0,0,0,0,0,308
411,60,scoreA,0,0,208,0,0,0,0,0,0,0
411,60,fedrn,0,0,208,0,0,0,0,0,0,0
411,60,final,0,0,208,0,0,0,0,0,0,0
411,20,scoreA,0,0,167,0,0,0,0,166,0,0
411,20,fedrn,0,0,168,0,0,0,0,166,0,0
411,20,final,0,0,168,0,0,0,0,166,0,0
411,99,scoreA,0,0,0,0,0,0,0,0,51,60
411,99,fedrn,0,0,0,0,0,0,0,0,47,63
411,99,final,0,0,0,0,0,0,0,0,47,63
411,53,scoreA,116,0,0,0,0,0,0,115,0,0
411,53,fedrn,116,0,0,0,0,0,0,114,0,0
411,53,final,116,0,0,0,0,0,0,114,0,0
411,16,scoreA,177,0,0,164,0,0,0,0,0,0
411,16,fedrn,177,0,0,165,0,0,0,0,0,0
411,16,final,177,0,0,165,0,0,0,0,0,0
411,56,scoreA,0,0,124,0,0,0,0,0,0,103
411,56,fedrn,0,0,122,0,0,0,0,0,0,103
411,56,final,0,0,122,0,0,0,0,0,0,103
411,38,scoreA,0,0,141,0,0,0,0,141,0,0
411,38,fedrn,0,0,141,0,0,0,0,141,0,0
411,38,final,0,0,141,0,0,0,0,141,0,0
411,80,scoreA,0,0,0,0,0,0,144,0,0,0
411,80,fedrn,0,0,0,0,0,0,143,0,0,0
411,80,final,0,0,0,0,0,0,143,0,0,0
412,44,scoreA,0,0,0,0,0,0,129,132,2,0
412,44,fedrn,0,0,0,0,0,0,128,133,2,0
412,44,final,0,0,0,0,0,0,128,133,2,0
412,21,scoreA,0,0,168,0,0,159,0,0,0,0
412,21,fedrn,0,0,168,0,0,158,0,0,0,0
412,21,final,0,0,168,0,0,158,0,0,0,0
412,57,scoreA,0,0,0,0,114,0,109,0,0,0
412,57,fedrn,0,0,0,0,115,0,106,0,0,0
412,57,final,0,0,0,0,115,0,106,0,0,0
412,84,scoreA,71,0,0,0,0,0,0,0,0,70
412,84,fedrn,70,0,0,0,0,0,0,0,0,70
412,84,final,70,0,0,0,0,0,0,0,0,70
412,70,scoreA,0,0,0,0,0,86,0,0,90,0
412,70,fedrn,0,0,0,0,0,86,0,0,89,0
412,70,final,0,0,0,0,0,86,0,0,89,0
412,79,scoreA,72,0,0,2,0,0,9,0,75,0
412,79,fedrn,70,0,0,0,0,0,6,0,76,0
412,79,final,70,0,0,0,0,0,6,0,76,0
412,13,scoreA,0,0,0,0,0,0,175,0,181,0
412,13,fedrn,0,0,0,0,0,0,175,0,181,0
412,13,final,0,0,0,0,0,0,175,0,181,0
412,61,scoreA,0,0,0,0,0,0,205,0,0,0
412,61,fedrn,0,0,0,0,0,0,205,0,0,0
412,61,final,0,0,0,0,0,0,205,0,0,0
412,96,scoreA,0,40,0,55,0,0,3,0,0,0
412,96,fedrn,3,53,1,55,3,7,19,2,1,1
412,96,final,3,53,1,55,3,7,19,2,1,1
412,88,scoreA,119,0,0,0,0,0,0,0,0,0
412,88,fedrn,118,0,0,0,0,0,0,0,0,0
412,88,final,118,0,0,0,0,0,0,0,0,0
413,55,scoreA,0,0,0,0,118,0,0,108,1,0
413,55,fedrn,0,0,0,0,121,0,0,94,1,0
413,55,final,0,0,0,0,121,0,0,94,1,0
413,8,scoreA,0,0,0,0,0,0,0,185,187,0
413,8,fedrn,0,0,0,0,0,0,0,186,186,0
413,8,final,0,0,0,0,0,0,0,186,186,0
413,2,scoreA,0,0,0,0,0,0,0,0,0,394
413,2,fedrn,0,0,0,0,0,0,0,0,0,394
413,2,final,0,0,0,0,0,0,0,0,0,394
413,38,scoreA,0,0,140,0,0,0,0,142,0,0
413,38,fedrn,0,0,140,0,0,0,0,140,0,0
413,38,final,0,0,140,0,0,0,0,140,0,0
413,58,scoreA,0,0,0,0,117,0,0,0,0,101
413,58,fedrn,0,0,0,0,117,0,0,0,0,99
413,58,final,0,0,0,0,117,0,0,0,0,99
413,44,scoreA,0,0,0,0,0,0,129,133,2,0
413,44,fedrn,0,0,0,0,0,0,129,123,2,0
413,44,final,0,0,0,0,0,0,129,123,2,0
413,88,scoreA,119,0,0,0,0,0,0,0,0,0
413,88,fedrn,119,0,0,0,0,0,0,0,0,0
413,88,final,119,0,0,0,0,0,0,0,0,0
413,93,scoreA,0,0,0,0,0,0,45,0,0,66
413,93,fedrn,0,0,0,0,0,0,46,0,0,65
413,93,final,0,0,0,0,0,0,46,0,0,65
413,94,scoreA,54,49,0,0,0,0,0,0,0,0
413,94,fedrn,54,52,0,0,0,0,0,0,0,0
413,94,final,54,52,0,0,0,0,0,0,0,0
413,80,scoreA,0,0,0,0,0,0,144,0,0,0
413,80,fedrn,0,0,0,0,0,0,142,0,0,0
413,80,final,0,0,0,0,0,0,142,0,0,0
414,10,scoreA,0,0,0,177,0,0,0,176,0,0
414,10,fedrn,0,0,0,180,0,0,0,166,0,0
414,10,final,0,0,0,180,0,0,0,166,0,0
414,47,scoreA,0,0,0,0,0,131,0,0,0,117
414,47,fedrn,0,0,0,0,0,131,0,0,0,116
414,47,final,0,0,0,0,0,131,0,0,0,116
414,16,scoreA,178,0,0,165,0,0,0,0,0,0
414,16,fedrn,178,0,0,164,0,0,0,0,0,0
414,16,final,178,0,0,164,0,0,0,0,0,0
414,98,scoreA,0,0,0,0,56,45,0,0,0,0
414,98,fedrn,0,0,0,0,42,48,0,0,0,0
414,98,final,0,0,0,0,42,48,0,0,0,0
414,95,scoreA,0,0,0,60,46,0,0,0,0,0
414,95,fedrn,0,0,0,60,45,0,0,0,0,0
414,95,final,0,0,0,60,45,0,0,0,0,0
414,34,scoreA,0,0,0,155,0,0,0,127,0,0
414,34,fedrn,0,0,0,155,0,0,0,122,0,0
414,34,final,0,0,0,155,0,0,0,122,0,0
414,15,scoreA,0,0,0,0,0,169,0,175,0,0
414,15,fedrn,0,0,0,0,0,168,0,172,0,0
414,15,final,0,0,0,0,0,168,0,172,0,0
414,38,scoreA,0,0,141,0,0,0,0,140,0,0
414,38,fedrn,0,0,141,0,0,0,0,140,0,0
414,38,final,0,0,141,0,0,0,0,140,0,0
414,22,scoreA,166,0,0,0,0,165,0,0,0,0
414,22,fedrn,166,0,0,0,0,163,0,0,0,0
414,22,final,166,0,0,0,0,163,0,0,0,0
414,90,scoreA,0,0,0,0,0,0,56,0,60,0
414,90,fedrn,0,0,0,0,0,0,55,0,60,0
414,90,final,0,0,0,0,0,0,55,0,60,0
415,2,scoreA,0,0,0,0,0,0,0,0,0,394
415,2,fedrn,0,0,0,0,0,0,0,0,0,394
415,2,final,0,0,0,0,0,0,0,0,0,394
415,69,scoreA,0,0,100,0,72,0,0,0,0,0
415,69,fedrn,0,0,100,0,78,0,0,0,0,0
415,69,final,0,0,100,0,78,0,0,0,0,0
415,81,scoreA,0,0,0,75,0,0,0,70,1,0
415,81,fedrn,0,0,0,72,0,0,0,68,1,0
415,81,final,0,0,0,72,0,0,0,68,1,0
415,24,scoreA,0,0,0,0,173,153,0,0,0,0
415,24,fedrn,0,0,0,0,172,153,0,0,0,0
415,24,final,0,0,0,0,172,153,0,0,0,0
415,65,scoreA,0,0,0,105,93,0,0,0,0,0
415,65,fedrn,0,0,0,105,90,0,0,0,0,0
415,65,final,0,0,0,105,90,0,0,0,0,0
415,93,scoreA,0,0,0,0,0,0,43,0,0,65
415,93,fedrn,0,0,0,0,0,0,45,0,0,64
415,93,final,0,0,0,0,0,0,45,0,0,64
415,31,scoreA,147,154,0,0,0,0,0,0,0,0
415,31,fedrn,146,151,0,0,0,0,0,0,0,0
415,31,final,146,151,0,0,0,0,0,0,0,0
415,91,scoreA,0,0,81,0,0,0,45,0,0,0
415,91,fedrn,0,0,81,0,0,0,45,0,0,0
415,91,final,0,0,81,0,0,0,45,0,0,0
415,78,scoreA,0,0,74,0,98,0,0,0,0,0
415,78,fedrn,0,0,73,0,99,0,0,0,0,0
415,78,final,0,0,73,0,99,0,0,0,0,0
415,46,scoreA,0,0,0,0,0,0,121,0,0,127
415,46,fedrn,0,0,0,0,0,0,123,0,0,130
415,46,final,0,0,0,0,0,0,123,0,0,130
416,77,scoreA,0,87,0,0,0,0,0,0,74,0
416,77,fedrn,0,85,0,0,0,0,1,0,71,0
416,77,final,0,85,0,0,0,0,1,0,71,0
416,57,scoreA,0,0,0,0,116,0,108,0,0,0
416,57,fedrn,0,0,0,0,116,0,108,0,0,0
416,57,final,0,0,0,0,116,0,108,0,0,0
416,99,scoreA,0,0,0,0,0,0,0,0,50,65
416,99,fedrn,0,0,0,0,0,0,0,0,48,64
416,99,final,0,0,0,0,0,0,0,0,48,64
416,98,scoreA,0,0,0,0,45,50,0,0,0,0
416,98,fedrn,0,0,0,0,50,46,0,0,0,0
416,98,final,0,0,0,0,50,46,0,0,0,0
416,34,scoreA,0,0,0,157,0,0,0,126,0,0
416,34,fedrn,0,0,0,157,0,0,0,128,0,0
416,34,final,0,0,0,157,0,0,0,128,0,0
416,90,scoreA,0,0,0,0,0,0,56,0,60,0
416,90,fedrn,0,0,0,0,0,0,55,0,60,0
416,90,final,0,0,0,0,0,0,55,0,60,0
416,20,scoreA,0,0,170,0,0,0,0,162,0,0
416,20,fedrn,0,0,170,0,0,0,0,164,0,0
416,20,final,0,0,170,0,0,0,0,164,0,0
416,87,scoreA,0,0,0,0,0,0,0,0,80,62
416,87,fedrn,0,0,0,0,0,0,0,0,81,63
416,87,final,0,0,0,0,0,0,0,0,81,63
416,7,scoreA,191,185,0,0,0,0,0,0,0,0
416,7,fedrn,190,184,0,0,0,0,0,0,0,0
416,7,final,190,184,0,0,0,0,0,0,0,0
416,53,scoreA,116,0,0,0,0,0,0,115,0,0
416,53,fedrn,116,0,0,0,0,0,0,114,0,0
416,53,final,116,0,0,0,0,0,0,114,0,0
417,81,scoreA,0,0,0,74,0,0,0,71,1,0
417,81,fedrn,0,0,0,73,0,0,0,69,1,0
417,81,final,0,0,0,73,0,0,0,69,1,0
417,76,scoreA,0,83,0,77,0,0,0,0,0,0
417,76,fedrn,0,83,0,77,0,0,0,0,0,0
417,76,final,0,83,0,77,0,0,0,0,0,0
417,39,scoreA,138,0,0,0,0,0,0,0,144,0
417,39,fedrn,140,0,0,0,0,0,0,0,140,0
417,39,final,140,0,0,0,0,0,0,0,140,0
417,52,scoreA,0,0,0,0,0,0,0,117,116,0
417,52,fedrn,0,0,0,0,0,0,0,117,116,0
417,52,final,0,0,0,0,0,0,0,117,116,0
417,77,scoreA,0,82,0,0,0,0,0,0,75,0
417,77,fedrn,0,84,0,0,0,0,0,0,74,0
417,77,final,0,84,0,0,0,0,0,0,74,0
417,28,scoreA,0,0,143,0,0,0,0,156,0,0
417,28,fedrn,0,0,156,0,0,0,0,148,0,0
417,28,final,0,0,156,0,0,0,0,148,0,0
417,47,scoreA,0,0,0,0,0,131,0,0,0,117
417,47,fedrn,0,0,0,0,0,130,0,0,0,117
417,47,final,0,0,0,0,0,130,0,0,0,117
417,45,scoreA,0,0,0,0,124,131,0,0,0,0
417,45,fedrn,0,0,0,0,129,115,0,0,0,0
417,45,final,0,0,0,0,129,115,0,0,0,0
417,69,scoreA,0,0,99,0,96,0,0,0,0,0
417,69,fedrn,0,0,99,0,98,0,0,0,0,0
417,69,final,0,0,99,0,98,0,0,0,0,0
417,85,scoreA,0,66,0,0,66,0,1,0,0,0
417,85,fedrn,3,67,0,0,65,0,1,0,0,0
417,85,final,3,67,0,0,65,0,1,0,0,0
418,76,scoreA,0,82,0,77,0,0,0,0,0,0
418,76,fedrn,0,82,0,76,0,0,0,0,0,0
418,76,final,0,82,0,76,0,0,0,0,0,0
418,55,scoreA,0,0,0,0,120,0,0,103,1,0
418,55,fedrn,0,0,0,0,120,0,0,106,1,0
418,55,final,0,0,0,0,120,0,0,106,1,0
418,64,scoreA,0,0,196,0,0,0,0,0,0,0
418,64,fedrn,0,0,196,0,0,0,0,0,0,0
418,64,final,0,0,196,0,0,0,0,0,0,0
418,11,scoreA,0,0,0,0,189,167,0,0,0,0
418,11,fedrn,0,0,0,0,186,160,0,0,0,0
418,11,final,0,0,0,0,186,160,0,0,0,0
418,44,scoreA,0,0,0,0,0,0,129,130,2,0
418,44,fedrn,0,0,0,0,0,0,129,130,1,0
418,44,final,0,0,0,0,0,0,129,130,1,0
418,57,scoreA,0,0,0,0,116,0,110,0,0,0
418,57,fedrn,0,0,0,0,115,0,108,0,0,0
418,57,final,0,0,0,0,115,0,108,0,0,0
418,4,scoreA,0,0,0,0,0,0,0,196,188,0
418,4,fedrn,0,0,0,0,0,0,0,196,188,0
418,4,final,0,0,0,0,0,0,0,196,188,0
418,97,scoreA,0,4,27,12,70,16,6,66,11,5
418,97,fedrn,0,3,28,13,71,18,8,66,10,5
418,97,final,0,3,28,13,71,18,8,66,10,5
418,82,scoreA,0,0,0,0,69,0,0,0,69,0
418,82,fedrn,0,0,0,0,68,0,0,0,68,0
418,82,final,0,0,0,0,68,0,0,0,68,0
418,31,scoreA,145,155,0,0,0,0,0,0,0,0
418,31,fedrn,146,155,0,0,0,0,0,0,0,0
418,31,final,146,155,0,0,0,0,0,0,0,0
419,57,scoreA,0,0,0,0,116,0,109,0,0,0
419,57,fedrn,0,0,0,0,115,0,110,0,0,0
419,57,final,0,0,0,0,115,0,110,0,0,0
419,0,scoreA,0,0,399,0,0,0,0,0,0,0
419,0,fedrn,0,0,398,0,0,0,0,0,0,0
419,0,final,0,0,398,0,0,0,0,0,0,0
419,39,scoreA,140,0,0,0,0,0,0,0,144,0
419,39,fedrn,140,0,0,0,0,0,0,0,140,0
419,39,final,140,0,0,0,0,0,0,0,140,0
419,96,scoreA,3,51,1,55,3,7,17,2,1,1
419,96,fedrn,2,53,1,54,2,6,19,1,1,1
419,96,final,2,53,1,54,2,6,19,1,1,1
419,50,scoreA,0,0,0,137,0,0,0,0,0,0
419,50,fedrn,0,0,0,137,0,0,0,0,0,0
419,50,final,0,0,0,137,0,0,0,0,0,0
419,92,scoreA,0,46,0,61,0,0,0,0,0,0
419,92,fedrn,0,44,0,61,0,0,0,0,0,0
419,92,final,0,44,0,61,0,0,0,0,0,0
419,91,scoreA,0,0,80,0,0,0,48,0,0,0
419,91,fedrn,0,0,81,0,0,0,45,0,0,0
419,91,final,0,0,81,0,0,0,45,0,0,0
419,63,scoreA,0,0,0,0,84,116,0,0,0,0
419,63,fedrn,0,0,0,0,84,116,0,0,0,0
419,63,final,0,0,0,0,84,116,0,0,0,0
419,16,scoreA,178,0,0,165,0,0,0,0,0,0
419,16,fedrn,176,0,0,165,0,0,0,0,0,0
419,16,final,176,0,0,165,0,0,0,0,0,0
419,3,scoreA,0,0,0,0,0,0,196,0,193,0
419,3,fedrn,0,0,0,0,0,0,196,0,193,0
419,3,final,0,0,0,0,0,0,196,0,193,0
420,3,scoreA,0,0,0,0,0,0,196,0,193,0
420,3,fedrn,0,0,0,0,0,0,195,0,192,0
420,3,final,0,0,0,0,0,0,195,0,192,0
420,0,scoreA,0,0,383,0,0,0,0,0,0,0
420,0,fedrn,0,0,395,0,0,0,0,0,0,0
420,0,final,0,0,395,0,0,0,0,0,0,0
420,51,scoreA,0,0,0,0,119,0,0,125,0,0
420,51,fedrn,0,0,0,0,118,0,0,125,1,0
420,51,final,0,0,0,0,118,0,0,125,1,0
420,57,scoreA,0,1,0,0,114,0,110,0,0,0
420,57,fedrn,0,0,0,0,114,0,110,0,0,0
420,57,final,0,0,0,0,114,0,110,0,0,0
420,28,scoreA,0,0,158,0,0,0,0,152,0,0
420,28,fedrn,0,0,157,0,0,0,0,151,0,0
420,28,final,0,0,157,0,0,0,0,151,0,0
420,66,scoreA,0,102,0,0,90,0,0,0,0,0
420,66,fedrn,0,100,0,0,86,0,0,0,0,0
420,66,final,0,100,0,0,86,0,0,0,0,0
420,67,scoreA,0,88,0,0,0,0,0,0,102,0
420,67,fedrn,0,86,0,0,0,0,0,0,100,0
420,67,final,0,86,0,0,0,0,0,0,100,0
420,45,scoreA,0,0,0,0,129,124,0,0,0,0
420,45,fedrn,0,0,0,0,126,120,0,0,0,0
420,45,final,0,0,0,0,126,120,0,0,0,0
420,80,scoreA,0,0,0,0,0,0,144,0,0,0
420,80,fedrn,0,0,0,0,0,0,142,0,0,0
420,80,final,0,0,0,0,0,0,142,0,0,0
420,42,scoreA,0,147,0,0,0,0,0,0,123,0
420,42,fedrn,0,140,0,0,0,0,0,0,123,0
420,42,final,0,140,0,0,0,0,0,0,123,0
421,85,scoreA,3,66,0,0,65,0,1,0,0,0
421,85,fedrn,3,67,0,0,65,0,1,0,0,0
421,85,final,3,67,0,0,65,0,1,0,0,0
421,69,scoreA,0,0,100,0,103,0,0,0,0,0
421,69,fedrn,0,0,86,0,104,0,0,0,0,0
421,69,final,0,0,86,0,104,0,0,0,0,0
421,27,scoreA,0,0,156,0,0,155,0,0,0,0
421,27,fedrn,0,0,155,0,0,155,0,0,0,0
421,27,final,0,0,155,0,0,155,0,0,0,0
421,96,scoreA,3,52,0,55,3,7,18,1,1,0
421,96,fedrn,2,49,0,55,3,6,17,0,1,0
421,96,final,2,49,0,55,3,6,17,0,1,0
421,58,scoreA,0,0,0,0,119,0,0,0,0,98
421,58,fedrn,0,0,0,0,118,0,0,0,0,100
421,58,final,0,0,0,0,118,0,0,0,0,100
421,87,scoreA,0,0,0,0,0,0,0,0,81,65
421,87,fedrn,0,0,0,0,0,0,0,0,81,63
421,87,final,0,0,0,0,0,0,0,0,81,63
421,51,scoreA,0,0,0,0,118,0,0,123,1,0
421,51,fedrn,0,0,0,0,117,0,0,124,1,0
421,51,final,0,0,0,0,117,0,0,124,1,0
421,20,scoreA,0,0,157,0,0,0,0,164,0,0
421,20,fedrn,0,0,166,0,0,0,0,166,0,0
421,20,final,0,0,166,0,0,0,0,166,0,0
421,25,scoreA,0,0,0,160,0,0,0,0,160,0
421,25,fedrn,0,0,0,160,0,0,0,0,159,0
421,25,final,0,0,0,160,0,0,0,0,159,0
421,72,scoreA,0,98,0,0,0,0,0,0,0,94
421,72,fedrn,0,100,0,0,0,0,0,0,0,92
421,72,final,0,100,0,0,0,0,0,0,0,92
422,42,scoreA,0,147,0,0,0,0,0,0,123,0
422,42,fedrn,0,145,0,0,0,0,0,0,124,0
422,42,final,0,145,0,0,0,0,0,0,124,0
422,36,scoreA,0,150,0,137,0,0,0,0,0,0
422,36,fedrn,0,149,0,137,0,0,0,0,0,0
422,36,final,0,149,0,137,0,0,0,0,0,0
422,40,scoreA,0,0,0,154,1,119,0,0,0,1
422,40,fedrn,0,0,0,154,1,125,0,0,0,1
422,40,final,0,0,0,154,1,125,0,0,0,1
422,72,scoreA,0,101,0,0,0,0,0,0,0,91
422,72,fedrn,0,101,0,0,0,0,0,0,0,92
422,72,final,0,101,0,0,0,0,0,0,0,92
422,69,scoreA,0,0,96,0,100,0,0,0,0,0
422,69,fedrn,0,0,97,0,103,0,0,0,0,0
422,69,final,0,0,97,0,103,0,0,0,0,0
422,86,scoreA,0,64,0,63,0,0,0,0,0,0
422,86,fedrn,0,64,0,63,0,0,1,0,0,0
422,86,final,0,64,0,63,0,0,1,0,0,0
422,32,scoreA,161,0,0,0,0,0,0,0,0,140
422,32,fedrn,161,0,0,0,0,0,0,0,0,138
422,32,final,161,0,0,0,0,0,0,0,0,138
422,50,scoreA,0,0,0,137,0,0,0,0,0,0
422,50,fedrn,0,0,0,137,0,0,0,0,0,0
422,50,final,0,0,0,137,0,0,0,0,0,0
422,91,scoreA,0,0,81,0,0,0,47,0,0,0
422,91,fedrn,0,0,81,0,0,0,46,0,0,0
422,91,final,0,0,81,0,0,0,46,0,0,0
422,16,scoreA,177,0,0,166,0,0,0,0,0,0
422,16,fedrn,177,0,0,165,0,0,0,0,0,0
422,16,final,177,0,0,165,0,0,0,0,0,0
423,74,scoreA,0,0,0,0,0,164,0,1,0,0
423,74,fedrn,0,0,0,0,0,163,0,1,0,0
423,74,final,0,0,0,0,0,163,0,1,0,0
423,43,scoreA,0,0,0,121,0,0,0,0,134,0
423,43,fedrn,0,0,0,125,0,0,0,0,130,0
423,43,final,0,0,0,125,0,0,0,0,130,0
423,77,scoreA,0,88,0,0,0,0,0,0,73,0
423,77,fedrn,0,87,0,0,0,0,2,0,72,0
423,77,final,0,87,0,0,0,0,2,0,72,0
423,79,scoreA,69,0,0,0,0,0,4,0,80,0
423,79,fedrn,69,0,0,0,0,0,2,0,82,0
423,79,final,69,0,0,0,0,0,2,0,82,0
423,99,scoreA,0,0,0,0,0,0,0,0,47,65
423,99,fedrn,2,0,0,0,0,0,0,0,51,66
423,99,final,2,0,0,0,0,0,0,0,51,66
423,53,scoreA,116,0,0,0,0,0,0,117,0,0
423,53,fedrn,116,0,0,0,0,0,0,115,0,0
423,53,final,116,0,0,0,0,0,0,115,0,0
423,44,scoreA,0,0,0,0,0,0,129,132,1,0
423,44,fedrn,0,0,0,0,0,0,129,119,2,0
423,44,final,0,0,0,0,0,0,129,119,2,0
423,88,scoreA,119,0,0,0,0,0,0,0,0,0
423,88,fedrn,119,0,0,0,0,0,0,0,0,0
423,88,final,119,0,0,0,0,0,0,0,0,0
423,92,scoreA,0,46,0,62,0,0,0,0,0,0
423,92,fedrn,0,46,0,61,0,0,0,0,0,0
423,92,final,0,46,0,61,0,0,0,0,0,0
423,48,scoreA,0,0,0,131,117,0,0,0,0,0
423,48,fedrn,0,0,0,130,111,0,0,0,0,0
423,48,final,0,0,0,130,111,0,0,0,0,0
424,36,scoreA,0,150,0,137,0,0,0,0,0,0
424,36,fedrn,0,150,0,137,0,0,0,0,0,0
424,36,final,0,150,0,137,0,0,0,0,0,0
424,38,scoreA,0,0,141,0,0,0,0,142,0,0
424,38,fedrn,0,0,141,0,0,0,0,142,0,0
424,38,final,0,0,141,0,0,0,0,142,0,0
424,90,scoreA,0,0,0,0,0,0,56,0,60,0
424,90,fedrn,0,0,0,0,0,0,55,0,60,0
424,90,final,0,0,0,0,0,0,55,0,60,0
424,50,scoreA,0,0,0,137,0,0,0,0,0,0
424,50,fedrn,0,0,0,137,0,0,0,0,0,0
424,50,final,0,0,0,137,0,0,0,0,0,0
424,39,scoreA,139,0,0,0,0,0,0,0,143,0
424,39,fedrn,140,0,0,0,0,0,0,0,141,0
424,39,final,140,0,0,0,0,0,0,0,141,0
424,9,scoreA,0,372,0,0,0,0,0,0,0,0
424,9,fedrn,0,372,0,0,0,0,0,0,0,0
424,9,final,0,372,0,0,0,0,0,0,0,0
424,27,scoreA,0,0,155,0,0,157,0,0,0,0
424,27,fedrn,0,0,156,0,0,155,0,0,0,0
424,27,final,0,0,156,0,0,155,0,0,0,0
424,88,scoreA,119,0,0,0,0,0,0,0,0,0
424,88,fedrn,119,0,0,0,0,0,0,0,0,0
424,88,final,119,0,0,0,0,0,0,0,0,0
424,72,scoreA,0,100,0,0,0,0,0,0,0,94
424,72,fedrn,0,101,0,0,0,0,0,0,0,94
424,72,final,0,101,0,0,0,0,0,0,0,94
424,96,scoreA,2,45,0,56,3,6,17,0,1,0
424,96,fedrn,1,41,0,55,0,0,9,0,1,0
424,96,final,1,41,0,55,0,0,9,0,1,0
425,64,scoreA,0,0,196,0,0,0,0,0,0,0
425,64,fedrn,0,0,196,0,0,0,0,0,0,0
425,64,final,0,0,196,0,0,0,0,0,0,0
425,73,scoreA,89,0,0,0,0,0,82,0,0,0
425,73,fedrn,88,0,0,0,0,0,83,0,0,0
425,73,final,88,0,0,0,0,0,83,0,0,0
425,49,scoreA,0,0,123,0,0,0,0,123,0,0
425,49,fedrn,0,0,123,0,0,0,0,112,0,0
425,49,final,0,0,123,0,0,0,0,112,0,0
425,27,scoreA,0,0,154,0,0,159,0,0,0,0
425,27,fedrn,0,0,153,0,0,155,0,0,0,0
425,27,final,0,0,153,0,0,155,0,0,0,0
425,87,scoreA,0,0,0,0,0,0,0,0,76,64
425,87,fedrn,0,0,0,0,0,0,0,0,77,62
425,87,final,0,0,0,0,0,0,0,0,77,62
425,31,scoreA,147,156,0,0,0,0,0,0,0,0
425,31,fedrn,146,156,0,0,0,0,0,0,0,0
425,31,final,146,156,0,0,0,0,0,0,0,0
425,66,scoreA,0,100,0,0,88,0,0,0,0,0
425,66,fedrn,0,101,0,0,87,0,0,0,0,0
425,66,final,0,101,0,0,87,0,0,0,0,0
425,59,scoreA,111,0,0,0,0,0,0,101,0,0
425,59,fedrn,112,0,0,0,0,0,0,100,0,0
425,59,final,112,0,0,0,0,0,0,100,0,0
425,96,scoreA,1,42,0,55,0,0,7,0,1,0
425,96,fedrn,0,39,0,54,0,0,2,0,1,0
425,96,final,0,39,0,54,0,0,2,0,1,0
425,51,scoreA,0,0,0,0,118,0,0,129,1,0
425,51,fedrn,0,0,0,0,120,0,0,125,1,0
425,51,final,0,0,0,0,120,0,0,125,1,0
426,13,scoreA,0,0,0,0,0,0,175,0,182,0
426,13,fedrn,0,0,0,0,0,0,175,0,182,0
426,13,final,0,0,0,0,0,0,175,0,182,0
426,15,scoreA,0,0,0,0,0,168,0,173,0,0
426,15,fedrn,0,0,0,0,0,168,0,171,0,0
426,15,final,0,0,0,0,0,168,0,171,0,0
426,93,scoreA,0,0,0,0,0,0,46,0,0,64
426,93,fedrn,0,0,0,0,0,0,46,0,0,65
426,93,final,0,0,0,0,0,0,46,0,0,65
426,34,scoreA,0,0,0,157,0,0,0,133,0,0
426,34,fedrn,0,0,0,156,0,0,0,129,0,0
426,34,final,0,0,0,156,0,0,0,129,0,0
426,99,scoreA,2,0,0,0,0,0,0,0,52,67
426,99,fedrn,2,0,0,0,0,0,0,0,50,63
426,99,final,2,0,0,0,0,0,0,0,50,63
426,82,scoreA,0,0,0,0,69,0,0,0,68,0
426,82,fedrn,0,0,0,0,67,0,0,0,68,0
426,82,final,0,0,0,0,67,0,0,0,68,0
426,70,scoreA,0,0,0,0,0,86,0,0,89,0
426,70,fedrn,0,0,0,0,0,86,0,0,90,0
426,70,final,0,0,0,0,0,86,0,0,90,0
426,55,scoreA,0,0,0,0,120,0,0,108,1,0
426,55,fedrn,0,0,0,0,119,0,0,108,1,0
426,55,final,0,0,0,0,119,0,0,108,1,0
426,71,scoreA,0,89,0,0,0,87,0,0,0,0
426,71,fedrn,0,87,0,0,0,86,0,0,0,0
426,71,final,0,87,0,0,0,86,0,0,0,0
426,74,scoreA,0,0,0,0,0,164,0,1,0,0
426,74,fedrn,0,0,0,0,0,164,0,0,0,0
426,74,final,0,0,0,0,0,164,0,0,0,0
427,41,scoreA,131,0,0,136,0,0,0,0,0,0
427,41,fedrn,131,0,0,136,0,0,0,0,0,0
427,41,final,131,0,0,136,0,0,0,0,0,0
427,76,scoreA,0,82,0,77,0,0,0,0,0,0
427,76,fedrn,0,83,0,76,0,0,0,0,0,0
427,76,final,0,83,0,76,0,0,0,0,0,0
427,24,scoreA,0,0,0,0,173,154,0,0,0,0
427,24,fedrn,0,0,0,0,169,153,0,0,0,0
427,24,final,0,0,0,0,169,153,0,0,0,0
427,64,scoreA,0,0,196,0,0,0,0,0,0,0
427,64,fedrn,0,0,196,0,0,0,0,0,0,0
427,64,final,0,0,196,0,0,0,0,0,0,0
427,6,scoreA,0,193,0,0,0,0,183,0,0,0
427,6,fedrn,0,191,0,0,0,0,187,0,0,0
427,6,final,0,191,0,0,0,0,187,0,0,0
427,61,scoreA,0,0,0,0,0,0,205,0,0,0
427,61,fedrn,0,0,0,0,0,0,204,0,0,0
427,61,final,0,0,0,0,0,0,204,0,0,0
427,53,scoreA,116,0,0,0,0,0,0,117,0,0
427,53,fedrn,116,0,0,0,0,0,0,115,0,0
427,53,final,116,0,0,0,0,0,0,115,0,0
427,5,scoreA,187,0,0,0,0,0,194,0,0,0
427,5,fedrn,186,0,0,0,0,0,194,0,0,0
427,5,final,186,0,0,0,0,0,194,0,0,0
427,14,scoreA,0,0,0,0,0,176,0,0,0,178
427,14,fedrn,0,0,0,0,0,177,0,0,0,178
427,14,final,0,0,0,0,0,177,0,0,0,178
427,52,scoreA,0,0,0,0,0,0,0,117,117,0
427,52,fedrn,0,0,0,0,0,0,0,117,115,0
427,52,final,0,0,0,0,0,0,0,117,115,0
428,38,scoreA,0,0,141,0,0,0,0,142,0,0
428,38,fedrn,0,0,141,0,0,0,0,142,0,0
428,38,final,0,0,141,0,0,0,0,142,0,0
428,97,scoreA,0,4,30,14,72,24,9,67,8,5
428,97,fedrn,0,4,31,13,67,20,8,65,8,3
428,97,final,0,4,31,13,67,20,8,65,8,3
428,50,scoreA,0,0,0,137,0,0,0,0,0,0
428,50,fedrn,0,0,0,137,0,0,0,0,0,0
428,50,final,0,0,0,137,0,0,0,0,0,0
428,75,scoreA,0,0,0,86,0,0,0,0,74,0
428,75,fedrn,0,0,0,85,0,0,0,0,72,0
428,75,final,0,0,0,85,0,0,0,0,72,0
428,6,scoreA,0,193,0,0,0,0,187,0,0,0
428,6,fedrn,0,191,0,0,0,0,186,0,0,0
428,6,final,0,191,0,0,0,0,186,0,0,0
428,36,scoreA,0,149,0,137,0,0,0,0,0,0
428,36,fedrn,0,148,0,137,0,0,0,0,0,0
428,36,final,0,148,0,137,0,0,0,0,0,0
428,81,scoreA,0,0,0,72,0,0,0,71,1,0
428,81,fedrn,0,0,0,70,0,0,0,71,0,0
428,81,final,0,0,0,70,0,0,0,71,0,0
428,73,scoreA,89,0,0,0,0,0,83,0,0,0
428,73,fedrn,89,0,0,0,0,0,83,0,0,0
428,73,final,89,0,0,0,0,0,83,0,0,0
428,89,scoreA,71,0,0,0,0,0,0,0,0,54
428,89,fedrn,69,0,0,0,0,0,0,0,0,49
428,89,final,69,0,0,0,0,0,0,0,0,49
428,5,scoreA,188,0,0,0,0,0,194,0,0,0
428,5,fedrn,187,0,0,0,0,0,193,0,0,0
428,5,final,187,0,0,0,0,0,193,0,0,0
429,77,scoreA,0,87,0,0,0,0,1,0,74,0
429,77,fedrn,0,85,0,0,0,0,1,0,75,0
429,77,final,0,85,0,0,0,0,1,0,75,0
429,85,scoreA,3,67,0,0,65,0,1,0,0,0
429,85,fedrn,3,67,0,0,65,0,1,0,0,0
429,85,final,3,67,0,0,65,0,1,0,0,0
429,9,scoreA,0,372,0,0,0,0,0,0,0,0
429,9,fedrn,0,372,0,0,0,0,0,0,0,0
429,9,final,0,372,0,0,0,0,0,0,0,0
429,70,scoreA,0,0,0,0,0,86,0,0,90,0
429,70,fedrn,0,0,0,0,0,85,0,0,90,0
429,70,final,0,0,0,0,0,85,0,0,90,0
429,28,scoreA,0,0,158,0,0,0,0,151,0,0
429,28,fedrn,0,0,157,0,0,0,0,152,0,0
429,28,final,0,0,157,0,0,0,0,152,0,0
429,50,scoreA,0,0,0,137,0,0,0,0,0,0
429,50,fedrn,0,0,0,137,0,0,0,0,0,0
429,50,final,0,0,0,137,0,0,0,0,0,0
429,40,scoreA,0,0,0,154,1,126,0,0,0,1
429,40,fedrn,0,0,0,154,1,127,0,0,0,0
429,40,final,0,0,0,154,1,127,0,0,0,0
429,52,scoreA,0,0,0,0,0,0,0,117,116,0
429,52,fedrn,0,0,0,0,0,0,0,117,116,0
429,52,final,0,0,0,0,0,0,0,117,116,0
429,90,scoreA,0,0,0,0,0,0,56,0,60,0
429,90,fedrn,0,0,0,0,0,0,56,0,59,0
429,90,final,0,0,0,0,0,0,56,0,59,0
429,41,scoreA,131,0,0,136,0,0,0,0,0,0
429,41,fedrn,130,0,0,134,0,0,0,0,0,0
429,41,final,130,0,0,134,0,0,0,0,0,0
430,5,scoreA,188,0,0,0,0,0,193,0,0,0
430,5,fedrn,188,0,0,0,0,0,194,0,0,0
430,5,final,188,0,0,0,0,0,194,0,0,0
430,57,scoreA,0,0,0,0,111,0,111,0,0,0
430,57,fedrn,0,0,0,0,113,0,109,0,0,0
430,57,final,0,0,0,0,113,0,109,0,0,0
430,12,scoreA,0,0,0,188,0,0,0,0,0,172
430,12,fedrn,0,0,0,187,0,0,0,0,0,171
430,12,final,0,0,0,187,0,0,0,0,0,171
430,78,scoreA,0,0,72,0,98,0,0,0,0,0
430,78,fedrn,0,0,73,0,99,0,0,0,0,0
430,78,final,0,0,73,0,99,0,0,0,0,0
430,35,scoreA,0,0,135,0,0,0,0,0,157,0
430,35,fedrn,0,0,135,0,0,0,0,0,156,0
430,35,final,0,0,135,0,0,0,0,0,156,0
430,17,scoreA,0,0,0,176,150,0,0,0,0,0
430,17,fedrn,0,0,0,179,153,0,0,0,0,0
430,17,final,0,0,0,179,153,0,0,0,0,0
430,73,scoreA,89,0,0,0,0,0,83,0,1,0
430,73,fedrn,89,0,0,0,0,0,83,0,0,0
430,73,final,89,0,0,0,0,0,83,0,0,0
430,74,scoreA,0,0,0,0,0,164,0,0,0,0
430,74,fedrn,0,0,0,0,0,163,0,0,0,0
430,74,final,0,0,0,0,0,163,0,0,0,0
430,98,scoreA,0,0,0,0,53,46,0,0,0,0
430,98,fedrn,0,0,0,0,54,44,0,0,0,0
430,98,final,0,0,0,0,54,44,0,0,0,0
430,23,scoreA,0,166,0,0,0,162,0,0,0,0
430,23,fedrn,0,165,0,0,0,162,0,0,0,0
430,23,final,0,165,0,0,0,162,0,0,0,0
431,42,scoreA,0,146,0,0,0,0,0,0,124,0
431,42,fedrn,0,144,0,0,0,0,0,0,123,0
431,42,final,0,144,0,0,0,0,0,0,123,0
431,66,scoreA,0,101,0,0,89,0,0,0,0,0
431,66,fedrn,0,102,0,0,87,0,0,0,0,0
431,66,final,0,102,0,0,87,0,0,0,0,0
431,85,scoreA,2,67,0,0,65,0,1,0,0,0
431,85,fedrn,2,64,0,0,64,0,0,0,0,0
431,85,final,2,64,0,0,64,0,0,0,0,0
431,44,scoreA,0,0,0,0,0,0,129,131,2,0
431,44,fedrn,0,0,0,0,0,0,129,126,2,0
431,44,final,0,0,0,0,0,0,129,126,2,0
431,65,scoreA,0,0,0,105,95,0,0,0,0,0
431,65,fedrn,0,0,0,105,94,0,0,0,0,0
431,65,final,0,0,0,105,94,0,0,0,0,0
431,56,scoreA,0,0,123,0,0,0,0,0,0,103
431,56,fedrn,0,0,123,0,0,0,0,0,0,102
431,56,final,0,0,123,0,0,0,0,0,0,102
431,6,scoreA,0,191,0,0,0,0,187,0,0,0
431,6,fedrn,0,193,0,0,0,0,187,0,0,0
431,6,final,0,193,0,0,0,0,187,0,0,0
431,2,scoreA,0,0,0,0,0,0,0,0,0,394
431,2,fedrn,0,0,0,0,0,0,0,0,0,394
431,2,final,0,0,0,0,0,0,0,0,0,394
431,79,scoreA,78,0,0,1,0,0,1,0,53,0
431,79,fedrn,76,0,0,0,0,0,0,0,70,0
431,79,final,76,0,0,0,0,0,0,0,70,0
431,13,scoreA,0,0,0,0,0,0,175,0,182,0
431,13,fedrn,0,0,0,0,0,0,175,0,182,0
431,13,final,0,0,0,0,0,0,175,0,182,0
432,53,scoreA,116,0,0,0,0,0,0,115,0,0
432,53,fedrn,116,0,0,0,0,0,0,115,0,0
432,53,final,116,0,0,0,0,0,0,115,0,0
432,6,scoreA,0,193,0,0,0,0,187,0,0,0
432,6,fedrn,0,192,0,0,0,0,187,0,0,0
432,6,final,0,192,0,0,0,0,187,0,0,0
432,15,scoreA,0,0,0,0,0,169,0,177,0,0
432,15,fedrn,0,0,0,0,0,168,0,173,0,0
432,15,final,0,0,0,0,0,168,0,173,0,0
432,49,scoreA,0,0,122,0,0,0,0,124,0,0
432,49,fedrn,0,0,122,0,0,0,0,113,0,0
432,49,final,0,0,122,0,0,0,0,113,0,0
432,26,scoreA,0,0,0,0,0,0,0,158,0,156
432,26,fedrn,0,0,0,0,0,0,0,156,0,156
432,26,final,0,0,0,0,0,0,0,156,0,156
432,7,scoreA,191,186,0,0,0,0,0,0,0,0
432,7,fedrn,191,186,0,0,0,0,0,0,0,0
432,7,final,191,186,0,0,0,0,0,0,0,0
432,54,scoreA,0,114,0,0,0,0,117,0,0,0
432,54,fedrn,0,114,0,0,0,0,117,0,0,0
432,54,final,0,114,0,0,0,0,117,0,0,0
432,22,scoreA,166,0,0,0,0,167,0,0,0,0
432,22,fedrn,166,0,0,0,0,167,0,0,0,0
432,22,final,166,0,0,0,0,167,0,0,0,0
432,12,scoreA,0,0,0,188,0,0,0,0,0,171
432,12,fedrn,0,0,0,185,0,0,0,0,0,170
432,12,final,0,0,0,185,0,0,0,0,0,170
432,28,scoreA,0,0,158,0,0,0,0,151,0,0
432,28,fedrn,0,0,158,0,0,0,0,152,0,0
432,28,final,0,0,158,0,0,0,0,152,0,0
433,92,scoreA,0,50,0,59,0,0,0,0,0,0
433,92,fedrn,0,49,0,60,0,0,0,0,0,0
433,92,final,0,49,0,60,0,0,0,0,0,0
433,65,scoreA,0,0,0,104,100,0,0,0,0,0
433,65,fedrn,0,0,0,97,104,0,0,0,0,0
433,65,final,0,0,0,97,104,0,0,0,0,0
433,67,scoreA,0,89,0,0,0,0,0,0,100,0
433,67,fedrn,0,89,0,0,0,0,0,0,101,0
433,67,final,0,89,0,0,0,0,0,0,101,0
433,32,scoreA,161,0,0,0,0,0,0,0,0,138
433,32,fedrn,160,0,0,0,0,0,0,0,0,137
433,32,final,160,0,0,0,0,0,0,0,0,137
433,21,scoreA,0,0,170,0,0,161,0,0,0,0
433,21,fedrn,0,0,170,0,0,157,0,0,0,0
433,21,final,0,0,170,0,0,157,0,0,0,0
433,96,scoreA,0,40,0,54,0,0,2,0,1,0
433,96,fedrn,1,42,0,54,0,0,13,0,1,0
433,96,final,1,42,0,54,0,0,13,0,1,0
433,84,scoreA,68,0,0,0,0,0,0,0,0,71
433,84,fedrn,67,0,0,0,0,0,0,0,0,70
433,84,final,67,0,0,0,0,0,0,0,0,70
433,40,scoreA,0,0,0,151,1,128,0,0,0,0
433,40,fedrn,0,0,0,154,1,128,0,0,0,0
433,40,final,0,0,0,154,1,128,0,0,0,0
433,3,scoreA,0,0,0,0,0,0,196,0,193,0
433,3,fedrn,0,0,0,0,0,0,196,0,192,0
433,3,final,0,0,0,0,0,0,196,0,192,0
433,93,scoreA,0,0,0,0,0,0,46,0,0,64
433,93,fedrn,0,0,0,0,0,0,46,0,0,65
433,93,final,0,0,0,0,0,0,46,0,0,65
434,95,scoreA,0,0,0,62,44,0,0,0,0,0
434,95,fedrn,0,0,0,62,46,0,0,0,0,0
434,95,final,0,0,0,62,46,0,0,0,0,0
434,33,scoreA,0,0,0,0,0,143,145,0,0,0
434,33,fedrn,0,0,0,0,0,142,145,0,0,0
434,33,final,0,0,0,0,0,142,145,0,0,0
434,43,scoreA,0,0,0,130,0,0,0,0,128,0
434,43,fedrn,0,0,0,129,0,0,0,0,129,0
434,43,final,0,0,0,129,0,0,0,0,129,0
434,18,scoreA,169,0,0,0,0,0,175,0,0,0
434,18,fedrn,169,0,0,0,0,0,171,0,0,0
434,18,final,169,0,0,0,0,0,171,0,0,0
434,30,scoreA,145,0,155,0,0,0,0,0,0,0
434,30,fedrn,142,0,157,0,0,0,0,0,0,0
434,30,final,142,0,157,0,0,0,0,0,0,0
434,96,scoreA,1,43,0,54,0,0,11,0,1,0
434,96,fedrn,0,41,0,54,0,0,12,0,1,0
434,96,final,0,41,0,54,0,0,12,0,1,0
434,31,scoreA,144,156,0,0,0,0,0,0,0,0
434,31,fedrn,145,155,0,0,0,0,0,0,0,0
434,31,final,145,155,0,0,0,0,0,0,0,0
434,84,scoreA,68,0,0,0,0,0,0,0,0,70
434,84,fedrn,67,0,0,0,0,0,0,0,0,70
434,84,final,67,0,0,0,0,0,0,0,0,70
434,93,scoreA,0,0,0,0,0,0,46,0,0,66
434,93,fedrn,0,0,0,0,0,0,46,0,0,66
434,93,final,0,0,0,0,0,0,46,0,0,66
434,10,scoreA,0,0,0,183,0,0,0,172,0,0
434,10,fedrn,0,0,0,180,0,0,0,162,0,0
434,10,final,0,0,0,180,0,0,0,162,0,0
435,57,scoreA,0,1,0,0,103,0,115,0,0,0
435,57,fedrn,0,0,0,0,112,0,108,0,0,0
435,57,final,0,0,0,0,112,0,108,0,0,0
435,40,scoreA,0,0,0,154,1,124,0,0,0,0
435,40,fedrn,0,0,0,154,0,129,0,0,0,0
435,40,final,0,0,0,154,0,129,0,0,0,0
435,85,scoreA,2,66,0,0,65,0,0,0,0,0
435,85,fedrn,2,66,0,0,65,0,0,0,0,0
435,85,final,2,66,0,0,65,0,0,0,0,0
435,78,scoreA,0,0,69,0,99,0,0,0,0,0
435,78,fedrn,1,0,62,0,100,0,0,0,0,0
435,78,final,1,0,62,0,100,0,0,0,0,0
435,83,scoreA,0,0,72,0,0,0,0,0,0,66
435,83,fedrn,0,0,71,0,0,0,0,0,0,65
435,83,final,0,0,71,0,0,0,0,0,0,65
435,87,scoreA,0,0,0,0,0,0,0,0,81,61
435,87,fedrn,0,0,0,0,0,0,0,0,80,61
435,87,final,0,0,0,0,0,0,0,0,80,61
435,21,scoreA,0,0,170,0,0,155,0,0,0,0
435,21,fedrn,0,0,169,0,0,153,0,0,0,0
435,21,final,0,0,169,0,0,153,0,0,0,0
435,76,scoreA,0,83,0,76,0,0,0,0,1,0
435,76,fedrn,0,83,0,77,0,0,0,0,1,0
435,76,final,0,83,0,77,0,0,0,0,1,0
435,48,scoreA,0,0,0,131,116,0,0,0,0,0
435,48,fedrn,0,0,0,133,107,0,0,0,0,0
435,48,final,0,0,0,133,107,0,0,0,0,0
435,11,scoreA,0,0,0,0,189,166,0,0,0,0
435,11,fedrn,0,0,0,0,187,164,0,0,0,0
435,11,final,0,0,0,0,187,164,0,0,0,0
436,49,scoreA,0,0,121,0,0,0,0,125,0,0
436,49,fedrn,0,0,123,0,0,0,0,110,0,0
436,49,final,0,0,123,0,0,0,0,110,0,0
436,74,scoreA,0,0,0,0,0,164,0,0,0,0
436,74,fedrn,0,0,0,0,0,164,0,0,0,0
436,74,final,0,0,0,0,0,164,0,0,0,0
436,82,scoreA,0,0,0,0,68,0,0,0,69,0
436,82,fedrn,0,0,0,0,68,0,0,0,69,0
436,82,final,0,0,0,0,68,0,0,0,69,0
436,50,scoreA,0,0,0,137,0,0,0,0,0,0
436,50,fedrn,0,0,0,137,0,0,0,0,0,0
436,50,final,0,0,0,137,0,0,0,0,0,0
436,23,scoreA,0,165,0,0,0,162,0,0,0,0
436,23,fedrn,0,167,0,0,0,162,0,0,0,0
436,23,final,0,167,0,0,0,162,0,0,0,0
436,77,scoreA,0,85,0,0,0,0,1,0,75,0
436,77,fedrn,0,84,0,0,0,0,0,0,75,0
436,77,final,0,84,0,0,0,0,0,0,75,0
436,52,scoreA,0,0,0,0,0,0,0,117,116,0
436,52,fedrn,0,0,0,0,0,0,0,117,116,0
436,52,final,0,0,0,0,0,0,0,117,116,0
436,70,scoreA,0,0,0,0,0,86,0,0,90,0
436,70,fedrn,0,0,0,0,0,86,0,0,90,0
436,70,final,0,0,0,0,0,86,0,0,90,0
436,4,scoreA,0,0,0,0,0,0,0,196,188,0
436,4,fedrn,0,0,0,0,0,0,0,196,188,0
436,4,final,0,0,0,0,0,0,0,196,188,0
436,17,scoreA,0,0,0,181,155,0,0,0,0,0
436,17,fedrn,0,0,0,182,154,0,0,0,0,0
436,17,final,0,0,0,182,154,0,0,0,0,0
437,39,scoreA,140,0,0,0,0,0,0,0,142,0
437,39,fedrn,140,0,0,0,0,0,0,0,141,0
437,39,final,140,0,0,0,0,0,0,0,141,0
437,28,scoreA,0,0,157,0,0,0,0,152,0,0
437,28,fedrn,0,0,157,0,0,0,0,151,0,0
437,28,final,0,0,157,0,0,0,0,151,0,0
437,9,scoreA,0,372,0,0,0,0,0,0,0,0
437,9,fedrn,0,372,0,0,0,0,0,0,0,0
437,9,final,0,372,0,0,0,0,0,0,0,0
437,20,scoreA,0,0,168,0,0,0,0,167,0,0
437,20,fedrn,0,0,169,0,0,0,0,166,0,0
437,20,final,0,0,169,0,0,0,0,166,0,0
437,88,scoreA,119,0,0,0,0,0,0,0,0,0
437,88,fedrn,119,0,0,0,0,0,0,0,0,0
437,88,final,119,0,0,0,0,0,0,0,0,0
437,15,scoreA,0,0,0,0,0,167,0,177,0,0
437,15,fedrn,0,0,0,0,0,167,0,171,0,0
437,15,final,0,0,0,0,0,167,0,171,0,0
437,32,scoreA,160,0,0,0,0,0,0,0,0,139
437,32,fedrn,159,0,0,0,0,0,0,0,0,137
437,32,final,159,0,0,0,0,0,0,0,0,137
437,69,scoreA,0,0,94,0,103,0,0,0,0,0
437,69,fedrn,0,0,96,0,103,0,0,0,0,0
437,69,final,0,0,96,0,103,0,0,0,0,0
437,50,scoreA,0,0,0,137,0,0,0,0,0,0
437,50,fedrn,0,0,0,137,0,0,0,0,0,0
437,50,final,0,0,0,137,0,0,0,0,0,0
437,51,scoreA,0,0,0,0,120,0,0,120,1,0
437,51,fedrn,0,0,0,0,122,0,0,122,1,0
437,51,final,0,0,0,0,122,0,0,122,1,0
438,86,scoreA,0,63,0,64,0,0,1,0,0,0
438,86,fedrn,0,65,0,62,0,0,0,0,0,0
438,86,final,0,65,0,62,0,0,0,0,0,0
438,4,scoreA,0,0,0,0,0,0,0,196,188,0
438,4,fedrn,0,0,0,0,0,0,0,196,188,0
438,4,final,0,0,0,0,0,0,0,196,188,0
438,6,scoreA,0,192,0,0,0,0,187,0,0,0
438,6,fedrn,0,194,0,0,0,0,185,0,0,0
438,6,final,0,194,0,0,0,0,185,0,0,0
438,56,scoreA,0,0,123,0,0,0,0,0,0,101
438,56,fedrn,0,0,123,0,0,0,0,0,0,103
438,56,final,0,0,123,0,0,0,0,0,0,103
438,18,scoreA,168,0,0,0,0,0,172,0,0,0
438,18,fedrn,169,0,0,0,0,0,171,0,0,0
438,18,final,169,0,0,0,0,0,171,0,0,0
438,60,scoreA,0,0,208,0,0,0,0,0,0,0
438,60,fedrn,0,0,208,0,0,0,0,0,0,0
438,60,final,0,0,208,0,0,0,0,0,0,0
438,42,scoreA,0,147,0,0,0,0,0,0,125,0
438,42,fedrn,0,148,0,0,0,0,0,0,120,0
438,42,final,0,148,0,0,0,0,0,0,120,0
438,44,scoreA,0,0,0,0,0,0,129,132,2,0
438,44,fedrn,0,0,0,0,0,0,128,132,2,0
438,44,final,0,0,0,0,0,0,128,132,2,0
438,76,scoreA,0,83,0,77,0,0,0,0,1,0
438,76,fedrn,0,83,0,77,0,0,0,0,0,0
438,76,final,0,83,0,77,0,0,0,0,0,0
438,17,scoreA,0,0,0,180,156,0,0,0,0,0
438,17,fedrn,0,0,0,179,155,0,0,0,0,0
438,17,final,0,0,0,179,155,0,0,0,0,0
439,66,scoreA,0,102,0,0,89,0,0,0,0,0
439,66,fedrn,0,101,0,0,88,0,0,0,0,0
439,66,final,0,101,0,0,88,0,0,0,0,0
439,75,scoreA,0,0,0,86,0,0,0,0,74,0
439,75,fedrn,0,0,0,87,0,0,0,0,72,0
439,75,final,0,0,0,87,0,0,0,0,72,0
439,32,scoreA,161,0,0,1,0,0,0,0,0,139
439,32,fedrn,159,0,0,0,0,0,0,0,0,137
439,32,final,159,0,0,0,0,0,0,0,0,137
439,57,scoreA,0,0,0,0,115,0,109,0,0,0
439,57,fedrn,0,0,0,0,114,0,108,0,0,0
439,57,final,0,0,0,0,114,0,108,0,0,0
439,68,scoreA,0,0,0,0,0,0,96,0,0,85
439,68,fedrn,0,0,0,0,0,0,95,0,0,86
439,68,final,0,0,0,0,0,0,95,0,0,86
439,45,scoreA,0,0,0,0,129,124,0,0,0,0
439,45,fedrn,0,0,0,0,128,122,0,0,0,0
439,45,final,0,0,0,0,128,122,0,0,0,0
439,63,scoreA,0,0,0,0,88,115,0,0,0,0
439,63,fedrn,0,0,0,0,87,115,0,0,0,0
439,63,final,0,0,0,0,87,115,0,0,0,0
439,33,scoreA,0,0,0,0,0,142,150,0,0,0
439,33,fedrn,0,0,0,0,0,141,147,0,0,0
439,33,final,0,0,0,0,0,141,147,0,0,0
439,55,scoreA,0,0,0,0,117,0,0,109,1,0
439,55,fedrn,0,0,0,0,119,0,0,108,1,0
439,55,final,0,0,0,0,119,0,0,108,1,0
439,58,scoreA,0,0,0,0,118,0,0,0,0,100
439,58,fedrn,0,0,0,0,116,0,0,0,0,100
439,58,final,0,0,0,0,116,0,0,0,0,100
440,35,scoreA,0,0,135,0,0,0,0,0,157,0
440,35,fedrn,0,0,135,0,0,0,0,0,157,0
440,35,final,0,0,135,0,0,0,0,0,157,0
440,50,scoreA,0,0,0,137,0,0,0,0,0,0
440,50,fedrn,0,0,0,137,0,0,0,0,0,0
440,50,final,0,0,0,137,0,0,0,0,0,0
440,23,scoreA,0,167,0,0,0,162,0,0,0,0
440,23,fedrn,0,166,0,0,0,162,0,0,0,0
440,23,final,0,166,0,0,0,162,0,0,0,0
440,94,scoreA,58,49,0,0,0,0,0,0,0,0
440,94,fedrn,57,51,0,0,0,0,0,0,0,0
440,94,final,57,51,0,0,0,0,0,0,0,0
440,40,scoreA,0,0,0,154,0,121,0,0,0,0
440,40,fedrn,0,0,0,153,0,130,0,0,0,0
440,40,final,0,0,0,153,0,130,0,0,0,0
440,49,scoreA,0,0,123,0,0,0,0,123,0,0
440,49,fedrn,0,0,122,0,0,0,0,114,0,0
440,49,final,0,0,122,0,0,0,0,114,0,0
440,20,scoreA,0,0,169,0,0,0,0,163,0,0
440,20,fedrn,0,0,169,0,0,0,0,166,0,0
440,20,final,0,0,169,0,0,0,0,166,0,0
440,33,scoreA,0,0,0,0,0,141,145,0,0,0
440,33,fedrn,0,0,0,0,0,142,145,0,0,0
440,33,final,0,0,0,0,0,142,145,0,0,0
440,73,scoreA,89,0,0,0,0,0,83,0,0,0
440,73,fedrn,88,0,0,0,0,0,84,0,0,0
440,73,final,88,0,0,0,0,0,84,0,0,0
440,54,scoreA,0,114,0,0,0,0,117,0,0,0
440,54,fedrn,0,114,0,0,0,0,116,0,0,0
440,54,final,0,114,0,0,0,0,116,0,0,0
441,79,scoreA,75,0,0,0,0,0,0,0,74,0
441,79,fedrn,73,0,0,0,0,0,0,0,72,0
441,79,final,73,0,0,0,0,0,0,0,72,0
441,45,scoreA,0,0,0,0,129,126,0,0,0,0
441,45,fedrn,0,0,0,0,125,123,0,0,0,0
441,45,final,0,0,0,0,125,123,0,0,0,0
441,43,scoreA,0,0,0,129,0,0,0,0,129,0
441,43,fedrn,0,0,0,129,0,0,0,0,129,0
441,43,final,0,0,0,129,0,0,0,0,129,0
441,22,scoreA,165,0,0,0,0,167,0,0,0,0
441,22,fedrn,165,0,0,0,0,167,0,0,0,0
441,22,final,165,0,0,0,0,167,0,0,0,0
441,8,scoreA,0,0,0,0,0,0,0,186,186,0
441,8,fedrn,0,0,0,0,0,0,0,186,186,0
441,8,final,0,0,0,0,0,0,0,186,186,0
441,32,scoreA,160,0,0,0,0,0,0,0,0,139
441,32,fedrn,160,0,0,0,0,0,0,0,0,137
441,32,final,160,0,0,0,0,0,0,0,0,137
441,85,scoreA,2,66,0,0,65,0,0,0,0,0
441,85,fedrn,0,65,0,0,65,0,0,0,0,0
441,85,final,0,65,0,0,65,0,0,0,0,0
441,4,scoreA,0,0,0,0,0,0,0,196,188,0
441,4,fedrn,0,0,0,0,0,0,0,196,188,0
441,4,final,0,0,0,0,0,0,0,196,188,0
441,69,scoreA,0,0,94,0,103,0,0,0,0,0
441,69,fedrn,0,0,95,0,103,0,0,0,0,0
441,69,final,0,0,95,0,103,0,0,0,0,0
441,51,scoreA,0,0,0,0,123,0,0,115,1,0
441,51,fedrn,0,0,0,0,121,0,0,121,1,0
441,51,final,0,0,0,0,121,0,0,121,1,0
442,9,scoreA,0,372,0,0,0,0,0,0,0,0
442,9,fedrn,0,372,0,0,0,0,0,0,0,0
442,9,final,0,372,0,0,0,0,0,0,0,0
442,15,scoreA,0,0,0,0,0,169,0,178,0,0
442,15,fedrn,0,0,0,0,0,167,0,172,0,0
442,15,final,0,0,0,0,0,167,0,172,0,0
442,79,scoreA,73,0,0,0,0,0,0,0,75,0
442,79,fedrn,72,0,0,0,0,0,0,0,74,0
442,79,final,72,0,0,0,0,0,0,0,74,0
442,70,scoreA,0,0,0,0,0,86,0,0,90,0
442,70,fedrn,0,0,0,0,0,86,0,0,89,0
442,70,final,0,0,0,0,0,86,0,0,89,0
442,49,scoreA,0,0,122,0,0,0,0,124,0,0
442,49,fedrn,0,0,122,0,0,0,0,123,0,0
442,49,final,0,0,122,0,0,0,0,123,0,0
442,61,scoreA,0,0,0,0,0,0,205,0,0,0
442,61,fedrn,0,0,0,0,0,0,204,0,0,0
442,61,final,0,0,0,0,0,0,204,0,0,0
442,53,scoreA,116,0,0,0,0,0,0,116,0,0
442,53,fedrn,116,0,0,0,0,0,0,114,0,0
442,53,final,116,0,0,0,0,0,0,114,0,0
442,91,scoreA,0,0,79,0,0,0,47,0,0,0
442,91,fedrn,0,0,81,0,0,0,47,0,0,0
442,91,final,0,0,81,0,0,0,47,0,0,0
442,52,scoreA,0,0,0,0,0,0,0,117,116,0
442,52,fedrn,0,0,0,0,0,0,0,117,116,0
442,52,final,0,0,0,0,0,0,0,117,116,0
442,14,scoreA,0,0,0,0,0,176,0,0,0,178
442,14,fedrn,0,0,0,0,0,177,0,0,0,178
442,14,final,0,0,0,0,0,177,0,0,0,178
443,75,scoreA,0,0,0,87,0,0,0,0,75,0
443,75,fedrn,0,0,0,85,0,0,0,0,70,0
443,75,final,0,0,0,85,0,0,0,0,70,0
443,15,scoreA,0,0,0,0,0,169,0,179,0,0
443,15,fedrn,0,0,0,0,0,166,0,172,0,0
443,15,final,0,0,0,0,0,166,0,172,0,0
443,46,scoreA,0,0,0,0,0,0,123,0,0,129
443,46,fedrn,0,0,0,0,0,0,124,0,0,129
443,46,final,0,0,0,0,0,0,124,0,0,129
443,28,scoreA,0,0,159,0,0,0,0,147,0,0
443,28,fedrn,0,0,157,0,0,0,0,151,0,0
443,28,final,0,0,157,0,0,0,0,151,0,0
443,79,scoreA,73,0,0,0,0,0,0,0,75,0
443,79,fedrn,72,0,0,0,0,0,0,0,75,0
443,79,final,72,0,0,0,0,0,0,0,75,0
443,19,scoreA,0,0,0,0,0,167,166,0,0,0
443,19,fedrn,0,0,0,0,0,170,159,0,0,0
443,19,final,0,0,0,0,0,170,159,0,0,0
443,14,scoreA,0,0,0,0,0,178,0,0,0,177
443,14,fedrn,0,0,0,0,0,177,0,0,0,177
443,14,final,0,0,0,0,0,177,0,0,0,177
443,33,scoreA,0,0,0,0,0,142,146,0,0,0
443,33,fedrn,0,0,0,0,0,142,143,0,0,0
443,33,final,0,0,0,0,0,142,143,0,0,0
443,38,scoreA,0,0,141,0,0,0,0,142,0,0
443,38,fedrn,0,0,141,0,0,0,0,142,0,0
443,38,final,0,0,141,0,0,0,0,142,0,0
443,59,scoreA,113,0,0,0,0,0,0,100,0,0
443,59,fedrn,112,0,0,0,0,0,0,102,0,0
443,59,final,112,0,0,0,0,0,0,102,0,0
444,95,scoreA,0,0,0,65,35,0,0,0,0,0
444,95,fedrn,0,0,0,62,41,0,0,0,0,0
444,95,final,0,0,0,62,41,0,0,0,0,0
444,81,scoreA,0,0,0,71,0,0,0,71,0,0
444,81,fedrn,0,0,0,71,0,0,0,70,0,0
444,81,final,0,0,0,71,0,0,0,70,0,0
444,33,scoreA,0,0,0,0,0,141,149,0,0,0
444,33,fedrn,0,0,0,0,0,141,146,0,0,0
444,33,final,0,0,0,0,0,141,146,0,0,0
444,7,scoreA,191,185,0,0,0,0,0,0,0,0
444,7,fedrn,191,184,0,0,0,0,0,0,0,0
444,7,final,191,184,0,0,0,0,0,0,0,0
444,13,scoreA,0,0,0,0,0,0,175,0,178,0
444,13,fedrn,0,0,0,0,0,0,174,0,181,0
444,13,final,0,0,0,0,0,0,174,0,181,0
444,99,scoreA,2,0,0,0,0,0,0,0,49,66
444,99,fedrn,0,0,0,0,0,0,0,0,50,60
444,99,final,0,0,0,0,0,0,0,0,50,60
444,10,scoreA,0,0,0,182,0,0,0,173,0,0
444,10,fedrn,0,0,0,178,0,0,0,166,0,0
444,10,final,0,0,0,178,0,0,0,166,0,0
444,90,scoreA,0,0,0,0,0,0,56,0,59,0
444,90,fedrn,0,0,0,0,0,0,54,0,59,0
444,90,final,0,0,0,0,0,0,54,0,59,0
444,70,scoreA,0,0,0,0,0,86,0,0,90,0
444,70,fedrn,0,0,0,0,0,86,0,0,90,0
444,70,final,0,0,0,0,0,86,0,0,90,0
444,28,scoreA,0,0,130,0,0,0,0,156,0,0
444,28,fedrn,0,0,151,0,0,0,0,155,0,0
444,28,final,0,0,151,0,0,0,0,155,0,0
445,17,scoreA,0,0,0,184,152,0,0,0,0,0
445,17,fedrn,0,0,0,179,153,0,0,0,0,0
445,17,final,0,0,0,179,153,0,0,0,0,0
445,76,scoreA,0,84,0,77,0,0,0,0,0,0
445,76,fedrn,0,84,0,76,0,0,0,0,0,0
445,76,final,0,84,0,76,0,0,0,0,0,0
445,97,scoreA,0,5,31,12,66,20,6,61,9,2
445,97,fedrn,0,3,34,15,70,21,7,67,12,2
445,97,final,0,3,34,15,70,21,7,67,12,2
445,14,scoreA,0,0,0,0,0,177,0,0,0,178
445,14,fedrn,0,0,0,0,0,177,0,0,0,177
445,14,final,0,0,0,0,0,177,0,0,0,177
445,54,scoreA,0,114,0,0,0,1,116,0,0,0
445,54,fedrn,0,114,0,0,0,0,116,0,0,0
445,54,final,0,114,0,0,0,0,116,0,0,0
445,59,scoreA,112,0,0,0,0,0,0,104,0,0
445,59,fedrn,112,0,0,0,0,0,0,103,0,0
445,59,final,112,0,0,0,0,0,0,103,0,0
445,42,scoreA,0,147,0,0,0,0,0,0,124,0
445,42,fedrn,0,148,0,0,0,0,0,0,119,0
445,42,final,0,148,0,0,0,0,0,0,119,0
445,18,scoreA,169,0,0,0,0,0,172,0,0,0
445,18,fedrn,169,0,0,0,0,0,170,0,0,0
445,18,final,169,0,0,0,0,0,170,0,0,0
445,93,scoreA,0,0,0,0,0,0,46,0,0,67
445,93,fedrn,0,0,0,0,0,0,46,0,0,65
445,93,final,0,0,0,0,0,0,46,0,0,65
445,27,scoreA,0,0,147,0,0,159,0,0,0,0
445,27,fedrn,0,0,152,0,0,156,0,0,0,0
445,27,final,0,0,152,0,0,156,0,0,0,0
446,97,scoreA,0,5,33,13,69,23,8,64,12,2
446,97,fedrn,0,4,33,15,69,21,6,66,11,2
446,97,final,0,4,33,15,69,21,6,66,11,2
446,52,scoreA,0,0,0,0,0,0,0,117,116,0
446,52,fedrn,0,0,0,0,0,0,0,117,116,0
446,52,final,0,0,0,0,0,0,0,117,116,0
446,7,scoreA,191,186,0,0,0,0,0,0,0,0
446,7,fedrn,191,185,0,0,0,0,0,0,0,0
446,7,final,191,185,0,0,0,0,0,0,0,0
446,72,scoreA,0,100,0,0,0,0,0,0,0,93
446,72,fedrn,0,100,0,0,0,0,0,0,0,94
446,72,final,0,100,0,0,0,0,0,0,0,94
446,82,scoreA,0,0,0,0,69,0,0,0,69,0
446,82,fedrn,0,0,0,0,68,0,0,0,69,0
446,82,final,0,0,0,0,68,0,0,0,69,0
446,3,scoreA,0,0,0,0,0,0,196,0,193,0
446,3,fedrn,0,0,0,0,0,0,196,0,191,0
446,3,final,0,0,0,0,0,0,196,0,191,0
446,9,scoreA,0,372,0,0,0,0,0,0,0,0
446,9,fedrn,0,372,0,0,0,0,0,0,0,0
446,9,final,0,372,0,0,0,0,0,0,0,0
446,8,scoreA,0,0,0,0,0,0,0,186,187,0
446,8,fedrn,0,0,0,0,0,0,0,186,187,0
446,8,final,0,0,0,0,0,0,0,186,187,0
446,99,scoreA,0,0,0,0,0,0,0,0,51,63
446,99,fedrn,0,0,0,0,0,0,0,0,49,62
446,99,final,0,0,0,0,0,0,0,0,49,62
446,96,scoreA,0,40,0,56,0,0,14,0,1,0
446,96,fedrn,0,40,0,57,0,0,8,0,1,0
446,96,final,0,40,0,57,0,0,8,0,1,0
447,74,scoreA,0,0,0,0,0,164,0,0,0,0
447,74,fedrn,0,0,0,0,0,164,0,1,0,0
447,74,final,0,0,0,0,0,164,0,1,0,0
447,95,scoreA,0,0,0,64,34,0,0,0,0,0
447,95,fedrn,0,0,0,59,36,0,0,0,0,0
447,95,final,0,0,0,59,36,0,0,0,0,0
447,86,scoreA,0,64,0,63,0,0,0,0,0,0
447,86,fedrn,0,64,0,63,0,0,0,0,0,0
447,86,final,0,64,0,63,0,0,0,0,0,0
447,28,scoreA,0,0,154,0,0,0,0,156,0,0
447,28,fedrn,0,0,153,0,0,0,0,155,0,0
447,28,final,0,0,153,0,0,0,0,155,0,0
447,72,scoreA,0,100,0,0,0,0,0,0,0,91
447,72,fedrn,0,101,0,0,0,0,0,0,0,92
447,72,final,0,101,0,0,0,0,0,0,0,92
447,39,scoreA,140,0,0,0,0,0,0,0,144,0
447,39,fedrn,140,0,0,0,0,0,0,0,142,0
447,39,final,140,0,0,0,0,0,0,0,142,0
447,87,scoreA,0,0,0,0,0,0,0,0,79,64
447,87,fedrn,1,0,0,0,0,0,0,0,82,64
447,87,final,1,0,0,0,0,0,0,0,82,64
447,33,scoreA,0,0,0,0,0,141,151,0,0,0
447,33,fedrn,0,0,0,0,0,141,150,0,0,0
447,33,final,0,0,0,0,0,141,150,0,0,0
447,60,scoreA,0,0,208,0,0,0,0,0,0,0
447,60,fedrn,0,0,208,0,0,0,0,0,0,0
447,60,final,0,0,208,0,0,0,0,0,0,0
447,50,scoreA,0,0,0,137,0,0,0,0,0,0
447,50,fedrn,0,0,0,137,0,0,0,0,0,0
447,50,final,0,0,0,137,0,0,0,0,0,0
448,48,scoreA,0,0,0,131,113,0,0,0,0,0
448,48,fedrn,0,0,0,132,109,0,0,0,0,0
448,48,final,0,0,0,132,109,0,0,0,0,0
448,92,scoreA,0,49,0,61,0,0,0,0,0,0
448,92,fedrn,0,49,0,61,0,0,0,0,0,0
448,92,final,0,49,0,61,0,0,0,0,0,0
448,56,scoreA,0,0,123,0,0,0,0,0,0,103
448,56,fedrn,0,0,123,0,0,0,0,0,0,103
448,56,final,0,0,123,0,0,0,0,0,0,103
448,42,scoreA,0,149,0,0,0,0,0,0,122,0
448,42,fedrn,0,146,0,0,0,0,0,0,121,0
448,42,final,0,146,0,0,0,0,0,0,121,0
448,81,scoreA,0,0,0,70,0,0,0,71,0,0
448,81,fedrn,0,0,0,70,0,0,0,69,0,0
448,81,final,0,0,0,70,0,0,0,69,0,0
448,31,scoreA,146,156,0,0,0,0,0,0,0,0
448,31,fedrn,145,156,0,0,0,0,0,0,0,0
448,31,final,145,156,0,0,0,0,0,0,0,0
448,1,scoreA,0,0,0,0,196,0,0,0,197,0
448,1,fedrn,0,0,0,0,196,0,0,0,197,0
448,1,final,0,0,0,0,196,0,0,0,197,0
448,55,scoreA,0,0,0,0,119,0,0,114,1,0
448,55,fedrn,0,0,0,0,120,0,0,103,1,0
448,55,final,0,0,0,0,120,0,0,103,1,0
448,66,scoreA,0,103,0,0,90,0,0,0,0,0
448,66,fedrn,0,101,0,0,88,0,0,0,0,0
448,66,final,0,101,0,0,88,0,0,0,0,0
448,88,scoreA,119,0,0,0,0,0,0,0,0,0
448,88,fedrn,119,0,0,0,0,0,0,0,0,0
448,88,final,119,0,0,0,0,0,0,0,0,0
449,71,scoreA,0,88,0,0,0,87,0,0,0,0
449,71,fedrn,0,85,0,0,0,86,0,0,0,0
449,71,final,0,85,0,0,0,86,0,0,0,0
449,21,scoreA,0,0,164,0,0,160,0,0,0,0
449,21,fedrn,0,0,165,0,0,156,0,0,0,0
449,21,final,0,0,165,0,0,156,0,0,0,0
449,87,scoreA,1,0,0,0,0,0,0,0,82,63
449,87,fedrn,0,0,0,0,0,0,0,0,82,61
449,87,final,0,0,0,0,0,0,0,0,82,61
449,31,scoreA,146,156,0,0,0,0,0,0,0,0
449,31,fedrn,145,156,0,0,0,0,0,0,0,0
449,31,final,145,156,0,0,0,0,0,0,0,0
449,47,scoreA,0,0,0,0,0,132,0,0,0,117
449,47,fedrn,0,0,0,0,0,132,0,0,0,117
449,47,final,0,0,0,0,0,132,0,0,0,117
449,24,scoreA,0,0,0,0,170,153,0,0,0,0
449,24,fedrn,0,0,0,0,171,149,0,0,0,0
449,24,final,0,0,0,0,171,149,0,0,0,0
449,95,scoreA,0,0,0,61,37,0,0,0,0,0
449,95,fedrn,0,0,0,62,38,0,0,0,2,0
449,95,final,0,0,0,62,38,0,0,0,2,0
449,43,scoreA,0,0,0,131,0,0,0,0,120,0
449,43,fedrn,0,0,0,131,0,0,0,0,123,0
449,43,final,0,0,0,131,0,0,0,0,123,0
449,85,scoreA,0,65,0,0,65,0,0,0,0,0
449,85,fedrn,0,64,0,0,65,0,0,0,0,0
449,85,final,0,64,0,0,65,0,0,0,0,0
449,5,scoreA,188,0,0,0,0,0,194,0,0,0
449,5,fedrn,187,0,0,0,0,0,192,0,0,0
449,5,final,187,0,0,0,0,0,192,0,0,0
450,13,scoreA,0,0,0,0,0,0,173,0,179,0
450,13,fedrn,0,0,0,0,0,0,175,0,180,0
450,13,final,0,0,0,0,0,0,175,0,180,0
450,1,scoreA,0,0,0,0,196,0,0,0,197,0
450,1,fedrn,0,0,0,0,196,0,0,0,196,0
450,1,final,0,0,0,0,196,0,0,0,196,0
450,93,scoreA,0,0,0,0,0,0,46,0,0,67
450,93,fedrn,0,0,0,0,0,0,46,0,0,65
450,93,final,0,0,0,0,0,0,46,0,0,65
450,16,scoreA,178,0,0,165,0,0,0,0,0,0
450,16,fedrn,177,0,0,163,0,0,0,0,0,0
450,16,final,177,0,0,163,0,0,0,0,0,0
450,60,scoreA,0,0,208,0,0,0,0,0,0,0
450,60,fedrn,0,0,208,0,0,0,0,0,0,0
450,60,final,0,0,208,0,0,0,0,0,0,0
450,48,scoreA,0,0,0,133,111,0,0,0,0,0
450,48,fedrn,0,0,0,131,113,0,0,0,0,0
450,48,final,0,0,0,131,113,0,0,0,0,0
450,30,scoreA,144,0,155,0,0,0,0,0,0,0
450,30,fedrn,143,0,158,0,0,0,0,0,0,0
450,30,final,143,0,158,0,0,0,0,0,0,0
450,53,scoreA,116,0,0,0,0,0,0,114,0,0
450,53,fedrn,116,0,0,0,0,0,0,114,0,0
450,53,final,116,0,0,0,0,0,0,114,0,0
450,29,scoreA,0,0,0,0,0,0,0,0,0,308
450,29,fedrn,0,0,0,0,0,0,0,0,0,308
450,29,final,0,0,0,0,0,0,0,0,0,308
450,26,scoreA,0,0,0,0,0,0,0,156,0,157
450,26,fedrn,0,0,0,0,0,0,0,157,0,156
450,26,final,0,0,0,0,0,0,0,157,0,156
451,40,scoreA,0,0,0,152,0,131,0,0,0,0
451,40,fedrn,0,0,0,151,0,132,0,0,0,0
451,40,final,0,0,0,151,0,132,0,0,0,0
451,47,scoreA,0,0,0,0,0,132,0,0,0,117
451,47,fedrn,0,0,0,0,0,131,0,0,0,117
451,47,final,0,0,0,0,0,131,0,0,0,117
451,28,scoreA,0,0,153,0,0,0,0,155,0,0
451,28,fedrn,0,0,157,0,0,0,0,153,0,0
451,28,final,0,0,157,0,0,0,0,153,0,0
451,4,scoreA,0,0,0,0,0,0,0,196,188,0
451,4,fedrn,0,0,0,0,0,0,0,196,188,0
451,4,final,0,0,0,0,0,0,0,196,188,0
451,25,scoreA,0,0,0,159,0,0,0,0,160,0
451,25,fedrn,0,0,0,161,0,0,0,0,159,0
451,25,final,0,0,0,161,0,0,0,0,159,0
451,12,scoreA,0,0,0,188,0,0,0,0,0,169
451,12,fedrn,0,0,0,187,0,0,0,0,0,169
451,12,final,0,0,0,187,0,0,0,0,0,169
451,35,scoreA,0,0,135,0,0,0,0,0,156,0
451,35,fedrn,0,0,135,0,0,0,0,0,157,0
451,35,final,0,0,135,0,0,0,0,0,157,0
451,10,scoreA,0,0,0,181,0,0,0,170,0,0
451,10,fedrn,0,0,0,179,0,0,0,158,0,0
451,10,final,0,0,0,179,0,0,0,158,0,0
451,59,scoreA,113,0,0,0,0,0,0,104,0,0
451,59,fedrn,114,0,0,0,0,0,0,103,0,0
451,59,final,114,0,0,0,0,0,0,103,0,0
451,7,scoreA,191,183,0,0,0,0,0,0,0,0
451,7,fedrn,191,185,0,0,0,0,0,0,0,0
451,7,final,191,185,0,0,0,0,0,0,0,0
452,86,scoreA,0,64,0,64,0,0,0,0,0,0
452,86,fedrn,0,64,0,63,0,0,0,0,0,0
452,86,final,0,64,0,63,0,0,0,0,0,0
452,7,scoreA,191,186,0,0,0,0,0,0,0,0
452,7,fedrn,191,187,0,0,0,0,0,0,0,0
452,7,final,191,187,0,0,0,0,0,0,0,0
452,51,scoreA,0,0,0,0,117,0,0,122,1,0
452,51,fedrn,0,0,0,0,118,0,0,123,1,0
452,51,final,0,0,0,0,118,0,0,123,1,0
452,14,scoreA,0,0,0,0,0,177,0,0,0,177
452,14,fedrn,0,0,0,0,0,177,0,0,0,176
452,14,final,0,0,0,0,0,177,0,0,0,176
452,6,scoreA,0,194,0,0,0,0,186,0,0,0
452,6,fedrn,0,192,0,0,0,0,184,0,0,0
452,6,final,0,192,0,0,0,0,184,0,0,0
452,30,scoreA,136,0,161,0,0,0,0,0,1,0
452,30,fedrn,144,0,159,0,0,0,0,0,0,0
452,30,final,144,0,159,0,0,0,0,0,0,0
452,4,scoreA,0,0,0,0,0,0,0,196,189,0
452,4,fedrn,0,0,0,0,0,0,0,196,188,0
452,4,final,0,0,0,0,0,0,0,196,188,0
452,19,scoreA,0,0,0,0,0,169,161,0,0,0
452,19,fedrn,0,0,0,0,0,168,159,0,0,0
452,19,final,0,0,0,0,0,168,159,0,0,0
452,71,scoreA,0,87,0,0,0,87,0,0,0,0
452,71,fedrn,0,86,0,0,0,87,0,0,0,0
452,71,final,0,86,0,0,0,87,0,0,0,0
452,88,scoreA,119,0,0,0,0,0,0,0,0,0
452,88,fedrn,119,0,0,0,0,0,0,0,0,0
452,88,final,119,0,0,0,0,0,0,0,0,0
453,28,scoreA,0,0,157,0,0,0,0,155,0,0
453,28,fedrn,0,0,158,0,0,0,0,153,0,0
453,28,final,0,0,158,0,0,0,0,153,0,0
453,95,scoreA,0,0,0,44,46,0,0,0,0,0
453,95,fedrn,0,0,0,53,49,0,0,0,0,0
453,95,final,0,0,0,53,49,0,0,0,0,0
453,48,scoreA,0,0,0,130,116,0,0,0,0,0
453,48,fedrn,0,0,0,132,113,0,0,0,0,0
453,48,final,0,0,0,132,113,0,0,0,0,0
453,57,scoreA,0,0,0,0,116,0,107,0,0,0
453,57,fedrn,0,0,0,0,116,0,105,0,0,0
453,57,final,0,0,0,0,116,0,105,0,0,0
453,46,scoreA,0,0,0,0,0,0,124,0,0,130
453,46,fedrn,0,0,0,0,0,0,124,0,0,129
453,46,final,0,0,0,0,0,0,124,0,0,129
453,20,scoreA,0,0,169,0,0,0,0,166,0,0
453,20,fedrn,0,0,168,0,0,0,0,166,0,0
453,20,final,0,0,168,0,0,0,0,166,0,0
453,8,scoreA,0,0,0,0,0,0,0,186,187,0
453,8,fedrn,0,0,0,0,0,0,0,186,187,0
453,8,final,0,0,0,0,0,0,0,186,187,0
453,26,scoreA,0,0,0,0,0,0,0,159,0,156
453,26,fedrn,0,0,0,0,0,0,0,159,0,156
453,26,final,0,0,0,0,0,0,0,159,0,156
453,21,scoreA,0,0,165,0,0,163,0,0,0,0
453,21,fedrn,0,0,165,0,0,161,0,0,0,0
453,21,final,0,0,165,0,0,161,0,0,0,0
453,35,scoreA,0,0,135,0,0,0,0,0,157,0
453,35,fedrn,0,0,135,0,0,0,0,0,157,0
453,35,final,0,0,135,0,0,0,0,0,157,0
454,27,scoreA,0,0,151,0,0,158,0,0,0,0
454,27,fedrn,0,0,150,0,0,158,0,0,0,0
454,27,final,0,0,150,0,0,158,0,0,0,0
454,38,scoreA,0,0,141,0,0,0,0,142,0,0
454,38,fedrn,0,0,141,0,0,0,0,142,0,0
454,38,final,0,0,141,0,0,0,0,142,0,0
454,94,scoreA,59,53,0,0,0,0,0,0,0,0
454,94,fedrn,53,52,0,0,0,0,0,0,0,0
454,94,final,53,52,0,0,0,0,0,0,0,0
454,59,scoreA,114,0,0,0,0,0,0,105,0,0
454,59,fedrn,114,0,0,0,0,0,0,102,0,0
454,59,final,114,0,0,0,0,0,0,102,0,0
454,15,scoreA,0,0,0,0,0,169,0,177,0,0
454,15,fedrn,0,0,0,0,0,168,0,170,0,0
454,15,final,0,0,0,0,0,168,0,170,0,0
454,18,scoreA,170,0,0,0,0,0,170,0,0,0
454,18,fedrn,167,0,0,0,0,0,171,0,0,0
454,18,final,167,0,0,0,0,0,171,0,0,0
454,68,scoreA,0,0,0,0,0,0,96,0,0,87
454,68,fedrn,0,0,0,0,0,0,96,0,0,86
454,68,final,0,0,0,0,0,0,96,0,0,86
454,61,scoreA,0,0,0,0,0,0,205,0,0,0
454,61,fedrn,0,0,0,0,0,0,204,0,0,0
454,61,final,0,0,0,0,0,0,204,0,0,0
454,45,scoreA,0,0,0,0,127,125,0,0,0,0
454,45,fedrn,0,0,0,0,130,116,0,0,0,0
454,45,final,0,0,0,0,130,116,0,0,0,0
454,49,scoreA,0,0,122,0,0,0,0,126,0,0
454,49,fedrn,0,0,121,0,0,0,0,119,0,0
454,49,final,0,0,121,0,0,0,0,119,0,0
455,46,scoreA,0,0,0,0,0,0,97,0,0,135
455,46,fedrn,0,0,0,0,0,0,118,0,0,129
455,46,final,0,0,0,0,0,0,118,0,0,129
455,0,scoreA,0,0,399,0,0,0,0,0,0,0
455,0,fedrn,0,0,398,0,0,0,0,0,0,0
455,0,final,0,0,398,0,0,0,0,0,0,0
455,60,scoreA,0,0,208,0,0,0,0,0,0,0
455,60,fedrn,0,0,208,0,0,0,0,0,0,0
455,60,final,0,0,208,0,0,0,0,0,0,0
455,15,scoreA,0,0,0,0,0,167,0,176,0,0
455,15,fedrn,0,0,0,0,0,168,0,174,0,0
455,15,final,0,0,0,0,0,168,0,174,0,0
455,37,scoreA,0,0,0,0,0,140,0,133,1,0
455,37,fedrn,0,0,0,0,0,137,0,140,1,0
455,37,final,0,0,0,0,0,137,0,140,1,0
455,54,scoreA,0,114,0,0,0,0,116,0,0,0
455,54,fedrn,0,114,0,0,0,0,116,0,0,0
455,54,final,0,114,0,0,0,0,116,0,0,0
455,50,scoreA,0,0,0,137,0,0,0,0,0,0
455,50,fedrn,0,0,0,137,0,0,0,0,0,0
455,50,final,0,0,0,137,0,0,0,0,0,0
455,76,scoreA,0,84,0,77,0,0,0,0,0,0
455,76,fedrn,0,83,0,77,0,0,0,0,0,0
455,76,final,0,83,0,77,0,0,0,0,0,0
455,63,scoreA,0,0,0,0,92,114,0,0,0,0
455,63,fedrn,0,0,0,0,83,116,0,0,0,0
455,63,final,0,0,0,0,83,116,0,0,0,0
455,41,scoreA,131,0,0,136,0,0,0,0,0,0
455,41,fedrn,132,0,0,136,0,0,0,0,0,0
455,41,final,132,0,0,136,0,0,0,0,0,0
456,99,scoreA,0,0,0,0,0,0,0,0,50,61
456,99,fedrn,0,0,0,0,0,0,0,0,47,60
456,99,final,0,0,0,0,0,0,0,0,47,60
456,9,scoreA,0,372,0,0,0,0,0,0,0,0
456,9,fedrn,0,372,0,0,0,0,0,0,0,0
456,9,final,0,372,0,0,0,0,0,0,0,0
456,45,scoreA,0,0,0,0,129,123,0,0,0,0
456,45,fedrn,0,0,0,0,127,125,0,0,0,0
456,45,final,0,0,0,0,127,125,0,0,0,0
456,68,scoreA,0,0,0,0,0,0,96,0,0,87
456,68,fedrn,0,0,0,0,0,0,95,0,0,87
456,68,final,0,0,0,0,0,0,95,0,0,87
456,59,scoreA,114,0,0,0,0,0,0,103,0,0
456,59,fedrn,112,0,0,0,0,0,0,103,0,0
456,59,final,112,0,0,0,0,0,0,103,0,0
456,74,scoreA,0,0,0,0,0,164,0,1,0,0
456,74,fedrn,0,0,0,0,0,163,0,1,0,0
456,74,final,0,0,0,0,0,163,0,1,0,0
456,20,scoreA,0,0,166,0,0,0,0,167,0,0
456,20,fedrn,0,0,168,0,0,0,0,168,0,0
456,20,final,0,0,168,0,0,0,0,168,0,0
456,63,scoreA,0,0,0,0,86,117,0,0,0,0
456,63,fedrn,0,0,0,0,81,113,0,0,0,0
456,63,final,0,0,0,0,81,113,0,0,0,0
456,70,scoreA,0,0,0,0,0,86,0,0,90,0
456,70,fedrn,0,0,0,0,0,86,0,0,90,0
456,70,final,0,0,0,0,0,86,0,0,90,0
456,78,scoreA,1,0,67,0,101,0,0,0,0,0
456,78,fedrn,0,0,67,0,101,0,0,0,0,0
456,78,final,0,0,67,0,101,0,0,0,0,0
457,0,scoreA,0,0,399,0,0,0,0,0,0,0
457,0,fedrn,0,0,399,0,0,0,0,0,0,0
457,0,final,0,0,399,0,0,0,0,0,0,0
457,68,scoreA,0,0,0,0,0,0,96,0,0,87
457,68,fedrn,0,0,0,0,0,0,95,0,0,85
457,68,final,0,0,0,0,0,0,95,0,0,85
457,83,scoreA,0,0,71,0,0,0,0,0,0,68
457,83,fedrn,0,0,72,0,0,0,0,0,0,68
457,83,final,0,0,72,0,0,0,0,0,0,68
457,6,scoreA,0,194,0,0,0,0,180,0,0,0
457,6,fedrn,0,193,0,0,0,0,186,0,0,0
457,6,final,0,193,0,0,0,0,186,0,0,0
457,87,scoreA,0,0,0,0,0,0,0,0,81,61
457,87,fedrn,0,0,0,0,0,0,0,0,81,60
457,87,final,0,0,0,0,0,0,0,0,81,60
457,81,scoreA,0,0,0,71,0,0,0,72,1,0
457,81,fedrn,0,0,0,72,0,0,0,69,3,0
457,81,final,0,0,0,72,0,0,0,69,3,0
457,49,scoreA,0,0,121,0,0,0,0,126,0,0
457,49,fedrn,0,0,121,0,0,0,0,119,0,0
457,49,final,0,0,121,0,0,0,0,119,0,0
457,20,scoreA,0,0,168,0,0,0,0,167,0,0
457,20,fedrn,0,0,170,0,0,0,0,166,0,0
457,20,final,0,0,170,0,0,0,0,166,0,0
457,94,scoreA,54,52,0,0,0,0,0,0,0,0
457,94,fedrn,53,52,0,0,0,0,0,0,0,0
457,94,final,53,52,0,0,0,0,0,0,0,0
457,4,scoreA,0,0,0,0,0,0,0,196,188,0
457,4,fedrn,0,0,0,0,0,0,0,196,188,0
457,4,final,0,0,0,0,0,0,0,196,188,0
458,27,scoreA,0,0,156,0,0,144,0,0,0,0
458,27,fedrn,0,0,154,0,0,155,0,0,0,0
458,27,final,0,0,154,0,0,155,0,0,0,0
458,49,scoreA,0,0,121,0,0,0,0,123,0,0
458,49,fedrn,0,0,121,0,0,0,0,120,0,0
458,49,final,0,0,121,0,0,0,0,120,0,0
458,55,scoreA,0,0,0,0,116,0,0,112,1,0
458,55,fedrn,0,0,0,0,118,0,0,109,1,0
458,55,final,0,0,0,0,118,0,0,109,1,0
458,98,scoreA,0,0,0,0,56,47,0,0,0,0
458,98,fedrn,0,0,0,0,54,48,0,0,0,0
458,98,final,0,0,0,0,54,48,0,0,0,0
458,50,scoreA,0,0,0,137,0,0,0,0,0,0
458,50,fedrn,0,0,0,137,0,0,0,0,0,0
458,50,final,0,0,0,137,0,0,0,0,0,0
458,24,scoreA,0,0,0,0,173,152,0,0,0,0
458,24,fedrn,0,0,0,0,173,152,0,0,0,0
458,24,final,0,0,0,0,173,152,0,0,0,0
458,14,scoreA,0,0,0,0,0,155,0,0,0,178
458,14,fedrn,0,0,0,0,0,177,0,0,0,177
458,14,final,0,0,0,0,0,177,0,0,0,177
458,20,scoreA,0,0,170,0,0,0,0,164,0,0
458,20,fedrn,0,0,169,0,0,0,0,166,0,0
458,20,final,0,0,169,0,0,0,0,166,0,0
458,44,scoreA,0,0,0,0,0,0,129,130,2,0
458,44,fedrn,0,0,0,0,0,0,127,132,2,0
458,44,final,0,0,0,0,0,0,127,132,2,0
458,70,scoreA,0,0,0,0,0,85,0,0,90,0
458,70,fedrn,0,0,0,0,0,85,0,0,90,0
458,70,final,0,0,0,0,0,85,0,0,90,0
459,41,scoreA,132,0,0,136,0,0,0,0,0,0
459,41,fedrn,131,0,0,135,0,0,0,0,0,0
459,41,final,131,0,0,135,0,0,0,0,0,0
459,88,scoreA,119,0,0,0,0,0,0,0,0,0
459,88,fedrn,119,0,0,0,0,0,0,0,0,0
459,88,final,119,0,0,0,0,0,0,0,0,0
459,31,scoreA,140,155,0,0,0,0,0,0,0,0
459,31,fedrn,145,157,0,0,0,0,0,0,0,0
459,31,final,145,157,0,0,0,0,0,0,0,0
459,65,scoreA,0,0,0,108,24,0,0,0,0,0
459,65,fedrn,0,0,0,109,25,0,0,0,0,1
459,65,final,0,0,0,109,25,0,0,0,0,1
459,93,scoreA,0,0,0,0,0,0,43,0,0,70
459,93,fedrn,0,0,0,0,0,0,46,0,0,69
459,93,final,0,0,0,0,0,0,46,0,0,69
459,87,scoreA,0,0,0,0,0,0,0,0,81,61
459,87,fedrn,0,0,0,0,0,0,0,0,81,59
459,87,final,0,0,0,0,0,0,0,0,81,59
459,7,scoreA,191,187,0,0,0,0,0,0,0,0
459,7,fedrn,191,185,0,0,0,0,0,0,0,0
459,7,final,191,185,0,0,0,0,0,0,0,0
459,46,scoreA,0,0,0,0,0,0,123,0,0,131
459,46,fedrn,0,0,0,0,0,0,123,0,0,130
459,46,final,0,0,0,0,0,0,123,0,0,130
459,71,scoreA,0,90,0,0,0,86,0,0,0,0
459,71,fedrn,0,88,0,0,0,85,0,0,0,0
459,71,final,0,88,0,0,0,85,0,0,0,0
459,96,scoreA,0,39,0,58,0,0,3,0,1,0
459,96,fedrn,0,40,0,55,0,0,0,0,1,0
459,96,final,0,40,0,55,0,0,0,0,1,0
460,69,scoreA,0,0,95,0,103,0,0,0,0,0
460,69,fedrn,0,0,95,0,103,0,0,0,0,0
460,69,final,0,0,95,0,103,0,0,0,0,0
460,13,scoreA,0,0,0,0,0,0,175,0,182,0
460,13,fedrn,0,0,0,0,0,0,175,0,181,0
460,13,final,0,0,0,0,0,0,175,0,181,0
460,6,scoreA,0,194,0,0,0,0,186,0,0,0
460,6,fedrn,0,193,0,0,0,0,186,0,0,0
460,6,final,0,193,0,0,0,0,186,0,0,0
460,94,scoreA,55,53,0,0,0,0,0,0,0,0
460,94,fedrn,54,52,0,0,0,0,0,0,0,0
460,94,final,54,52,0,0,0,0,0,0,0,0
460,38,scoreA,0,0,139,0,0,0,0,142,0,0
460,38,fedrn,0,0,141,0,0,0,0,142,0,0
460,38,final,0,0,141,0,0,0,0,142,0,0
460,93,scoreA,0,0,0,0,0,0,46,0,0,69
460,93,fedrn,0,0,0,0,0,0,46,0,0,66
460,93,final,0,0,0,0,0,0,46,0,0,66
460,50,scoreA,0,0,0,137,0,0,0,0,0,0
460,50,fedrn,0,0,0,137,0,0,0,0,0,0
460,50,final,0,0,0,137,0,0,0,0,0,0
460,31,scoreA,143,157,0,0,0,0,0,0,0,0
460,31,fedrn,144,154,0,0,0,0,0,0,0,0
460,31,final,144,154,0,0,0,0,0,0,0,0
460,11,scoreA,0,0,0,0,192,26,0,0,0,0
460,11,fedrn,0,0,0,0,192,72,0,0,0,0
460,11,final,0,0,0,0,192,72,0,0,0,0
460,22,scoreA,165,0,0,0,0,167,0,0,0,0
460,22,fedrn,164,0,0,0,0,167,0,0,0,0
460,22,final,164,0,0,0,0,167,0,0,0,0
461,60,scoreA,0,0,208,0,0,0,0,0,0,0
461,60,fedrn,0,0,208,0,0,0,0,0,0,0
461,60,final,0,0,208,0,0,0,0,0,0,0
461,33,scoreA,0,0,0,0,0,137,152,0,0,0
461,33,fedrn,0,0,0,0,0,139,149,0,0,0
461,33,final,0,0,0,0,0,139,149,0,0,0
461,84,scoreA,68,0,0,0,0,0,0,0,0,71
461,84,fedrn,66,0,0,0,0,0,0,0,0,70
461,84,final,66,0,0,0,0,0,0,0,0,70
461,4,scoreA,0,0,0,0,0,0,0,197,188,0
461,4,fedrn,0,0,0,0,0,0,0,196,188,0
461,4,final,0,0,0,0,0,0,0,196,188,0
461,93,scoreA,0,0,0,0,0,0,47,0,0,66
461,93,fedrn,0,0,0,0,0,0,47,0,0,65
461,93,final,0,0,0,0,0,0,47,0,0,65
461,49,scoreA,0,0,120,0,0,0,0,125,0,0
461,49,fedrn,0,0,121,0,0,0,0,120,0,0
461,49,final,0,0,121,0,0,0,0,120,0,0
461,48,scoreA,0,0,0,131,116,0,0,0,0,0
461,48,fedrn,0,0,0,131,114,0,0,0,0,0
461,48,final,0,0,0,131,114,0,0,0,0,0
461,50,scoreA,0,0,0,137,0,0,0,0,0,0
461,50,fedrn,0,0,0,137,0,0,0,0,0,0
461,50,final,0,0,0,137,0,0,0,0,0,0
461,10,scoreA,0,0,0,181,0,0,0,172,0,0
461,10,fedrn,0,0,0,182,0,0,0,163,0,0
461,10,final,0,0,0,182,0,0,0,163,0,0
461,25,scoreA,0,0,0,160,0,0,0,0,160,0
461,25,fedrn,0,0,0,160,0,0,0,0,160,0
461,25,final,0,0,0,160,0,0,0,0,160,0
462,25,scoreA,0,0,0,161,0,0,0,0,160,0
462,25,fedrn,0,0,0,160,0,0,0,0,159,0
462,25,final,0,0,0,160,0,0,0,0,159,0
462,54,scoreA,0,114,0,0,0,0,117,0,0,0
462,54,fedrn,0,114,0,0,0,0,117,0,0,0
462,54,final,0,114,0,0,0,0,117,0,0,0
462,94,scoreA,56,51,0,0,0,0,0,0,0,0
462,94,fedrn,53,52,0,0,0,0,0,0,0,0
462,94,final,53,52,0,0,0,0,0,0,0,0
462,32,scoreA,160,0,0,0,0,0,0,0,0,139
462,32,fedrn,160,0,0,0,0,0,0,0,0,138
462,32,final,160,0,0,0,0,0,0,0,0,138
462,24,scoreA,0,0,0,0,171,151,0,0,0,0
462,24,fedrn,0,0,0,0,173,152,0,0,0,0
462,24,final,0,0,0,0,173,152,0,0,0,0
462,8,scoreA,0,0,0,0,0,0,0,186,187,0
462,8,fedrn,0,0,0,0,0,0,0,186,187,0
462,8,final,0,0,0,0,0,0,0,186,187,0
462,73,scoreA,89,0,0,0,0,0,84,0,0,0
462,73,fedrn,88,0,0,0,0,0,84,0,0,0
462,73,final,88,0,0,0,0,0,84,0,0,0
462,83,scoreA,0,0,72,0,0,0,0,0,0,67
462,83,fedrn,0,0,72,0,0,0,0,0,0,67
462,83,final,0,0,72,0,0,0,0,0,0,67
462,58,scoreA,0,0,0,0,117,0,0,0,0,101
462,58,fedrn,0,0,0,0,115,0,0,0,0,100
462,58,final,0,0,0,0,115,0,0,0,0,100
462,9,scoreA,0,372,0,0,0,0,0,0,0,0
462,9,fedrn,0,372,0,0,0,0,0,0,0,0
462,9,final,0,372,0,0,0,0,0,0,0,0
463,35,scoreA,0,0,135,0,0,0,0,0,157,0
463,35,fedrn,0,0,135,0,0,0,0,0,157,0
463,35,final,0,0,135,0,0,0,0,0,157,0
463,38,scoreA,0,0,140,0,0,0,0,142,0,0
463,38,fedrn,0,0,140,0,0,0,0,141,0,0
463,38,final,0,0,140,0,0,0,0,141,0,0
463,77,scoreA,0,85,0,0,0,0,0,0,76,0
463,77,fedrn,0,86,0,0,0,0,0,0,76,0
463,77,final,0,86,0,0,0,0,0,0,76,0
463,32,scoreA,161,0,0,1,0,0,0,0,0,140
463,32,fedrn,161,0,0,1,0,0,0,0,0,139
463,32,final,161,0,0,1,0,0,0,0,0,139
463,72,scoreA,0,102,0,0,0,0,0,0,0,89
463,72,fedrn,0,94,0,0,0,0,0,0,0,95
463,72,final,0,94,0,0,0,0,0,0,0,95
463,43,scoreA,0,0,0,131,0,0,0,0,129,0
463,43,fedrn,0,0,0,129,0,0,0,0,129,0
463,43,final,0,0,0,129,0,0,0,0,129,0
463,10,scoreA,0,0,0,182,0,0,0,176,0,0
463,10,fedrn,0,0,0,176,0,0,0,176,0,0
463,10,final,0,0,0,176,0,0,0,176,0,0
463,74,scoreA,0,0,0,0,0,164,0,1,0,0
463,74,fedrn,0,0,0,0,0,164,0,0,0,0
463,74,final,0,0,0,0,0,164,0,0,0,0
463,27,scoreA,0,0,152,0,0,149,0,0,0,0
463,27,fedrn,0,0,155,0,0,153,0,0,0,0
463,27,final,0,0,155,0,0,153,0,0,0,0
463,69,scoreA,0,0,95,0,103,0,0,0,0,0
463,69,fedrn,0,0,95,0,103,0,0,0,0,0
463,69,final,0,0,95,0,103,0,0,0,0,0
464,38,scoreA,0,0,139,0,0,0,0,142,0,0
464,38,fedrn,0,0,141,0,0,0,0,141,0,0
464,38,final,0,0,141,0,0,0,0,141,0,0
464,31,scoreA,146,157,0,0,0,0,0,0,0,0
464,31,fedrn,146,156,0,0,0,0,0,0,0,0
464,31,final,146,156,0,0,0,0,0,0,0,0
464,32,scoreA,161,0,0,1,0,0,0,0,0,140
464,32,fedrn,161,0,0,0,0,0,0,0,0,136
464,32,final,161,0,0,0,0,0,0,0,0,136
464,37,scoreA,0,0,0,0,0,139,0,135,1,0
464,37,fedrn,0,0,0,0,0,139,0,132,1,0
464,37,final,0,0,0,0,0,139,0,132,1,0
464,64,scoreA,0,0,196,0,0,0,0,0,0,0
464,64,fedrn,0,0,196,0,0,0,0,0,0,0
464,64,final,0,0,196,0,0,0,0,0,0,0
464,33,scoreA,0,0,0,0,0,140,149,0,0,0
464,33,fedrn,0,0,0,0,0,140,147,0,0,0
464,33,final,0,0,0,0,0,140,147,0,0,0
464,98,scoreA,0,0,0,0,27,60,0,0,0,0
464,98,fedrn,0,0,0,0,42,56,0,0,0,0
464,98,final,0,0,0,0,42,56,0,0,0,0
464,1,scoreA,0,0,0,0,196,0,0,0,197,0
464,1,fedrn,0,0,0,0,196,0,0,0,196,0
464,1,final,0,0,0,0,196,0,0,0,196,0
464,42,scoreA,0,147,0,0,0,0,0,0,124,0
464,42,fedrn,0,147,0,0,0,0,0,0,123,0
464,42,final,0,147,0,0,0,0,0,0,123,0
464,67,scoreA,0,89,0,0,0,0,0,0,101,0
464,67,fedrn,0,89,0,0,0,0,0,0,101,0
464,67,final,0,89,0,0,0,0,0,0,101,0
465,35,scoreA,0,0,135,0,0,0,0,0,156,0
465,35,fedrn,0,0,134,0,0,0,0,0,156,0
465,35,final,0,0,134,0,0,0,0,0,156,0
465,23,scoreA,0,167,0,0,0,162,0,0,0,0
465,23,fedrn,0,166,0,0,0,162,0,0,0,0
465,23,final,0,166,0,0,0,162,0,0,0,0
465,87,scoreA,0,0,0,0,0,0,0,0,81,64
465,87,fedrn,0,0,0,0,0,0,0,0,80,61
465,87,final,0,0,0,0,0,0,0,0,80,61
465,56,scoreA,0,0,123,0,0,0,0,0,0,103
465,56,fedrn,0,0,123,0,0,0,0,0,0,102
465,56,final,0,0,123,0,0,0,0,0,0,102
465,3,scoreA,0,0,0,0,0,0,196,0,193,0
465,3,fedrn,0,0,0,0,0,0,196,0,193,0
465,3,final,0,0,0,0,0,0,196,0,193,0
465,80,scoreA,0,0,0,0,0,0,144,0,0,0
465,80,fedrn,0,0,0,0,0,0,142,0,0,0
465,80,final,0,0,0,0,0,0,142,0,0,0
465,67,scoreA,0,89,0,0,0,0,0,0,100,0
465,67,fedrn,0,87,0,0,0,0,0,0,102,0
465,67,final,0,87,0,0,0,0,0,0,102,0
465,16,scoreA,177,0,0,166,0,0,0,0,0,0
465,16,fedrn,177,0,0,166,0,0,0,0,0,0
465,16,final,177,0,0,166,0,0,0,0,0,0
465,40,scoreA,0,0,0,153,0,131,0,0,0,0
465,40,fedrn,0,0,0,153,0,130,0,0,0,0
465,40,final,0,0,0,153,0,130,0,0,0,0
465,33,scoreA,0,0,0,0,0,140,153,0,0,0
465,33,fedrn,0,0,0,0,0,140,150,0,0,0
465,33,final,0,0,0,0,0,140,150,0,0,0
466,3,scoreA,0,0,0,0,0,0,196,0,192,0
466,3,fedrn,0,0,0,0,0,0,195,0,193,0
466,3,final,0,0,0,0,0,0,195,0,193,0
466,89,scoreA,71,0,0,0,0,0,0,0,0,52
466,89,fedrn,71,0,0,0,0,0,0,0,0,48
466,89,final,71,0,0,0,0,0,0,0,0,48
466,33,scoreA,0,0,0,0,0,141,148,0,0,0
466,33,fedrn,0,0,0,0,0,140,151,0,0,0
466,33,final,0,0,0,0,0,140,151,0,0,0
466,7,scoreA,191,186,0,0,0,0,0,0,0,0
466,7,fedrn,189,186,0,0,0,0,0,0,0,0
466,7,final,189,186,0,0,0,0,0,0,0,0
466,73,scoreA,89,0,0,0,0,0,84,0,1,0
466,73,fedrn,89,0,0,0,0,0,83,0,0,0
466,73,final,89,0,0,0,0,0,83,0,0,0
466,82,scoreA,0,0,0,0,69,0,0,0,69,0
466,82,fedrn,0,0,0,0,69,0,0,0,69,0
466,82,final,0,0,0,0,69,0,0,0,69,0
466,90,scoreA,0,0,0,0,0,0,56,0,60,0
466,90,fedrn,0,0,0,0,0,0,56,0,60,0
466,90,final,0,0,0,0,0,0,56,0,60,0
466,88,scoreA,119,0,0,0,0,0,0,0,0,0
466,88,fedrn,119,0,0,0,0,0,0,0,0,0
466,88,final,119,0,0,0,0,0,0,0,0,0
466,63,scoreA,0,0,0,0,83,112,0,0,0,0
466,63,fedrn,0,0,0,0,82,114,0,0,0,0
466,63,final,0,0,0,0,82,114,0,0,0,0
466,15,scoreA,0,0,0,0,0,169,0,179,0,0
466,15,fedrn,0,0,0,0,0,166,0,171,0,0
466,15,final,0,0,0,0,0,166,0,171,0,0
467,13,scoreA,0,0,0,0,0,0,175,0,181,0
467,13,fedrn,0,0,0,0,0,0,175,0,182,0
467,13,final,0,0,0,0,0,0,175,0,182,0
467,89,scoreA,72,0,0,0,0,0,0,0,0,49
467,89,fedrn,69,0,0,0,0,0,0,0,0,50
467,89,final,69,0,0,0,0,0,0,0,0,50
467,33,scoreA,0,0,0,0,0,140,152,0,0,0
467,33,fedrn,0,0,0,0,0,140,152,0,0,0
467,33,final,0,0,0,0,0,140,152,0,0,0
467,64,scoreA,0,0,196,0,0,0,0,0,0,0
467,64,fedrn,0,0,196,0,0,0,0,0,0,0
467,64,final,0,0,196,0,0,0,0,0,0,0
467,55,scoreA,0,0,0,0,117,0,0,111,1,0
467,55,fedrn,0,0,0,0,120,0,0,104,1,0
467,55,final,0,0,0,0,120,0,0,104,1,0
467,2,scoreA,0,0,0,0,0,0,0,0,0,394
467,2,fedrn,0,0,0,0,0,0,0,0,0,391
467,2,final,0,0,0,0,0,0,0,0,0,391
467,47,scoreA,0,0,0,0,0,132,0,0,0,117
467,47,fedrn,0,0,0,0,0,132,0,0,0,116
467,47,final,0,0,0,0,0,132,0,0,0,116
467,19,scoreA,0,0,0,0,0,167,161,0,0,0
467,19,fedrn,0,0,0,0,0,169,155,0,0,0
467,19,final,0,0,0,0,0,169,155,0,0,0
467,9,scoreA,0,372,0,0,0,0,0,0,0,0
467,9,fedrn,0,372,0,0,0,0,0,0,0,0
467,9,final,0,372,0,0,0,0,0,0,0,0
467,28,scoreA,0,0,159,0,0,0,0,155,0,0
467,28,fedrn,0,0,158,0,0,0,0,154,0,0
467,28,final,0,0,158,0,0,0,0,154,0,0
468,56,scoreA,0,0,123,0,0,0,0,0,0,103
468,56,fedrn,0,0,122,0,0,0,0,0,0,102
468,56,final,0,0,122,0,0,0,0,0,0,102
468,67,scoreA,0,89,0,0,0,0,0,0,101,0
468,67,fedrn,0,89,0,0,0,0,0,0,101,0
468,67,final,0,89,0,0,0,0,0,0,101,0
468,63,scoreA,0,0,0,0,87,114,0,0,0,0
468,63,fedrn,0,0,0,0,86,115,0,0,0,0
468,63,final,0,0,0,0,86,115,0,0,0,0
468,45,scoreA,0,0,0,0,128,120,0,0,0,0
468,45,fedrn,0,0,0,0,126,121,0,0,0,0
468,45,final,0,0,0,0,126,121,0,0,0,0
468,57,scoreA,0,0,0,0,115,0,106,0,0,0
468,57,fedrn,0,0,0,0,115,0,106,0,0,0
468,57,final,0,0,0,0,115,0,106,0,0,0
468,55,scoreA,0,0,0,0,119,0,0,110,1,0
468,55,fedrn,0,0,0,0,118,0,0,108,1,0
468,55,final,0,0,0,0,118,0,0,108,1,0
468,15,scoreA,0,0,0,0,0,169,0,179,0,0
468,15,fedrn,0,0,0,0,0,167,0,173,0,0
468,15,final,0,0,0,0,0,167,0,173,0,0
468,7,scoreA,191,186,0,0,0,0,0,0,0,0
468,7,fedrn,190,185,0,0,0,0,0,0,0,0
468,7,final,190,185,0,0,0,0,0,0,0,0
468,41,scoreA,131,0,0,136,0,0,0,0,0,0
468,41,fedrn,130,0,0,135,0,0,0,0,0,0
468,41,final,130,0,0,135,0,0,0,0,0,0
468,76,scoreA,0,83,0,76,0,0,0,0,0,0
468,76,fedrn,0,83,0,76,0,0,0,0,0,0
468,76,final,0,83,0,76,0,0,0,0,0,0
469,51,scoreA,0,0,0,0,114,0,0,125,1,0
469,51,fedrn,0,0,0,0,116,0,0,124,1,0
469,51,final,0,0,0,0,116,0,0,124,1,0
469,43,scoreA,0,0,0,128,0,0,0,0,130,0
469,43,fedrn,0,0,0,128,0,0,0,0,126,0
469,43,final,0,0,0,128,0,0,0,0,126,0
469,62,scoreA,100,0,0,0,0,0,0,108,0,0
469,62,fedrn,99,0,0,0,0,0,0,107,0,0
469,62,final,99,0,0,0,0,0,0,107,0,0
469,39,scoreA,140,0,0,0,0,0,0,0,142,0
469,39,fedrn,138,0,0,0,0,0,0,0,144,0
469,39,final,138,0,0,0,0,0,0,0,144,0
469,8,scoreA,0,0,0,0,0,0,0,186,187,0
469,8,fedrn,0,0,0,0,0,0,0,186,188,0
469,8,final,0,0,0,0,0,0,0,186,188,0
469,13,scoreA,0,0,0,0,0,0,175,0,182,0
469,13,fedrn,0,0,0,0,0,0,175,0,182,0
469,13,final,0,0,0,0,0,0,175,0,182,0
469,95,scoreA,0,0,0,57,51,0,0,0,0,0
469,95,fedrn,0,0,0,58,48,0,0,0,0,0
469,95,final,0,0,0,58,48,0,0,0,0,0
469,7,scoreA,191,186,0,0,0,0,0,0,0,0
469,7,fedrn,190,186,0,0,0,0,0,0,0,0
469,7,final,190,186,0,0,0,0,0,0,0,0
469,42,scoreA,0,146,0,0,0,0,0,0,124,0
469,42,fedrn,0,148,0,0,0,0,0,0,123,0
469,42,final,0,148,0,0,0,0,0,0,123,0
469,49,scoreA,0,0,122,0,0,0,0,125,0,0
469,49,fedrn,0,0,122,0,0,0,0,125,0,0
469,49,final,0,0,122,0,0,0,0,125,0,0
470,23,scoreA,0,166,0,0,0,162,0,0,0,0
470,23,fedrn,0,165,0,0,0,162,0,0,0,0
470,23,final,0,165,0,0,0,162,0,0,0,0
470,9,scoreA,0,372,0,0,0,0,0,0,0,0
470,9,fedrn,0,372,0,0,0,0,0,0,0,0
470,9,final,0,372,0,0,0,0,0,0,0,0
470,72,scoreA,0,101,0,0,0,0,0,0,0,95
470,72,fedrn,0,101,0,0,0,0,0,0,0,95
470,72,final,0,101,0,0,0,0,0,0,0,95
470,35,scoreA,0,0,135,0,0,0,0,0,157,0
470,35,fedrn,0,0,135,0,0,0,0,0,157,0
470,35,final,0,0,135,0,0,0,0,0,157,0
470,59,scoreA,113,0,0,0,0,0,0,102,0,0
470,59,fedrn,113,0,0,0,0,0,0,102,0,0
470,59,final,113,0,0,0,0,0,0,102,0,0
470,61,scoreA,0,0,0,0,0,0,205,0,0,0
470,61,fedrn,0,0,0,0,0,0,204,0,0,0
470,61,final,0,0,0,0,0,0,204,0,0,0
470,18,scoreA,170,0,0,0,0,0,172,0,0,0
470,18,fedrn,171,0,0,0,0,0,170,0,0,0
470,18,final,171,0,0,0,0,0,170,0,0,0
470,14,scoreA,0,0,0,0,0,177,0,0,0,178
470,14,fedrn,0,0,0,0,0,179,0,0,0,177
470,14,final,0,0,0,0,0,179,0,0,0,177
470,10,scoreA,0,0,0,187,0,0,0,15,0,0
470,10,fedrn,0,0,0,186,0,0,0,31,0,0
470,10,final,0,0,0,186,0,0,0,31,0,0
470,11,scoreA,0,0,0,0,192,135,0,0,0,0
470,11,fedrn,0,0,0,0,190,154,0,0,0,0
470,11,final,0,0,0,0,190,154,0,0,0,0
471,97,scoreA,0,4,29,14,69,21,5,65,11,1
471,97,fedrn,0,3,28,15,65,20,6,66,10,2
471,97,final,0,3,28,15,65,20,6,66,10,2
471,36,scoreA,0,149,0,137,0,0,0,0,0,0
471,36,fedrn,0,149,0,137,0,0,0,0,0,0
471,36,final,0,149,0,137,0,0,0,0,0,0
471,43,scoreA,0,0,0,130,0,0,0,0,131,0
471,43,fedrn,0,0,0,130,0,0,0,0,126,0
471,43,final,0,0,0,130,0,0,0,0,126,0
471,51,scoreA,0,0,0,0,118,0,0,125,0,0
471,51,fedrn,0,0,0,0,119,0,0,125,1,0
471,51,final,0,0,0,0,119,0,0,125,1,0
471,22,scoreA,165,0,0,0,0,167,0,0,0,0
471,22,fedrn,165,0,0,0,0,167,0,0,0,0
471,22,final,165,0,0,0,0,167,0,0,0,0
471,84,scoreA,69,0,0,0,0,0,0,0,0,69
471,84,fedrn,69,0,0,0,0,0,0,0,0,71
471,84,final,69,0,0,0,0,0,0,0,0,71
471,18,scoreA,171,0,0,0,0,0,170,0,0,0
471,18,fedrn,171,0,0,0,0,0,169,0,0,0
471,18,final,171,0,0,0,0,0,169,0,0,0
471,28,scoreA,0,0,159,0,0,0,0,153,0,0
471,28,fedrn,0,0,158,0,0,0,0,151,0,0
471,28,final,0,0,158,0,0,0,0,151,0,0
471,78,scoreA,0,0,69,0,100,0,0,0,0,0
471,78,fedrn,0,0,69,0,100,0,0,0,0,0
471,78,final,0,0,69,0,100,0,0,0,0,0
471,42,scoreA,0,146,0,0,0,0,0,0,125,0
471,42,fedrn,0,147,0,0,0,0,0,0,123,0
471,42,final,0,147,0,0,0,0,0,0,123,0
472,41,scoreA,131,0,0,135,0,0,0,0,0,0
472,41,fedrn,131,0,0,136,0,0,0,0,0,0
472,41,final,131,0,0,136,0,0,0,0,0,0
472,3,scoreA,0,0,0,0,0,0,195,0,193,0
472,3,fedrn,0,0,0,0,0,0,195,0,193,0
472,3,final,0,0,0,0,0,0,195,0,193,0
472,80,scoreA,0,0,0,0,0,0,144,0,0,0
472,80,fedrn,0,0,0,0,0,0,143,0,0,0
472,80,final,0,0,0,0,0,0,143,0,0,0
472,63,scoreA,0,0,0,0,101,67,0,0,0,0
472,63,fedrn,0,0,0,0,94,97,0,0,0,0
472,63,final,0,0,0,0,94,97,0,0,0,0
472,17,scoreA,0,0,0,183,158,0,0,0,0,0
472,17,fedrn,0,0,0,178,154,0,0,0,0,0
472,17,final,0,0,0,178,154,0,0,0,0,0
472,12,scoreA,0,0,0,187,0,0,0,0,0,169
472,12,fedrn,0,0,0,188,0,0,0,0,0,170
472,12,final,0,0,0,188,0,0,0,0,0,170
472,75,scoreA,0,0,0,87,0,0,0,0,74,0
472,75,fedrn,0,0,0,86,0,0,0,0,72,0
472,75,final,0,0,0,86,0,0,0,0,72,0
472,22,scoreA,166,0,0,0,0,165,0,0,0,0
472,22,fedrn,166,0,0,0,0,165,0,0,0,0
472,22,final,166,0,0,0,0,165,0,0,0,0
472,37,scoreA,0,0,0,0,0,139,0,132,1,0
472,37,fedrn,0,0,0,0,0,138,0,130,1,0
472,37,final,0,0,0,0,0,138,0,130,1,0
472,0,scoreA,0,0,383,0,0,0,0,0,0,0
472,0,fedrn,0,0,398,0,0,0,0,0,0,0
472,0,final,0,0,398,0,0,0,0,0,0,0
473,6,scoreA,0,194,0,0,0,0,186,0,0,0
473,6,fedrn,0,194,0,0,0,0,186,0,0,0
473,6,final,0,194,0,0,0,0,186,0,0,0
473,90,scoreA,0,0,0,0,0,0,56,0,60,0
473,90,fedrn,0,0,0,0,0,0,55,0,59,0
473,90,final,0,0,0,0,0,0,55,0,59,0
473,84,scoreA,70,0,0,0,0,1,0,0,0,71
473,84,fedrn,68,0,0,0,0,0,0,0,0,71
473,84,final,68,0,0,0,0,0,0,0,0,71
473,67,scoreA,0,89,0,0,0,0,0,0,101,0
473,67,fedrn,0,88,0,0,0,0,0,0,101,0
473,67,final,0,88,0,0,0,0,0,0,101,0
473,15,scoreA,0,0,0,0,0,168,0,178,0,0
473,15,fedrn,0,0,0,0,0,168,0,178,0,0
473,15,final,0,0,0,0,0,168,0,178,0,0
473,12,scoreA,0,0,0,188,0,0,0,0,0,170
473,12,fedrn,0,0,0,188,0,0,0,0,0,170
473,12,final,0,0,0,188,0,0,0,0,0,170
473,32,scoreA,161,0,0,1,0,0,0,0,0,139
473,32,fedrn,162,0,0,0,0,0,0,0,0,137
473,32,final,162,0,0,0,0,0,0,0,0,137
473,23,scoreA,0,166,0,0,0,162,0,0,0,0
473,23,fedrn,0,165,0,0,0,161,0,0,0,0
473,23,final,0,165,0,0,0,161,0,0,0,0
473,17,scoreA,0,0,0,172,156,0,0,0,0,0
473,17,fedrn,0,0,0,180,148,0,0,0,0,0
473,17,final,0,0,0,180,148,0,0,0,0,0
473,88,scoreA,119,0,0,0,0,0,0,0,0,0
473,88,fedrn,119,0,0,0,0,0,0,0,0,0
473,88,final,119,0,0,0,0,0,0,0,0,0
474,48,scoreA,0,0,0,131,116,0,0,0,0,0
474,48,fedrn,0,0,0,132,112,0,0,0,0,0
474,48,final,0,0,0,132,112,0,0,0,0,0
474,3,scoreA,0,0,0,0,0,0,196,0,193,0
474,3,fedrn,0,0,0,0,0,0,194,0,193,0
474,3,final,0,0,0,0,0,0,194,0,193,0
474,72,scoreA,0,101,0,0,0,0,0,0,0,93
474,72,fedrn,0,102,0,0,0,0,0,0,0,93
474,72,final,0,102,0,0,0,0,0,0,0,93
474,76,scoreA,0,84,0,77,0,0,0,0,1,0
474,76,fedrn,0,83,0,76,0,0,0,0,1,0
474,76,final,0,83,0,76,0,0,0,0,1,0
474,32,scoreA,158,0,0,0,0,0,0,0,0,140
474,32,fedrn,159,0,0,0,0,0,0,0,0,138
474,32,final,159,0,0,0,0,0,0,0,0,138
474,92,scoreA,0,47,0,61,0,0,0,0,0,0
474,92,fedrn,0,47,0,61,0,0,0,0,0,0
474,92,final,0,47,0,61,0,0,0,0,0,0
474,59,scoreA,113,0,0,0,0,0,0,103,0,0
474,59,fedrn,113,0,0,0,0,0,0,103,0,0
474,59,final,113,0,0,0,0,0,0,103,0,0
474,10,scoreA,0,0,0,186,0,0,0,75,0,0
474,10,fedrn,0,0,0,185,0,0,0,109,0,0
474,10,final,0,0,0,185,0,0,0,109,0,0
474,21,scoreA,0,0,167,0,0,161,0,0,0,0
474,21,fedrn,0,0,167,0,0,161,0,0,0,0
474,21,final,0,0,167,0,0,161,0,0,0,0
474,60,scoreA,0,0,208,0,0,0,0,0,0,0
474,60,fedrn,0,0,208,0,0,0,0,0,0,0
474,60,final,0,0,208,0,0,0,0,0,0,0
475,88,scoreA,119,0,0,0,0,0,0,0,0,0
475,88,fedrn,119,0,0,0,0,0,0,0,0,0
475,88,final,119,0,0,0,0,0,0,0,0,0
475,19,scoreA,0,0,0,0,0,170,163,0,0,0
475,19,fedrn,0,0,0,0,0,170,163,0,0,0
475,19,final,0,0,0,0,0,170,163,0,0,0
475,34,scoreA,0,0,0,157,0,0,0,131,0,0
475,34,fedrn,0,0,0,154,0,0,0,124,0,0
475,34,final,0,0,0,154,0,0,0,124,0,0
475,79,scoreA,71,0,0,0,0,0,0,0,79,0
475,79,fedrn,74,0,0,0,0,0,0,0,75,0
475,79,final,74,0,0,0,0,0,0,0,75,0
475,66,scoreA,0,101,0,0,89,0,0,0,0,0
475,66,fedrn,0,102,0,0,88,0,0,0,0,0
475,66,final,0,102,0,0,88,0,0,0,0,0
475,87,scoreA,0,0,0,0,0,0,0,0,80,61
475,87,fedrn,0,0,0,0,0,0,0,0,82,62
475,87,final,0,0,0,0,0,0,0,0,82,62
475,6,scoreA,0,194,0,0,0,0,187,0,0,0
475,6,fedrn,0,192,0,0,0,0,187,0,0,0
475,6,final,0,192,0,0,0,0,187,0,0,0
475,54,scoreA,0,114,0,0,0,0,117,0,0,0
475,54,fedrn,0,114,0,0,0,0,117,0,0,0
475,54,final,0,114,0,0,0,0,117,0,0,0
475,29,scoreA,0,0,0,0,0,0,0,0,0,308
475,29,fedrn,0,0,0,0,0,0,0,0,0,308
475,29,final,0,0,0,0,0,0,0,0,0,308
475,15,scoreA,0,0,0,0,0,168,0,178,0,0
475,15,fedrn,0,0,0,0,0,168,0,176,0,0
475,15,final,0,0,0,0,0,168,0,176,0,0
476,5,scoreA,187,0,0,0,0,0,194,0,0,0
476,5,fedrn,188,0,0,0,0,0,194,0,0,0
476,5,final,188,0,0,0,0,0,194,0,0,0
476,31,scoreA,146,156,0,0,0,0,0,0,0,0
476,31,fedrn,146,155,0,0,0,0,0,0,0,0
476,31,final,146,155,0,0,0,0,0,0,0,0
476,17,scoreA,0,0,0,182,154,0,0,0,0,0
476,17,fedrn,0,0,0,183,150,0,0,0,0,0
476,17,final,0,0,0,183,150,0,0,0,0,0
476,67,scoreA,0,89,0,0,0,0,0,0,101,0
476,67,fedrn,0,89,0,0,0,0,0,0,100,0
476,67,final,0,89,0,0,0,0,0,0,100,0
476,2,scoreA,0,0,0,0,0,0,0,0,0,394
476,2,fedrn,0,0,0,0,0,0,0,0,0,394
476,2,final,0,0,0,0,0,0,0,0,0,394
476,50,scoreA,0,0,0,137,0,0,0,0,0,0
476,50,fedrn,0,0,0,137,0,0,0,0,0,0
476,50,final,0,0,0,137,0,0,0,0,0,0
476,95,scoreA,0,0,0,61,50,0,0,0,0,0
476,95,fedrn,0,0,0,58,47,0,0,0,0,0
476,95,final,0,0,0,58,47,0,0,0,0,0
476,57,scoreA,0,0,0,0,116,0,107,0,0,0
476,57,fedrn,0,0,0,0,116,0,107,0,0,0
476,57,final,0,0,0,0,116,0,107,0,0,0
476,66,scoreA,0,101,0,0,91,0,0,0,0,0
476,66,fedrn,0,100,0,0,89,0,0,0,0,0
476,66,final,0,100,0,0,89,0,0,0,0,0
476,8,scoreA,0,0,0,0,0,0,0,186,188,0
476,8,fedrn,0,0,0,0,0,0,0,186,185,0
476,8,final,0,0,0,0,0,0,0,186,185,0
477,35,scoreA,0,0,135,0,0,0,0,0,157,0
477,35,fedrn,0,0,135,0,0,0,0,0,157,0
477,35,final,0,0,135,0,0,0,0,0,157,0
477,10,scoreA,0,0,0,185,0,0,0,154,0,0
477,10,fedrn,0,0,0,184,0,0,0,140,0,0
477,10,final,0,0,0,184,0,0,0,140,0,0
477,81,scoreA,0,0,0,74,0,0,0,70,3,0
477,81,fedrn,0,0,0,74,0,0,0,68,2,0
477,81,final,0,0,0,74,0,0,0,68,2,0
477,82,scoreA,0,0,0,0,71,0,0,0,69,0
477,82,fedrn,0,0,0,0,70,0,0,0,69,0
477,82,final,0,0,0,0,70,0,0,0,69,0
477,22,scoreA,167,0,0,0,0,167,0,0,0,0
477,22,fedrn,167,0,0,0,0,164,0,0,0,0
477,22,final,167,0,0,0,0,164,0,0,0,0
477,49,scoreA,0,0,122,0,0,0,0,125,0,0
477,49,fedrn,0,0,121,0,0,0,0,121,0,0
477,49,final,0,0,121,0,0,0,0,121,0,0
477,92,scoreA,0,47,0,61,0,0,0,0,0,0
477,92,fedrn,0,47,0,61,0,0,0,0,0,0
477,92,final,0,47,0,61,0,0,0,0,0,0
477,40,scoreA,0,0,0,153,0,130,0,0,0,0
477,40,fedrn,0,0,0,154,0,130,0,0,0,0
477,40,final,0,0,0,154,0,130,0,0,0,0
477,47,scoreA,0,0,0,0,0,131,0,0,0,117
477,47,fedrn,0,0,0,0,0,132,0,0,0,117
477,47,final,0,0,0,0,0,132,0,0,0,117
477,16,scoreA,175,0,0,167,0,0,0,0,0,0
477,16,fedrn,178,0,0,166,0,0,0,0,0,0
477,16,final,178,0,0,166,0,0,0,0,0,0
478,4,scoreA,0,0,0,0,0,0,0,196,188,0
478,4,fedrn,0,0,0,0,0,0,0,196,188,0
478,4,final,0,0,0,0,0,0,0,196,188,0
478,75,scoreA,0,0,0,85,0,0,0,0,75,0
478,75,fedrn,0,0,0,87,0,0,0,0,70,0
478,75,final,0,0,0,87,0,0,0,0,70,0
478,99,scoreA,0,0,0,0,0,0,0,0,51,55
478,99,fedrn,0,0,0,0,0,0,0,0,49,57
478,99,final,0,0,0,0,0,0,0,0,49,57
478,31,scoreA,143,158,0,0,0,0,0,0,0,0
478,31,fedrn,146,156,0,0,0,0,0,0,0,0
478,31,final,146,156,0,0,0,0,0,0,0,0
478,83,scoreA,0,0,73,0,0,0,0,0,0,66
478,83,fedrn,0,0,72,0,0,0,0,0,0,67
478,83,final,0,0,72,0,0,0,0,0,0,67
478,54,scoreA,0,114,0,0,0,0,117,0,0,0
478,54,fedrn,0,114,0,0,0,0,117,0,0,0
478,54,final,0,114,0,0,0,0,117,0,0,0
478,48,scoreA,0,0,0,132,111,0,0,0,0,0
478,48,fedrn,0,0,0,132,109,0,0,0,0,0
478,48,final,0,0,0,132,109,0,0,0,0,0
478,97,scoreA,0,3,28,12,64,19,5,66,11,2
478,97,fedrn,0,3,31,14,65,21,5,66,12,4
478,97,final,0,3,31,14,65,21,5,66,12,4
478,26,scoreA,0,0,0,0,0,0,0,159,0,156
478,26,fedrn,0,0,0,0,0,0,0,159,0,156
478,26,final,0,0,0,0,0,0,0,159,0,156
478,58,scoreA,0,0,0,0,115,0,0,0,0,100
478,58,fedrn,0,0,0,0,115,0,0,0,0,100
478,58,final,0,0,0,0,115,0,0,0,0,100
479,13,scoreA,0,0,0,0,0,0,175,0,184,0
479,13,fedrn,0,0,0,0,0,0,175,0,184,0
479,13,final,0,0,0,0,0,0,175,0,184,0
479,50,scoreA,0,0,0,137,0,0,0,0,0,0
479,50,fedrn,0,0,0,137,0,0,0,0,0,0
479,50,final,0,0,0,137,0,0,0,0,0,0
479,6,scoreA,0,194,0,0,0,0,187,0,0,0
479,6,fedrn,0,193,0,0,0,0,187,0,0,0
479,6,final,0,193,0,0,0,0,187,0,0,0
479,0,scoreA,0,0,384,0,0,0,0,0,0,0
479,0,fedrn,0,0,396,0,0,0,0,0,0,0
479,0,final,0,0,396,0,0,0,0,0,0,0
479,16,scoreA,176,0,0,165,0,0,0,0,0,0
479,16,fedrn,174,0,0,166,0,0,0,0,0,0
479,16,final,174,0,0,166,0,0,0,0,0,0
479,1,scoreA,0,0,0,0,196,0,0,0,197,0
479,1,fedrn,0,0,0,0,197,0,0,0,197,0
479,1,final,0,0,0,0,197,0,0,0,197,0
479,82,scoreA,0,0,0,0,71,0,0,0,69,0
479,82,fedrn,0,0,0,0,69,0,0,0,68,0
479,82,final,0,0,0,0,69,0,0,0,68,0
479,86,scoreA,0,64,0,63,0,0,0,0,0,0
479,86,fedrn,0,64,0,63,0,0,0,0,0,0
479,86,final,0,64,0,63,0,0,0,0,0,0
479,89,scoreA,70,0,0,0,0,0,0,0,0,54
479,89,fedrn,68,0,0,0,0,0,0,0,0,50
479,89,final,68,0,0,0,0,0,0,0,0,50
479,36,scoreA,0,149,0,137,0,0,0,0,0,0
479,36,fedrn,0,149,0,137,0,0,0,0,0,0
479,36,final,0,149,0,137,0,0,0,0,0,0
480,10,scoreA,0,0,0,184,0,0,0,159,0,0
480,10,fedrn,0,0,0,183,0,0,0,159,0,0
480,10,final,0,0,0,183,0,0,0,159,0,0
480,0,scoreA,0,0,375,0,0,0,0,0,0,0
480,0,fedrn,0,0,399,0,0,0,0,0,0,0
480,0,final,0,0,399,0,0,0,0,0,0,0
480,13,scoreA,0,0,0,0,0,0,175,0,184,0
480,13,fedrn,0,0,0,0,0,0,175,0,182,0
480,13,final,0,0,0,0,0,0,175,0,182,0
480,46,scoreA,0,0,0,0,0,0,123,0,0,128
480,46,fedrn,0,0,0,0,0,0,123,0,0,129
480,46,final,0,0,0,0,0,0,123,0,0,129
480,27,scoreA,0,0,156,0,0,154,0,0,0,0
480,27,fedrn,0,0,154,0,0,155,0,0,0,0
480,27,final,0,0,154,0,0,155,0,0,0,0
480,77,scoreA,0,77,0,0,0,0,0,0,78,0
480,77,fedrn,0,83,0,0,0,0,0,0,75,0
480,77,final,0,83,0,0,0,0,0,0,75,0
480,7,scoreA,191,186,0,0,0,0,0,0,0,0
480,7,fedrn,191,186,0,0,0,0,0,0,0,0
480,7,final,191,186,0,0,0,0,0,0,0,0
480,5,scoreA,188,0,0,0,0,0,194,0,0,0
480,5,fedrn,188,0,0,0,0,0,194,0,0,0
480,5,final,188,0,0,0,0,0,194,0,0,0
480,95,scoreA,0,0,0,58,50,0,0,0,0,0
480,95,fedrn,0,0,0,60,48,0,0,0,0,0
480,95,final,0,0,0,60,48,0,0,0,0,0
480,73,scoreA,89,0,0,0,0,0,83,0,0,0
480,73,fedrn,89,0,0,0,0,0,83,0,0,0
480,73,final,89,0,0,0,0,0,83,0,0,0
481,36,scoreA,0,150,0,137,0,0,0,0,0,0
481,36,fedrn,0,149,0,137,0,0,0,0,0,0
481,36,final,0,149,0,137,0,0,0,0,0,0
481,11,scoreA,0,0,0,0,187,168,0,0,0,0
481,11,fedrn,0,0,0,0,186,167,0,0,0,0
481,11,final,0,0,0,0,186,167,0,0,0,0
481,40,scoreA,0,0,0,154,0,129,0,0,0,0
481,40,fedrn,0,0,0,154,1,130,0,0,0,0
481,40,final,0,0,0,154,1,130,0,0,0,0
481,42,scoreA,0,148,0,0,0,0,0,0,125,0
481,42,fedrn,0,148,0,0,0,0,0,0,123,0
481,42,final,0,148,0,0,0,0,0,0,123,0
481,53,scoreA,116,0,0,0,0,0,0,115,0,0
481,53,fedrn,116,0,0,0,0,0,0,115,0,0
481,53,final,116,0,0,0,0,0,0,115,0,0
481,95,scoreA,0,0,0,47,56,0,0,0,0,0
481,95,fedrn,0,0,0,55,49,0,0,0,0,0
481,95,final,0,0,0,55,49,0,0,0,0,0
481,90,scoreA,0,0,0,0,0,0,55,0,60,0
481,90,fedrn,0,0,0,0,0,0,55,0,59,0
481,90,final,0,0,0,0,0,0,55,0,59,0
481,58,scoreA,0,0,0,0,118,0,0,0,0,101
481,58,fedrn,0,0,0,0,116,0,0,0,0,100
481,58,final,0,0,0,0,116,0,0,0,0,100
481,92,scoreA,0,47,0,61,0,0,0,0,0,0
481,92,fedrn,0,48,0,61,0,0,0,0,0,0
481,92,final,0,48,0,61,0,0,0,0,0,0
481,51,scoreA,0,0,0,0,119,0,0,127,1,0
481,51,fedrn,0,0,0,0,118,0,0,126,1,0
481,51,final,0,0,0,0,118,0,0,126,1,0
482,15,scoreA,0,0,0,0,0,169,0,180,0,0
482,15,fedrn,0,0,0,0,0,167,0,175,0,0
482,15,final,0,0,0,0,0,167,0,175,0,0
482,23,scoreA,0,165,0,0,0,162,0,0,0,0
482,23,fedrn,0,165,0,0,0,161,0,0,0,0
482,23,final,0,165,0,0,0,161,0,0,0,0
482,32,scoreA,160,0,0,1,0,0,0,0,0,140
482,32,fedrn,160,0,0,0,0,0,0,0,0,139
482,32,final,160,0,0,0,0,0,0,0,0,139
482,59,scoreA,113,0,0,0,0,0,0,104,0,0
482,59,fedrn,113,0,0,0,0,0,0,103,0,0
482,59,final,113,0,0,0,0,0,0,103,0,0
482,52,scoreA,0,0,0,0,0,0,0,117,115,0
482,52,fedrn,0,0,0,0,0,0,0,117,116,0
482,52,final,0,0,0,0,0,0,0,117,116,0
482,28,scoreA,0,0,158,0,0,0,0,156,0,0
482,28,fedrn,0,0,157,0,0,0,0,156,0,0
482,28,final,0,0,157,0,0,0,0,156,0,0
482,36,scoreA,0,151,0,137,0,0,0,0,0,0
482,36,fedrn,0,149,0,137,0,0,0,0,0,0
482,36,final,0,149,0,137,0,0,0,0,0,0
482,44,scoreA,0,0,0,0,0,0,129,132,2,0
482,44,fedrn,0,0,0,0,0,0,129,131,2,0
482,44,final,0,0,0,0,0,0,129,131,2,0
482,80,scoreA,0,0,0,0,0,0,144,0,0,0
482,80,fedrn,0,0,0,0,0,0,142,0,0,0
482,80,final,0,0,0,0,0,0,142,0,0,0
482,90,scoreA,0,0,0,0,0,0,55,0,60,0
482,90,fedrn,0,0,0,0,0,0,55,0,60,0
482,90,final,0,0,0,0,0,0,55,0,60,0
483,15,scoreA,0,0,0,0,0,167,0,180,0,0
483,15,fedrn,0,0,0,0,0,168,0,172,0,0
483,15,final,0,0,0,0,0,168,0,172,0,0
483,95,scoreA,0,0,0,61,49,0,0,0,0,0
483,95,fedrn,0,0,0,61,46,0,0,0,0,0
483,95,final,0,0,0,61,46,0,0,0,0,0
483,90,scoreA,0,0,0,0,0,0,56,0,60,0
483,90,fedrn,0,0,0,0,0,0,55,0,59,0
483,90,final,0,0,0,0,0,0,55,0,59,0
483,2,scoreA,0,0,0,0,0,0,0,0,0,394
483,2,fedrn,0,0,0,0,0,0,0,0,0,394
483,2,final,0,0,0,0,0,0,0,0,0,394
483,29,scoreA,0,0,0,0,0,0,0,0,0,308
483,29,fedrn,0,0,0,0,0,0,0,0,0,308
483,29,final,0,0,0,0,0,0,0,0,0,308
483,76,scoreA,0,83,0,77,0,0,0,0,1,0
483,76,fedrn,0,83,0,77,0,0,0,0,0,0
483,76,final,0,83,0,77,0,0,0,0,0,0
483,91,scoreA,0,0,81,0,0,0,46,0,0,0
483,91,fedrn,0,0,81,0,0,0,42,0,0,0
483,91,final,0,0,81,0,0,0,42,0,0,0
483,53,scoreA,116,0,0,0,0,0,0,115,0,0
483,53,fedrn,116,0,0,0,0,0,0,113,0,0
483,53,final,116,0,0,0,0,0,0,113,0,0
483,9,scoreA,0,372,0,0,0,0,0,0,0,0
483,9,fedrn,0,372,0,0,0,0,0,0,0,0
483,9,final,0,372,0,0,0,0,0,0,0,0
483,28,scoreA,0,0,157,0,0,0,0,156,0,0
483,28,fedrn,0,0,158,0,0,0,0,156,0,0
483,28,final,0,0,158,0,0,0,0,156,0,0
484,47,scoreA,0,0,0,0,0,132,0,0,0,117
484,47,fedrn,0,0,0,0,0,132,0,0,0,117
484,47,final,0,0,0,0,0,132,0,0,0,117
484,41,scoreA,130,0,0,136,0,0,0,0,0,0
484,41,fedrn,131,0,0,136,0,0,0,0,0,0
484,41,final,131,0,0,136,0,0,0,0,0,0
484,35,scoreA,0,0,135,0,0,0,0,0,157,0
484,35,fedrn,0,0,135,0,0,0,0,0,157,0
484,35,final,0,0,135,0,0,0,0,0,157,0
484,3,scoreA,0,0,0,0,0,0,196,0,193,0
484,3,fedrn,0,0,0,0,0,0,195,0,193,0
484,3,final,0,0,0,0,0,0,195,0,193,0
484,61,scoreA,0,0,0,0,0,0,205,0,0,0
484,61,fedrn,0,0,0,0,0,0,204,0,0,0
484,61,final,0,0,0,0,0,0,204,0,0,0
484,13,scoreA,0,0,0,0,0,0,175,0,181,0
484,13,fedrn,0,0,0,0,0,0,175,0,182,0
484,13,final,0,0,0,0,0,0,175,0,182,0
484,12,scoreA,0,0,0,188,0,0,0,0,0,168
484,12,fedrn,0,0,0,188,0,0,0,0,0,171
484,12,final,0,0,0,188,0,0,0,0,0,171
484,23,scoreA,0,166,0,0,0,161,0,0,0,0
484,23,fedrn,0,166,0,0,0,162,0,0,0,0
484,23,final,0,166,0,0,0,162,0,0,0,0
484,85,scoreA,0,65,0,0,65,0,0,0,0,0
484,85,fedrn,0,63,0,0,65,0,0,0,0,0
484,85,final,0,63,0,0,65,0,0,0,0,0
484,55,scoreA,0,0,0,0,118,0,0,110,1,0
484,55,fedrn,0,0,0,0,118,0,0,109,1,0
484,55,final,0,0,0,0,118,0,0,109,1,0
485,29,scoreA,0,0,0,0,0,0,0,0,0,308
485,29,fedrn,0,0,0,0,0,0,0,0,0,308
485,29,final,0,0,0,0,0,0,0,0,0,308
485,91,scoreA,0,0,78,0,0,0,48,0,0,0
485,91,fedrn,0,0,79,0,0,0,44,0,1,0
485,91,final,0,0,79,0,0,0,44,0,1,0
485,42,scoreA,0,149,0,0,0,0,0,0,123,0
485,42,fedrn,0,148,0,0,0,0,0,0,123,0
485,42,final,0,148,0,0,0,0,0,0,123,0
485,80,scoreA,0,0,0,0,0,0,144,0,0,0
485,80,fedrn,0,0,0,0,0,0,142,0,0,0
485,80,final,0,0,0,0,0,0,142,0,0,0
485,87,scoreA,0,0,0,0,0,0,0,0,78,64
485,87,fedrn,0,0,0,0,0,0,0,0,79,62
485,87,final,0,0,0,0,0,0,0,0,79,62
485,89,scoreA,70,0,0,0,0,0,0,0,0,54
485,89,fedrn,67,0,0,0,0,0,0,0,0,54
485,89,final,67,0,0,0,0,0,0,0,0,54
485,10,scoreA,0,0,0,183,0,0,0,173,0,0
485,10,fedrn,0,0,0,180,0,0,0,167,0,0
485,10,final,0,0,0,180,0,0,0,167,0,0
485,85,scoreA,0,64,0,0,65,0,0,0,0,0
485,85,fedrn,0,63,0,0,65,0,0,0,0,0
485,85,final,0,63,0,0,65,0,0,0,0,0
485,40,scoreA,0,0,0,153,1,131,0,0,0,0
485,40,fedrn,0,0,0,154,1,132,0,0,0,0
485,40,final,0,0,0,154,1,132,0,0,0,0
485,57,scoreA,0,0,0,0,116,0,108,0,0,0
485,57,fedrn,0,0,0,0,116,0,107,0,0,0
485,57,final,0,0,0,0,116,0,107,0,0,0
486,54,scoreA,0,115,0,0,0,0,117,0,0,0
486,54,fedrn,0,114,0,0,0,0,117,0,0,0
486,54,final,0,114,0,0,0,0,117,0,0,0
486,73,scoreA,89,0,0,0,0,0,83,0,0,0
486,73,fedrn,88,0,0,0,0,0,83,0,0,0
486,73,final,88,0,0,0,0,0,83,0,0,0
486,25,scoreA,0,0,0,162,0,0,0,0,160,0
486,25,fedrn,0,0,0,162,0,0,0,0,158,0
486,25,final,0,0,0,162,0,0,0,0,158,0
486,62,scoreA,99,0,0,0,0,0,0,107,0,0
486,62,fedrn,99,0,0,0,0,0,0,106,0,0
486,62,final,99,0,0,0,0,0,0,106,0,0
486,78,scoreA,0,0,70,0,100,0,0,0,0,0
486,78,fedrn,0,0,67,0,100,0,0,0,0,0
486,78,final,0,0,67,0,100,0,0,0,0,0
486,95,scoreA,0,0,0,59,48,0,0,0,0,0
486,95,fedrn,0,0,0,60,44,0,0,0,0,0
486,95,final,0,0,0,60,44,0,0,0,0,0
486,34,scoreA,0,0,0,155,0,0,0,128,0,0
486,34,fedrn,0,0,0,155,0,0,0,122,0,0
486,34,final,0,0,0,155,0,0,0,122,0,0
486,60,scoreA,0,0,208,0,0,0,0,0,0,0
486,60,fedrn,0,0,208,0,0,0,0,0,0,0
486,60,final,0,0,208,0,0,0,0,0,0,0
486,83,scoreA,0,0,73,0,0,0,0,0,0,67
486,83,fedrn,0,0,71,0,0,0,0,0,0,64
486,83,final,0,0,71,0,0,0,0,0,0,64
486,38,scoreA,0,0,141,0,0,0,0,141,0,0
486,38,fedrn,0,0,141,0,0,0,0,141,0,0
486,38,final,0,0,141,0,0,0,0,141,0,0
487,67,scoreA,0,89,0,0,0,0,0,0,99,0
487,67,fedrn,0,88,0,0,0,0,0,0,101,0
487,67,final,0,88,0,0,0,0,0,0,101,0
487,25,scoreA,0,0,0,161,0,0,0,0,160,0
487,25,fedrn,0,0,0,159,0,0,0,0,159,0
487,25,final,0,0,0,159,0,0,0,0,159,0
487,95,scoreA,0,0,0,45,46,0,0,0,0,0
487,95,fedrn,0,0,0,54,45,0,0,0,0,0
487,95,final,0,0,0,54,45,0,0,0,0,0
487,29,scoreA,0,0,0,0,0,0,0,0,0,308
487,29,fedrn,0,0,0,0,0,0,0,0,0,308
487,29,final,0,0,0,0,0,0,0,0,0,308
487,70,scoreA,0,0,0,0,0,86,0,0,90,0
487,70,fedrn,0,0,0,0,0,86,0,0,90,0
487,70,final,0,0,0,0,0,86,0,0,90,0
487,28,scoreA,0,0,155,0,0,0,0,154,0,0
487,28,fedrn,0,0,158,0,0,0,0,152,0,0
487,28,final,0,0,158,0,0,0,0,152,0,0
487,87,scoreA,0,0,0,0,0,0,0,0,79,63
487,87,fedrn,0,0,0,0,0,0,0,0,80,62
487,87,final,0,0,0,0,0,0,0,0,80,62
487,55,scoreA,0,0,0,0,118,0,0,110,1,0
487,55,fedrn,0,0,0,0,119,0,0,106,1,0
487,55,final,0,0,0,0,119,0,0,106,1,0
487,58,scoreA,0,0,0,0,117,0,0,0,0,100
487,58,fedrn,0,0,0,0,117,0,0,0,0,99
487,58,final,0,0,0,0,117,0,0,0,0,99
487,16,scoreA,177,0,0,165,0,0,0,0,0,0
487,16,fedrn,177,0,0,166,0,0,0,0,0,0
487,16,final,177,0,0,166,0,0,0,0,0,0
488,24,scoreA,0,0,0,0,173,153,0,0,0,0
488,24,fedrn,0,0,0,0,172,153,0,0,0,0
488,24,final,0,0,0,0,172,153,0,0,0,0
488,96,scoreA,0,40,0,55,0,0,0,0,1,0
488,96,fedrn,0,40,0,54,0,0,9,0,1,0
488,96,final,0,40,0,54,0,0,9,0,1,0
488,98,scoreA,0,0,0,0,43,57,0,0,0,0
488,98,fedrn,0,0,0,0,48,54,0,0,0,0
488,98,final,0,0,0,0,48,54,0,0,0,0
488,50,scoreA,0,0,0,137,0,0,0,0,0,0
488,50,fedrn,0,0,0,136,0,0,0,0,0,0
488,50,final,0,0,0,136,0,0,0,0,0,0
488,55,scoreA,0,0,0,0,121,0,0,103,1,0
488,55,fedrn,0,0,0,0,121,0,0,100,1,0
488,55,final,0,0,0,0,121,0,0,100,1,0
488,93,scoreA,0,0,0,0,0,0,48,0,0,64
488,93,fedrn,0,0,0,0,0,0,47,0,0,62
488,93,final,0,0,0,0,0,0,47,0,0,62
488,10,scoreA,0,0,0,181,0,0,0,173,0,0
488,10,fedrn,0,0,0,181,1,0,0,170,0,0
488,10,final,0,0,0,181,1,0,0,170,0,0
488,99,scoreA,0,0,0,0,0,0,0,0,46,58
488,99,fedrn,0,0,0,0,0,0,0,0,43,58
488,99,final,0,0,0,0,0,0,0,0,43,58
488,76,scoreA,0,85,0,77,0,0,0,0,0,0
488,76,fedrn,0,83,0,77,0,0,0,0,0,0
488,76,final,0,83,0,77,0,0,0,0,0,0
488,39,scoreA,138,0,0,0,0,0,0,0,144,0
488,39,fedrn,139,0,0,0,0,0,0,0,142,0
488,39,final,139,0,0,0,0,0,0,0,142,0
489,5,scoreA,188,0,0,0,0,0,194,0,0,0
489,5,fedrn,188,0,0,0,0,0,193,0,0,0
489,5,final,188,0,0,0,0,0,193,0,0,0
489,79,scoreA,75,0,0,0,0,0,0,0,77,0
489,79,fedrn,73,0,0,0,0,0,0,0,70,0
489,79,final,73,0,0,0,0,0,0,0,70,0
489,60,scoreA,0,0,208,0,0,0,0,0,0,0
489,60,fedrn,0,0,208,0,0,0,0,0,0,0
489,60,final,0,0,208,0,0,0,0,0,0,0
489,65,scoreA,0,0,0,107,62,0,0,0,0,1
489,65,fedrn,0,0,0,107,77,0,0,0,0,0
489,65,final,0,0,0,107,77,0,0,0,0,0
489,92,scoreA,0,48,0,61,0,0,0,0,0,0
489,92,fedrn,0,48,0,61,0,0,0,0,0,0
489,92,final,0,48,0,61,0,0,0,0,0,0
489,30,scoreA,137,0,161,0,0,0,0,0,0,0
489,30,fedrn,140,0,160,0,0,0,0,0,0,0
489,30,final,140,0,160,0,0,0,0,0,0,0
489,59,scoreA,114,0,0,0,0,0,0,104,0,0
489,59,fedrn,113,0,0,0,0,0,0,102,0,0
489,59,final,113,0,0,0,0,0,0,102,0,0
489,52,scoreA,0,0,0,0,0,0,0,117,116,0
489,52,fedrn,0,0,0,0,0,0,0,117,115,0
489,52,final,0,0,0,0,0,0,0,117,115,0
489,53,scoreA,116,0,0,0,0,0,0,115,0,0
489,53,fedrn,116,0,0,0,0,0,0,113,0,0
489,53,final,116,0,0,0,0,0,0,113,0,0
489,26,scoreA,0,0,0,0,0,0,0,161,0,156
489,26,fedrn,0,0,0,0,0,0,0,160,0,156
489,26,final,0,0,0,0,0,0,0,160,0,156
490,17,scoreA,0,0,0,183,151,0,0,0,0,0
490,17,fedrn,0,0,0,185,152,0,0,0,0,0
490,17,final,0,0,0,185,152,0,0,0,0,0
490,82,scoreA,0,0,0,0,72,0,0,0,68,0
490,82,fedrn,0,0,0,0,68,0,0,0,68,0
490,82,final,0,0,0,0,68,0,0,0,68,0
490,39,scoreA,127,0,0,0,0,0,0,0,145,0
490,39,fedrn,137,0,0,0,0,0,0,0,142,0
490,39,final,137,0,0,0,0,0,0,0,142,0
490,23,scoreA,0,166,0,0,0,162,0,0,0,0
490,23,fedrn,0,167,0,0,0,162,0,0,0,0
490,23,final,0,167,0,0,0,162,0,0,0,0
490,10,scoreA,0,0,0,181,1,0,0,172,0,0
490,10,fedrn,0,0,0,183,1,0,0,162,0,0
490,10,final,0,0,0,183,1,0,0,162,0,0
490,55,scoreA,0,0,0,0,120,0,0,109,1,0
490,55,fedrn,0,0,0,0,118,0,0,105,1,0
490,55,final,0,0,0,0,118,0,0,105,1,0
490,87,scoreA,0,0,0,0,0,0,0,0,82,59
490,87,fedrn,0,0,0,0,0,0,0,0,82,62
490,87,final,0,0,0,0,0,0,0,0,82,62
490,97,scoreA,0,3,32,13,66,24,5,62,12,4
490,97,fedrn,0,3,32,15,66,22,5,66,11,4
490,97,final,0,3,32,15,66,22,5,66,11,4
490,49,scoreA,0,0,121,0,0,0,0,126,0,0
490,49,fedrn,0,0,119,0,0,0,0,126,0,0
490,49,final,0,0,119,0,0,0,0,126,0,0
490,18,scoreA,170,0,0,0,0,0,170,0,0,0
490,18,fedrn,171,0,0,0,0,0,169,0,0,0
490,18,final,171,0,0,0,0,0,169,0,0,0
491,61,scoreA,0,0,0,0,0,0,205,0,0,0
491,61,fedrn,0,0,0,0,0,0,205,0,0,0
491,61,final,0,0,0,0,0,0,205,0,0,0
491,53,scoreA,116,0,0,0,0,0,0,115,0,0
491,53,fedrn,117,0,0,0,0,0,0,114,0,0
491,53,final,117,0,0,0,0,0,0,114,0,0
491,60,scoreA,0,0,208,0,0,0,0,0,0,0
491,60,fedrn,0,0,208,0,0,0,0,0,0,0
491,60,final,0,0,208,0,0,0,0,0,0,0
491,63,scoreA,0,0,0,0,93,110,0,0,0,0
491,63,fedrn,0,0,0,0,89,113,0,0,0,0
491,63,final,0,0,0,0,89,113,0,0,0,0
491,1,scoreA,0,0,0,0,196,0,0,0,197,0
491,1,fedrn,0,0,0,0,196,0,0,0,195,0
491,1,final,0,0,0,0,196,0,0,0,195,0
491,44,scoreA,0,0,0,0,0,0,129,132,2,0
491,44,fedrn,0,0,0,0,0,0,129,126,2,0
491,44,final,0,0,0,0,0,0,129,126,2,0
491,57,scoreA,0,0,0,0,116,0,108,0,0,0
491,57,fedrn,0,0,0,0,116,0,108,0,0,0
491,57,final,0,0,0,0,116,0,108,0,0,0
491,2,scoreA,0,0,0,0,0,0,0,0,0,394
491,2,fedrn,0,0,0,0,0,0,0,0,0,394
491,2,final,0,0,0,0,0,0,0,0,0,394
491,64,scoreA,0,0,196,0,0,0,0,0,0,0
491,64,fedrn,0,0,196,0,0,0,0,0,0,0
491,64,final,0,0,196,0,0,0,0,0,0,0
491,55,scoreA,0,0,0,0,119,0,0,109,1,0
491,55,fedrn,0,0,0,0,120,0,0,104,1,0
491,55,final,0,0,0,0,120,0,0,104,1,0
492,21,scoreA,0,0,164,0,0,164,0,0,0,0
492,21,fedrn,0,0,164,0,0,163,0,0,0,0
492,21,final,0,0,164,0,0,163,0,0,0,0
492,4,scoreA,0,0,0,0,0,0,0,196,188,0
492,4,fedrn,0,0,0,0,0,0,0,196,188,0
492,4,final,0,0,0,0,0,0,0,196,188,0
492,68,scoreA,0,0,0,0,0,0,96,0,0,87
492,68,fedrn,0,0,0,0,0,0,96,0,0,87
492,68,final,0,0,0,0,0,0,96,0,0,87
492,85,scoreA,0,65,0,0,65,0,0,0,0,0
492,85,fedrn,0,64,0,0,65,0,0,0,0,0
492,85,final,0,64,0,0,65,0,0,0,0,0
492,61,scoreA,0,0,0,0,0,0,205,0,0,0
492,61,fedrn,0,0,0,0,0,0,205,0,0,0
492,61,final,0,0,0,0,0,0,205,0,0,0
492,65,scoreA,0,0,0,105,91,0,0,0,0,0
492,65,fedrn,0,0,0,106,90,0,0,0,0,0
492,65,final,0,0,0,106,90,0,0,0,0,0
492,57,scoreA,0,0,0,0,116,0,108,0,0,0
492,57,fedrn,0,0,0,0,116,0,108,0,0,0
492,57,final,0,0,0,0,116,0,108,0,0,0
492,17,scoreA,0,0,0,185,154,0,0,0,0,0
492,17,fedrn,0,0,0,185,155,0,0,0,0,0
492,17,final,0,0,0,185,155,0,0,0,0,0
492,2,scoreA,0,0,0,0,0,0,0,0,0,394
492,2,fedrn,0,0,0,0,0,0,0,0,0,394
492,2,final,0,0,0,0,0,0,0,0,0,394
492,97,scoreA,0,4,34,12,71,25,5,67,11,3
492,97,fedrn,0,4,33,15,69,22,7,68,10,5
492,97,final,0,4,33,15,69,22,7,68,10,5
493,42,scoreA,0,147,0,0,0,0,0,0,124,0
493,42,fedrn,0,147,0,0,0,0,0,0,123,0
493,42,final,0,147,0,0,0,0,0,0,123,0
493,25,scoreA,0,0,0,161,0,0,0,0,159,0
493,25,fedrn,0,0,0,162,0,0,0,0,160,0
493,25,final,0,0,0,162,0,0,0,0,160,0
493,90,scoreA,0,0,0,0,0,1,55,0,60,0
493,90,fedrn,0,0,0,0,0,0,55,0,60,0
493,90,final,0,0,0,0,0,0,55,0,60,0
493,84,scoreA,70,0,0,0,0,0,0,0,0,71
493,84,fedrn,68,0,0,0,0,0,0,0,0,70
493,84,final,68,0,0,0,0,0,0,0,0,70
493,96,scoreA,0,40,0,59,0,0,8,0,1,0
493,96,fedrn,0,40,0,55,0,0,5,0,0,0
493,96,final,0,40,0,55,0,0,5,0,0,0
493,27,scoreA,0,0,153,0,0,136,0,0,0,0
493,27,fedrn,0,0,153,0,0,152,0,0,0,0
493,27,final,0,0,153,0,0,152,0,0,0,0
493,15,scoreA,0,0,0,0,0,169,0,179,0,0
493,15,fedrn,0,0,0,0,0,168,0,172,0,0
493,15,final,0,0,0,0,0,168,0,172,0,0
493,48,scoreA,0,0,0,130,113,0,0,0,0,0
493,48,fedrn,0,0,0,132,112,0,0,0,0,0
493,48,final,0,0,0,132,112,0,0,0,0,0
493,61,scoreA,0,0,0,0,0,0,205,0,0,0
493,61,fedrn,0,0,0,0,0,0,204,0,0,0
493,61,final,0,0,0,0,0,0,204,0,0,0
493,31,scoreA,146,156,0,0,0,0,0,0,0,0
493,31,fedrn,146,154,0,0,0,0,0,0,0,0
493,31,final,146,154,0,0,0,0,0,0,0,0
494,31,scoreA,146,157,0,0,0,0,0,0,0,0
494,31,fedrn,146,156,0,0,0,0,0,0,0,0
494,31,final,146,156,0,0,0,0,0,0,0,0
494,54,scoreA,0,114,0,0,0,0,117,0,0,0
494,54,fedrn,0,114,0,0,0,0,117,0,0,0
494,54,final,0,114,0,0,0,0,117,0,0,0
494,89,scoreA,68,0,0,0,0,0,0,0,0,56
494,89,fedrn,68,0,0,0,0,0,0,0,0,51
494,89,final,68,0,0,0,0,0,0,0,0,51
494,96,scoreA,0,41,0,56,0,0,7,0,0,0
494,96,fedrn,0,39,0,55,0,0,2,0,0,0
494,96,final,0,39,0,55,0,0,2,0,0,0
494,52,scoreA,0,0,0,0,0,0,0,117,115,0
494,52,fedrn,0,0,0,0,0,0,0,117,116,0
494,52,final,0,0,0,0,0,0,0,117,116,0
494,20,scoreA,0,0,169,0,0,0,0,168,0,0
494,20,fedrn,0,0,168,0,0,0,0,168,0,0
494,20,final,0,0,168,0,0,0,0,168,0,0
494,74,scoreA,0,0,0,0,0,164,0,0,0,0
494,74,fedrn,0,0,0,0,0,164,0,0,0,0
494,74,final,0,0,0,0,0,164,0,0,0,0
494,28,scoreA,0,0,157,0,0,0,0,154,0,0
494,28,fedrn,0,0,156,0,0,0,0,156,0,0
494,28,final,0,0,156,0,0,0,0,156,0,0
494,83,scoreA,0,0,73,0,1,0,0,0,0,66
494,83,fedrn,0,0,71,0,0,0,0,0,0,67
494,83,final,0,0,71,0,0,0,0,0,0,67
494,71,scoreA,0,88,0,0,0,87,0,0,0,0
494,71,fedrn,0,88,0,0,0,87,0,0,0,0
494,71,final,0,88,0,0,0,87,0,0,0,0
495,2,scoreA,0,0,0,0,0,0,0,0,0,394
495,2,fedrn,0,0,0,0,0,0,0,0,0,394
495,2,final,0,0,0,0,0,0,0,0,0,394
495,53,scoreA,116,0,0,0,0,0,0,114,0,0
495,53,fedrn,115,0,0,0,0,0,0,114,0,0
495,53,final,115,0,0,0,0,0,0,114,0,0
495,29,scoreA,0,0,0,0,0,0,0,0,0,308
495,29,fedrn,0,0,0,0,0,0,0,0,0,308
495,29,final,0,0,0,0,0,0,0,0,0,308
495,21,scoreA,0,0,167,0,0,162,0,0,0,0
495,21,fedrn,0,0,167,0,0,163,0,0,0,0
495,21,final,0,0,167,0,0,163,0,0,0,0
495,83,scoreA,0,0,71,0,0,0,0,0,0,67
495,83,fedrn,0,0,71,0,0,0,0,0,0,67
495,83,final,0,0,71,0,0,0,0,0,0,67
495,52,scoreA,0,0,0,0,0,0,0,117,116,0
495,52,fedrn,0,0,0,0,0,0,0,117,116,0
495,52,final,0,0,0,0,0,0,0,117,116,0
495,48,scoreA,0,0,0,130,113,0,0,0,0,0
495,48,fedrn,0,0,0,132,107,0,0,0,0,0
495,48,final,0,0,0,132,107,0,0,0,0,0
495,3,scoreA,0,0,0,0,0,0,195,0,193,0
495,3,fedrn,0,0,0,0,0,0,195,0,193,0
495,3,final,0,0,0,0,0,0,195,0,193,0
495,70,scoreA,0,0,0,0,0,86,0,0,90,0
495,70,fedrn,0,0,0,0,0,86,0,0,90,0
495,70,final,0,0,0,0,0,86,0,0,90,0
495,33,scoreA,0,0,0,0,0,143,152,0,0,0
495,33,fedrn,0,0,0,0,0,141,150,0,0,0
495,33,final,0,0,0,0,0,141,150,0,0,0
496,37,scoreA,0,0,0,0,0,140,0,127,1,0
496,37,fedrn,0,0,0,0,0,139,0,132,1,0
496,37,final,0,0,0,0,0,139,0,132,1,0
496,71,scoreA,0,88,0,0,0,87,0,0,0,0
496,71,fedrn,0,86,0,0,0,87,0,0,0,0
496,71,final,0,86,0,0,0,87,0,0,0,0
496,56,scoreA,0,0,122,0,0,0,0,0,0,101
496,56,fedrn,0,0,122,0,0,0,0,0,0,101
496,56,final,0,0,122,0,0,0,0,0,0,101
496,35,scoreA,0,0,136,0,0,0,0,0,157,0
496,35,fedrn,0,0,136,0,0,0,0,0,156,0
496,35,final,0,0,136,0,0,0,0,0,156,0
496,82,scoreA,0,0,0,0,70,0,0,0,68,0
496,82,fedrn,0,0,0,0,68,0,0,0,68,0
496,82,final,0,0,0,0,68,0,0,0,68,0
496,81,scoreA,0,0,0,74,0,0,0,69,2,0
496,81,fedrn,0,0,0,74,0,0,0,67,2,0
496,81,final,0,0,0,74,0,0,0,67,2,0
496,54,scoreA,0,114,0,0,0,0,117,0,0,0
496,54,fedrn,0,114,0,0,0,0,116,0,0,0
496,54,final,0,114,0,0,0,0,116,0,0,0
496,44,scoreA,0,0,0,0,0,0,129,132,2,0
496,44,fedrn,0,0,0,0,0,0,127,132,2,0
496,44,final,0,0,0,0,0,0,127,132,2,0
496,34,scoreA,0,0,0,157,0,0,0,124,0,0
496,34,fedrn,0,0,0,157,0,0,0,120,0,0
496,34,final,0,0,0,157,0,0,0,120,0,0
496,59,scoreA,112,0,0,0,0,0,0,104,0,0
496,59,fedrn,111,0,0,0,0,0,0,104,0,0
496,59,final,111,0,0,0,0,0,0,104,0,0
497,59,scoreA,111,0,0,0,0,0,0,104,0,0
497,59,fedrn,112,0,0,0,0,0,0,103,0,0
497,59,final,112,0,0,0,0,0,0,103,0,0
497,79,scoreA,73,0,0,0,0,0,0,0,74,0
497,79,fedrn,73,0,0,0,0,0,0,0,73,0
497,79,final,73,0,0,0,0,0,0,0,73,0
497,46,scoreA,0,0,0,0,0,0,18,0,0,137
497,46,fedrn,0,0,0,2,0,0,97,0,0,137
497,46,final,0,0,0,2,0,0,97,0,0,137
497,56,scoreA,0,0,123,0,0,0,0,0,0,101
497,56,fedrn,0,0,122,0,0,0,0,0,0,101
497,56,final,0,0,122,0,0,0,0,0,0,101
497,17,scoreA,0,0,0,185,157,0,0,0,0,0
497,17,fedrn,0,0,0,183,157,0,0,0,0,0
497,17,final,0,0,0,183,157,0,0,0,0,0
497,69,scoreA,0,0,95,0,102,0,0,0,0,0
497,69,fedrn,0,0,93,0,101,0,0,0,0,0
497,69,final,0,0,93,0,101,0,0,0,0,0
497,6,scoreA,0,193,0,0,0,0,187,0,0,0
497,6,fedrn,0,193,0,0,0,0,187,0,0,0
497,6,final,0,193,0,0,0,0,187,0,0,0
497,45,scoreA,0,0,0,0,127,126,0,0,0,0
497,45,fedrn,0,0,0,0,127,125,0,0,0,0
497,45,final,0,0,0,0,127,125,0,0,0,0
497,63,scoreA,0,0,0,0,86,114,0,0,0,0
497,63,fedrn,0,0,0,0,86,115,0,0,0,0
497,63,final,0,0,0,0,86,115,0,0,0,0
497,25,scoreA,0,0,0,163,0,0,0,0,161,0
497,25,fedrn,0,0,0,162,0,0,0,0,159,0
497,25,final,0,0,0,162,0,0,0,0,159,0
498,80,scoreA,0,0,0,0,0,0,144,0,0,0
498,80,fedrn,0,0,0,0,0,0,143,0,0,0
498,80,final,0,0,0,0,0,0,143,0,0,0
498,91,scoreA,0,0,79,0,0,0,47,0,0,0
498,91,fedrn,0,0,80,0,0,0,46,0,0,0
498,91,final,0,0,80,0,0,0,46,0,0,0
498,64,scoreA,0,0,196,0,0,0,0,0,0,0
498,64,fedrn,0,0,196,0,0,0,0,0,0,0
498,64,final,0,0,196,0,0,0,0,0,0,0
498,69,scoreA,0,0,95,0,101,0,0,0,0,0
498,69,fedrn,0,0,95,0,101,0,0,0,0,0
498,69,final,0,0,95,0,101,0,0,0,0,0
498,98,scoreA,0,0,0,0,49,53,0,0,0,0
498,98,fedrn,0,0,0,0,51,51,0,0,0,0
498,98,final,0,0,0,0,51,51,0,0,0,0
498,95,scoreA,0,0,0,56,50,0,0,0,0,0
498,95,fedrn,0,0,0,59,49,0,0,0,0,0
498,95,final,0,0,0,59,49,0,0,0,0,0
498,87,scoreA,0,0,0,0,0,0,0,0,82,62
498,87,fedrn,0,0,0,0,0,0,0,0,82,62
498,87,final,0,0,0,0,0,0,0,0,82,62
498,53,scoreA,116,0,0,0,0,0,0,115,0,0
498,53,fedrn,116,0,0,0,0,0,0,114,0,0
498,53,final,116,0,0,0,0,0,0,114,0,0
498,17,scoreA,0,0,0,185,155,0,0,0,0,0
498,17,fedrn,0,0,0,183,157,0,0,0,0,0
498,17,final,0,0,0,183,157,0,0,0,0,0
498,4,scoreA,0,0,0,0,0,0,0,197,188,0
498,4,fedrn,0,0,0,0,0,0,0,196,188,0
498,4,final,0,0,0,0,0,0,0,196,188,0
499,47,scoreA,0,0,0,0,0,132,0,0,0,117
499,47,fedrn,0,0,0,0,0,132,0,0,0,117
499,47,final,0,0,0,0,0,132,0,0,0,117
499,0,scoreA,0,0,379,0,0,0,0,0,0,0
499,0,fedrn,0,0,392,0,0,0,0,0,0,0
499,0,final,0,0,392,0,0,0,0,0,0,0
499,34,scoreA,0,0,0,156,0,0,0,125,0,0
499,34,fedrn,0,0,0,155,0,0,0,123,0,0
499,34,final,0,0,0,155,0,0,0,123,0,0
499,65,scoreA,0,0,0,106,94,0,0,0,0,0
499,65,fedrn,0,0,0,105,88,0,0,0,0,0
499,65,final,0,0,0,105,88,0,0,0,0,0
499,98,scoreA,0,0,2,2,33,63,1,2,0,0
499,98,fedrn,0,0,1,0,51,59,0,0,0,0
499,98,final,0,0,1,0,51,59,0,0,0,0
499,5,scoreA,188,0,0,0,0,0,194,0,0,0
499,5,fedrn,188,0,0,0,0,0,194,0,0,0
499,5,final,188,0,0,0,0,0,194,0,0,0
499,70,scoreA,0,0,0,0,0,85,0,0,90,0
499,70,fedrn,0,0,0,0,0,86,0,0,90,0
499,70,final,0,0,0,0,0,86,0,0,90,0
499,72,scoreA,0,101,0,0,0,0,0,0,0,93
499,72,fedrn,0,101,0,0,0,0,0,0,0,93
499,72,final,0,101,0,0,0,0,0,0,0,93
499,4,scoreA,0,0,0,0,0,0,0,196,188,0
499,4,fedrn,0,0,0,0,0,0,0,196,188,0
499,4,final,0,0,0,0,0,0,0,196,188,0
499,92,scoreA,0,48,0,60,0,0,0,0,0,0
499,92,fedrn,0,46,0,61,0,0,0,0,0,0
499,92,final,0,46,0,61,0,0,0,0,0,0
