epoch,client_id,scoreA_count,scoreA_precision,scoreA_recall,scoreA_false_clean,scoreA_missed_clean,true_clean_count,total_count
100,98,239,0.326360,0.896552,161,9,87,400
100,68,187,0.903743,0.923497,18,14,183,400
100,67,247,0.716599,0.951613,70,9,186,400
100,37,271,0.952030,0.914894,13,24,282,400
100,72,226,0.694690,0.923529,69,13,170,400
100,59,222,0.896396,0.938679,23,13,212,400
100,0,325,1.000000,0.812500,0,75,400,400
100,58,230,0.865217,0.925581,31,16,215,400
100,4,367,1.000000,0.945876,0,21,388,400
100,6,362,0.997238,0.947507,1,20,381,400
101,11,308,1.000000,0.843836,0,57,365,400
101,41,251,0.980080,0.914498,5,23,269,400
101,44,267,0.921348,0.946154,21,14,260,400
101,16,319,0.993730,0.908309,2,32,349,400
101,42,259,0.942085,0.917293,15,22,266,400
101,99,254,0.251969,0.761905,190,20,84,400
101,76,178,0.792135,0.898089,37,16,157,400
101,72,199,0.854271,1.000000,29,0,170,400
101,94,228,0.390351,0.890000,139,11,100,400
101,51,264,0.840909,0.936709,42,15,237,400
102,29,307,0.996743,0.993506,1,2,308,400
102,62,218,0.880734,0.950495,26,10,202,400
102,11,352,0.991477,0.956164,3,16,365,400
102,4,376,1.000000,0.969072,0,12,388,400
102,59,213,0.967136,0.971698,7,6,212,400
102,85,224,0.477679,0.835938,117,21,128,400
102,71,248,0.653226,0.936416,86,11,173,400
102,95,218,0.371560,0.843750,137,15,96,400
102,66,212,0.825472,0.925926,37,14,189,400
102,41,257,0.996109,0.951673,1,13,269,400
103,46,236,0.983051,0.916996,4,21,253,400
103,47,264,0.901515,0.952000,26,12,250,400
103,87,232,0.482759,0.918033,120,10,122,400
103,44,263,0.969582,0.980769,8,5,260,400
103,66,156,0.891026,0.735450,17,50,189,400
103,72,199,0.854271,1.000000,29,0,170,400
103,97,251,0.294821,0.822222,177,16,90,400
103,84,256,0.472656,0.916667,135,11,132,400
103,39,284,0.933099,0.960145,19,11,276,400
103,82,227,0.541850,0.891304,104,15,138,400
104,64,206,0.917476,0.964286,17,7,196,400
104,80,199,0.623116,0.861111,75,20,144,400
104,31,281,0.978648,0.913621,6,26,301,400
104,23,331,0.951662,0.963303,16,12,327,400
104,20,295,0.989831,0.869048,3,44,336,400
104,60,217,0.944700,0.985577,12,3,208,400
104,68,181,0.944751,0.934426,10,12,183,400
104,25,301,0.980066,0.921875,6,25,320,400
104,98,242,0.359504,1.000000,155,0,87,400
104,24,311,0.977492,0.938272,7,20,324,400
105,15,314,0.984076,0.877841,5,43,352,400
105,5,362,1.000000,0.942708,0,22,384,400
105,48,266,0.830827,0.894737,45,26,247,400
105,26,292,0.989726,0.911672,3,28,317,400
105,91,193,0.471503,0.834862,102,18,109,400
105,65,232,0.745690,0.901042,59,19,192,400
105,19,316,1.000000,0.929412,0,24,340,400
105,59,216,0.958333,0.976415,9,5,212,400
105,11,325,0.993846,0.884932,2,42,365,400
105,55,261,0.800766,0.933036,52,15,224,400
106,35,275,0.989091,0.944444,3,16,288,400
106,71,184,0.940217,1.000000,11,0,173,400
106,4,377,1.000000,0.971649,0,11,388,400
106,26,306,0.986928,0.952681,4,15,317,400
106,59,217,0.958525,0.981132,9,4,212,400
106,13,347,0.994236,0.961003,2,14,359,400
106,39,283,0.968198,0.992754,9,2,276,400
106,24,313,0.987220,0.953704,4,15,324,400
106,66,158,0.930380,0.777778,11,42,189,400
106,54,230,0.934783,0.942982,15,13,228,400
107,83,209,0.607656,0.940741,82,8,135,400
107,8,362,0.997238,0.962667,1,14,375,400
107,68,182,0.961538,0.956284,7,8,183,400
107,31,296,0.986486,0.970100,4,9,301,400
107,9,371,0.997305,0.994624,1,2,372,400
107,57,239,0.861925,0.944954,33,12,218,400
107,72,198,0.858586,1.000000,28,0,170,400
107,75,196,0.744898,0.912500,50,14,160,400
107,6,368,0.997283,0.963255,1,14,381,400
107,91,155,0.670968,0.954128,51,5,109,400
108,71,182,0.945055,0.994220,10,1,173,400
108,70,236,0.661017,0.886364,80,20,176,400
108,72,198,0.853535,0.994118,29,1,170,400
108,44,261,0.992337,0.996154,2,1,260,400
108,67,193,0.932642,0.967742,13,6,186,400
108,73,221,0.705882,0.934132,65,11,167,400
108,93,207,0.434783,0.873786,117,13,103,400
108,65,212,0.900943,0.994792,21,1,192,400
108,39,285,0.964912,0.996377,10,1,276,400
108,10,338,0.997041,0.915761,1,31,368,400
109,74,216,0.731481,0.963415,58,6,164,400
109,83,159,0.830189,0.977778,27,3,135,400
109,6,370,0.997297,0.968504,1,12,381,400
109,85,169,0.727811,0.960938,46,5,128,400
109,38,271,0.944649,0.917563,15,23,279,400
109,56,213,0.962441,0.927602,8,16,221,400
109,94,174,0.568966,0.990000,75,1,100,400
109,91,126,0.841270,0.972477,20,3,109,400
109,63,206,0.873786,0.904523,26,19,199,400
109,0,330,1.000000,0.825000,0,70,400,400
110,47,249,0.979920,0.976000,5,6,250,400
110,53,242,0.884298,0.926407,28,17,231,400
110,62,210,0.961905,1.000000,8,0,202,400
110,41,253,0.992095,0.933086,2,18,269,400
110,55,237,0.936709,0.991071,15,2,224,400
110,90,213,0.474178,0.901786,112,11,112,400
110,35,289,0.982699,0.986111,5,4,288,400
110,1,375,1.000000,0.944584,0,22,397,400
110,8,369,1.000000,0.984000,0,6,375,400
110,50,236,0.906780,0.891667,22,26,240,400
111,42,266,0.984962,0.984962,4,4,266,400
111,73,175,0.942857,0.988024,10,2,167,400
111,62,201,0.975124,0.970297,5,6,202,400
111,4,376,1.000000,0.969072,0,12,388,400
111,16,324,1.000000,0.928367,0,25,349,400
111,27,292,0.979452,0.910828,6,28,314,400
111,21,322,0.968944,0.936937,10,21,333,400
111,61,263,0.771863,0.990244,60,2,205,400
111,22,308,0.987013,0.921212,4,26,330,400
111,25,264,0.984848,0.812500,4,60,320,400
112,47,244,0.995902,0.972000,1,7,250,400
112,35,286,0.982517,0.975694,5,7,288,400
112,99,142,0.450704,0.761905,78,20,84,400
112,9,372,1.000000,1.000000,0,0,372,400
112,27,300,0.986667,0.942675,4,18,314,400
112,12,342,0.997076,0.941989,1,21,362,400
112,30,302,0.960265,0.953947,12,14,304,400
112,11,347,0.991354,0.942466,3,21,365,400
112,13,307,0.996743,0.852368,1,53,359,400
112,37,275,0.985455,0.960993,4,11,282,400
113,69,219,0.748858,0.911111,55,16,180,400
113,87,148,0.817568,0.991803,27,1,122,400
113,23,330,0.981818,0.990826,6,3,327,400
113,88,227,0.506608,0.966387,112,4,119,400
113,60,208,1.000000,1.000000,0,0,208,400
113,94,120,0.791667,0.950000,25,5,100,400
113,6,374,0.997326,0.979003,1,8,381,400
113,65,209,0.899522,0.979167,21,4,192,400
113,7,349,1.000000,0.923280,0,29,378,400
113,24,310,0.983871,0.941358,5,19,324,400
114,8,371,1.000000,0.989333,0,4,375,400
114,38,280,0.975000,0.978495,7,6,279,400
114,34,284,0.968310,0.941781,9,17,292,400
114,26,293,0.986348,0.911672,4,28,317,400
114,36,271,0.988930,0.940351,3,17,285,400
114,61,205,1.000000,1.000000,0,0,205,400
114,13,352,0.997159,0.977716,1,8,359,400
114,63,192,0.942708,0.909548,11,18,199,400
114,11,345,0.994203,0.939726,2,22,365,400
114,28,307,0.973941,0.961415,8,12,311,400
115,24,303,0.986799,0.922840,4,25,324,400
115,34,273,0.978022,0.914384,6,25,292,400
115,85,150,0.853333,1.000000,22,0,128,400
115,62,202,0.975248,0.975248,5,5,202,400
115,73,171,0.964912,0.988024,6,2,167,400
115,88,121,0.983471,1.000000,2,0,119,400
115,41,252,0.984127,0.921933,4,21,269,400
115,94,114,0.859649,0.980000,16,2,100,400
115,15,334,0.988024,0.937500,4,22,352,400
115,77,226,0.632743,0.928571,83,11,154,400
116,47,244,1.000000,0.976000,0,6,250,400
116,59,215,0.967442,0.981132,7,4,212,400
116,43,251,0.952191,0.908745,12,24,263,400
116,33,278,0.964029,0.908475,10,27,295,400
116,4,376,1.000000,0.969072,0,12,388,400
116,99,127,0.535433,0.809524,59,16,84,400
116,61,205,1.000000,1.000000,0,0,205,400
116,27,314,0.984076,0.984076,5,5,314,400
116,12,353,1.000000,0.975138,0,9,362,400
116,57,220,0.936364,0.944954,14,12,218,400
117,73,171,0.964912,0.988024,6,2,167,400
117,31,297,0.983165,0.970100,5,9,301,400
117,29,308,1.000000,1.000000,0,0,308,400
117,19,313,0.993610,0.914706,2,29,340,400
117,26,311,0.990354,0.971609,3,9,317,400
117,15,340,0.988235,0.954545,4,16,352,400
117,44,259,0.992278,0.988462,2,3,260,400
117,0,369,1.000000,0.922500,0,31,400,400
117,48,257,0.941634,0.979757,15,5,247,400
117,94,113,0.884956,1.000000,13,0,100,400
118,6,374,0.997326,0.979003,1,8,381,400
118,32,284,0.985915,0.939597,4,18,298,400
118,24,307,0.983713,0.932099,5,22,324,400
118,89,234,0.405983,0.818966,139,21,116,400
118,52,251,0.856574,0.918803,36,19,234,400
118,1,383,1.000000,0.964736,0,14,397,400
118,45,253,0.924901,0.914062,19,22,256,400
118,99,131,0.526718,0.821429,62,15,84,400
118,17,349,0.962751,0.971098,13,10,346,400
118,31,295,0.989831,0.970100,3,9,301,400
119,97,75,0.626667,0.522222,28,43,90,400
119,36,284,0.992958,0.989474,2,3,285,400
119,64,196,1.000000,1.000000,0,0,196,400
119,81,206,0.621359,0.907801,78,13,141,400
119,82,148,0.905405,0.971014,14,4,138,400
119,68,185,0.956757,0.967213,8,6,183,400
119,59,213,0.962441,0.966981,8,7,212,400
119,61,205,1.000000,1.000000,0,0,205,400
119,17,353,0.980170,1.000000,7,0,346,400
119,25,316,0.993671,0.981250,2,6,320,400
120,12,355,1.000000,0.980663,0,7,362,400
120,47,245,0.987755,0.968000,3,8,250,400
120,2,394,1.000000,1.000000,0,0,394,400
120,38,283,0.975265,0.989247,7,3,279,400
120,88,119,1.000000,1.000000,0,0,119,400
120,5,362,1.000000,0.942708,0,22,384,400
120,92,219,0.433790,0.896226,124,11,106,400
120,71,179,0.955307,0.988439,8,2,173,400
120,7,362,1.000000,0.957672,0,16,378,400
120,74,164,1.000000,1.000000,0,0,164,400
121,66,192,0.932292,0.947090,13,10,189,400
121,80,145,0.993103,1.000000,1,0,144,400
121,92,135,0.770370,0.981132,31,2,106,400
121,51,252,0.928571,0.987342,18,3,237,400
121,46,251,0.988048,0.980237,3,5,253,400
121,56,231,0.943723,0.986425,13,3,221,400
121,21,310,0.987097,0.918919,4,27,333,400
121,55,238,0.936975,0.995536,15,1,224,400
121,26,309,0.990291,0.965300,3,11,317,400
121,7,365,1.000000,0.965608,0,13,378,400
122,94,111,0.891892,0.990000,12,1,100,400
122,15,330,0.987879,0.926136,4,26,352,400
122,34,284,0.975352,0.948630,7,15,292,400
122,4,378,1.000000,0.974227,0,10,388,400
122,43,261,0.992337,0.984791,2,4,263,400
122,79,213,0.624413,0.898649,80,15,148,400
122,39,284,0.964789,0.992754,10,2,276,400
122,96,245,0.314286,0.827957,168,16,93,400
122,84,223,0.587444,0.992424,92,1,132,400
122,56,231,0.952381,0.995475,11,1,221,400
123,84,164,0.798780,0.992424,33,1,132,400
123,60,208,1.000000,1.000000,0,0,208,400
123,5,370,1.000000,0.963542,0,14,384,400
123,17,342,0.979532,0.968208,7,11,346,400
123,32,297,0.989899,0.986577,3,4,298,400
123,45,253,0.968379,0.957031,8,11,256,400
123,21,317,0.987382,0.939940,4,20,333,400
123,10,346,0.997110,0.937500,1,23,368,400
123,51,243,0.938272,0.962025,15,9,237,400
123,0,399,1.000000,0.997500,0,1,400,400
124,8,370,1.000000,0.986667,0,5,375,400
124,69,190,0.900000,0.950000,19,9,180,400
124,19,304,0.993421,0.888235,2,38,340,400
124,88,119,1.000000,1.000000,0,0,119,400
124,25,317,0.993691,0.984375,2,5,320,400
124,93,205,0.497561,0.990291,103,1,103,400
124,13,353,0.997167,0.980501,1,7,359,400
124,71,180,0.950000,0.988439,9,2,173,400
124,94,106,0.924528,0.980000,8,2,100,400
124,91,124,0.854839,0.972477,18,3,109,400
125,66,190,0.973684,0.978836,5,4,189,400
125,48,240,0.954167,0.927126,11,18,247,400
125,85,142,0.901408,1.000000,14,0,128,400
125,61,205,1.000000,1.000000,0,0,205,400
125,93,198,0.520202,1.000000,95,0,103,400
125,56,231,0.952381,0.995475,11,1,221,400
125,87,155,0.780645,0.991803,34,1,122,400
125,86,215,0.530233,0.912000,101,11,125,400
125,10,343,0.997085,0.929348,1,26,368,400
125,80,144,1.000000,1.000000,0,0,144,400
126,46,223,0.991031,0.873518,2,32,253,400
126,81,154,0.889610,0.971631,17,4,141,400
126,51,239,0.933054,0.940928,16,14,237,400
126,93,181,0.569061,1.000000,78,0,103,400
126,20,323,0.993808,0.955357,2,15,336,400
126,19,332,0.996988,0.973529,1,9,340,400
126,54,235,0.965957,0.995614,8,1,228,400
126,9,372,1.000000,1.000000,0,0,372,400
126,23,331,0.987915,1.000000,4,0,327,400
126,4,378,1.000000,0.974227,0,10,388,400
127,95,158,0.601266,0.989583,63,1,96,400
127,75,151,0.993377,0.937500,1,10,160,400
127,25,318,0.993711,0.987500,2,4,320,400
127,96,242,0.380165,0.989247,150,1,93,400
127,78,251,0.557769,0.927152,111,11,151,400
127,14,335,0.997015,0.938202,1,22,356,400
127,23,329,0.990881,0.996942,3,1,327,400
127,70,174,0.977011,0.965909,4,6,176,400
127,32,300,0.990000,0.996644,3,1,298,400
127,9,372,1.000000,1.000000,0,0,372,400
128,32,299,0.989967,0.993289,3,2,298,400
128,9,372,1.000000,1.000000,0,0,372,400
128,19,316,0.996835,0.926471,1,25,340,400
128,13,355,0.997183,0.986072,1,5,359,400
128,56,227,0.960352,0.986425,9,3,221,400
128,59,211,0.966825,0.962264,7,8,212,400
128,68,185,0.967568,0.978142,6,4,183,400
128,79,154,0.863636,0.898649,21,15,148,400
128,39,284,0.968310,0.996377,9,1,276,400
128,36,286,0.989510,0.992982,3,2,285,400
129,6,373,0.997319,0.976378,1,9,381,400
129,67,198,0.924242,0.983871,15,3,186,400
129,82,141,0.943262,0.963768,8,5,138,400
129,31,297,0.983165,0.970100,5,9,301,400
129,54,234,0.974359,1.000000,6,0,228,400
129,22,326,0.984663,0.972727,5,9,330,400
129,78,248,0.588710,0.966887,102,5,151,400
129,64,196,1.000000,1.000000,0,0,196,400
129,14,350,0.997143,0.980337,1,7,356,400
129,90,115,0.965217,0.991071,4,1,112,400
130,18,328,0.978659,0.935860,7,22,343,400
130,49,251,0.900398,0.926230,25,18,244,400
130,94,109,0.862385,0.940000,15,6,100,400
130,22,326,0.984663,0.972727,5,9,330,400
130,7,365,1.000000,0.965608,0,13,378,400
130,40,295,0.888136,0.963235,33,10,272,400
130,82,141,0.957447,0.978261,6,3,138,400
130,75,152,0.993421,0.943750,1,9,160,400
130,46,252,0.996032,0.992095,1,2,253,400
130,84,141,0.900709,0.962121,14,5,132,400
131,20,335,0.991045,0.988095,3,4,336,400
131,26,308,0.993506,0.965300,2,11,317,400
131,54,232,0.978448,0.995614,5,1,228,400
131,53,227,0.986784,0.969697,3,7,231,400
131,71,180,0.955556,0.994220,8,1,173,400
131,75,154,0.993506,0.956250,1,7,160,400
131,95,119,0.798319,0.989583,24,1,96,400
131,94,113,0.867257,0.980000,15,2,100,400
131,2,394,1.000000,1.000000,0,0,394,400
131,7,368,1.000000,0.973545,0,10,378,400
132,19,310,0.996774,0.908824,1,31,340,400
132,61,205,1.000000,1.000000,0,0,205,400
132,66,192,0.963542,0.978836,7,4,189,400
132,62,202,0.975248,0.975248,5,5,202,400
132,29,308,1.000000,1.000000,0,0,308,400
132,17,331,0.987915,0.945087,4,19,346,400
132,52,226,0.995575,0.961538,1,9,234,400
132,93,136,0.727941,0.961165,37,4,103,400
132,77,157,0.910828,0.928571,14,11,154,400
132,83,159,0.842767,0.992593,25,1,135,400
133,99,131,0.541985,0.845238,60,13,84,400
133,64,196,1.000000,1.000000,0,0,196,400
133,85,140,0.914286,1.000000,12,0,128,400
133,2,394,1.000000,1.000000,0,0,394,400
133,98,178,0.483146,0.988506,92,1,87,400
133,5,364,1.000000,0.947917,0,20,384,400
133,92,109,0.954128,0.981132,5,2,106,400
133,24,315,0.984127,0.956790,5,14,324,400
133,22,328,0.984756,0.978788,5,7,330,400
133,66,193,0.958549,0.978836,8,4,189,400
134,39,283,0.971731,0.996377,8,1,276,400
134,98,141,0.617021,1.000000,54,0,87,400
134,99,122,0.590164,0.857143,50,12,84,400
134,31,297,0.983165,0.970100,5,9,301,400
134,80,144,1.000000,1.000000,0,0,144,400
134,91,130,0.838462,1.000000,21,0,109,400
134,94,108,0.888889,0.960000,12,4,100,400
134,67,196,0.938776,0.989247,12,2,186,400
134,64,196,1.000000,1.000000,0,0,196,400
134,52,228,1.000000,0.974359,0,6,234,400
135,0,389,1.000000,0.972500,0,11,400,400
135,42,263,0.996198,0.984962,1,4,266,400
135,68,185,0.962162,0.972678,7,5,183,400
135,29,308,1.000000,1.000000,0,0,308,400
135,55,233,0.948498,0.986607,12,3,224,400
135,81,139,0.949640,0.936170,7,9,141,400
135,64,196,1.000000,1.000000,0,0,196,400
135,84,136,0.948529,0.977273,7,3,132,400
135,3,380,1.000000,0.971867,0,11,391,400
135,59,212,0.971698,0.971698,6,6,212,400
136,68,184,0.972826,0.978142,5,4,183,400
136,44,247,0.995951,0.946154,1,14,260,400
136,64,196,1.000000,1.000000,0,0,196,400
136,95,120,0.783333,0.979167,26,2,96,400
136,75,147,0.979592,0.900000,3,16,160,400
136,30,247,0.979757,0.796053,5,62,304,400
136,93,125,0.824000,1.000000,22,0,103,400
136,31,298,0.986577,0.976744,4,7,301,400
136,37,272,0.988971,0.953901,3,13,282,400
136,66,189,0.968254,0.968254,6,6,189,400
137,92,108,0.953704,0.971698,5,3,106,400
137,84,137,0.941606,0.977273,8,3,132,400
137,87,156,0.782051,1.000000,34,0,122,400
137,14,351,0.997151,0.983146,1,6,356,400
137,76,171,0.906433,0.987261,16,2,157,400
137,1,384,1.000000,0.967254,0,13,397,400
137,62,201,0.975124,0.970297,5,6,202,400
137,71,173,0.971098,0.971098,5,5,173,400
137,58,214,0.976636,0.972093,5,6,215,400
137,54,231,0.978355,0.991228,5,2,228,400
138,90,112,0.982143,0.982143,2,2,112,400
138,12,351,1.000000,0.969613,0,11,362,400
138,20,334,0.994012,0.988095,2,4,336,400
138,86,132,0.893939,0.944000,14,7,125,400
138,2,394,1.000000,1.000000,0,0,394,400
138,94,112,0.883929,0.990000,13,1,100,400
138,49,235,0.974468,0.938525,6,15,244,400
138,92,111,0.936937,0.981132,7,2,106,400
138,36,286,0.989510,0.992982,3,2,285,400
138,67,194,0.943299,0.983871,11,3,186,400
139,99,131,0.572519,0.892857,56,9,84,400
139,12,350,1.000000,0.966851,0,12,362,400
139,94,111,0.882883,0.980000,13,2,100,400
139,49,241,0.979253,0.967213,5,8,244,400
139,0,399,1.000000,0.997500,0,1,400,400
139,6,379,0.997361,0.992126,1,3,381,400
139,90,114,0.973684,0.991071,3,1,112,400
139,66,192,0.968750,0.984127,6,3,189,400
139,27,319,0.981191,0.996815,6,1,314,400
139,97,73,0.630137,0.511111,27,44,90,400
140,66,191,0.968586,0.978836,6,4,189,400
140,18,339,0.988201,0.976676,4,8,343,400
140,17,331,0.984894,0.942197,5,20,346,400
140,22,328,0.984756,0.978788,5,7,330,400
140,89,117,0.880342,0.887931,14,13,116,400
140,72,198,0.858586,1.000000,28,0,170,400
140,24,319,0.981191,0.966049,6,11,324,400
140,39,284,0.968310,0.996377,9,1,276,400
140,3,388,1.000000,0.992327,0,3,391,400
140,91,132,0.825758,1.000000,23,0,109,400
141,78,188,0.787234,0.980132,40,3,151,400
141,56,226,0.969027,0.990950,7,2,221,400
141,19,326,1.000000,0.958824,0,14,340,400
141,57,233,0.931330,0.995413,16,1,218,400
141,31,296,0.989865,0.973422,3,8,301,400
141,39,284,0.971831,1.000000,8,0,276,400
141,99,131,0.580153,0.904762,55,8,84,400
141,81,142,0.929577,0.936170,10,9,141,400
141,91,130,0.838462,1.000000,21,0,109,400
141,71,173,0.988439,0.988439,2,2,173,400
142,7,364,1.000000,0.962963,0,14,378,400
142,39,285,0.968421,1.000000,9,0,276,400
142,29,308,1.000000,1.000000,0,0,308,400
142,70,170,1.000000,0.965909,0,6,176,400
142,50,261,0.915709,0.995833,22,1,240,400
142,4,382,1.000000,0.984536,0,6,388,400
142,76,158,0.968354,0.974522,5,4,157,400
142,37,273,0.989011,0.957447,3,12,282,400
142,51,247,0.935223,0.974684,16,6,237,400
142,14,354,0.997175,0.991573,1,3,356,400
143,67,193,0.948187,0.983871,10,3,186,400
143,94,111,0.882883,0.980000,13,2,100,400
143,60,208,1.000000,1.000000,0,0,208,400
143,76,157,0.968153,0.968153,5,5,157,400
143,36,287,0.993031,1.000000,2,0,285,400
143,42,257,0.988327,0.954887,3,12,266,400
143,84,134,0.947761,0.962121,7,5,132,400
143,53,233,0.982833,0.991342,4,2,231,400
143,75,160,0.987500,0.987500,2,2,160,400
143,34,285,0.975439,0.952055,7,14,292,400
144,30,293,0.982935,0.947368,5,16,304,400
144,59,214,0.962617,0.971698,8,6,212,400
144,38,283,0.978799,0.992832,6,2,279,400
144,81,144,0.930556,0.950355,10,7,141,400
144,68,184,0.972826,0.978142,5,4,183,400
144,42,266,0.988722,0.988722,3,3,266,400
144,86,126,0.984127,0.992000,2,1,125,400
144,85,138,0.927536,1.000000,10,0,128,400
144,11,338,0.997041,0.923288,1,28,365,400
144,93,121,0.851240,1.000000,18,0,103,400
145,86,126,0.992063,1.000000,1,0,125,400
145,49,241,0.975104,0.963115,6,9,244,400
145,14,352,1.000000,0.988764,0,4,356,400
145,65,201,0.895522,0.937500,21,12,192,400
145,0,390,1.000000,0.975000,0,10,400,400
145,15,337,0.988131,0.946023,4,19,352,400
145,9,372,1.000000,1.000000,0,0,372,400
145,68,182,0.978022,0.972678,4,5,183,400
145,34,280,0.978571,0.938356,6,18,292,400
145,64,196,1.000000,1.000000,0,0,196,400
146,82,143,0.951049,0.985507,7,2,138,400
146,9,372,1.000000,1.000000,0,0,372,400
146,38,277,0.981949,0.974910,5,7,279,400
146,95,120,0.791667,0.989583,25,1,96,400
146,12,353,1.000000,0.975138,0,9,362,400
146,71,176,0.971591,0.988439,5,2,173,400
146,88,119,1.000000,1.000000,0,0,119,400
146,51,244,0.938525,0.966245,15,8,237,400
146,56,224,0.964286,0.977376,8,5,221,400
146,29,308,1.000000,1.000000,0,0,308,400
147,12,355,1.000000,0.980663,0,7,362,400
147,57,230,0.934783,0.986239,15,3,218,400
147,63,192,0.947917,0.914573,10,17,199,400
147,98,129,0.666667,0.988506,43,1,87,400
147,9,372,1.000000,1.000000,0,0,372,400
147,46,246,0.991870,0.964427,2,9,253,400
147,26,300,0.993333,0.940063,2,19,317,400
147,96,229,0.388646,0.956989,140,4,93,400
147,25,315,0.993651,0.978125,2,7,320,400
147,42,267,0.985019,0.988722,4,3,266,400
148,68,182,0.983516,0.978142,3,4,183,400
148,27,315,0.980952,0.984076,6,5,314,400
148,69,194,0.891753,0.961111,21,7,180,400
148,41,253,0.992095,0.933086,2,18,269,400
148,49,243,0.975309,0.971311,6,7,244,400
148,47,245,0.991837,0.972000,2,7,250,400
148,78,177,0.830508,0.973510,30,4,151,400
148,36,289,0.986159,1.000000,4,0,285,400
148,54,229,0.986900,0.991228,3,2,228,400
148,51,237,0.945148,0.945148,13,13,237,400
149,49,243,0.975309,0.971311,6,7,244,400
149,72,198,0.858586,1.000000,28,0,170,400
149,65,173,0.890173,0.802083,19,38,192,400
149,34,273,0.985348,0.921233,4,23,292,400
149,6,373,0.997319,0.976378,1,9,381,400
149,64,196,1.000000,1.000000,0,0,196,400
149,90,117,0.957265,1.000000,5,0,112,400
149,8,371,1.000000,0.989333,0,4,375,400
149,99,145,0.544828,0.940476,66,5,84,400
149,88,119,1.000000,1.000000,0,0,119,400
150,7,374,1.000000,0.989418,0,4,378,400
150,72,195,0.871795,1.000000,25,0,170,400
150,50,247,0.914980,0.941667,21,14,240,400
150,78,173,0.861272,0.986755,24,2,151,400
150,99,149,0.536913,0.952381,69,4,84,400
150,95,121,0.793388,1.000000,25,0,96,400
150,41,260,0.992308,0.959108,2,11,269,400
150,91,131,0.832061,1.000000,22,0,109,400
150,30,286,0.975524,0.917763,7,25,304,400
150,69,185,0.886486,0.911111,21,16,180,400
151,96,204,0.441176,0.967742,114,3,93,400
151,27,311,0.987138,0.977707,4,7,314,400
151,63,194,0.953608,0.929648,9,14,199,400
151,20,324,0.993827,0.958333,2,14,336,400
151,16,332,0.996988,0.948424,1,18,349,400
151,56,228,0.956140,0.986425,10,3,221,400
151,82,143,0.951049,0.985507,7,2,138,400
151,45,245,0.979592,0.937500,5,16,256,400
151,41,228,0.986842,0.836431,3,44,269,400
151,62,201,0.975124,0.970297,5,6,202,400
152,21,319,0.990596,0.948949,3,17,333,400
152,53,232,0.982759,0.987013,4,3,231,400
152,68,178,0.988764,0.961749,2,7,183,400
152,14,353,0.997167,0.988764,1,4,356,400
152,52,229,1.000000,0.978632,0,5,234,400
152,4,382,1.000000,0.984536,0,6,388,400
152,71,179,0.960894,0.994220,7,1,173,400
152,41,252,0.992063,0.929368,2,19,269,400
152,16,337,1.000000,0.965616,0,12,349,400
152,7,369,1.000000,0.976190,0,9,378,400
153,27,312,0.990385,0.984076,3,5,314,400
153,52,230,1.000000,0.982906,0,4,234,400
153,64,196,1.000000,1.000000,0,0,196,400
153,94,111,0.891892,0.990000,12,1,100,400
153,60,208,1.000000,1.000000,0,0,208,400
153,32,297,0.993266,0.989933,2,3,298,400
153,36,286,0.993007,0.996491,2,1,285,400
153,0,364,1.000000,0.910000,0,36,400,400
153,99,143,0.552448,0.940476,64,5,84,400
153,18,334,0.997006,0.970845,1,10,343,400
154,71,177,0.971751,0.994220,5,1,173,400
154,33,289,0.989619,0.969492,3,9,295,400
154,48,243,0.962963,0.947368,9,13,247,400
154,1,388,1.000000,0.977330,0,9,397,400
154,36,287,0.989547,0.996491,3,1,285,400
154,30,291,0.979381,0.937500,6,19,304,400
154,20,330,0.993939,0.976190,2,8,336,400
154,54,231,0.987013,1.000000,3,0,228,400
154,89,117,0.931624,0.939655,8,7,116,400
154,59,214,0.967290,0.976415,7,5,212,400
155,72,194,0.865979,0.988235,26,2,170,400
155,81,147,0.925170,0.964539,11,5,141,400
155,73,172,0.965116,0.994012,6,1,167,400
155,99,146,0.547945,0.952381,66,4,84,400
155,4,381,1.000000,0.981959,0,7,388,400
155,76,164,0.945122,0.987261,9,2,157,400
155,96,218,0.394495,0.924731,132,7,93,400
155,92,109,0.954128,0.981132,5,2,106,400
155,20,332,0.993976,0.982143,2,6,336,400
155,18,332,0.993976,0.962099,2,13,343,400
156,43,260,0.984615,0.973384,4,7,263,400
156,97,73,0.630137,0.511111,27,44,90,400
156,15,332,0.987952,0.931818,4,24,352,400
156,29,308,1.000000,1.000000,0,0,308,400
156,40,285,0.950877,0.996324,14,1,272,400
156,28,279,0.982079,0.881029,5,37,311,400
156,30,293,0.979522,0.944079,6,17,304,400
156,52,232,1.000000,0.991453,0,2,234,400
156,36,287,0.989547,0.996491,3,1,285,400
156,51,244,0.934426,0.962025,16,9,237,400
157,44,258,0.996124,0.988462,1,3,260,400
157,74,164,1.000000,1.000000,0,0,164,400
157,63,198,0.954545,0.949749,9,10,199,400
157,98,123,0.691057,0.977011,38,2,87,400
157,72,198,0.858586,1.000000,28,0,170,400
157,23,330,0.990909,1.000000,3,0,327,400
157,30,298,0.979866,0.960526,6,12,304,400
157,47,245,0.987755,0.968000,3,8,250,400
157,17,342,0.985380,0.973988,5,9,346,400
157,27,258,0.980620,0.805732,5,61,314,400
158,15,337,0.988131,0.946023,4,19,352,400
158,93,123,0.837398,1.000000,20,0,103,400
158,59,212,0.971698,0.971698,6,6,212,400
158,29,308,1.000000,1.000000,0,0,308,400
158,43,253,0.988142,0.950570,3,13,263,400
158,25,317,0.993691,0.984375,2,5,320,400
158,45,235,0.974468,0.894531,6,27,256,400
158,88,119,1.000000,1.000000,0,0,119,400
158,56,226,0.964602,0.986425,8,3,221,400
158,53,232,0.982759,0.987013,4,3,231,400
159,88,119,1.000000,1.000000,0,0,119,400
159,45,249,0.971888,0.945312,7,14,256,400
159,21,324,0.990741,0.963964,3,12,333,400
159,8,371,1.000000,0.989333,0,4,375,400
159,63,199,0.964824,0.964824,7,7,199,400
159,23,329,0.990881,0.996942,3,1,327,400
159,4,382,1.000000,0.984536,0,6,388,400
159,66,192,0.968750,0.984127,6,3,189,400
159,44,258,0.992248,0.984615,2,4,260,400
159,32,300,0.993333,1.000000,2,0,298,400
160,51,243,0.946502,0.970464,13,7,237,400
160,8,372,1.000000,0.992000,0,3,375,400
160,58,213,0.990610,0.981395,2,4,215,400
160,31,295,0.989831,0.970100,3,9,301,400
160,67,191,0.958115,0.983871,8,3,186,400
160,62,204,0.980392,0.990099,4,2,202,400
160,18,335,0.994030,0.970845,2,10,343,400
160,3,387,1.000000,0.989770,0,4,391,400
160,26,289,0.989619,0.902208,3,31,317,400
160,73,170,0.970588,0.988024,5,2,167,400
161,56,227,0.964758,0.990950,8,2,221,400
161,87,88,0.772727,0.557377,20,54,122,400
161,1,388,1.000000,0.977330,0,9,397,400
161,21,320,0.987500,0.948949,4,17,333,400
161,53,229,0.986900,0.978355,3,5,231,400
161,46,252,1.000000,0.996047,0,1,253,400
161,49,166,0.945783,0.643443,9,87,244,400
161,99,139,0.568345,0.940476,60,5,84,400
161,44,246,0.991870,0.938462,2,16,260,400
161,92,110,0.936364,0.971698,7,3,106,400
162,83,164,0.817073,0.992593,30,1,135,400
162,9,372,1.000000,1.000000,0,0,372,400
162,30,300,0.980000,0.967105,6,10,304,400
162,91,131,0.832061,1.000000,22,0,109,400
162,59,213,0.981221,0.985849,4,3,212,400
162,77,161,0.937888,0.980519,10,3,154,400
162,47,245,0.995918,0.976000,1,6,250,400
162,1,388,1.000000,0.977330,0,9,397,400
162,81,145,0.931034,0.957447,10,6,141,400
162,44,233,0.987124,0.884615,3,30,260,400
163,0,374,1.000000,0.935000,0,26,400,400
163,2,394,1.000000,1.000000,0,0,394,400
163,37,268,0.992537,0.943262,2,16,282,400
163,92,111,0.936937,0.981132,7,2,106,400
163,78,178,0.848315,1.000000,27,0,151,400
163,73,173,0.965318,1.000000,6,0,167,400
163,1,389,1.000000,0.979849,0,8,397,400
163,74,164,1.000000,1.000000,0,0,164,400
163,42,265,0.992453,0.988722,2,3,266,400
163,16,335,1.000000,0.959885,0,14,349,400
164,47,245,0.991837,0.972000,2,7,250,400
164,29,308,1.000000,1.000000,0,0,308,400
164,99,140,0.592857,0.988095,57,1,84,400
164,30,306,0.977124,0.983553,7,5,304,400
164,53,230,0.986957,0.982684,3,4,231,400
164,71,176,0.977273,0.994220,4,1,173,400
164,68,180,0.977778,0.961749,4,7,183,400
164,22,330,0.981818,0.981818,6,6,330,400
164,96,183,0.502732,0.989247,91,1,93,400
164,31,297,0.989899,0.976744,3,7,301,400
165,37,264,1.000000,0.936170,0,18,282,400
165,71,176,0.977273,0.994220,4,1,173,400
165,49,222,0.963964,0.877049,8,30,244,400
165,14,351,0.997151,0.983146,1,6,356,400
165,18,334,0.991018,0.965015,3,12,343,400
165,32,298,0.993289,0.993289,2,2,298,400
165,50,262,0.916031,1.000000,22,0,240,400
165,60,208,1.000000,1.000000,0,0,208,400
165,39,282,0.975177,0.996377,7,1,276,400
165,9,372,1.000000,1.000000,0,0,372,400
166,75,161,0.987578,0.993750,2,1,160,400
166,28,304,0.986842,0.964630,4,11,311,400
166,59,208,0.975962,0.957547,5,9,212,400
166,81,144,0.937500,0.957447,9,6,141,400
166,2,394,1.000000,1.000000,0,0,394,400
166,42,269,0.988848,1.000000,3,0,266,400
166,99,137,0.605839,0.988095,54,1,84,400
166,88,119,1.000000,1.000000,0,0,119,400
166,98,114,0.745614,0.977011,29,2,87,400
166,72,198,0.858586,1.000000,28,0,170,400
167,98,91,0.813187,0.850575,17,13,87,400
167,7,359,1.000000,0.949735,0,19,378,400
167,47,246,0.991870,0.976000,2,6,250,400
167,94,110,0.890909,0.980000,12,2,100,400
167,5,375,1.000000,0.976562,0,9,384,400
167,45,250,0.972000,0.949219,7,13,256,400
167,39,283,0.968198,0.992754,9,2,276,400
167,2,394,1.000000,1.000000,0,0,394,400
167,88,119,1.000000,1.000000,0,0,119,400
167,90,116,0.965517,1.000000,4,0,112,400
168,71,177,0.971751,0.994220,5,1,173,400
168,26,306,0.990196,0.955836,3,14,317,400
168,32,296,0.993243,0.986577,2,4,298,400
168,7,370,1.000000,0.978836,0,8,378,400
168,29,308,1.000000,1.000000,0,0,308,400
168,45,248,0.979839,0.949219,5,13,256,400
168,51,243,0.942387,0.966245,14,8,237,400
168,0,378,1.000000,0.945000,0,22,400,400
168,90,113,0.973451,0.982143,3,2,112,400
168,42,265,1.000000,0.996241,0,1,266,400
169,99,126,0.650794,0.976190,44,2,84,400
169,88,119,1.000000,1.000000,0,0,119,400
169,79,135,0.918519,0.837838,11,24,148,400
169,11,351,0.997151,0.958904,1,15,365,400
169,18,337,0.991098,0.973761,3,9,343,400
169,66,188,0.973404,0.968254,5,6,189,400
169,54,231,0.982684,0.995614,4,1,228,400
169,57,226,0.938053,0.972477,14,6,218,400
169,0,380,1.000000,0.950000,0,20,400,400
169,22,329,0.987842,0.984848,4,5,330,400
170,96,144,0.638889,0.989247,52,1,93,400
170,1,387,1.000000,0.974811,0,10,397,400
170,73,171,0.964912,0.988024,6,2,167,400
170,26,275,0.985455,0.854890,4,46,317,400
170,44,259,0.992278,0.988462,2,3,260,400
170,0,328,1.000000,0.820000,0,72,400,400
170,88,119,1.000000,1.000000,0,0,119,400
170,42,267,0.988764,0.992481,3,2,266,400
170,14,349,0.997135,0.977528,1,8,356,400
170,3,388,1.000000,0.992327,0,3,391,400
171,10,342,0.997076,0.926630,1,27,368,400
171,22,329,0.990881,0.987879,3,4,330,400
171,92,107,0.925234,0.933962,8,7,106,400
171,40,283,0.950530,0.988971,14,3,272,400
171,60,208,1.000000,1.000000,0,0,208,400
171,49,239,0.974895,0.954918,6,11,244,400
171,98,98,0.806122,0.908046,19,8,87,400
171,79,151,0.927152,0.945946,11,8,148,400
171,85,136,0.941176,1.000000,8,0,128,400
171,87,141,0.801418,0.926230,28,9,122,400
172,17,332,0.981928,0.942197,6,20,346,400
172,98,101,0.801980,0.931034,20,6,87,400
172,76,158,0.955696,0.961783,7,6,157,400
172,73,173,0.965318,1.000000,6,0,167,400
172,88,119,1.000000,1.000000,0,0,119,400
172,48,255,0.952941,0.983806,12,4,247,400
172,9,372,1.000000,1.000000,0,0,372,400
172,60,208,1.000000,1.000000,0,0,208,400
172,61,205,1.000000,1.000000,0,0,205,400
172,50,259,0.918919,0.991667,21,2,240,400
173,2,394,1.000000,1.000000,0,0,394,400
173,44,254,0.992126,0.969231,2,8,260,400
173,13,349,0.997135,0.969359,1,11,359,400
173,28,304,0.986842,0.964630,4,11,311,400
173,19,308,0.996753,0.902941,1,33,340,400
173,94,109,0.880734,0.960000,13,4,100,400
173,60,208,1.000000,1.000000,0,0,208,400
173,0,376,1.000000,0.940000,0,24,400,400
173,56,227,0.960352,0.986425,9,3,221,400
173,58,211,0.985782,0.967442,3,7,215,400
174,34,286,0.975524,0.955479,7,13,292,400
174,8,372,1.000000,0.992000,0,3,375,400
174,6,377,0.997347,0.986877,1,5,381,400
174,93,115,0.860870,0.961165,16,4,103,400
174,88,119,1.000000,1.000000,0,0,119,400
174,3,388,1.000000,0.992327,0,3,391,400
174,26,313,0.993610,0.981073,2,6,317,400
174,61,205,1.000000,1.000000,0,0,205,400
174,94,112,0.866071,0.970000,15,3,100,400
174,33,285,0.989474,0.955932,3,13,295,400
175,15,338,0.988166,0.948864,4,18,352,400
175,43,258,0.992248,0.973384,2,7,263,400
175,90,113,0.982301,0.991071,2,1,112,400
175,68,178,0.983146,0.956284,3,8,183,400
175,17,327,0.984709,0.930636,5,24,346,400
175,76,145,0.965517,0.891720,5,17,157,400
175,58,219,0.968037,0.986047,7,3,215,400
175,60,208,1.000000,1.000000,0,0,208,400
175,69,185,0.881081,0.905556,22,17,180,400
175,30,186,0.973118,0.595395,5,123,304,400
176,36,287,0.989547,0.996491,3,1,285,400
176,67,192,0.958333,0.989247,8,2,186,400
176,84,135,0.940741,0.962121,8,5,132,400
176,22,329,0.987842,0.984848,4,5,330,400
176,51,240,0.945833,0.957806,13,10,237,400
176,16,332,1.000000,0.951289,0,17,349,400
176,19,332,0.996988,0.973529,1,9,340,400
176,15,342,0.988304,0.960227,4,14,352,400
176,4,384,1.000000,0.989691,0,4,388,400
176,35,287,0.982578,0.979167,5,6,288,400
177,37,271,0.981550,0.943262,5,16,282,400
177,85,137,0.934307,1.000000,9,0,128,400
177,88,119,1.000000,1.000000,0,0,119,400
177,39,281,0.971530,0.989130,8,3,276,400
177,70,171,1.000000,0.971591,0,5,176,400
177,32,298,0.993289,0.993289,2,2,298,400
177,65,200,0.915000,0.953125,17,9,192,400
177,2,394,1.000000,1.000000,0,0,394,400
177,30,217,0.972350,0.694079,6,93,304,400
177,63,200,0.960000,0.964824,8,7,199,400
178,83,156,0.839744,0.970370,25,4,135,400
178,72,200,0.850000,1.000000,30,0,170,400
178,42,267,0.988764,0.992481,3,2,266,400
178,67,190,0.963158,0.983871,7,3,186,400
178,3,389,1.000000,0.994885,0,2,391,400
178,88,119,1.000000,1.000000,0,0,119,400
178,18,336,0.991071,0.970845,3,10,343,400
178,90,113,0.973451,0.982143,3,2,112,400
178,45,246,0.979675,0.941406,5,15,256,400
178,11,343,0.994169,0.934247,2,24,365,400
179,64,196,1.000000,1.000000,0,0,196,400
179,20,320,0.996875,0.949405,1,17,336,400
179,57,228,0.938596,0.981651,14,4,218,400
179,73,173,0.965318,1.000000,6,0,167,400
179,35,287,0.982578,0.979167,5,6,288,400
179,18,337,0.991098,0.973761,3,9,343,400
179,48,249,0.963855,0.971660,9,7,247,400
179,12,349,1.000000,0.964088,0,13,362,400
179,15,341,0.988270,0.957386,4,15,352,400
179,16,334,0.997006,0.954155,1,16,349,400
180,7,368,0.997283,0.970899,1,11,378,400
180,90,115,0.973913,1.000000,3,0,112,400
180,13,356,0.997191,0.988858,1,4,359,400
180,64,196,1.000000,1.000000,0,0,196,400
180,69,204,0.882353,1.000000,24,0,180,400
180,73,173,0.965318,1.000000,6,0,167,400
180,76,160,0.968750,0.987261,5,2,157,400
180,91,128,0.843750,0.990826,20,1,109,400
180,27,282,0.982270,0.882166,5,37,314,400
180,94,111,0.873874,0.970000,14,3,100,400
181,38,282,0.978723,0.989247,6,3,279,400
181,5,377,1.000000,0.981771,0,7,384,400
181,15,338,0.991124,0.951705,3,17,352,400
181,2,394,1.000000,1.000000,0,0,394,400
181,52,231,1.000000,0.987179,0,3,234,400
181,51,236,0.944915,0.940928,13,14,237,400
181,33,289,0.982699,0.962712,5,11,295,400
181,42,266,0.981203,0.981203,5,5,266,400
181,68,181,0.983425,0.972678,3,5,183,400
181,67,189,0.962963,0.978495,7,4,186,400
182,79,143,0.958042,0.925676,6,11,148,400
182,97,73,0.630137,0.511111,27,44,90,400
182,49,246,0.967480,0.975410,8,6,244,400
182,93,110,0.918182,0.980583,9,2,103,400
182,92,108,0.944444,0.962264,6,4,106,400
182,40,284,0.950704,0.992647,14,2,272,400
182,4,384,1.000000,0.989691,0,4,388,400
182,14,354,0.997175,0.991573,1,3,356,400
182,53,231,0.982684,0.982684,4,4,231,400
182,71,176,0.977273,0.994220,4,1,173,400
183,25,314,0.993631,0.975000,2,8,320,400
183,19,325,0.996923,0.952941,1,16,340,400
183,72,195,0.871795,1.000000,25,0,170,400
183,54,230,0.986957,0.995614,3,1,228,400
183,38,277,0.989170,0.982079,3,5,279,400
183,28,277,0.981949,0.874598,5,39,311,400
183,65,201,0.905473,0.947917,19,10,192,400
183,53,228,0.991228,0.978355,2,5,231,400
183,42,266,0.988722,0.988722,3,3,266,400
183,3,389,1.000000,0.994885,0,2,391,400
184,80,144,1.000000,1.000000,0,0,144,400
184,88,120,0.991667,1.000000,1,0,119,400
184,57,223,0.946188,0.967890,12,7,218,400
184,98,93,0.849462,0.908046,14,8,87,400
184,76,158,0.968354,0.974522,5,4,157,400
184,84,136,0.948529,0.977273,7,3,132,400
184,7,372,1.000000,0.984127,0,6,378,400
184,50,261,0.919540,1.000000,21,0,240,400
184,92,109,0.954128,0.981132,5,2,106,400
184,27,304,0.983553,0.952229,5,15,314,400
185,57,227,0.947137,0.986239,12,3,218,400
185,65,200,0.915000,0.953125,17,9,192,400
185,49,243,0.971193,0.967213,7,8,244,400
185,45,249,0.975904,0.949219,6,13,256,400
185,3,389,1.000000,0.994885,0,2,391,400
185,47,244,0.995902,0.972000,1,7,250,400
185,62,190,0.978947,0.920792,4,16,202,400
185,60,208,1.000000,1.000000,0,0,208,400
185,64,196,1.000000,1.000000,0,0,196,400
185,43,256,0.992188,0.965779,2,9,263,400
186,88,120,0.991667,1.000000,1,0,119,400
186,60,208,1.000000,1.000000,0,0,208,400
186,40,286,0.951049,1.000000,14,0,272,400
186,41,257,0.992218,0.947955,2,14,269,400
186,14,353,1.000000,0.991573,0,3,356,400
186,25,316,0.993671,0.981250,2,6,320,400
186,47,246,0.991870,0.976000,2,6,250,400
186,45,244,0.983607,0.937500,4,16,256,400
186,73,173,0.965318,1.000000,6,0,167,400
186,51,241,0.950207,0.966245,12,8,237,400
187,83,140,0.878571,0.911111,17,12,135,400
187,95,123,0.780488,1.000000,27,0,96,400
187,72,197,0.862944,1.000000,27,0,170,400
187,71,177,0.971751,0.994220,5,1,173,400
187,63,197,0.964467,0.954774,7,9,199,400
187,56,226,0.960177,0.981900,9,4,221,400
187,94,110,0.854545,0.940000,16,6,100,400
187,37,269,0.981413,0.936170,5,18,282,400
187,46,252,1.000000,0.996047,0,1,253,400
187,14,355,0.997183,0.994382,1,2,356,400
188,55,225,0.964444,0.968750,8,7,224,400
188,99,124,0.669355,0.988095,41,1,84,400
188,34,284,0.978873,0.952055,6,14,292,400
188,17,329,0.984802,0.936416,5,22,346,400
188,65,186,0.924731,0.895833,14,20,192,400
188,5,375,1.000000,0.976562,0,9,384,400
188,71,176,0.977273,0.994220,4,1,173,400
188,92,109,0.954128,0.981132,5,2,106,400
188,32,298,0.993289,0.993289,2,2,298,400
188,94,113,0.849558,0.960000,17,4,100,400
189,31,298,0.989933,0.980066,3,6,301,400
189,80,144,1.000000,1.000000,0,0,144,400
189,57,222,0.950450,0.967890,11,7,218,400
189,14,322,0.993789,0.898876,2,36,356,400
189,42,265,0.996226,0.992481,1,2,266,400
189,10,343,0.997085,0.929348,1,26,368,400
189,40,281,0.957295,0.988971,12,3,272,400
189,5,375,1.000000,0.976562,0,9,384,400
189,30,293,0.982935,0.947368,5,16,304,400
189,56,226,0.969027,0.990950,7,2,221,400
190,16,337,0.997033,0.962751,1,13,349,400
190,25,316,0.993671,0.981250,2,6,320,400
190,32,295,0.993220,0.983221,2,5,298,400
190,17,328,0.987805,0.936416,4,22,346,400
190,99,118,0.711864,1.000000,34,0,84,400
190,51,242,0.942149,0.962025,14,9,237,400
190,56,226,0.969027,0.990950,7,2,221,400
190,90,115,0.965217,0.991071,4,1,112,400
190,23,326,0.993865,0.990826,2,3,327,400
190,46,250,1.000000,0.988142,0,3,253,400
191,95,119,0.798319,0.989583,24,1,96,400
191,14,355,1.000000,0.997191,0,1,356,400
191,94,118,0.838983,0.990000,19,1,100,400
191,88,119,1.000000,1.000000,0,0,119,400
191,30,261,0.977011,0.838816,6,49,304,400
191,64,196,1.000000,1.000000,0,0,196,400
191,85,133,0.954887,0.992188,6,1,128,400
191,5,378,1.000000,0.984375,0,6,384,400
191,77,161,0.944099,0.987013,9,2,154,400
191,73,173,0.965318,1.000000,6,0,167,400
192,6,377,0.997347,0.986877,1,5,381,400
192,13,357,1.000000,0.994429,0,2,359,400
192,20,320,0.993750,0.946429,2,18,336,400
192,8,370,1.000000,0.986667,0,5,375,400
192,76,160,0.956250,0.974522,7,4,157,400
192,51,246,0.943089,0.978903,14,5,237,400
192,40,285,0.950877,0.996324,14,1,272,400
192,17,325,0.984615,0.924855,5,26,346,400
192,48,250,0.956000,0.967611,11,8,247,400
192,88,119,1.000000,1.000000,0,0,119,400
193,20,327,0.993884,0.967262,2,11,336,400
193,21,309,0.993528,0.921922,2,26,333,400
193,74,164,1.000000,1.000000,0,0,164,400
193,1,391,1.000000,0.984887,0,6,397,400
193,83,142,0.894366,0.940741,15,8,135,400
193,81,145,0.937931,0.964539,9,5,141,400
193,31,299,0.986622,0.980066,4,6,301,400
193,30,296,0.979730,0.953947,6,14,304,400
193,95,120,0.783333,0.979167,26,2,96,400
193,23,329,0.990881,0.996942,3,1,327,400
194,12,353,1.000000,0.975138,0,9,362,400
194,1,389,1.000000,0.979849,0,8,397,400
194,64,196,1.000000,1.000000,0,0,196,400
194,14,354,0.997175,0.991573,1,3,356,400
194,66,192,0.968750,0.984127,6,3,189,400
194,80,144,1.000000,1.000000,0,0,144,400
194,86,126,0.992063,1.000000,1,0,125,400
194,30,304,0.983553,0.983553,5,5,304,400
194,61,205,1.000000,1.000000,0,0,205,400
194,21,312,0.990385,0.927928,3,24,333,400
195,12,348,1.000000,0.961326,0,14,362,400
195,50,243,0.942387,0.954167,14,11,240,400
195,25,315,0.993651,0.978125,2,7,320,400
195,66,194,0.963918,0.989418,7,2,189,400
195,15,337,0.991098,0.948864,3,18,352,400
195,77,162,0.944444,0.993506,9,1,154,400
195,91,128,0.843750,0.990826,20,1,109,400
195,62,195,0.979487,0.945545,4,11,202,400
195,94,114,0.868421,0.990000,15,1,100,400
195,40,287,0.944251,0.996324,16,1,272,400
196,44,261,0.992337,0.996154,2,1,260,400
196,50,245,0.934694,0.954167,16,11,240,400
196,9,372,1.000000,1.000000,0,0,372,400
196,11,350,0.997143,0.956164,1,16,365,400
196,72,194,0.860825,0.982353,27,3,170,400
196,30,298,0.979866,0.960526,6,12,304,400
196,58,216,0.972222,0.976744,6,5,215,400
196,62,205,0.970732,0.985149,6,3,202,400
196,67,187,0.973262,0.978495,5,4,186,400
196,59,217,0.963134,0.985849,8,3,212,400
197,53,231,0.982684,0.982684,4,4,231,400
197,94,110,0.872727,0.960000,14,4,100,400
197,84,137,0.948905,0.984848,7,2,132,400
197,25,314,0.996815,0.978125,1,7,320,400
197,78,176,0.852273,0.993377,26,1,151,400
197,96,98,0.928571,0.978495,7,2,93,400
197,58,215,0.976744,0.976744,5,5,215,400
197,8,373,1.000000,0.994667,0,2,375,400
197,99,115,0.713043,0.976190,33,2,84,400
197,1,391,1.000000,0.984887,0,6,397,400
198,60,208,1.000000,1.000000,0,0,208,400
198,61,205,1.000000,1.000000,0,0,205,400
198,38,280,0.985714,0.989247,4,3,279,400
198,75,158,0.987342,0.975000,2,4,160,400
198,3,389,1.000000,0.994885,0,2,391,400
198,41,252,0.996032,0.933086,1,18,269,400
198,86,128,0.976562,1.000000,3,0,125,400
198,30,264,0.977273,0.848684,6,46,304,400
198,62,198,0.974747,0.955446,5,9,202,400
198,57,222,0.950450,0.967890,11,7,218,400
199,21,316,0.990506,0.939940,3,20,333,400
199,25,316,0.996835,0.984375,1,5,320,400
199,42,266,0.988722,0.988722,3,3,266,400
199,83,148,0.885135,0.970370,17,4,135,400
199,46,252,0.992063,0.988142,2,3,253,400
199,67,190,0.963158,0.983871,7,3,186,400
199,98,100,0.820000,0.942529,18,5,87,400
199,48,240,0.966667,0.939271,8,15,247,400
199,91,129,0.844961,1.000000,20,0,109,400
199,55,215,0.948837,0.910714,11,20,224,400
200,55,224,0.955357,0.955357,10,10,224,400
200,41,258,0.996124,0.955390,1,12,269,400
200,24,314,0.980892,0.950617,6,16,324,400
200,4,382,1.000000,0.984536,0,6,388,400
200,13,356,1.000000,0.991643,0,3,359,400
200,71,176,0.977273,0.994220,4,1,173,400
200,26,315,0.993651,0.987382,2,4,317,400
200,56,228,0.969298,1.000000,7,0,221,400
200,93,112,0.883929,0.961165,13,4,103,400
200,82,144,0.944444,0.985507,8,2,138,400
201,91,129,0.844961,1.000000,20,0,109,400
201,42,266,0.992481,0.992481,2,2,266,400
201,43,247,0.995951,0.935361,1,17,263,400
201,44,262,0.992366,1.000000,2,0,260,400
201,17,324,0.984568,0.921965,5,27,346,400
201,24,302,0.986755,0.919753,4,26,324,400
201,68,183,0.983607,0.983607,3,3,183,400
201,65,199,0.919598,0.953125,16,9,192,400
201,1,389,1.000000,0.979849,0,8,397,400
201,38,280,0.985714,0.989247,4,3,279,400
202,5,379,1.000000,0.986979,0,5,384,400
202,99,117,0.717949,1.000000,33,0,84,400
202,42,266,0.988722,0.988722,3,3,266,400
202,76,154,0.987013,0.968153,2,5,157,400
202,9,372,1.000000,1.000000,0,0,372,400
202,51,240,0.941667,0.953586,14,11,237,400
202,6,377,0.997347,0.986877,1,5,381,400
202,93,113,0.884956,0.970874,13,3,103,400
202,67,189,0.962963,0.978495,7,4,186,400
202,44,260,0.992308,0.992308,2,2,260,400
203,39,283,0.975265,1.000000,7,0,276,400
203,60,208,1.000000,1.000000,0,0,208,400
203,20,334,0.994012,0.988095,2,4,336,400
203,59,213,0.976526,0.981132,5,4,212,400
203,4,383,1.000000,0.987113,0,5,388,400
203,88,119,1.000000,1.000000,0,0,119,400
203,45,251,0.976096,0.957031,6,11,256,400
203,87,141,0.822695,0.950820,25,6,122,400
203,94,108,0.898148,0.970000,11,3,100,400
203,96,99,0.939394,1.000000,6,0,93,400
204,76,157,0.987261,0.987261,2,2,157,400
204,96,100,0.930000,1.000000,7,0,93,400
204,59,215,0.972093,0.985849,6,3,212,400
204,8,373,1.000000,0.994667,0,2,375,400
204,82,143,0.951049,0.985507,7,2,138,400
204,88,119,1.000000,1.000000,0,0,119,400
204,6,376,0.997340,0.984252,1,6,381,400
204,16,339,0.997050,0.968481,1,11,349,400
204,93,113,0.884956,0.970874,13,3,103,400
204,7,373,1.000000,0.986772,0,5,378,400
205,22,327,0.990826,0.981818,3,6,330,400
205,15,337,0.991098,0.948864,3,18,352,400
205,82,141,0.964539,0.985507,5,2,138,400
205,55,212,0.966981,0.915179,7,19,224,400
205,80,144,1.000000,1.000000,0,0,144,400
205,54,231,0.982684,0.995614,4,1,228,400
205,16,338,0.997041,0.965616,1,12,349,400
205,64,196,1.000000,1.000000,0,0,196,400
205,87,141,0.851064,0.983607,21,2,122,400
205,63,199,0.959799,0.959799,8,8,199,400
206,89,122,0.934426,0.982759,8,2,116,400
206,44,259,1.000000,0.996154,0,1,260,400
206,81,144,0.937500,0.957447,9,6,141,400
206,74,164,1.000000,1.000000,0,0,164,400
206,9,372,1.000000,1.000000,0,0,372,400
206,87,143,0.832168,0.975410,24,3,122,400
206,94,107,0.915888,0.980000,9,2,100,400
206,36,288,0.989583,1.000000,3,0,285,400
206,80,144,1.000000,1.000000,0,0,144,400
206,20,327,0.993884,0.967262,2,11,336,400
207,25,316,0.996835,0.984375,1,5,320,400
207,76,159,0.974843,0.987261,4,2,157,400
207,17,326,0.984663,0.927746,5,25,346,400
207,62,202,0.965347,0.965347,7,7,202,400
207,36,287,0.989547,0.996491,3,1,285,400
207,94,113,0.876106,0.990000,14,1,100,400
207,14,354,0.997175,0.991573,1,3,356,400
207,91,128,0.843750,0.990826,20,1,109,400
207,32,298,0.996644,0.996644,1,1,298,400
207,90,113,0.982301,0.991071,2,1,112,400
208,78,178,0.842697,0.993377,28,1,151,400
208,2,394,1.000000,1.000000,0,0,394,400
208,34,287,0.986063,0.969178,4,9,292,400
208,11,218,0.990826,0.591781,2,149,365,400
208,41,259,0.996139,0.959108,1,11,269,400
208,9,372,1.000000,1.000000,0,0,372,400
208,25,316,0.996835,0.984375,1,5,320,400
208,13,354,1.000000,0.986072,0,5,359,400
208,44,262,0.992366,1.000000,2,0,260,400
208,38,280,0.985714,0.989247,4,3,279,400
209,57,224,0.950893,0.977064,11,5,218,400
209,30,294,0.979592,0.947368,6,16,304,400
209,17,329,0.987842,0.939306,4,21,346,400
209,51,242,0.942149,0.962025,14,9,237,400
209,86,126,0.984127,0.992000,2,1,125,400
209,79,144,0.958333,0.932432,6,10,148,400
209,88,119,1.000000,1.000000,0,0,119,400
209,84,134,0.970149,0.984848,4,2,132,400
209,0,367,1.000000,0.917500,0,33,400,400
209,90,114,0.973684,0.991071,3,1,112,400
210,79,141,0.964539,0.918919,5,12,148,400
210,2,394,1.000000,1.000000,0,0,394,400
210,18,339,0.988201,0.976676,4,8,343,400
210,43,258,0.996124,0.977186,1,6,263,400
210,59,216,0.972222,0.990566,6,2,212,400
210,0,399,1.000000,0.997500,0,1,400,400
210,34,287,0.982578,0.965753,5,10,292,400
210,19,321,0.996885,0.941176,1,20,340,400
210,65,195,0.928205,0.942708,14,11,192,400
210,71,176,0.977273,0.994220,4,1,173,400
211,17,331,0.984894,0.942197,5,20,346,400
211,56,226,0.973451,0.995475,6,1,221,400
211,80,144,1.000000,1.000000,0,0,144,400
211,59,208,0.975962,0.957547,5,9,212,400
211,88,119,1.000000,1.000000,0,0,119,400
211,71,173,0.982659,0.982659,3,3,173,400
211,13,355,0.997183,0.986072,1,5,359,400
211,58,213,0.990610,0.981395,2,4,215,400
211,95,107,0.822430,0.916667,19,8,96,400
211,69,177,0.875706,0.861111,22,25,180,400
212,2,394,1.000000,1.000000,0,0,394,400
212,28,307,0.986971,0.974277,4,8,311,400
212,31,297,0.989899,0.976744,3,7,301,400
212,49,243,0.979424,0.975410,5,6,244,400
212,88,119,1.000000,1.000000,0,0,119,400
212,62,208,0.971154,1.000000,6,0,202,400
212,15,336,0.988095,0.943182,4,20,352,400
212,42,267,0.977528,0.981203,6,5,266,400
212,38,273,0.985348,0.964158,4,10,279,400
212,54,232,0.982759,1.000000,4,0,228,400
213,58,213,0.985915,0.976744,3,5,215,400
213,63,152,0.921053,0.703518,12,59,199,400
213,79,147,0.938776,0.932432,9,10,148,400
213,82,143,0.951049,0.985507,7,2,138,400
213,0,399,1.000000,0.997500,0,1,400,400
213,25,314,0.996815,0.978125,1,7,320,400
213,35,289,0.982699,0.986111,5,4,288,400
213,12,354,1.000000,0.977901,0,8,362,400
213,89,122,0.934426,0.982759,8,2,116,400
213,60,208,1.000000,1.000000,0,0,208,400
214,14,352,0.997159,0.985955,1,5,356,400
214,26,313,0.993610,0.981073,2,6,317,400
214,43,231,0.982684,0.863118,4,36,263,400
214,27,304,0.993421,0.961783,2,12,314,400
214,87,139,0.827338,0.942623,24,7,122,400
214,46,247,0.991903,0.968379,2,8,253,400
214,57,216,0.939815,0.931193,13,15,218,400
214,63,183,0.945355,0.869347,10,26,199,400
214,94,110,0.890909,0.980000,12,2,100,400
214,48,247,0.971660,0.971660,7,7,247,400
215,73,173,0.965318,1.000000,6,0,167,400
215,31,298,0.989933,0.980066,3,6,301,400
215,46,251,1.000000,0.992095,0,2,253,400
215,24,296,0.989865,0.904321,3,31,324,400
215,90,114,0.973684,0.991071,3,1,112,400
215,65,195,0.928205,0.942708,14,11,192,400
215,21,313,0.990415,0.930931,3,23,333,400
215,57,224,0.950893,0.977064,11,5,218,400
215,38,279,0.982079,0.982079,5,5,279,400
215,49,242,0.979339,0.971311,5,7,244,400
216,66,193,0.968912,0.989418,6,2,189,400
216,13,355,1.000000,0.988858,0,4,359,400
216,33,284,0.992958,0.955932,2,13,295,400
216,76,159,0.974843,0.987261,4,2,157,400
216,43,234,0.982906,0.874525,4,33,263,400
216,89,123,0.918699,0.974138,10,3,116,400
216,35,291,0.982818,0.993056,5,2,288,400
216,50,249,0.927711,0.962500,18,9,240,400
216,79,151,0.940397,0.959459,9,6,148,400
216,20,334,0.994012,0.988095,2,4,336,400
217,28,308,0.983766,0.974277,5,8,311,400
217,61,205,1.000000,1.000000,0,0,205,400
217,70,173,0.994220,0.977273,1,4,176,400
217,56,226,0.977876,1.000000,5,0,221,400
217,11,332,0.990964,0.901370,3,36,365,400
217,21,322,0.990683,0.957958,3,14,333,400
217,95,98,0.836735,0.854167,16,14,96,400
217,3,389,1.000000,0.994885,0,2,391,400
217,78,179,0.837989,0.993377,29,1,151,400
217,69,191,0.895288,0.950000,20,9,180,400
218,38,281,0.982206,0.989247,5,3,279,400
218,72,196,0.867347,1.000000,26,0,170,400
218,60,208,1.000000,1.000000,0,0,208,400
218,76,159,0.974843,0.987261,4,2,157,400
218,15,333,0.987988,0.934659,4,23,352,400
218,99,109,0.706422,0.916667,32,7,84,400
218,27,297,0.996633,0.942675,1,18,314,400
218,78,173,0.855491,0.980132,25,3,151,400
218,49,238,0.983193,0.959016,4,10,244,400
218,54,231,0.982684,0.995614,4,1,228,400
219,87,146,0.828767,0.991803,25,1,122,400
219,39,281,0.971530,0.989130,8,3,276,400
219,6,375,0.997333,0.981627,1,7,381,400
219,25,316,0.993671,0.981250,2,6,320,400
219,24,269,0.985130,0.817901,4,59,324,400
219,67,189,0.968254,0.983871,6,3,186,400
219,46,250,1.000000,0.988142,0,3,253,400
219,65,196,0.918367,0.937500,16,12,192,400
219,93,116,0.870690,0.980583,15,2,103,400
219,90,115,0.973913,1.000000,3,0,112,400
220,22,331,0.987915,0.990909,4,3,330,400
220,95,106,0.830189,0.916667,18,8,96,400
220,89,121,0.942149,0.982759,7,2,116,400
220,41,259,0.996139,0.959108,1,11,269,400
220,94,110,0.863636,0.950000,15,5,100,400
220,6,378,0.997354,0.989501,1,4,381,400
220,31,300,0.990000,0.986711,3,4,301,400
220,26,312,1.000000,0.984227,0,5,317,400
220,12,359,1.000000,0.991713,0,3,362,400
220,0,364,1.000000,0.910000,0,36,400,400
221,49,244,0.979508,0.979508,5,5,244,400
221,69,197,0.883249,0.966667,23,6,180,400
221,3,389,1.000000,0.994885,0,2,391,400
221,74,164,1.000000,1.000000,0,0,164,400
221,58,212,0.981132,0.967442,4,7,215,400
221,30,300,0.980000,0.967105,6,10,304,400
221,44,256,0.996094,0.980769,1,5,260,400
221,63,200,0.950000,0.954774,10,9,199,400
221,27,303,0.996700,0.961783,1,12,314,400
221,17,330,0.984848,0.939306,5,21,346,400
222,40,284,0.943662,0.985294,16,4,272,400
222,83,147,0.904762,0.985185,14,2,135,400
222,48,239,0.974895,0.943320,6,14,247,400
222,42,267,0.985019,0.988722,4,3,266,400
222,94,111,0.891892,0.990000,12,1,100,400
222,31,297,0.989899,0.976744,3,7,301,400
222,4,384,1.000000,0.989691,0,4,388,400
222,11,355,0.991549,0.964384,3,13,365,400
222,92,108,0.953704,0.971698,5,3,106,400
222,52,231,1.000000,0.987179,0,3,234,400
223,38,278,0.985612,0.982079,4,5,279,400
223,57,223,0.950673,0.972477,11,6,218,400
223,13,354,0.997175,0.983287,1,6,359,400
223,86,126,0.984127,0.992000,2,1,125,400
223,75,160,0.987500,0.987500,2,2,160,400
223,24,318,0.984277,0.966049,5,11,324,400
223,17,329,0.984802,0.936416,5,22,346,400
223,68,185,0.978378,0.989071,4,2,183,400
223,67,187,0.967914,0.973118,6,5,186,400
223,98,72,0.680556,0.563218,23,38,87,400
224,73,171,0.964912,0.988024,6,2,167,400
224,71,176,0.971591,0.988439,5,2,173,400
224,14,349,0.997135,0.977528,1,8,356,400
224,5,380,1.000000,0.989583,0,4,384,400
224,0,399,1.000000,0.997500,0,1,400,400
224,96,100,0.930000,1.000000,7,0,93,400
224,13,352,0.997159,0.977716,1,8,359,400
224,89,122,0.926230,0.974138,9,3,116,400
224,90,115,0.973913,1.000000,3,0,112,400
224,33,285,0.996491,0.962712,1,11,295,400
225,66,188,0.984043,0.978836,3,4,189,400
225,70,177,0.988701,0.994318,2,1,176,400
225,34,285,0.978947,0.955479,6,13,292,400
225,22,330,0.993939,0.993939,2,2,330,400
225,10,343,0.997085,0.929348,1,26,368,400
225,13,353,1.000000,0.983287,0,6,359,400
225,82,142,0.950704,0.978261,7,3,138,400
225,62,193,0.984456,0.940594,3,12,202,400
225,77,163,0.938650,0.993506,10,1,154,400
225,97,73,0.630137,0.511111,27,44,90,400
226,64,196,1.000000,1.000000,0,0,196,400
226,5,380,1.000000,0.989583,0,4,384,400
226,91,127,0.842520,0.981651,20,2,109,400
226,9,372,1.000000,1.000000,0,0,372,400
226,93,110,0.881818,0.941748,13,6,103,400
226,59,216,0.967593,0.985849,7,3,212,400
226,24,316,0.984177,0.959877,5,13,324,400
226,27,301,0.996678,0.955414,1,14,314,400
226,78,176,0.852273,0.993377,26,1,151,400
226,19,328,1.000000,0.964706,0,12,340,400
227,61,205,1.000000,1.000000,0,0,205,400
227,86,127,0.976378,0.992000,3,1,125,400
227,75,161,0.987578,0.993750,2,1,160,400
227,2,394,1.000000,1.000000,0,0,394,400
227,81,141,0.943262,0.943262,8,8,141,400
227,94,106,0.924528,0.980000,8,2,100,400
227,0,399,1.000000,0.997500,0,1,400,400
227,6,377,0.997347,0.986877,1,5,381,400
227,67,189,0.968254,0.983871,6,3,186,400
227,34,282,0.978723,0.945205,6,16,292,400
228,40,285,0.947368,0.992647,15,2,272,400
228,39,277,0.978339,0.981884,6,5,276,400
228,0,357,1.000000,0.892500,0,43,400,400
228,58,214,0.976636,0.972093,5,6,215,400
228,68,184,0.983696,0.989071,3,2,183,400
228,34,283,0.978799,0.948630,6,15,292,400
228,56,226,0.969027,0.990950,7,2,221,400
228,91,124,0.846774,0.963303,19,4,109,400
228,63,198,0.949495,0.944724,10,11,199,400
228,95,100,0.830000,0.864583,17,13,96,400
229,57,223,0.950673,0.972477,11,6,218,400
229,68,184,0.983696,0.989071,3,2,183,400
229,94,111,0.900901,1.000000,11,0,100,400
229,75,160,0.987500,0.987500,2,2,160,400
229,42,267,0.985019,0.988722,4,3,266,400
229,67,192,0.958333,0.989247,8,2,186,400
229,63,204,0.941176,0.964824,12,7,199,400
229,7,372,1.000000,0.984127,0,6,378,400
229,46,251,1.000000,0.992095,0,2,253,400
229,33,284,0.992958,0.955932,2,13,295,400
230,80,144,1.000000,1.000000,0,0,144,400
230,69,202,0.886139,0.994444,23,1,180,400
230,19,330,0.996970,0.967647,1,11,340,400
230,65,195,0.923077,0.937500,15,12,192,400
230,0,380,1.000000,0.950000,0,20,400,400
230,15,324,0.987654,0.909091,4,32,352,400
230,27,301,0.996678,0.955414,1,14,314,400
230,3,389,1.000000,0.994885,0,2,391,400
230,62,202,0.980198,0.980198,4,4,202,400
230,66,190,0.978947,0.984127,4,3,189,400
231,35,291,0.982818,0.993056,5,2,288,400
231,30,241,0.970954,0.769737,7,70,304,400
231,20,335,0.994030,0.991071,2,3,336,400
231,37,272,0.985294,0.950355,4,14,282,400
231,49,244,0.975410,0.975410,6,6,244,400
231,80,144,1.000000,1.000000,0,0,144,400
231,51,246,0.939024,0.974684,15,6,237,400
231,59,216,0.972222,0.990566,6,2,212,400
231,60,208,1.000000,1.000000,0,0,208,400
231,92,107,0.962617,0.971698,4,3,106,400
232,49,246,0.983740,0.991803,4,2,244,400
232,53,231,0.982684,0.982684,4,4,231,400
232,42,268,0.985075,0.992481,4,2,266,400
232,72,187,0.887701,0.976471,21,4,170,400
232,54,231,0.982684,0.995614,4,1,228,400
232,11,361,0.991690,0.980822,3,7,365,400
232,23,329,0.993921,1.000000,2,0,327,400
232,71,178,0.966292,0.994220,6,1,173,400
232,40,286,0.951049,1.000000,14,0,272,400
232,73,173,0.965318,1.000000,6,0,167,400
233,9,372,1.000000,1.000000,0,0,372,400
233,24,318,0.987421,0.969136,4,10,324,400
233,84,132,0.962121,0.962121,5,5,132,400
233,56,225,0.973333,0.990950,6,2,221,400
233,65,200,0.915000,0.953125,17,9,192,400
233,51,243,0.934156,0.957806,16,10,237,400
233,96,99,0.939394,1.000000,6,0,93,400
233,73,173,0.965318,1.000000,6,0,167,400
233,12,342,1.000000,0.944751,0,20,362,400
233,45,249,0.975904,0.949219,6,13,256,400
234,94,115,0.860870,0.990000,16,1,100,400
234,91,126,0.849206,0.981651,19,2,109,400
234,66,190,0.973684,0.978836,5,4,189,400
234,98,96,0.781250,0.862069,21,12,87,400
234,15,340,0.988235,0.954545,4,16,352,400
234,86,126,0.984127,0.992000,2,1,125,400
234,51,240,0.937500,0.949367,15,12,237,400
234,12,331,1.000000,0.914365,0,31,362,400
234,17,328,0.987805,0.936416,4,22,346,400
234,90,115,0.973913,1.000000,3,0,112,400
235,3,389,1.000000,0.994885,0,2,391,400
235,54,231,0.982684,0.995614,4,1,228,400
235,14,348,0.997126,0.974719,1,9,356,400
235,43,235,0.987234,0.882129,3,31,263,400
235,56,226,0.973451,0.995475,6,1,221,400
235,59,213,0.967136,0.971698,7,6,212,400
235,71,178,0.966292,0.994220,6,1,173,400
235,83,145,0.924138,0.992593,11,1,135,400
235,35,290,0.982759,0.989583,5,3,288,400
235,61,205,1.000000,1.000000,0,0,205,400
236,95,108,0.851852,0.958333,16,4,96,400
236,65,199,0.919598,0.953125,16,9,192,400
236,71,176,0.977273,0.994220,4,1,173,400
236,35,292,0.982877,0.996528,5,1,288,400
236,83,142,0.936620,0.985185,9,2,135,400
236,97,73,0.630137,0.511111,27,44,90,400
236,72,194,0.871134,0.994118,25,1,170,400
236,10,350,0.997143,0.948370,1,19,368,400
236,39,274,0.978102,0.971014,6,8,276,400
236,99,116,0.715517,0.988095,33,1,84,400
237,28,280,0.978571,0.881029,6,37,311,400
237,6,378,0.997354,0.989501,1,4,381,400
237,11,332,0.990964,0.901370,3,36,365,400
237,85,136,0.941176,1.000000,8,0,128,400
237,99,124,0.677419,1.000000,40,0,84,400
237,18,340,0.988235,0.979592,4,7,343,400
237,33,288,0.986111,0.962712,4,11,295,400
237,45,248,0.975806,0.945312,6,14,256,400
237,75,160,0.987500,0.987500,2,2,160,400
237,58,218,0.972477,0.986047,6,3,215,400
238,43,257,0.996109,0.973384,1,7,263,400
238,46,252,0.996032,0.992095,1,2,253,400
238,76,160,0.968750,0.987261,5,2,157,400
238,93,115,0.878261,0.980583,14,2,103,400
238,34,280,0.978571,0.938356,6,18,292,400
238,25,317,0.993691,0.984375,2,5,320,400
238,72,191,0.879581,0.988235,23,2,170,400
238,68,183,0.983607,0.983607,3,3,183,400
238,16,337,0.997033,0.962751,1,13,349,400
238,39,281,0.971530,0.989130,8,3,276,400
239,5,378,1.000000,0.984375,0,6,384,400
239,69,195,0.892308,0.966667,21,6,180,400
239,13,358,0.997207,0.994429,1,2,359,400
239,73,171,0.970760,0.994012,5,1,167,400
239,11,352,0.991477,0.956164,3,16,365,400
239,41,260,0.996154,0.962825,1,10,269,400
239,28,291,0.982818,0.919614,5,25,311,400
239,59,211,0.971564,0.966981,6,7,212,400
239,86,128,0.968750,0.992000,4,1,125,400
239,31,296,0.989865,0.973422,3,8,301,400
240,13,355,1.000000,0.988858,0,4,359,400
240,54,230,0.986957,0.995614,3,1,228,400
240,62,205,0.975610,0.990099,5,2,202,400
240,51,239,0.941423,0.949367,14,12,237,400
240,3,387,1.000000,0.989770,0,4,391,400
240,33,286,0.989510,0.959322,3,12,295,400
240,75,160,0.987500,0.987500,2,2,160,400
240,61,205,1.000000,1.000000,0,0,205,400
240,58,219,0.972603,0.990698,6,2,215,400
240,74,164,1.000000,1.000000,0,0,164,400
241,32,297,0.993266,0.989933,2,3,298,400
241,5,381,1.000000,0.992188,0,3,384,400
241,93,114,0.868421,0.961165,15,4,103,400
241,1,391,1.000000,0.984887,0,6,397,400
241,52,229,1.000000,0.978632,0,5,234,400
241,39,284,0.968310,0.996377,9,1,276,400
241,81,145,0.931034,0.957447,10,6,141,400
241,35,292,0.982877,0.996528,5,1,288,400
241,47,247,0.991903,0.980000,2,5,250,400
241,90,114,0.973684,0.991071,3,1,112,400
242,70,176,0.988636,0.988636,2,2,176,400
242,88,119,1.000000,1.000000,0,0,119,400
242,15,345,0.988406,0.968750,4,11,352,400
242,68,182,0.983516,0.978142,3,4,183,400
242,83,140,0.950000,0.985185,7,2,135,400
242,13,356,0.997191,0.988858,1,4,359,400
242,59,216,0.972222,0.990566,6,2,212,400
242,66,194,0.963918,0.989418,7,2,189,400
242,3,389,1.000000,0.994885,0,2,391,400
242,5,380,1.000000,0.989583,0,4,384,400
243,60,208,1.000000,1.000000,0,0,208,400
243,55,227,0.964758,0.977679,8,5,224,400
243,36,287,0.989547,0.996491,3,1,285,400
243,17,331,0.984894,0.942197,5,20,346,400
243,24,308,0.987013,0.938272,4,20,324,400
243,96,118,0.788136,1.000000,25,0,93,400
243,32,295,0.996610,0.986577,1,4,298,400
243,41,259,0.992278,0.955390,2,12,269,400
243,29,308,1.000000,1.000000,0,0,308,400
243,66,191,0.973822,0.984127,5,3,189,400
244,1,390,1.000000,0.982368,0,7,397,400
244,65,198,0.914141,0.942708,17,11,192,400
244,54,231,0.982684,0.995614,4,1,228,400
244,39,285,0.964912,0.996377,10,1,276,400
244,62,201,0.970149,0.965347,6,7,202,400
244,52,232,0.995690,0.987179,1,3,234,400
244,70,175,0.988571,0.982955,2,3,176,400
244,26,312,0.993590,0.977918,2,7,317,400
244,47,247,0.987854,0.976000,3,6,250,400
244,27,307,0.993485,0.971338,2,9,314,400
245,54,231,0.982684,0.995614,4,1,228,400
245,4,384,1.000000,0.989691,0,4,388,400
245,51,244,0.946721,0.974684,13,6,237,400
245,30,303,0.980198,0.976974,6,7,304,400
245,66,192,0.968750,0.984127,6,3,189,400
245,41,262,0.992366,0.966543,2,9,269,400
245,76,161,0.962733,0.987261,6,2,157,400
245,56,225,0.977778,0.995475,5,1,221,400
245,46,205,0.970732,0.786561,6,54,253,400
245,27,297,0.996633,0.942675,1,18,314,400
246,1,393,1.000000,0.989924,0,4,397,400
246,30,296,0.976351,0.950658,7,15,304,400
246,98,98,0.795918,0.896552,20,9,87,400
246,75,159,0.987421,0.981250,2,3,160,400
246,7,370,1.000000,0.978836,0,8,378,400
246,39,283,0.971731,0.996377,8,1,276,400
246,72,195,0.871795,1.000000,25,0,170,400
246,51,242,0.946281,0.966245,13,8,237,400
246,47,246,0.995935,0.980000,1,5,250,400
246,78,176,0.846591,0.986755,27,2,151,400
247,13,353,1.000000,0.983287,0,6,359,400
247,71,176,0.977273,0.994220,4,1,173,400
247,24,307,0.986971,0.935185,4,21,324,400
247,9,372,1.000000,1.000000,0,0,372,400
247,79,147,0.945578,0.939189,8,9,148,400
247,49,247,0.979757,0.991803,5,2,244,400
247,94,108,0.898148,0.970000,11,3,100,400
247,84,135,0.948148,0.969697,7,4,132,400
247,61,205,1.000000,1.000000,0,0,205,400
247,80,144,1.000000,1.000000,0,0,144,400
248,21,320,0.990625,0.951952,3,16,333,400
248,73,171,0.970760,0.994012,5,1,167,400
248,93,114,0.868421,0.961165,15,4,103,400
248,33,287,0.993031,0.966102,2,10,295,400
248,53,231,0.987013,0.987013,3,3,231,400
248,52,230,1.000000,0.982906,0,4,234,400
248,91,128,0.851562,1.000000,19,0,109,400
248,48,244,0.979508,0.967611,5,8,247,400
248,11,351,0.991453,0.953425,3,17,365,400
248,80,144,1.000000,1.000000,0,0,144,400
249,41,262,0.992366,0.966543,2,9,269,400
249,21,323,0.993808,0.963964,2,12,333,400
249,98,100,0.820000,0.942529,18,5,87,400
249,89,120,0.941667,0.974138,7,3,116,400
249,26,308,0.996753,0.968454,1,10,317,400
249,32,296,0.996622,0.989933,1,3,298,400
249,37,277,0.981949,0.964539,5,10,282,400
249,25,316,0.993671,0.981250,2,6,320,400
249,31,298,0.989933,0.980066,3,6,301,400
249,73,173,0.965318,1.000000,6,0,167,400
250,29,308,1.000000,1.000000,0,0,308,400
250,88,119,1.000000,1.000000,0,0,119,400
250,99,120,0.683333,0.976190,38,2,84,400
250,77,161,0.956522,1.000000,7,0,154,400
250,53,231,0.987013,0.987013,3,3,231,400
250,62,207,0.971014,0.995050,6,1,202,400
250,61,205,1.000000,1.000000,0,0,205,400
250,7,375,1.000000,0.992063,0,3,378,400
250,1,392,1.000000,0.987406,0,5,397,400
250,63,198,0.954545,0.949749,9,10,199,400
251,82,139,0.964029,0.971014,5,4,138,400
251,98,96,0.833333,0.919540,16,7,87,400
251,11,352,0.994318,0.958904,2,15,365,400
251,79,148,0.959459,0.959459,6,6,148,400
251,87,138,0.862319,0.975410,19,3,122,400
251,94,111,0.891892,0.990000,12,1,100,400
251,72,194,0.871134,0.994118,25,1,170,400
251,97,73,0.630137,0.511111,27,44,90,400
251,83,142,0.943662,0.992593,8,1,135,400
251,28,289,0.979239,0.909968,6,28,311,400
252,5,381,1.000000,0.992188,0,3,384,400
252,16,338,0.997041,0.965616,1,12,349,400
252,44,202,0.965347,0.750000,7,65,260,400
252,7,376,1.000000,0.994709,0,2,378,400
252,24,322,0.981366,0.975309,6,8,324,400
252,35,292,0.982877,0.996528,5,1,288,400
252,3,389,1.000000,0.994885,0,2,391,400
252,47,249,0.987952,0.984000,3,4,250,400
252,93,122,0.803279,0.951456,24,5,103,400
252,12,353,1.000000,0.975138,0,9,362,400
253,56,225,0.977778,0.995475,5,1,221,400
253,15,349,0.988539,0.980114,4,7,352,400
253,49,244,0.983607,0.983607,4,4,244,400
253,92,104,0.951923,0.933962,5,7,106,400
253,7,375,1.000000,0.992063,0,3,378,400
253,51,245,0.938776,0.970464,15,7,237,400
253,42,267,0.992509,0.996241,2,1,266,400
253,48,247,0.971660,0.971660,7,7,247,400
253,66,194,0.969072,0.994709,6,1,189,400
253,69,200,0.895000,0.994444,21,1,180,400
254,43,255,0.992157,0.961977,2,10,263,400
254,48,245,0.975510,0.967611,6,8,247,400
254,66,195,0.964103,0.994709,7,1,189,400
254,98,99,0.828283,0.942529,17,5,87,400
254,6,376,0.997340,0.984252,1,6,381,400
254,86,128,0.968750,0.992000,4,1,125,400
254,19,332,0.996988,0.973529,1,9,340,400
254,16,339,0.997050,0.968481,1,11,349,400
254,80,144,1.000000,1.000000,0,0,144,400
254,21,324,0.990741,0.963964,3,12,333,400
255,87,140,0.850000,0.975410,21,3,122,400
255,50,250,0.948000,0.987500,13,3,240,400
255,94,107,0.915888,0.980000,9,2,100,400
255,92,105,0.961905,0.952830,4,5,106,400
255,48,247,0.975709,0.975709,6,6,247,400
255,12,353,1.000000,0.975138,0,9,362,400
255,45,247,0.975709,0.941406,6,15,256,400
255,68,184,0.978261,0.983607,4,3,183,400
255,25,318,0.993711,0.987500,2,4,320,400
255,32,301,0.990033,1.000000,3,0,298,400
256,52,232,1.000000,0.991453,0,2,234,400
256,78,173,0.861272,0.986755,24,2,151,400
256,50,257,0.926070,0.991667,19,2,240,400
256,5,378,1.000000,0.984375,0,6,384,400
256,32,299,0.989967,0.993289,3,2,298,400
256,18,340,0.988235,0.979592,4,7,343,400
256,10,350,0.997143,0.948370,1,19,368,400
256,24,320,0.984375,0.972222,5,9,324,400
256,62,204,0.970588,0.980198,6,4,202,400
256,56,225,0.973333,0.990950,6,2,221,400
257,24,320,0.984375,0.972222,5,9,324,400
257,32,300,0.990000,0.996644,3,1,298,400
257,57,223,0.955157,0.977064,10,5,218,400
257,41,262,0.996183,0.970260,1,8,269,400
257,84,138,0.927536,0.969697,10,4,132,400
257,31,299,0.989967,0.983389,3,5,301,400
257,89,124,0.927419,0.991379,9,1,116,400
257,19,335,1.000000,0.985294,0,5,340,400
257,93,121,0.834711,0.980583,20,2,103,400
257,90,116,0.965517,1.000000,4,0,112,400
258,46,255,0.980392,0.988142,5,3,253,400
258,58,219,0.977169,0.995349,5,1,215,400
258,38,280,0.989286,0.992832,3,2,279,400
258,72,198,0.858586,1.000000,28,0,170,400
258,26,311,1.000000,0.981073,0,6,317,400
258,8,372,1.000000,0.992000,0,3,375,400
258,45,247,0.975709,0.941406,6,15,256,400
258,11,356,0.994382,0.969863,2,11,365,400
258,48,243,0.975309,0.959514,6,10,247,400
258,74,164,1.000000,1.000000,0,0,164,400
259,96,102,0.872549,0.956989,13,4,93,400
259,78,176,0.857955,1.000000,25,0,151,400
259,62,201,0.975124,0.970297,5,6,202,400
259,14,351,0.997151,0.983146,1,6,356,400
259,42,268,0.985075,0.992481,4,2,266,400
259,11,302,0.993377,0.821918,2,65,365,400
259,98,95,0.852632,0.931034,14,6,87,400
259,9,372,1.000000,1.000000,0,0,372,400
259,19,332,1.000000,0.976471,0,8,340,400
259,77,155,0.954839,0.961039,7,6,154,400
260,66,196,0.959184,0.994709,8,1,189,400
260,13,357,0.997199,0.991643,1,3,359,400
260,96,98,0.938776,0.989247,6,1,93,400
260,1,392,1.000000,0.987406,0,5,397,400
260,36,286,0.989510,0.992982,3,2,285,400
260,91,127,0.858268,1.000000,18,0,109,400
260,76,159,0.968553,0.980892,5,3,157,400
260,72,195,0.866667,0.994118,26,1,170,400
260,49,244,0.983607,0.983607,4,4,244,400
260,62,197,0.964467,0.940594,7,12,202,400
261,95,114,0.824561,0.979167,20,2,96,400
261,85,134,0.955224,1.000000,6,0,128,400
261,15,341,0.991202,0.960227,3,14,352,400
261,11,352,0.994318,0.958904,2,15,365,400
261,17,332,0.984940,0.945087,5,19,346,400
261,64,196,1.000000,1.000000,0,0,196,400
261,22,330,0.990909,0.990909,3,3,330,400
261,60,208,1.000000,1.000000,0,0,208,400
261,44,263,0.988593,1.000000,3,0,260,400
261,39,281,0.971530,0.989130,8,3,276,400
262,73,173,0.965318,1.000000,6,0,167,400
262,2,394,1.000000,1.000000,0,0,394,400
262,30,292,0.989726,0.950658,3,15,304,400
262,5,380,1.000000,0.989583,0,4,384,400
262,4,383,1.000000,0.987113,0,5,388,400
262,86,130,0.953846,0.992000,6,1,125,400
262,48,240,0.975000,0.947368,6,13,247,400
262,38,282,0.985816,0.996416,4,1,279,400
262,84,139,0.935252,0.984848,9,2,132,400
262,26,312,0.993590,0.977918,2,7,317,400
263,47,248,0.991935,0.984000,2,4,250,400
263,34,280,0.985714,0.945205,4,16,292,400
263,27,289,0.986159,0.907643,4,29,314,400
263,19,330,1.000000,0.970588,0,10,340,400
263,13,356,1.000000,0.991643,0,3,359,400
263,77,160,0.956250,0.993506,7,1,154,400
263,22,329,0.993921,0.990909,2,3,330,400
263,49,249,0.971888,0.991803,7,2,244,400
263,42,267,0.992509,0.996241,2,1,266,400
263,8,372,1.000000,0.992000,0,3,375,400
264,60,208,1.000000,1.000000,0,0,208,400
264,46,245,0.991837,0.960474,2,10,253,400
264,27,306,0.996732,0.971338,1,9,314,400
264,17,329,0.984802,0.936416,5,22,346,400
264,91,125,0.856000,0.981651,18,2,109,400
264,14,356,0.997191,0.997191,1,1,356,400
264,93,117,0.846154,0.961165,18,4,103,400
264,36,287,0.989547,0.996491,3,1,285,400
264,16,338,0.997041,0.965616,1,12,349,400
264,79,145,0.958621,0.939189,6,9,148,400
265,56,227,0.973568,1.000000,6,0,221,400
265,32,297,0.996633,0.993289,1,2,298,400
265,46,252,1.000000,0.996047,0,1,253,400
265,65,201,0.915423,0.958333,17,8,192,400
265,75,161,0.987578,0.993750,2,1,160,400
265,28,300,0.983333,0.948553,5,16,311,400
265,98,97,0.835052,0.931034,16,6,87,400
265,73,174,0.959770,1.000000,7,0,167,400
265,64,196,1.000000,1.000000,0,0,196,400
265,71,176,0.977273,0.994220,4,1,173,400
266,93,119,0.848739,0.980583,18,2,103,400
266,11,348,0.997126,0.950685,1,18,365,400
266,62,184,0.972826,0.886139,5,23,202,400
266,13,356,0.997191,0.988858,1,4,359,400
266,91,129,0.837209,0.990826,21,1,109,400
266,6,376,1.000000,0.986877,0,5,381,400
266,67,191,0.968586,0.994624,6,1,186,400
266,99,123,0.682927,1.000000,39,0,84,400
266,14,357,0.997199,1.000000,1,0,356,400
266,27,304,0.993421,0.961783,2,12,314,400
267,64,196,1.000000,1.000000,0,0,196,400
267,65,194,0.932990,0.942708,13,11,192,400
267,46,251,0.996016,0.988142,1,3,253,400
267,16,335,0.997015,0.957020,1,15,349,400
267,30,301,0.990033,0.980263,3,6,304,400
267,54,231,0.982684,0.995614,4,1,228,400
267,90,116,0.965517,1.000000,4,0,112,400
267,63,201,0.945274,0.954774,11,9,199,400
267,41,262,0.992366,0.966543,2,9,269,400
267,80,144,1.000000,1.000000,0,0,144,400
268,22,329,0.993921,0.990909,2,3,330,400
268,73,173,0.965318,1.000000,6,0,167,400
268,35,291,0.986254,0.996528,4,1,288,400
268,99,119,0.705882,1.000000,35,0,84,400
268,13,356,0.997191,0.988858,1,4,359,400
268,27,309,0.987055,0.971338,4,9,314,400
268,17,335,0.985075,0.953757,5,16,346,400
268,93,118,0.855932,0.980583,17,2,103,400
268,67,191,0.973822,1.000000,5,0,186,400
268,88,119,1.000000,1.000000,0,0,119,400
269,87,144,0.840278,0.991803,23,1,122,400
269,58,219,0.977169,0.995349,5,1,215,400
269,27,307,0.993485,0.971338,2,9,314,400
269,3,389,1.000000,0.994885,0,2,391,400
269,17,329,0.987842,0.939306,4,21,346,400
269,37,275,0.981818,0.957447,5,12,282,400
269,55,224,0.959821,0.959821,9,9,224,400
269,84,137,0.941606,0.977273,8,3,132,400
269,2,394,1.000000,1.000000,0,0,394,400
269,23,329,0.990881,0.996942,3,1,327,400
270,67,189,0.973545,0.989247,5,2,186,400
270,4,386,1.000000,0.994845,0,2,388,400
270,31,282,0.989362,0.926910,3,22,301,400
270,90,115,0.973913,1.000000,3,0,112,400
270,32,298,0.996644,0.996644,1,1,298,400
270,58,218,0.981651,0.995349,4,1,215,400
270,3,389,1.000000,0.994885,0,2,391,400
270,93,120,0.841667,0.980583,19,2,103,400
270,44,259,0.992278,0.988462,2,3,260,400
270,91,126,0.865079,1.000000,17,0,109,400
271,50,254,0.933071,0.987500,17,3,240,400
271,52,231,1.000000,0.987179,0,3,234,400
271,27,302,0.993377,0.955414,2,14,314,400
271,40,282,0.950355,0.985294,14,4,272,400
271,31,301,0.990033,0.990033,3,3,301,400
271,80,144,1.000000,1.000000,0,0,144,400
271,18,339,0.988201,0.976676,4,8,343,400
271,71,178,0.966292,0.994220,6,1,173,400
271,67,190,0.973684,0.994624,5,1,186,400
271,42,266,0.992481,0.992481,2,2,266,400
272,38,279,0.985663,0.985663,4,4,279,400
272,26,315,0.990476,0.984227,3,5,317,400
272,60,208,1.000000,1.000000,0,0,208,400
272,79,147,0.965986,0.959459,5,6,148,400
272,27,310,0.993548,0.980892,2,6,314,400
272,0,399,1.000000,0.997500,0,1,400,400
272,2,394,1.000000,1.000000,0,0,394,400
272,92,108,0.962963,0.981132,4,2,106,400
272,21,323,0.990712,0.960961,3,13,333,400
272,50,248,0.939516,0.970833,15,7,240,400
273,98,95,0.842105,0.919540,15,7,87,400
273,69,188,0.877660,0.916667,23,15,180,400
273,0,349,1.000000,0.872500,0,51,400,400
273,84,135,0.955556,0.977273,6,3,132,400
273,90,114,0.982456,1.000000,2,0,112,400
273,83,141,0.936170,0.977778,9,3,135,400
273,44,262,0.992366,1.000000,2,0,260,400
273,65,200,0.910000,0.947917,18,10,192,400
273,68,183,0.983607,0.983607,3,3,183,400
273,58,218,0.977064,0.990698,5,2,215,400
274,35,292,0.982877,0.996528,5,1,288,400
274,45,247,0.975709,0.941406,6,15,256,400
274,68,182,0.978022,0.972678,4,5,183,400
274,38,281,0.985765,0.992832,4,2,279,400
274,65,201,0.920398,0.963542,16,7,192,400
274,5,377,1.000000,0.981771,0,7,384,400
274,86,128,0.968750,0.992000,4,1,125,400
274,17,327,0.984709,0.930636,5,24,346,400
274,78,170,0.858824,0.966887,24,5,151,400
274,99,119,0.697479,0.988095,36,1,84,400
275,39,282,0.971631,0.992754,8,2,276,400
275,0,369,1.000000,0.922500,0,31,400,400
275,16,340,0.997059,0.971347,1,10,349,400
275,56,227,0.973568,1.000000,6,0,221,400
275,89,126,0.912698,0.991379,11,1,116,400
275,13,354,1.000000,0.986072,0,5,359,400
275,76,160,0.968750,0.987261,5,2,157,400
275,70,175,0.994286,0.988636,1,2,176,400
275,37,281,0.982206,0.978723,5,6,282,400
275,77,162,0.944444,0.993506,9,1,154,400
276,92,105,0.971429,0.962264,3,4,106,400
276,88,119,1.000000,1.000000,0,0,119,400
276,98,94,0.851064,0.919540,14,7,87,400
276,37,274,0.989051,0.960993,3,11,282,400
276,3,388,1.000000,0.992327,0,3,391,400
276,49,245,0.987755,0.991803,3,2,244,400
276,51,238,0.957983,0.962025,10,9,237,400
276,30,200,0.975000,0.641447,5,109,304,400
276,52,233,0.995708,0.991453,1,2,234,400
276,2,394,1.000000,1.000000,0,0,394,400
277,74,164,1.000000,1.000000,0,0,164,400
277,98,98,0.846939,0.954023,15,4,87,400
277,16,340,0.997059,0.971347,1,10,349,400
277,0,399,1.000000,0.997500,0,1,400,400
277,94,110,0.900000,0.990000,11,1,100,400
277,23,329,0.993921,1.000000,2,0,327,400
277,31,300,0.990000,0.986711,3,4,301,400
277,33,283,0.996466,0.955932,1,13,295,400
277,75,154,0.993506,0.956250,1,7,160,400
277,12,353,1.000000,0.975138,0,9,362,400
278,58,219,0.981735,1.000000,4,0,215,400
278,9,372,1.000000,1.000000,0,0,372,400
278,30,284,0.982394,0.917763,5,25,304,400
278,19,330,1.000000,0.970588,0,10,340,400
278,76,160,0.968750,0.987261,5,2,157,400
278,51,242,0.950413,0.970464,12,7,237,400
278,92,110,0.936364,0.971698,7,3,106,400
278,53,230,0.986957,0.982684,3,4,231,400
278,77,160,0.950000,0.987013,8,2,154,400
278,89,125,0.912000,0.982759,11,2,116,400
279,65,199,0.924623,0.958333,15,8,192,400
279,76,158,0.981013,0.987261,3,2,157,400
279,13,355,1.000000,0.988858,0,4,359,400
279,79,146,0.952055,0.939189,7,9,148,400
279,7,374,1.000000,0.989418,0,4,378,400
279,8,372,1.000000,0.992000,0,3,375,400
279,3,389,1.000000,0.994885,0,2,391,400
279,22,330,0.990909,0.990909,3,3,330,400
279,68,181,0.983425,0.972678,3,5,183,400
279,44,261,0.992337,0.996154,2,1,260,400
280,91,124,0.846774,0.963303,19,4,109,400
280,52,233,0.995708,0.991453,1,2,234,400
280,43,260,0.996154,0.984791,1,4,263,400
280,4,385,1.000000,0.992268,0,3,388,400
280,1,393,1.000000,0.989924,0,4,397,400
280,53,231,0.982684,0.982684,4,4,231,400
280,76,158,0.974684,0.980892,4,3,157,400
280,15,340,0.988235,0.954545,4,16,352,400
280,38,280,0.985714,0.989247,4,3,279,400
280,6,377,0.997347,0.986877,1,5,381,400
281,27,285,0.992982,0.901274,2,31,314,400
281,59,216,0.976852,0.995283,5,1,212,400
281,89,125,0.920000,0.991379,10,1,116,400
281,56,227,0.973568,1.000000,6,0,221,400
281,41,261,0.992337,0.962825,2,10,269,400
281,80,144,1.000000,1.000000,0,0,144,400
281,91,124,0.846774,0.963303,19,4,109,400
281,39,281,0.971530,0.989130,8,3,276,400
281,30,301,0.976744,0.967105,7,10,304,400
281,69,199,0.894472,0.988889,21,2,180,400
282,5,380,1.000000,0.989583,0,4,384,400
282,67,192,0.968750,1.000000,6,0,186,400
282,14,350,0.997143,0.980337,1,7,356,400
282,25,319,0.993730,0.990625,2,3,320,400
282,79,149,0.939597,0.945946,9,8,148,400
282,49,245,0.979592,0.983607,5,4,244,400
282,62,207,0.971014,0.995050,6,1,202,400
282,87,141,0.851064,0.983607,21,2,122,400
282,63,188,0.930851,0.879397,13,24,199,400
282,78,173,0.867052,0.993377,23,1,151,400
283,70,175,0.994286,0.988636,1,2,176,400
283,89,128,0.898438,0.991379,13,1,116,400
283,11,351,0.997151,0.958904,1,15,365,400
283,46,252,0.996032,0.992095,1,2,253,400
283,33,288,0.986111,0.962712,4,11,295,400
283,96,111,0.819820,0.978495,20,2,93,400
283,13,355,1.000000,0.988858,0,4,359,400
283,90,113,0.982301,0.991071,2,1,112,400
283,40,281,0.950178,0.981618,14,5,272,400
283,8,372,1.000000,0.992000,0,3,375,400
284,44,263,0.984791,0.996154,4,1,260,400
284,57,226,0.955752,0.990826,10,2,218,400
284,84,134,0.962687,0.977273,5,3,132,400
284,6,377,1.000000,0.989501,0,4,381,400
284,69,198,0.873737,0.961111,25,7,180,400
284,20,331,0.996979,0.982143,1,6,336,400
284,9,372,1.000000,1.000000,0,0,372,400
284,92,110,0.954545,0.990566,5,1,106,400
284,7,373,1.000000,0.986772,0,5,378,400
284,27,238,0.983193,0.745223,4,80,314,400
285,7,374,1.000000,0.989418,0,4,378,400
285,57,224,0.946429,0.972477,12,6,218,400
285,62,208,0.971154,1.000000,6,0,202,400
285,68,182,0.978022,0.972678,4,5,183,400
285,26,317,0.990536,0.990536,3,3,317,400
285,6,378,0.997354,0.989501,1,4,381,400
285,32,298,0.993289,0.993289,2,2,298,400
285,14,352,1.000000,0.988764,0,4,356,400
285,49,245,0.979592,0.983607,5,4,244,400
285,88,119,1.000000,1.000000,0,0,119,400
286,57,227,0.947137,0.986239,12,3,218,400
286,27,260,0.992308,0.821656,2,56,314,400
286,65,199,0.909548,0.942708,18,11,192,400
286,68,183,0.978142,0.978142,4,4,183,400
286,88,119,1.000000,1.000000,0,0,119,400
286,64,196,1.000000,1.000000,0,0,196,400
286,87,153,0.797386,1.000000,31,0,122,400
286,8,371,1.000000,0.989333,0,4,375,400
286,76,159,0.968553,0.980892,5,3,157,400
286,38,282,0.985816,0.996416,4,1,279,400
287,7,372,1.000000,0.984127,0,6,378,400
287,44,249,0.991968,0.950000,2,13,260,400
287,81,146,0.931507,0.964539,10,5,141,400
287,96,100,0.910000,0.978495,9,2,93,400
287,43,257,0.992218,0.969582,2,8,263,400
287,40,287,0.947735,1.000000,15,0,272,400
287,49,247,0.967611,0.979508,8,5,244,400
287,13,353,1.000000,0.983287,0,6,359,400
287,76,159,0.974843,0.987261,4,2,157,400
287,97,73,0.630137,0.511111,27,44,90,400
288,31,300,0.990000,0.986711,3,4,301,400
288,96,136,0.683824,1.000000,43,0,93,400
288,8,371,1.000000,0.989333,0,4,375,400
288,15,336,0.991071,0.946023,3,19,352,400
288,45,250,0.976000,0.953125,6,12,256,400
288,99,116,0.715517,0.988095,33,1,84,400
288,66,193,0.968912,0.989418,6,2,189,400
288,81,145,0.931034,0.957447,10,6,141,400
288,95,115,0.826087,0.989583,20,1,96,400
288,3,389,1.000000,0.994885,0,2,391,400
289,44,262,0.992366,1.000000,2,0,260,400
289,23,328,0.993902,0.996942,2,1,327,400
289,59,208,0.975962,0.957547,5,9,212,400
289,65,202,0.910891,0.958333,18,8,192,400
289,94,112,0.883929,0.990000,13,1,100,400
289,70,175,0.994286,0.988636,1,2,176,400
289,63,203,0.935961,0.954774,13,9,199,400
289,46,236,1.000000,0.932806,0,17,253,400
289,41,262,0.992366,0.966543,2,9,269,400
289,75,160,0.981250,0.981250,3,3,160,400
290,41,263,0.992395,0.970260,2,8,269,400
290,52,232,0.995690,0.987179,1,3,234,400
290,1,393,1.000000,0.989924,0,4,397,400
290,85,133,0.954887,0.992188,6,1,128,400
290,17,330,0.984848,0.939306,5,21,346,400
290,64,196,1.000000,1.000000,0,0,196,400
290,20,327,0.993884,0.967262,2,11,336,400
290,7,376,1.000000,0.994709,0,2,378,400
290,50,251,0.932271,0.975000,17,6,240,400
290,11,353,0.997167,0.964384,1,13,365,400
291,41,264,0.992424,0.973978,2,7,269,400
291,26,318,0.990566,0.993691,3,2,317,400
291,6,378,1.000000,0.992126,0,3,381,400
291,25,317,0.987382,0.978125,4,7,320,400
291,42,270,0.981481,0.996241,5,1,266,400
291,22,330,0.993939,0.993939,2,2,330,400
291,0,382,1.000000,0.955000,0,18,400,400
291,62,197,0.964467,0.940594,7,12,202,400
291,79,150,0.946667,0.959459,8,6,148,400
291,61,205,1.000000,1.000000,0,0,205,400
292,19,322,0.996894,0.944118,1,19,340,400
292,29,308,1.000000,1.000000,0,0,308,400
292,71,177,0.971751,0.994220,5,1,173,400
292,82,142,0.957746,0.985507,6,2,138,400
292,42,268,0.985075,0.992481,4,2,266,400
292,11,334,0.997006,0.912329,1,32,365,400
292,66,196,0.959184,0.994709,8,1,189,400
292,26,311,1.000000,0.981073,0,6,317,400
292,80,144,1.000000,1.000000,0,0,144,400
292,14,351,1.000000,0.985955,0,5,356,400
293,95,112,0.830357,0.968750,19,3,96,400
293,36,287,0.989547,0.996491,3,1,285,400
293,4,384,1.000000,0.989691,0,4,388,400
293,78,174,0.867816,1.000000,23,0,151,400
293,80,144,1.000000,1.000000,0,0,144,400
293,88,120,0.991667,1.000000,1,0,119,400
293,2,394,1.000000,1.000000,0,0,394,400
293,84,136,0.933824,0.962121,9,5,132,400
293,49,247,0.979757,0.991803,5,2,244,400
293,70,175,1.000000,0.994318,0,1,176,400
294,30,299,0.986622,0.970395,4,9,304,400
294,60,208,1.000000,1.000000,0,0,208,400
294,44,262,0.992366,1.000000,2,0,260,400
294,28,303,0.983498,0.958199,5,13,311,400
294,96,131,0.709924,1.000000,38,0,93,400
294,70,174,0.988506,0.977273,2,4,176,400
294,33,288,0.982639,0.959322,5,12,295,400
294,72,196,0.867347,1.000000,26,0,170,400
294,52,232,1.000000,0.991453,0,2,234,400
294,43,250,0.996000,0.946768,1,14,263,400
295,42,268,0.985075,0.992481,4,2,266,400
295,93,117,0.854701,0.970874,17,3,103,400
295,89,125,0.920000,0.991379,10,1,116,400
295,82,141,0.964539,0.985507,5,2,138,400
295,21,318,0.993711,0.948949,2,17,333,400
295,61,205,1.000000,1.000000,0,0,205,400
295,19,324,1.000000,0.952941,0,16,340,400
295,83,140,0.942857,0.977778,8,3,135,400
295,32,297,0.993266,0.989933,2,3,298,400
295,56,224,0.977679,0.990950,5,2,221,400
296,78,174,0.867816,1.000000,23,0,151,400
296,66,192,0.973958,0.989418,5,2,189,400
296,54,230,0.986957,0.995614,3,1,228,400
296,83,138,0.956522,0.977778,6,3,135,400
296,47,248,0.991935,0.984000,2,4,250,400
296,35,292,0.982877,0.996528,5,1,288,400
296,49,248,0.983871,1.000000,4,0,244,400
296,65,202,0.925743,0.973958,15,5,192,400
296,55,225,0.973333,0.977679,6,5,224,400
296,33,289,0.982699,0.962712,5,11,295,400
297,15,337,0.994065,0.951705,2,17,352,400
297,12,360,1.000000,0.994475,0,2,362,400
297,69,188,0.893617,0.933333,20,12,180,400
297,62,204,0.980392,0.990099,4,2,202,400
297,48,244,0.979508,0.967611,5,8,247,400
297,97,73,0.630137,0.511111,27,44,90,400
297,65,199,0.924623,0.958333,15,8,192,400
297,77,160,0.950000,0.987013,8,2,154,400
297,29,308,1.000000,1.000000,0,0,308,400
297,39,281,0.975089,0.992754,7,2,276,400
298,57,225,0.951111,0.981651,11,4,218,400
298,93,113,0.893805,0.980583,12,2,103,400
298,39,283,0.971731,0.996377,8,1,276,400
298,97,76,0.605263,0.511111,30,44,90,400
298,80,144,1.000000,1.000000,0,0,144,400
298,29,308,1.000000,1.000000,0,0,308,400
298,53,231,0.987013,0.987013,3,3,231,400
298,59,212,0.985849,0.985849,3,3,212,400
298,91,126,0.849206,0.981651,19,2,109,400
298,21,322,0.993789,0.960961,2,13,333,400
299,93,114,0.885965,0.980583,13,2,103,400
299,47,248,0.991935,0.984000,2,4,250,400
299,50,239,0.920502,0.916667,19,20,240,400
299,64,196,1.000000,1.000000,0,0,196,400
299,34,284,0.985915,0.958904,4,12,292,400
299,97,76,0.605263,0.511111,30,44,90,400
299,92,111,0.954955,1.000000,5,0,106,400
299,61,205,1.000000,1.000000,0,0,205,400
299,81,140,0.935714,0.929078,9,10,141,400
299,20,328,0.993902,0.970238,2,10,336,400
300,85,129,0.976744,0.984375,3,2,128,400
300,47,246,0.995935,0.980000,1,5,250,400
300,98,97,0.835052,0.931034,16,6,87,400
300,19,328,0.996951,0.961765,1,13,340,400
300,0,383,1.000000,0.957500,0,17,400,400
300,59,215,0.972093,0.985849,6,3,212,400
300,25,318,0.993711,0.987500,2,4,320,400
300,92,107,0.962617,0.971698,4,3,106,400
300,65,198,0.924242,0.953125,15,9,192,400
300,82,138,0.985507,0.985507,2,2,138,400
301,59,216,0.976852,0.995283,5,1,212,400
301,86,129,0.961240,0.992000,5,1,125,400
301,46,252,1.000000,0.996047,0,1,253,400
301,19,333,0.993994,0.973529,2,9,340,400
301,58,219,0.977169,0.995349,5,1,215,400
301,28,303,0.983498,0.958199,5,13,311,400
301,5,380,1.000000,0.989583,0,4,384,400
301,77,160,0.950000,0.987013,8,2,154,400
301,88,119,1.000000,1.000000,0,0,119,400
301,97,77,0.597403,0.511111,31,44,90,400
302,72,193,0.875648,0.994118,24,1,170,400
302,5,380,1.000000,0.989583,0,4,384,400
302,96,114,0.807018,0.989247,22,1,93,400
302,1,393,1.000000,0.989924,0,4,397,400
302,83,139,0.942446,0.970370,8,4,135,400
302,57,222,0.954955,0.972477,10,6,218,400
302,64,196,1.000000,1.000000,0,0,196,400
302,25,317,0.993691,0.984375,2,5,320,400
302,98,102,0.813725,0.954023,19,4,87,400
302,87,144,0.840278,0.991803,23,1,122,400
303,87,145,0.834483,0.991803,24,1,122,400
303,2,394,1.000000,1.000000,0,0,394,400
303,74,164,1.000000,1.000000,0,0,164,400
303,29,308,1.000000,1.000000,0,0,308,400
303,57,221,0.954751,0.967890,10,7,218,400
303,45,251,0.968127,0.949219,8,13,256,400
303,71,176,0.977273,0.994220,4,1,173,400
303,69,200,0.895000,0.994444,21,1,180,400
303,91,122,0.844262,0.944954,19,6,109,400
303,98,96,0.854167,0.942529,14,5,87,400
304,17,330,0.984848,0.939306,5,21,346,400
304,27,166,0.975904,0.515924,4,152,314,400
304,95,110,0.854545,0.979167,16,2,96,400
304,42,271,0.981550,1.000000,5,0,266,400
304,86,128,0.976562,1.000000,3,0,125,400
304,14,351,1.000000,0.985955,0,5,356,400
304,20,327,0.993884,0.967262,2,11,336,400
304,57,226,0.951327,0.986239,11,3,218,400
304,15,340,0.988235,0.954545,4,16,352,400
304,33,286,0.982517,0.952542,5,14,295,400
305,82,137,0.985401,0.978261,2,3,138,400
305,29,308,1.000000,1.000000,0,0,308,400
305,56,223,0.977578,0.986425,5,3,221,400
305,4,385,1.000000,0.992268,0,3,388,400
305,77,158,0.955696,0.980519,7,3,154,400
305,72,193,0.880829,1.000000,23,0,170,400
305,37,272,0.992647,0.957447,2,12,282,400
305,71,176,0.977273,0.994220,4,1,173,400
305,40,286,0.947552,0.996324,15,1,272,400
305,52,233,1.000000,0.995726,0,1,234,400
306,40,279,0.953405,0.977941,13,6,272,400
306,10,354,0.997175,0.959239,1,15,368,400
306,69,129,0.875969,0.627778,16,67,180,400
306,68,182,0.978022,0.972678,4,5,183,400
306,60,208,1.000000,1.000000,0,0,208,400
306,28,307,0.990228,0.977492,3,7,311,400
306,0,380,1.000000,0.950000,0,20,400,400
306,91,126,0.849206,0.981651,19,2,109,400
306,19,336,1.000000,0.988235,0,4,340,400
306,99,111,0.756757,1.000000,27,0,84,400
307,20,333,0.993994,0.985119,2,5,336,400
307,50,224,0.959821,0.895833,9,25,240,400
307,21,324,0.993827,0.966967,2,11,333,400
307,14,356,0.994382,0.994382,2,2,356,400
307,51,246,0.947154,0.983122,13,4,237,400
307,60,208,1.000000,1.000000,0,0,208,400
307,71,174,0.988506,0.994220,2,1,173,400
307,1,392,1.000000,0.987406,0,5,397,400
307,58,219,0.977169,0.995349,5,1,215,400
307,22,329,0.990881,0.987879,3,4,330,400
308,42,270,0.977778,0.992481,6,2,266,400
308,17,333,0.984985,0.947977,5,18,346,400
308,88,119,1.000000,1.000000,0,0,119,400
308,69,196,0.887755,0.966667,22,6,180,400
308,22,332,0.987952,0.993939,4,2,330,400
308,39,283,0.975265,1.000000,7,0,276,400
308,24,323,0.981424,0.978395,6,7,324,400
308,8,372,1.000000,0.992000,0,3,375,400
308,82,139,0.978417,0.985507,3,2,138,400
308,54,230,0.986957,0.995614,3,1,228,400
309,42,270,0.981481,0.996241,5,1,266,400
309,61,205,1.000000,1.000000,0,0,205,400
309,14,353,1.000000,0.991573,0,3,356,400
309,53,230,0.986957,0.982684,3,4,231,400
309,71,176,0.971591,0.988439,5,2,173,400
309,48,246,0.975610,0.971660,6,7,247,400
309,77,155,0.948387,0.954545,8,7,154,400
309,62,205,0.970732,0.985149,6,3,202,400
309,25,320,0.993750,0.993750,2,2,320,400
309,50,155,0.903226,0.583333,15,100,240,400
310,68,183,0.978142,0.978142,4,4,183,400
310,32,299,0.993311,0.996644,2,1,298,400
310,64,196,1.000000,1.000000,0,0,196,400
310,18,339,0.988201,0.976676,4,8,343,400
310,71,176,0.977273,0.994220,4,1,173,400
310,66,192,0.973958,0.989418,5,2,189,400
310,38,281,0.985765,0.992832,4,2,279,400
310,91,118,0.855932,0.926606,17,8,109,400
310,35,293,0.982935,1.000000,5,0,288,400
310,15,343,0.988338,0.963068,4,13,352,400
311,23,329,0.993921,1.000000,2,0,327,400
311,58,219,0.977169,0.995349,5,1,215,400
311,28,300,0.990000,0.954984,3,14,311,400
311,90,115,0.965217,0.991071,4,1,112,400
311,45,251,0.976096,0.957031,6,11,256,400
311,98,93,0.881720,0.942529,11,5,87,400
311,87,139,0.863309,0.983607,19,2,122,400
311,11,355,0.997183,0.969863,1,11,365,400
311,97,77,0.597403,0.511111,31,44,90,400
311,89,125,0.920000,0.991379,10,1,116,400
312,14,355,0.997183,0.994382,1,2,356,400
312,78,175,0.862857,1.000000,24,0,151,400
312,33,287,0.986063,0.959322,4,12,295,400
312,75,161,0.987578,0.993750,2,1,160,400
312,20,334,0.994012,0.988095,2,4,336,400
312,56,226,0.977876,1.000000,5,0,221,400
312,68,183,0.978142,0.978142,4,4,183,400
312,36,287,0.989547,0.996491,3,1,285,400
312,31,301,0.990033,0.990033,3,3,301,400
312,27,197,0.979695,0.614650,4,121,314,400
313,7,376,1.000000,0.994709,0,2,378,400
313,17,326,0.984663,0.927746,5,25,346,400
313,54,230,0.986957,0.995614,3,1,228,400
313,37,277,0.978339,0.960993,6,11,282,400
313,40,281,0.950178,0.981618,14,5,272,400
313,83,138,0.949275,0.970370,7,4,135,400
313,44,262,0.988550,0.996154,3,1,260,400
313,97,145,0.455172,0.733333,79,24,90,400
313,49,250,0.976000,1.000000,6,0,244,400
313,43,257,0.996109,0.973384,1,7,263,400
314,66,192,0.973958,0.989418,5,2,189,400
314,31,290,0.986207,0.950166,4,15,301,400
314,25,319,0.996865,0.993750,1,2,320,400
314,22,331,0.993958,0.996970,2,1,330,400
314,21,328,0.993902,0.978979,2,7,333,400
314,96,115,0.800000,0.989247,23,1,93,400
314,29,308,1.000000,1.000000,0,0,308,400
314,98,96,0.864583,0.954023,13,4,87,400
314,84,135,0.955556,0.977273,6,3,132,400
314,87,140,0.857143,0.983607,20,2,122,400
315,90,116,0.965517,1.000000,4,0,112,400
315,1,393,1.000000,0.989924,0,4,397,400
315,4,385,1.000000,0.992268,0,3,388,400
315,18,340,0.988235,0.979592,4,7,343,400
315,52,232,1.000000,0.991453,0,2,234,400
315,49,249,0.971888,0.991803,7,2,244,400
315,45,249,0.983936,0.957031,4,11,256,400
315,79,118,0.915254,0.729730,10,40,148,400
315,14,353,0.997167,0.988764,1,4,356,400
315,93,114,0.885965,0.980583,13,2,103,400
316,97,184,0.478261,0.977778,96,2,90,400
316,13,356,1.000000,0.991643,0,3,359,400
316,39,284,0.971831,1.000000,8,0,276,400
316,61,205,1.000000,1.000000,0,0,205,400
316,12,356,1.000000,0.983425,0,6,362,400
316,55,230,0.965217,0.991071,8,2,224,400
316,62,175,0.965714,0.836634,6,33,202,400
316,38,276,0.992754,0.982079,2,5,279,400
316,11,246,0.991870,0.668493,2,121,365,400
316,85,128,0.976562,0.976562,3,3,128,400
317,42,270,0.981481,0.996241,5,1,266,400
317,99,113,0.725664,0.976190,31,2,84,400
317,80,144,1.000000,1.000000,0,0,144,400
317,1,394,1.000000,0.992443,0,3,397,400
317,32,298,0.993289,0.993289,2,2,298,400
317,47,248,0.991935,0.984000,2,4,250,400
317,29,308,1.000000,1.000000,0,0,308,400
317,16,341,0.997067,0.974212,1,9,349,400
317,10,355,0.997183,0.961957,1,14,368,400
317,46,210,0.990476,0.822134,2,45,253,400
318,46,253,0.996047,0.996047,1,1,253,400
318,72,192,0.875000,0.988235,24,2,170,400
318,92,110,0.963636,1.000000,4,0,106,400
318,15,343,0.991254,0.965909,3,12,352,400
318,81,144,0.937500,0.957447,9,6,141,400
318,95,103,0.873786,0.937500,13,6,96,400
318,99,109,0.752294,0.976190,27,2,84,400
318,53,230,0.986957,0.982684,3,4,231,400
318,44,261,0.992337,0.996154,2,1,260,400
318,71,176,0.977273,0.994220,4,1,173,400
319,77,163,0.944785,1.000000,9,0,154,400
319,4,385,1.000000,0.992268,0,3,388,400
319,60,208,1.000000,1.000000,0,0,208,400
319,33,288,0.986111,0.962712,4,11,295,400
319,36,288,0.989583,1.000000,3,0,285,400
319,98,101,0.841584,0.977011,16,2,87,400
319,65,199,0.924623,0.958333,15,8,192,400
319,47,248,0.991935,0.984000,2,4,250,400
319,34,280,0.992857,0.952055,2,14,292,400
319,37,272,0.981618,0.946809,5,15,282,400
320,90,115,0.973913,1.000000,3,0,112,400
320,94,109,0.899083,0.980000,11,2,100,400
320,83,141,0.950355,0.992593,7,1,135,400
320,32,299,0.993311,0.996644,2,1,298,400
320,72,191,0.890052,1.000000,21,0,170,400
320,33,289,0.982699,0.962712,5,11,295,400
320,39,282,0.978723,1.000000,6,0,276,400
320,41,265,0.992453,0.977695,2,6,269,400
320,99,108,0.768519,0.988095,25,1,84,400
320,3,389,1.000000,0.994885,0,2,391,400
321,38,279,0.992832,0.992832,2,2,279,400
321,62,205,0.975610,0.990099,5,2,202,400
321,82,140,0.971429,0.985507,4,2,138,400
321,92,107,0.981308,0.990566,2,1,106,400
321,89,124,0.927419,0.991379,9,1,116,400
321,91,122,0.868852,0.972477,16,3,109,400
321,49,248,0.975806,0.991803,6,2,244,400
321,26,317,0.990536,0.990536,3,3,317,400
321,76,161,0.962733,0.987261,6,2,157,400
321,12,351,1.000000,0.969613,0,11,362,400
322,80,144,1.000000,1.000000,0,0,144,400
322,87,140,0.871429,1.000000,18,0,122,400
322,15,341,0.988270,0.957386,4,15,352,400
322,32,299,0.993311,0.996644,2,1,298,400
322,79,146,0.938356,0.925676,9,11,148,400
322,74,164,1.000000,1.000000,0,0,164,400
322,2,394,1.000000,1.000000,0,0,394,400
322,33,288,0.986111,0.962712,4,11,295,400
322,90,113,0.991150,1.000000,1,0,112,400
322,27,284,0.985915,0.891720,4,34,314,400
323,32,297,0.993266,0.989933,2,3,298,400
323,87,140,0.857143,0.983607,20,2,122,400
323,58,216,0.986111,0.990698,3,2,215,400
323,36,287,0.989547,0.996491,3,1,285,400
323,85,128,0.968750,0.968750,4,4,128,400
323,28,311,0.983923,0.983923,5,5,311,400
323,65,199,0.924623,0.958333,15,8,192,400
323,26,313,1.000000,0.987382,0,4,317,400
323,56,226,0.977876,1.000000,5,0,221,400
323,75,158,0.974684,0.962500,4,6,160,400
324,21,328,0.990854,0.975976,3,8,333,400
324,82,141,0.964539,0.985507,5,2,138,400
324,0,343,1.000000,0.857500,0,57,400,400
324,25,320,0.993750,0.993750,2,2,320,400
324,70,174,0.994253,0.982955,1,3,176,400
324,79,147,0.979592,0.972973,3,4,148,400
324,44,262,0.988550,0.996154,3,1,260,400
324,13,356,1.000000,0.991643,0,3,359,400
324,94,105,0.923810,0.970000,8,3,100,400
324,11,351,0.994302,0.956164,2,16,365,400
325,63,202,0.935644,0.949749,13,10,199,400
325,47,248,0.991935,0.984000,2,4,250,400
325,56,225,0.982222,1.000000,4,0,221,400
325,94,108,0.907407,0.980000,10,2,100,400
325,82,140,0.971429,0.985507,4,2,138,400
325,1,394,1.000000,0.992443,0,3,397,400
325,54,229,0.991266,0.995614,2,1,228,400
325,5,382,1.000000,0.994792,0,2,384,400
325,75,158,0.993671,0.981250,1,3,160,400
325,76,161,0.962733,0.987261,6,2,157,400
326,71,175,0.982857,0.994220,3,1,173,400
326,25,321,0.993769,0.996875,2,1,320,400
326,83,139,0.949640,0.977778,7,3,135,400
326,38,280,0.989286,0.992832,3,2,279,400
326,59,215,0.976744,0.990566,5,2,212,400
326,89,123,0.934959,0.991379,8,1,116,400
326,67,192,0.968750,1.000000,6,0,186,400
326,73,173,0.965318,1.000000,6,0,167,400
326,35,291,0.986254,0.996528,4,1,288,400
326,6,379,0.997361,0.992126,1,3,381,400
327,37,275,0.978182,0.953901,6,13,282,400
327,69,198,0.893939,0.983333,21,3,180,400
327,91,125,0.864000,0.990826,17,1,109,400
327,32,298,0.996644,0.996644,1,1,298,400
327,53,231,0.982684,0.982684,4,4,231,400
327,4,383,1.000000,0.987113,0,5,388,400
327,81,143,0.930070,0.943262,10,8,141,400
327,52,230,1.000000,0.982906,0,4,234,400
327,70,174,1.000000,0.988636,0,2,176,400
327,73,172,0.970930,1.000000,5,0,167,400
328,35,291,0.986254,0.996528,4,1,288,400
328,26,316,0.993671,0.990536,2,3,317,400
328,8,370,1.000000,0.986667,0,5,375,400
328,31,304,0.983553,0.993355,5,2,301,400
328,0,390,1.000000,0.975000,0,10,400,400
328,55,223,0.964126,0.959821,8,9,224,400
328,61,205,1.000000,1.000000,0,0,205,400
328,81,142,0.936620,0.943262,9,8,141,400
328,49,245,0.983673,0.987705,4,3,244,400
328,11,357,0.997199,0.975342,1,9,365,400
329,62,203,0.975369,0.980198,5,4,202,400
329,74,164,1.000000,1.000000,0,0,164,400
329,5,382,1.000000,0.994792,0,2,384,400
329,92,110,0.954545,0.990566,5,1,106,400
329,78,175,0.862857,1.000000,24,0,151,400
329,44,263,0.988593,1.000000,3,0,260,400
329,77,157,0.961783,0.980519,6,3,154,400
329,88,119,1.000000,1.000000,0,0,119,400
329,71,175,0.982857,0.994220,3,1,173,400
329,69,202,0.891089,1.000000,22,0,180,400
330,54,230,0.986957,0.995614,3,1,228,400
330,0,390,1.000000,0.975000,0,10,400,400
330,79,148,0.972973,0.972973,4,4,148,400
330,95,103,0.844660,0.906250,16,9,96,400
330,15,342,0.988304,0.960227,4,14,352,400
330,27,313,0.990415,0.987261,3,4,314,400
330,4,384,1.000000,0.989691,0,4,388,400
330,37,282,0.978723,0.978723,6,6,282,400
330,46,253,0.996047,0.996047,1,1,253,400
330,22,331,0.990937,0.993939,3,2,330,400
331,5,382,1.000000,0.994792,0,2,384,400
331,22,331,0.987915,0.990909,4,3,330,400
331,70,175,0.994286,0.988636,1,2,176,400
331,75,162,0.987654,1.000000,2,0,160,400
331,33,291,0.982818,0.969492,5,9,295,400
331,92,112,0.937500,0.990566,7,1,106,400
331,45,250,0.988000,0.964844,3,9,256,400
331,66,193,0.974093,0.994709,5,1,189,400
331,90,116,0.965517,1.000000,4,0,112,400
331,29,308,1.000000,1.000000,0,0,308,400
332,24,324,0.981481,0.981481,6,6,324,400
332,27,306,0.996732,0.971338,1,9,314,400
332,53,230,0.986957,0.982684,3,4,231,400
332,6,379,0.997361,0.992126,1,3,381,400
332,81,144,0.930556,0.950355,10,7,141,400
332,67,191,0.968586,0.994624,6,1,186,400
332,36,287,0.989547,0.996491,3,1,285,400
332,80,144,1.000000,1.000000,0,0,144,400
332,23,328,0.993902,0.996942,2,1,327,400
332,19,334,1.000000,0.982353,0,6,340,400
333,62,206,0.970874,0.990099,6,2,202,400
333,95,111,0.855856,0.989583,16,1,96,400
333,21,315,0.990476,0.936937,3,21,333,400
333,48,244,0.975410,0.963563,6,9,247,400
333,54,230,0.986957,0.995614,3,1,228,400
333,86,130,0.961538,1.000000,5,0,125,400
333,87,141,0.858156,0.991803,20,1,122,400
333,18,338,0.991124,0.976676,3,8,343,400
333,7,376,1.000000,0.994709,0,2,378,400
333,46,252,1.000000,0.996047,0,1,253,400
334,5,381,1.000000,0.992188,0,3,384,400
334,65,198,0.914141,0.942708,17,11,192,400
334,16,341,0.997067,0.974212,1,9,349,400
334,89,126,0.912698,0.991379,11,1,116,400
334,58,216,0.986111,0.990698,3,2,215,400
334,9,372,1.000000,1.000000,0,0,372,400
334,47,248,0.991935,0.984000,2,4,250,400
334,14,349,0.997135,0.977528,1,8,356,400
334,84,135,0.955556,0.977273,6,3,132,400
334,38,281,0.989324,0.996416,3,1,279,400
335,42,270,0.981481,0.996241,5,1,266,400
335,89,125,0.920000,0.991379,10,1,116,400
335,73,169,0.976331,0.988024,4,2,167,400
335,92,109,0.954128,0.981132,5,2,106,400
335,68,182,0.983516,0.978142,3,4,183,400
335,14,353,0.997167,0.988764,1,4,356,400
335,18,337,0.997033,0.979592,1,7,343,400
335,10,352,0.997159,0.953804,1,17,368,400
335,38,282,0.985816,0.996416,4,1,279,400
335,41,265,0.992453,0.977695,2,6,269,400
336,15,345,0.988406,0.968750,4,11,352,400
336,61,205,1.000000,1.000000,0,0,205,400
336,86,127,0.976378,0.992000,3,1,125,400
336,79,150,0.966667,0.979730,5,3,148,400
336,16,343,0.997085,0.979943,1,7,349,400
336,90,115,0.973913,1.000000,3,0,112,400
336,23,328,0.996951,1.000000,1,0,327,400
336,31,302,0.983444,0.986711,5,4,301,400
336,10,346,0.997110,0.937500,1,23,368,400
336,45,253,0.976285,0.964844,6,9,256,400
337,83,139,0.964029,0.992593,5,1,135,400
337,33,288,0.982639,0.959322,5,12,295,400
337,25,320,0.993750,0.993750,2,2,320,400
337,28,305,0.983607,0.964630,5,11,311,400
337,51,249,0.935743,0.983122,16,4,237,400
337,70,174,0.994253,0.982955,1,3,176,400
337,50,138,0.898551,0.516667,14,116,240,400
337,54,230,0.986957,0.995614,3,1,228,400
337,67,186,0.978495,0.978495,4,4,186,400
337,81,143,0.930070,0.943262,10,8,141,400
338,61,205,1.000000,1.000000,0,0,205,400
338,26,317,0.993691,0.993691,2,2,317,400
338,60,208,1.000000,1.000000,0,0,208,400
338,99,88,0.761364,0.797619,21,17,84,400
338,54,230,0.986957,0.995614,3,1,228,400
338,85,128,0.968750,0.968750,4,4,128,400
338,66,188,0.994681,0.989418,1,2,189,400
338,31,302,0.990066,0.993355,3,2,301,400
338,39,282,0.975177,0.996377,7,1,276,400
338,11,340,1.000000,0.931507,0,25,365,400
339,38,283,0.985866,1.000000,4,0,279,400
339,34,283,0.985866,0.955479,4,13,292,400
339,99,97,0.793814,0.916667,20,7,84,400
339,77,159,0.937107,0.967532,10,5,154,400
339,52,232,1.000000,0.991453,0,2,234,400
339,36,286,0.989510,0.992982,3,2,285,400
339,30,298,0.993289,0.973684,2,8,304,400
339,92,108,0.962963,0.981132,4,2,106,400
339,31,285,0.989474,0.936877,3,19,301,400
339,37,278,0.982014,0.968085,5,9,282,400
340,14,355,1.000000,0.997191,0,1,356,400
340,53,231,0.987013,0.987013,3,3,231,400
340,36,286,0.993007,0.996491,2,1,285,400
340,67,190,0.978947,1.000000,4,0,186,400
340,95,100,0.840000,0.875000,16,12,96,400
340,63,200,0.955000,0.959799,9,8,199,400
340,69,195,0.902564,0.977778,19,4,180,400
340,75,160,0.987500,0.987500,2,2,160,400
340,77,161,0.931677,0.974026,11,4,154,400
340,47,248,0.991935,0.984000,2,4,250,400
341,64,196,1.000000,1.000000,0,0,196,400
341,48,249,0.975904,0.983806,6,4,247,400
341,7,374,1.000000,0.989418,0,4,378,400
341,25,319,0.993730,0.990625,2,3,320,400
341,4,384,1.000000,0.989691,0,4,388,400
341,10,346,0.997110,0.937500,1,23,368,400
341,51,241,0.946058,0.962025,13,9,237,400
341,12,356,1.000000,0.983425,0,6,362,400
341,71,175,0.982857,0.994220,3,1,173,400
341,80,144,1.000000,1.000000,0,0,144,400
342,90,115,0.973913,1.000000,3,0,112,400
342,18,340,0.991176,0.982507,3,6,343,400
342,8,372,1.000000,0.992000,0,3,375,400
342,25,318,0.993711,0.987500,2,4,320,400
342,61,205,1.000000,1.000000,0,0,205,400
342,84,134,0.955224,0.969697,6,4,132,400
342,5,380,1.000000,0.989583,0,4,384,400
342,34,286,0.982517,0.962329,5,11,292,400
342,68,184,0.978261,0.983607,4,3,183,400
342,40,284,0.947183,0.988971,15,3,272,400
343,28,298,0.983221,0.942122,5,18,311,400
343,8,372,1.000000,0.992000,0,3,375,400
343,57,220,0.963636,0.972477,8,6,218,400
343,29,308,1.000000,1.000000,0,0,308,400
343,11,350,0.997143,0.956164,1,16,365,400
343,79,150,0.966667,0.979730,5,3,148,400
343,5,382,1.000000,0.994792,0,2,384,400
343,55,226,0.964602,0.973214,8,6,224,400
343,80,144,1.000000,1.000000,0,0,144,400
343,97,189,0.470899,0.988889,100,1,90,400
344,70,179,0.977654,0.994318,4,1,176,400
344,61,205,1.000000,1.000000,0,0,205,400
344,96,104,0.894231,1.000000,11,0,93,400
344,99,103,0.786408,0.964286,22,3,84,400
344,54,230,0.986957,0.995614,3,1,228,400
344,50,137,0.897810,0.512500,14,117,240,400
344,41,263,0.992395,0.970260,2,8,269,400
344,67,189,0.978836,0.994624,4,1,186,400
344,13,357,1.000000,0.994429,0,2,359,400
344,23,327,0.993884,0.993884,2,2,327,400
345,39,281,0.971530,0.989130,8,3,276,400
345,50,137,0.897810,0.512500,14,117,240,400
345,17,328,0.984756,0.933526,5,23,346,400
345,22,332,0.990964,0.996970,3,1,330,400
345,18,338,0.994083,0.979592,2,7,343,400
345,55,228,0.964912,0.982143,8,4,224,400
345,99,110,0.718182,0.940476,31,5,84,400
345,51,241,0.950207,0.966245,12,8,237,400
345,77,161,0.931677,0.974026,11,4,154,400
345,49,243,0.987654,0.983607,3,4,244,400
346,24,324,0.981481,0.981481,6,6,324,400
346,52,233,1.000000,0.995726,0,1,234,400
346,69,196,0.892857,0.972222,21,5,180,400
346,36,287,0.989547,0.996491,3,1,285,400
346,96,100,0.900000,0.967742,10,3,93,400
346,22,333,0.987988,0.996970,4,1,330,400
346,49,247,0.979757,0.991803,5,2,244,400
346,75,159,0.981132,0.975000,3,4,160,400
346,93,113,0.893805,0.980583,12,2,103,400
346,4,384,1.000000,0.989691,0,4,388,400
347,10,353,0.997167,0.956522,1,16,368,400
347,46,252,1.000000,0.996047,0,1,253,400
347,62,208,0.971154,1.000000,6,0,202,400
347,99,116,0.724138,1.000000,32,0,84,400
347,59,213,0.985915,0.990566,3,2,212,400
347,3,389,1.000000,0.994885,0,2,391,400
347,49,247,0.979757,0.991803,5,2,244,400
347,38,283,0.982332,0.996416,5,1,279,400
347,7,376,1.000000,0.994709,0,2,378,400
347,92,108,0.972222,0.990566,3,1,106,400
348,85,129,0.976744,0.984375,3,2,128,400
348,58,218,0.986239,1.000000,3,0,215,400
348,49,247,0.983806,0.995902,4,1,244,400
348,82,139,0.978417,0.985507,3,2,138,400
348,53,232,0.982759,0.987013,4,3,231,400
348,37,279,0.985663,0.975177,4,7,282,400
348,24,325,0.981538,0.984568,6,5,324,400
348,36,287,0.989547,0.996491,3,1,285,400
348,31,304,0.990132,1.000000,3,0,301,400
348,23,329,0.990881,0.996942,3,1,327,400
349,56,224,0.982143,0.995475,4,1,221,400
349,67,190,0.973684,0.994624,5,1,186,400
349,0,388,1.000000,0.970000,0,12,400,400
349,88,119,1.000000,1.000000,0,0,119,400
349,96,110,0.845455,1.000000,17,0,93,400
349,93,114,0.885965,0.980583,13,2,103,400
349,15,338,0.988166,0.948864,4,18,352,400
349,84,135,0.955556,0.977273,6,3,132,400
349,55,220,0.959091,0.941964,9,13,224,400
349,98,100,0.860000,0.988506,14,1,87,400
350,70,175,0.994286,0.988636,1,2,176,400
350,4,384,1.000000,0.989691,0,4,388,400
350,96,104,0.894231,1.000000,11,0,93,400
350,78,173,0.867052,0.993377,23,1,151,400
350,49,248,0.975806,0.991803,6,2,244,400
350,43,255,1.000000,0.969582,0,8,263,400
350,27,303,0.983498,0.949045,5,16,314,400
350,51,241,0.950207,0.966245,12,8,237,400
350,13,356,1.000000,0.991643,0,3,359,400
350,41,265,0.992453,0.977695,2,6,269,400
351,36,288,0.989583,1.000000,3,0,285,400
351,24,315,0.987302,0.959877,4,13,324,400
351,94,108,0.916667,0.990000,9,1,100,400
351,3,389,1.000000,0.994885,0,2,391,400
351,22,331,0.990937,0.993939,3,2,330,400
351,86,127,0.976378,0.992000,3,1,125,400
351,90,116,0.965517,1.000000,4,0,112,400
351,57,221,0.963801,0.977064,8,5,218,400
351,70,176,0.994318,0.994318,1,1,176,400
351,52,233,1.000000,0.995726,0,1,234,400
352,24,310,0.987097,0.944444,4,18,324,400
352,78,177,0.853107,1.000000,26,0,151,400
352,80,144,1.000000,1.000000,0,0,144,400
352,49,246,0.979675,0.987705,5,3,244,400
352,65,196,0.918367,0.937500,16,12,192,400
352,17,324,0.984568,0.921965,5,27,346,400
352,79,150,0.966667,0.979730,5,3,148,400
352,74,164,1.000000,1.000000,0,0,164,400
352,99,118,0.711864,1.000000,34,0,84,400
352,19,330,1.000000,0.970588,0,10,340,400
353,44,260,0.992308,0.992308,2,2,260,400
353,69,197,0.888325,0.972222,22,5,180,400
353,39,274,0.970803,0.963768,8,10,276,400
353,16,341,1.000000,0.977077,0,8,349,400
353,28,295,0.986441,0.935691,4,20,311,400
353,88,119,1.000000,1.000000,0,0,119,400
353,71,175,0.982857,0.994220,3,1,173,400
353,12,356,1.000000,0.983425,0,6,362,400
353,79,152,0.947368,0.972973,8,4,148,400
353,46,251,1.000000,0.992095,0,2,253,400
354,70,175,0.994286,0.988636,1,2,176,400
354,75,157,0.987261,0.968750,2,5,160,400
354,6,378,0.997354,0.989501,1,4,381,400
354,56,225,0.982222,1.000000,4,0,221,400
354,7,377,1.000000,0.997354,0,1,378,400
354,11,353,0.997167,0.964384,1,13,365,400
354,15,335,0.991045,0.943182,3,20,352,400
354,92,106,0.971698,0.971698,3,3,106,400
354,93,114,0.894737,0.990291,12,1,103,400
354,32,300,0.993333,1.000000,2,0,298,400
355,38,282,0.985816,0.996416,4,1,279,400
355,0,399,1.000000,0.997500,0,1,400,400
355,34,286,0.979021,0.958904,6,12,292,400
355,17,325,0.984615,0.924855,5,26,346,400
355,31,300,0.990000,0.986711,3,4,301,400
355,1,394,1.000000,0.992443,0,3,397,400
355,93,111,0.891892,0.961165,12,4,103,400
355,99,116,0.724138,1.000000,32,0,84,400
355,82,139,0.978417,0.985507,3,2,138,400
355,81,143,0.937063,0.950355,9,7,141,400
356,82,139,0.978417,0.985507,3,2,138,400
356,14,355,1.000000,0.997191,0,1,356,400
356,41,266,0.992481,0.981413,2,5,269,400
356,74,164,1.000000,1.000000,0,0,164,400
356,69,196,0.897959,0.977778,20,4,180,400
356,1,392,1.000000,0.987406,0,5,397,400
356,44,260,0.996154,0.996154,1,1,260,400
356,7,374,1.000000,0.989418,0,4,378,400
356,68,183,0.983607,0.983607,3,3,183,400
356,67,190,0.973684,0.994624,5,1,186,400
357,76,161,0.962733,0.987261,6,2,157,400
357,26,316,0.993671,0.990536,2,3,317,400
357,53,231,0.987013,0.987013,3,3,231,400
357,87,138,0.847826,0.959016,21,5,122,400
357,40,283,0.954064,0.992647,13,2,272,400
357,95,89,0.865169,0.802083,12,19,96,400
357,19,333,0.996997,0.976471,1,8,340,400
357,36,288,0.986111,0.996491,4,1,285,400
357,84,134,0.962687,0.977273,5,3,132,400
357,20,333,0.996997,0.988095,1,4,336,400
358,15,342,0.991228,0.963068,3,13,352,400
358,49,246,0.979675,0.987705,5,3,244,400
358,8,371,1.000000,0.989333,0,4,375,400
358,72,193,0.870466,0.988235,25,2,170,400
358,26,315,0.993651,0.987382,2,4,317,400
358,50,137,0.897810,0.512500,14,117,240,400
358,35,292,0.986301,1.000000,4,0,288,400
358,91,128,0.843750,0.990826,20,1,109,400
358,89,126,0.912698,0.991379,11,1,116,400
358,28,306,0.986928,0.971061,4,9,311,400
359,84,132,0.977273,0.977273,3,3,132,400
359,67,189,0.973545,0.989247,5,2,186,400
359,74,164,1.000000,1.000000,0,0,164,400
359,96,98,0.948980,1.000000,5,0,93,400
359,2,394,1.000000,1.000000,0,0,394,400
359,20,334,0.997006,0.991071,1,3,336,400
359,56,225,0.977778,0.995475,5,1,221,400
359,1,392,1.000000,0.987406,0,5,397,400
359,13,355,1.000000,0.988858,0,4,359,400
359,88,119,1.000000,1.000000,0,0,119,400
360,1,393,1.000000,0.989924,0,4,397,400
360,39,282,0.975177,0.996377,7,1,276,400
360,6,377,1.000000,0.989501,0,4,381,400
360,79,150,0.940000,0.952703,9,7,148,400
360,54,230,0.986957,0.995614,3,1,228,400
360,45,251,0.972112,0.953125,7,12,256,400
360,86,127,0.976378,0.992000,3,1,125,400
360,85,130,0.976923,0.992188,3,1,128,400
360,68,182,0.983516,0.978142,3,4,183,400
360,52,233,1.000000,0.995726,0,1,234,400
361,13,356,1.000000,0.991643,0,3,359,400
361,45,251,0.976096,0.957031,6,11,256,400
361,46,254,0.992126,0.996047,2,1,253,400
361,90,117,0.957265,1.000000,5,0,112,400
361,32,297,0.996633,0.993289,1,2,298,400
361,92,109,0.963303,0.990566,4,1,106,400
361,26,315,0.993651,0.987382,2,4,317,400
361,70,176,0.994318,0.994318,1,1,176,400
361,6,378,1.000000,0.992126,0,3,381,400
361,95,107,0.841121,0.937500,17,6,96,400
362,3,389,1.000000,0.994885,0,2,391,400
362,81,143,0.937063,0.950355,9,7,141,400
362,92,109,0.963303,0.990566,4,1,106,400
362,51,237,0.949367,0.949367,12,12,237,400
362,91,126,0.857143,0.990826,18,1,109,400
362,60,208,1.000000,1.000000,0,0,208,400
362,55,227,0.960352,0.973214,9,6,224,400
362,52,232,1.000000,0.991453,0,2,234,400
362,99,107,0.766355,0.976190,25,2,84,400
362,72,191,0.884817,0.994118,22,1,170,400
363,96,101,0.920792,1.000000,8,0,93,400
363,69,195,0.892308,0.966667,21,6,180,400
363,54,230,0.986957,0.995614,3,1,228,400
363,66,191,0.984293,0.994709,3,1,189,400
363,98,97,0.876289,0.977011,12,2,87,400
363,79,147,0.959184,0.952703,6,7,148,400
363,16,341,1.000000,0.977077,0,8,349,400
363,81,145,0.924138,0.950355,11,7,141,400
363,74,165,0.993939,1.000000,1,0,164,400
363,95,100,0.880000,0.916667,12,8,96,400
364,3,389,1.000000,0.994885,0,2,391,400
364,84,134,0.962687,0.977273,5,3,132,400
364,91,125,0.856000,0.981651,18,2,109,400
364,98,99,0.858586,0.977011,14,2,87,400
364,20,332,0.993976,0.982143,2,6,336,400
364,25,321,0.993769,0.996875,2,1,320,400
364,17,332,0.987952,0.947977,4,18,346,400
364,31,302,0.986755,0.990033,4,3,301,400
364,85,129,0.968992,0.976562,4,3,128,400
364,34,284,0.982394,0.955479,5,13,292,400
365,87,139,0.848921,0.967213,21,4,122,400
365,31,296,0.993243,0.976744,2,7,301,400
365,12,357,1.000000,0.986188,0,5,362,400
365,77,162,0.944444,0.993506,9,1,154,400
365,44,261,0.992337,0.996154,2,1,260,400
365,89,126,0.912698,0.991379,11,1,116,400
365,13,357,1.000000,0.994429,0,2,359,400
365,6,377,1.000000,0.989501,0,4,381,400
365,34,282,0.982270,0.948630,5,15,292,400
365,61,205,1.000000,1.000000,0,0,205,400
366,74,165,0.993939,1.000000,1,0,164,400
366,56,225,0.982222,1.000000,4,0,221,400
366,52,233,1.000000,0.995726,0,1,234,400
366,39,283,0.971731,0.996377,8,1,276,400
366,7,374,1.000000,0.989418,0,4,378,400
366,34,283,0.989399,0.958904,3,12,292,400
366,27,310,0.980645,0.968153,6,10,314,400
366,26,313,1.000000,0.987382,0,4,317,400
366,53,230,0.986957,0.982684,3,4,231,400
366,65,201,0.920398,0.963542,16,7,192,400
367,6,379,0.997361,0.992126,1,3,381,400
367,48,247,0.975709,0.975709,6,6,247,400
367,15,347,0.991354,0.977273,3,8,352,400
367,73,172,0.970930,1.000000,5,0,167,400
367,53,230,0.982609,0.978355,4,5,231,400
367,99,110,0.763636,1.000000,26,0,84,400
367,9,372,1.000000,1.000000,0,0,372,400
367,76,160,0.968750,0.987261,5,2,157,400
367,78,172,0.866279,0.986755,23,2,151,400
367,3,389,1.000000,0.994885,0,2,391,400
368,31,302,0.986755,0.990033,4,3,301,400
368,62,196,0.974490,0.945545,5,11,202,400
368,56,225,0.982222,1.000000,4,0,221,400
368,3,389,1.000000,0.994885,0,2,391,400
368,33,285,0.989474,0.955932,3,13,295,400
368,9,372,1.000000,1.000000,0,0,372,400
368,93,113,0.893805,0.980583,12,2,103,400
368,58,219,0.981735,1.000000,4,0,215,400
368,63,199,0.959799,0.959799,8,8,199,400
368,0,399,1.000000,0.997500,0,1,400,400
369,31,301,0.986711,0.986711,4,4,301,400
369,10,352,0.997159,0.953804,1,17,368,400
369,79,148,0.959459,0.959459,6,6,148,400
369,93,112,0.901786,0.980583,11,2,103,400
369,62,207,0.971014,0.995050,6,1,202,400
369,14,354,0.997175,0.991573,1,3,356,400
369,22,331,0.993958,0.996970,2,1,330,400
369,92,104,0.942308,0.924528,6,8,106,400
369,43,257,1.000000,0.977186,0,6,263,400
369,37,272,0.981618,0.946809,5,15,282,400
370,83,139,0.956835,0.985185,6,2,135,400
370,19,336,0.997024,0.985294,1,5,340,400
370,8,373,1.000000,0.994667,0,2,375,400
370,36,287,0.989547,0.996491,3,1,285,400
370,21,325,0.993846,0.969970,2,10,333,400
370,51,240,0.945833,0.957806,13,10,237,400
370,77,163,0.944785,1.000000,9,0,154,400
370,64,196,1.000000,1.000000,0,0,196,400
370,13,357,1.000000,0.994429,0,2,359,400
370,90,115,0.973913,1.000000,3,0,112,400
371,79,153,0.947712,0.979730,8,3,148,400
371,98,98,0.857143,0.965517,14,3,87,400
371,62,206,0.975728,0.995050,5,1,202,400
371,80,144,1.000000,1.000000,0,0,144,400
371,16,343,0.997085,0.979943,1,7,349,400
371,42,267,0.988764,0.992481,3,2,266,400
371,27,308,0.990260,0.971338,3,9,314,400
371,0,397,1.000000,0.992500,0,3,400,400
371,44,262,0.992366,1.000000,2,0,260,400
371,83,140,0.957143,0.992593,6,1,135,400
372,80,144,1.000000,1.000000,0,0,144,400
372,76,162,0.950617,0.980892,8,3,157,400
372,24,322,0.987578,0.981481,4,6,324,400
372,78,172,0.877907,1.000000,21,0,151,400
372,7,375,1.000000,0.992063,0,3,378,400
372,16,342,0.997076,0.977077,1,8,349,400
372,6,378,0.997354,0.989501,1,4,381,400
372,39,283,0.971731,0.996377,8,1,276,400
372,65,200,0.930000,0.968750,14,6,192,400
372,98,103,0.825243,0.977011,18,2,87,400
373,41,266,0.992481,0.981413,2,5,269,400
373,54,231,0.982684,0.995614,4,1,228,400
373,20,336,0.997024,0.997024,1,1,336,400
373,86,127,0.976378,0.992000,3,1,125,400
373,79,150,0.953333,0.966216,7,5,148,400
373,92,110,0.945455,0.981132,6,2,106,400
373,83,139,0.956835,0.985185,6,2,135,400
373,71,175,0.982857,0.994220,3,1,173,400
373,2,394,1.000000,1.000000,0,0,394,400
373,42,266,0.988722,0.988722,3,3,266,400
374,41,266,0.992481,0.981413,2,5,269,400
374,85,130,0.969231,0.984375,4,2,128,400
374,83,137,0.963504,0.977778,5,3,135,400
374,23,326,0.993865,0.990826,2,3,327,400
374,57,224,0.959821,0.986239,9,3,218,400
374,4,386,1.000000,0.994845,0,2,388,400
374,80,144,1.000000,1.000000,0,0,144,400
374,13,356,1.000000,0.991643,0,3,359,400
374,14,353,1.000000,0.991573,0,3,356,400
374,42,270,0.985185,1.000000,4,0,266,400
375,13,358,0.997207,0.994429,1,2,359,400
375,8,372,1.000000,0.992000,0,3,375,400
375,41,261,0.996169,0.966543,1,9,269,400
375,67,188,0.973404,0.983871,5,3,186,400
375,63,202,0.960396,0.974874,8,5,199,400
375,40,275,0.952727,0.963235,13,10,272,400
375,43,254,0.984252,0.950570,4,13,263,400
375,18,343,0.991254,0.991254,3,3,343,400
375,51,236,0.961864,0.957806,9,10,237,400
375,32,299,0.993311,0.996644,2,1,298,400
376,26,312,1.000000,0.984227,0,5,317,400
376,32,299,0.993311,0.996644,2,1,298,400
376,56,225,0.982222,1.000000,4,0,221,400
376,4,385,1.000000,0.992268,0,3,388,400
376,65,202,0.930693,0.979167,14,4,192,400
376,52,233,1.000000,0.995726,0,1,234,400
376,72,190,0.868421,0.970588,25,5,170,400
376,76,161,0.962733,0.987261,6,2,157,400
376,95,109,0.862385,0.979167,15,2,96,400
376,81,144,0.930556,0.950355,10,7,141,400
377,27,303,0.986799,0.952229,4,15,314,400
377,70,176,0.994318,0.994318,1,1,176,400
377,40,280,0.950000,0.977941,14,6,272,400
377,21,324,0.987654,0.960961,4,13,333,400
377,73,171,0.970760,0.994012,5,1,167,400
377,45,251,0.980080,0.960938,5,10,256,400
377,33,286,0.986014,0.955932,4,13,295,400
377,34,282,0.989362,0.955479,3,13,292,400
377,18,339,0.994100,0.982507,2,6,343,400
377,49,245,0.979592,0.983607,5,4,244,400
378,46,249,0.991968,0.976285,2,6,253,400
378,19,333,0.993994,0.973529,2,9,340,400
378,23,328,0.990854,0.993884,3,2,327,400
378,44,260,0.992308,0.992308,2,2,260,400
378,28,311,0.987138,0.987138,4,4,311,400
378,90,116,0.965517,1.000000,4,0,112,400
378,29,308,1.000000,1.000000,0,0,308,400
378,80,144,1.000000,1.000000,0,0,144,400
378,97,199,0.447236,0.988889,110,1,90,400
378,14,352,1.000000,0.988764,0,4,356,400
379,58,217,0.986175,0.995349,3,1,215,400
379,64,196,1.000000,1.000000,0,0,196,400
379,69,197,0.888325,0.972222,22,5,180,400
379,81,141,0.936170,0.936170,9,9,141,400
379,27,307,0.993485,0.971338,2,9,314,400
379,99,114,0.701754,0.952381,34,4,84,400
379,43,258,0.996124,0.977186,1,6,263,400
379,78,161,0.888199,0.947020,18,8,151,400
379,1,393,1.000000,0.989924,0,4,397,400
379,23,327,0.993884,0.993884,2,2,327,400
380,23,328,0.993902,0.996942,2,1,327,400
380,88,119,1.000000,1.000000,0,0,119,400
380,99,113,0.725664,0.976190,31,2,84,400
380,67,191,0.968586,0.994624,6,1,186,400
380,20,335,0.997015,0.994048,1,2,336,400
380,84,134,0.955224,0.969697,6,4,132,400
380,31,279,0.982079,0.910299,5,27,301,400
380,44,260,0.992308,0.992308,2,2,260,400
380,65,201,0.925373,0.968750,15,6,192,400
380,66,189,0.989418,0.989418,2,2,189,400
381,2,394,1.000000,1.000000,0,0,394,400
381,80,144,1.000000,1.000000,0,0,144,400
381,9,372,1.000000,1.000000,0,0,372,400
381,88,119,1.000000,1.000000,0,0,119,400
381,65,190,0.921053,0.911458,15,17,192,400
381,92,109,0.954128,0.981132,5,2,106,400
381,82,139,0.978417,0.985507,3,2,138,400
381,90,116,0.965517,1.000000,4,0,112,400
381,76,163,0.957055,0.993631,7,1,157,400
381,7,375,1.000000,0.992063,0,3,378,400
382,49,244,0.987705,0.987705,3,3,244,400
382,99,114,0.710526,0.964286,33,3,84,400
382,24,323,0.984520,0.981481,5,6,324,400
382,35,292,0.986301,1.000000,4,0,288,400
382,91,123,0.853659,0.963303,18,4,109,400
382,70,175,0.994286,0.988636,1,2,176,400
382,76,163,0.957055,0.993631,7,1,157,400
382,52,233,1.000000,0.995726,0,1,234,400
382,20,335,1.000000,0.997024,0,1,336,400
382,84,137,0.948905,0.984848,7,2,132,400
383,22,335,0.985075,1.000000,5,0,330,400
383,18,337,0.994065,0.976676,2,8,343,400
383,9,372,1.000000,1.000000,0,0,372,400
383,46,252,0.992063,0.988142,2,3,253,400
383,45,250,0.976000,0.953125,6,12,256,400
383,97,214,0.415888,0.988889,125,1,90,400
383,20,333,0.996997,0.988095,1,4,336,400
383,87,142,0.845070,0.983607,22,2,122,400
383,13,356,1.000000,0.991643,0,3,359,400
383,24,321,0.984424,0.975309,5,8,324,400
384,8,374,1.000000,0.997333,0,1,375,400
384,50,137,0.897810,0.512500,14,117,240,400
384,79,150,0.946667,0.959459,8,6,148,400
384,20,334,0.997006,0.991071,1,3,336,400
384,82,140,0.971429,0.985507,4,2,138,400
384,60,208,1.000000,1.000000,0,0,208,400
384,86,127,0.968504,0.984000,4,2,125,400
384,17,328,0.990854,0.939306,3,21,346,400
384,78,171,0.871345,0.986755,22,2,151,400
384,64,196,1.000000,1.000000,0,0,196,400
385,66,189,0.989418,0.989418,2,2,189,400
385,96,96,0.968750,1.000000,3,0,93,400
385,58,217,0.990783,1.000000,2,0,215,400
385,15,346,0.988439,0.971591,4,10,352,400
385,71,177,0.977401,1.000000,4,0,173,400
385,47,248,0.995968,0.988000,1,3,250,400
385,26,316,0.993671,0.990536,2,3,317,400
385,49,246,0.983740,0.991803,4,2,244,400
385,6,378,1.000000,0.992126,0,3,381,400
385,7,375,1.000000,0.992063,0,3,378,400
386,80,144,1.000000,1.000000,0,0,144,400
386,72,193,0.865285,0.982353,26,3,170,400
386,34,283,0.989399,0.958904,3,12,292,400
386,68,182,0.983516,0.978142,3,4,183,400
386,2,394,1.000000,1.000000,0,0,394,400
386,98,100,0.850000,0.977011,15,2,87,400
386,62,205,0.970732,0.985149,6,3,202,400
386,69,197,0.898477,0.983333,20,3,180,400
386,25,320,0.993750,0.993750,2,2,320,400
386,94,110,0.890909,0.980000,12,2,100,400
387,74,165,0.993939,1.000000,1,0,164,400
387,8,374,1.000000,0.997333,0,1,375,400
387,52,232,1.000000,0.991453,0,2,234,400
387,56,225,0.977778,0.995475,5,1,221,400
387,59,214,0.971963,0.981132,6,4,212,400
387,35,291,0.986254,0.996528,4,1,288,400
387,26,317,0.993691,0.993691,2,2,317,400
387,90,116,0.965517,1.000000,4,0,112,400
387,63,203,0.945813,0.964824,11,7,199,400
387,2,394,1.000000,1.000000,0,0,394,400
388,39,278,0.971223,0.978261,8,6,276,400
388,48,247,0.971660,0.971660,7,7,247,400
388,55,223,0.964126,0.959821,8,9,224,400
388,65,200,0.910000,0.947917,18,10,192,400
388,23,328,0.993902,0.996942,2,1,327,400
388,37,274,0.985401,0.957447,4,12,282,400
388,2,394,1.000000,1.000000,0,0,394,400
388,89,122,0.934426,0.982759,8,2,116,400
388,62,207,0.971014,0.995050,6,1,202,400
388,63,199,0.969849,0.969849,6,6,199,400
389,63,201,0.955224,0.964824,9,7,199,400
389,0,399,1.000000,0.997500,0,1,400,400
389,94,110,0.909091,1.000000,10,0,100,400
389,30,298,0.989933,0.970395,3,9,304,400
389,92,110,0.945455,0.981132,6,2,106,400
389,81,142,0.936620,0.943262,9,8,141,400
389,31,284,0.985915,0.930233,4,21,301,400
389,28,308,0.990260,0.980707,3,6,311,400
389,97,208,0.423077,0.977778,120,2,90,400
389,88,119,1.000000,1.000000,0,0,119,400
390,3,389,1.000000,0.994885,0,2,391,400
390,34,284,0.985915,0.958904,4,12,292,400
390,48,244,0.975410,0.963563,6,9,247,400
390,46,253,0.996047,0.996047,1,1,253,400
390,5,381,1.000000,0.992188,0,3,384,400
390,31,301,0.986711,0.986711,4,4,301,400
390,52,233,1.000000,0.995726,0,1,234,400
390,83,137,0.970803,0.985185,4,2,135,400
390,56,227,0.973568,1.000000,6,0,221,400
390,40,284,0.950704,0.992647,14,2,272,400
391,9,372,1.000000,1.000000,0,0,372,400
391,83,138,0.971014,0.992593,4,1,135,400
391,91,127,0.850394,0.990826,19,1,109,400
391,89,123,0.934959,0.991379,8,1,116,400
391,14,354,1.000000,0.994382,0,2,356,400
391,61,205,1.000000,1.000000,0,0,205,400
391,64,196,1.000000,1.000000,0,0,196,400
391,87,146,0.821918,0.983607,26,2,122,400
391,68,183,0.983607,0.983607,3,3,183,400
391,90,116,0.965517,1.000000,4,0,112,400
392,5,382,1.000000,0.994792,0,2,384,400
392,47,249,0.991968,0.988000,2,3,250,400
392,84,137,0.941606,0.977273,8,3,132,400
392,24,310,0.980645,0.938272,6,20,324,400
392,81,144,0.930556,0.950355,10,7,141,400
392,68,183,0.978142,0.978142,4,4,183,400
392,99,119,0.697479,0.988095,36,1,84,400
392,18,337,0.994065,0.976676,2,8,343,400
392,63,203,0.950739,0.969849,10,6,199,400
392,28,313,0.980831,0.987138,6,4,311,400
393,84,138,0.942029,0.984848,8,2,132,400
393,67,190,0.968421,0.989247,6,2,186,400
393,59,214,0.981308,0.990566,4,2,212,400
393,49,247,0.987854,1.000000,3,0,244,400
393,52,233,1.000000,0.995726,0,1,234,400
393,99,114,0.719298,0.976190,32,2,84,400
393,44,263,0.988593,1.000000,3,0,260,400
393,72,195,0.871795,1.000000,25,0,170,400
393,5,382,1.000000,0.994792,0,2,384,400
393,9,372,1.000000,1.000000,0,0,372,400
394,11,352,0.997159,0.961644,1,14,365,400
394,53,229,0.986900,0.978355,3,5,231,400
394,40,283,0.946996,0.985294,15,4,272,400
394,94,110,0.909091,1.000000,10,0,100,400
394,92,110,0.954545,0.990566,5,1,106,400
394,25,319,0.993730,0.990625,2,3,320,400
394,54,231,0.982684,0.995614,4,1,228,400
394,31,300,0.986667,0.983389,4,5,301,400
394,42,270,0.981481,0.996241,5,1,266,400
394,85,132,0.962121,0.992188,5,1,128,400
395,86,128,0.968750,0.992000,4,1,125,400
395,42,268,0.985075,0.992481,4,2,266,400
395,96,109,0.844037,0.989247,17,1,93,400
395,50,137,0.897810,0.512500,14,117,240,400
395,45,252,0.976190,0.960938,6,10,256,400
395,88,119,1.000000,1.000000,0,0,119,400
395,26,316,0.996835,0.993691,1,2,317,400
395,48,238,0.974790,0.939271,6,15,247,400
395,61,205,1.000000,1.000000,0,0,205,400
395,75,163,0.981595,1.000000,3,0,160,400
396,81,143,0.930070,0.943262,10,8,141,400
396,74,165,0.993939,1.000000,1,0,164,400
396,21,327,0.987768,0.969970,4,10,333,400
396,25,319,0.993730,0.990625,2,3,320,400
396,36,287,0.989547,0.996491,3,1,285,400
396,52,233,1.000000,0.995726,0,1,234,400
396,7,376,1.000000,0.994709,0,2,378,400
396,17,324,0.984568,0.921965,5,27,346,400
396,53,232,0.982759,0.987013,4,3,231,400
396,33,286,0.986014,0.955932,4,13,295,400
397,43,254,0.992126,0.958175,2,11,263,400
397,51,241,0.958506,0.974684,10,6,237,400
397,35,292,0.986301,1.000000,4,0,288,400
397,41,265,0.996226,0.981413,1,5,269,400
397,67,191,0.968586,0.994624,6,1,186,400
397,85,131,0.961832,0.984375,5,2,128,400
397,44,259,0.988417,0.984615,3,4,260,400
397,11,356,0.997191,0.972603,1,10,365,400
397,8,373,1.000000,0.994667,0,2,375,400
397,83,141,0.950355,0.992593,7,1,135,400
398,33,292,0.986301,0.976271,4,7,295,400
398,53,231,0.982684,0.982684,4,4,231,400
398,96,105,0.838095,0.946237,17,5,93,400
398,51,237,0.957806,0.957806,10,10,237,400
398,89,119,0.949580,0.974138,6,3,116,400
398,19,330,1.000000,0.970588,0,10,340,400
398,88,119,1.000000,1.000000,0,0,119,400
398,76,160,0.962500,0.980892,6,3,157,400
398,39,283,0.971731,0.996377,8,1,276,400
398,3,389,1.000000,0.994885,0,2,391,400
399,52,234,0.995726,0.995726,1,1,234,400
399,61,205,1.000000,1.000000,0,0,205,400
399,44,262,0.992366,1.000000,2,0,260,400
399,46,252,1.000000,0.996047,0,1,253,400
399,5,382,1.000000,0.994792,0,2,384,400
399,34,284,0.982394,0.955479,5,13,292,400
399,69,200,0.895000,0.994444,21,1,180,400
399,29,308,1.000000,1.000000,0,0,308,400
399,56,226,0.973451,0.995475,6,1,221,400
399,45,253,0.976285,0.964844,6,9,256,400
400,1,393,1.000000,0.989924,0,4,397,400
400,94,112,0.883929,0.990000,13,1,100,400
400,6,377,1.000000,0.989501,0,4,381,400
400,77,162,0.932099,0.980519,11,3,154,400
400,61,205,1.000000,1.000000,0,0,205,400
400,25,318,0.996855,0.990625,1,3,320,400
400,4,384,1.000000,0.989691,0,4,388,400
400,96,102,0.911765,1.000000,9,0,93,400
400,55,224,0.959821,0.959821,9,9,224,400
400,48,244,0.975410,0.963563,6,9,247,400
401,1,393,1.000000,0.989924,0,4,397,400
401,95,96,0.895833,0.895833,10,10,96,400
401,69,199,0.894472,0.988889,21,2,180,400
401,20,333,0.996997,0.988095,1,4,336,400
401,77,161,0.956522,1.000000,7,0,154,400
401,53,233,0.982833,0.991342,4,2,231,400
401,59,214,0.981308,0.990566,4,2,212,400
401,16,342,0.997076,0.977077,1,8,349,400
401,88,119,1.000000,1.000000,0,0,119,400
401,30,300,0.986667,0.973684,4,8,304,400
402,6,379,1.000000,0.994751,0,2,381,400
402,68,182,0.983516,0.978142,3,4,183,400
402,83,139,0.956835,0.985185,6,2,135,400
402,58,215,0.995349,0.995349,1,1,215,400
402,18,341,0.991202,0.985423,3,5,343,400
402,69,200,0.890000,0.988889,22,2,180,400
402,4,384,1.000000,0.989691,0,4,388,400
402,44,262,0.988550,0.996154,3,1,260,400
402,88,119,1.000000,1.000000,0,0,119,400
402,39,281,0.975089,0.992754,7,2,276,400
403,25,321,0.990654,0.993750,3,2,320,400
403,56,226,0.977876,1.000000,5,0,221,400
403,9,372,1.000000,1.000000,0,0,372,400
403,98,98,0.846939,0.954023,15,4,87,400
403,29,308,1.000000,1.000000,0,0,308,400
403,45,177,0.937853,0.648438,11,90,256,400
403,8,373,1.000000,0.994667,0,2,375,400
403,42,271,0.977860,0.996241,6,1,266,400
403,67,190,0.968421,0.989247,6,2,186,400
403,57,224,0.955357,0.981651,10,4,218,400
404,53,233,0.978541,0.987013,5,3,231,400
404,63,201,0.955224,0.964824,9,7,199,400
404,16,342,0.997076,0.977077,1,8,349,400
404,93,112,0.901786,0.980583,11,2,103,400
404,21,321,0.993769,0.957958,2,14,333,400
404,38,282,0.985816,0.996416,4,1,279,400
404,87,146,0.828767,0.991803,25,1,122,400
404,0,395,1.000000,0.987500,0,5,400,400
404,14,353,1.000000,0.991573,0,3,356,400
404,97,218,0.389908,0.944444,133,5,90,400
405,98,98,0.846939,0.954023,15,4,87,400
405,32,299,0.993311,0.996644,2,1,298,400
405,84,137,0.948905,0.984848,7,2,132,400
405,10,350,0.997143,0.948370,1,19,368,400
405,33,291,0.986254,0.972881,4,8,295,400
405,24,326,0.981595,0.987654,6,4,324,400
405,91,124,0.854839,0.972477,18,3,109,400
405,5,382,1.000000,0.994792,0,2,384,400
405,26,315,0.996825,0.990536,1,3,317,400
405,9,372,1.000000,1.000000,0,0,372,400
406,79,151,0.947020,0.966216,8,5,148,400
406,5,381,1.000000,0.992188,0,3,384,400
406,49,246,0.979675,0.987705,5,3,244,400
406,37,274,0.989051,0.960993,3,11,282,400
406,7,376,1.000000,0.994709,0,2,378,400
406,78,171,0.871345,0.986755,22,2,151,400
406,41,266,0.996241,0.985130,1,4,269,400
406,90,116,0.965517,1.000000,4,0,112,400
406,75,158,0.981013,0.968750,3,5,160,400
406,22,333,0.987988,0.996970,4,1,330,400
407,7,374,1.000000,0.989418,0,4,378,400
407,30,303,0.990099,0.986842,3,4,304,400
407,6,379,0.997361,0.992126,1,3,381,400
407,83,138,0.963768,0.985185,5,2,135,400
407,84,136,0.948529,0.977273,7,3,132,400
407,63,198,0.954545,0.949749,9,10,199,400
407,77,158,0.955696,0.980519,7,3,154,400
407,11,350,0.997143,0.956164,1,16,365,400
407,3,389,1.000000,0.994885,0,2,391,400
407,97,227,0.387665,0.977778,139,2,90,400
408,22,332,0.990964,0.996970,3,1,330,400
408,88,119,1.000000,1.000000,0,0,119,400
408,57,224,0.959821,0.986239,9,3,218,400
408,28,312,0.983974,0.987138,5,4,311,400
408,25,320,0.993750,0.993750,2,2,320,400
408,55,229,0.965066,0.986607,8,3,224,400
408,98,99,0.848485,0.965517,15,3,87,400
408,36,287,0.989547,0.996491,3,1,285,400
408,2,394,1.000000,1.000000,0,0,394,400
408,99,111,0.756757,1.000000,27,0,84,400
409,51,246,0.943089,0.978903,14,5,237,400
409,53,231,0.987013,0.987013,3,3,231,400
409,50,137,0.897810,0.512500,14,117,240,400
409,58,216,0.986111,0.990698,3,2,215,400
409,54,231,0.982684,0.995614,4,1,228,400
409,52,233,1.000000,0.995726,0,1,234,400
409,55,231,0.956710,0.986607,10,3,224,400
409,18,342,0.991228,0.988338,3,4,343,400
409,22,332,0.990964,0.996970,3,1,330,400
409,65,198,0.914141,0.942708,17,11,192,400
410,92,110,0.954545,0.990566,5,1,106,400
410,94,107,0.915888,0.980000,9,2,100,400
410,28,311,0.987138,0.987138,4,4,311,400
410,52,233,1.000000,0.995726,0,1,234,400
410,59,211,0.985782,0.981132,3,4,212,400
410,6,380,0.997368,0.994751,1,2,381,400
410,49,248,0.979839,0.995902,5,1,244,400
410,72,194,0.876289,1.000000,24,0,170,400
410,70,176,0.994318,0.994318,1,1,176,400
410,11,343,0.997085,0.936986,1,23,365,400
411,57,224,0.950893,0.977064,11,5,218,400
411,29,308,1.000000,1.000000,0,0,308,400
411,60,208,1.000000,1.000000,0,0,208,400
411,20,333,0.996997,0.988095,1,4,336,400
411,99,111,0.747748,0.988095,28,1,84,400
411,53,231,0.982684,0.982684,4,4,231,400
411,16,341,0.997067,0.974212,1,9,349,400
411,56,227,0.973568,1.000000,6,0,221,400
411,38,282,0.985816,0.996416,4,1,279,400
411,80,144,1.000000,1.000000,0,0,144,400
412,44,263,0.988593,1.000000,3,0,260,400
412,21,327,0.990826,0.972973,3,9,333,400
412,57,223,0.968610,0.990826,7,2,218,400
412,84,141,0.929078,0.992424,10,1,132,400
412,70,176,0.994318,0.994318,1,1,176,400
412,79,158,0.879747,0.939189,19,9,148,400
412,13,356,1.000000,0.991643,0,3,359,400
412,61,205,1.000000,1.000000,0,0,205,400
412,96,98,0.938776,0.989247,6,1,93,400
412,88,119,1.000000,1.000000,0,0,119,400
413,55,227,0.969163,0.982143,7,4,224,400
413,8,372,1.000000,0.992000,0,3,375,400
413,2,394,1.000000,1.000000,0,0,394,400
413,38,282,0.985816,0.996416,4,1,279,400
413,58,218,0.986239,1.000000,3,0,215,400
413,44,264,0.984848,1.000000,4,0,260,400
413,88,119,1.000000,1.000000,0,0,119,400
413,93,111,0.900901,0.970874,11,3,103,400
413,94,103,0.912621,0.940000,9,6,100,400
413,80,144,1.000000,1.000000,0,0,144,400
414,10,353,0.997167,0.956522,1,16,368,400
414,47,248,0.995968,0.988000,1,3,250,400
414,16,343,0.997085,0.979943,1,7,349,400
414,98,101,0.841584,0.977011,16,2,87,400
414,95,106,0.886792,0.979167,12,2,96,400
414,34,282,0.989362,0.955479,3,13,292,400
414,15,344,0.988372,0.965909,4,12,352,400
414,38,281,0.989324,0.996416,3,1,279,400
414,22,331,0.987915,0.990909,4,3,330,400
414,90,116,0.965517,1.000000,4,0,112,400
415,2,394,1.000000,1.000000,0,0,394,400
415,69,172,0.889535,0.850000,19,27,180,400
415,81,146,0.931507,0.964539,10,5,141,400
415,24,326,0.981595,0.987654,6,4,324,400
415,65,198,0.919192,0.947917,16,10,192,400
415,93,108,0.916667,0.961165,9,4,103,400
415,31,301,0.986711,0.986711,4,4,301,400
415,91,126,0.857143,0.990826,18,1,109,400
415,78,172,0.872093,0.993377,22,1,151,400
415,46,248,0.995968,0.976285,1,6,253,400
416,77,161,0.956522,1.000000,7,0,154,400
416,57,224,0.959821,0.986239,9,3,218,400
416,99,115,0.730435,1.000000,31,0,84,400
416,98,95,0.884211,0.965517,11,3,87,400
416,34,283,0.978799,0.948630,6,15,292,400
416,90,116,0.965517,1.000000,4,0,112,400
416,20,332,0.993976,0.982143,2,6,336,400
416,87,142,0.845070,0.983607,22,2,122,400
416,7,376,1.000000,0.994709,0,2,378,400
416,53,231,0.987013,0.987013,3,3,231,400
417,81,146,0.938356,0.971631,9,4,141,400
417,76,160,0.968750,0.987261,5,2,157,400
417,39,282,0.978723,1.000000,6,0,276,400
417,52,233,1.000000,0.995726,0,1,234,400
417,77,157,0.968153,0.987013,5,2,154,400
417,28,299,0.993311,0.954984,2,14,311,400
417,47,248,0.991935,0.984000,2,4,250,400
417,45,255,0.960784,0.957031,10,11,256,400
417,69,195,0.897436,0.972222,20,5,180,400
417,85,133,0.954887,0.992188,6,1,128,400
418,76,159,0.968553,0.980892,5,3,157,400
418,55,224,0.959821,0.959821,9,9,224,400
418,64,196,1.000000,1.000000,0,0,196,400
418,11,356,0.997191,0.972603,1,10,365,400
418,44,261,0.988506,0.992308,3,2,260,400
418,57,226,0.960177,0.995413,9,1,218,400
418,4,384,1.000000,0.989691,0,4,388,400
418,97,217,0.405530,0.977778,129,2,90,400
418,82,138,0.985507,0.985507,2,2,138,400
418,31,300,0.993333,0.990033,2,3,301,400
419,57,225,0.960000,0.990826,9,2,218,400
419,0,399,1.000000,0.997500,0,1,400,400
419,39,284,0.971831,1.000000,8,0,276,400
419,96,141,0.659574,1.000000,48,0,93,400
419,50,137,0.897810,0.512500,14,117,240,400
419,92,107,0.962617,0.971698,4,3,106,400
419,91,128,0.843750,0.990826,20,1,109,400
419,63,200,0.955000,0.959799,9,8,199,400
419,16,343,0.997085,0.979943,1,7,349,400
419,3,389,1.000000,0.994885,0,2,391,400
420,3,389,1.000000,0.994885,0,2,391,400
420,0,383,1.000000,0.957500,0,17,400,400
420,51,244,0.950820,0.978903,12,5,237,400
420,57,225,0.960000,0.990826,9,2,218,400
420,28,310,0.983871,0.980707,5,6,311,400
420,66,192,0.973958,0.989418,5,2,189,400
420,67,190,0.968421,0.989247,6,2,186,400
420,45,253,0.976285,0.964844,6,9,256,400
420,80,144,1.000000,1.000000,0,0,144,400
420,42,270,0.985185,1.000000,4,0,266,400
421,85,135,0.933333,0.984375,9,2,128,400
421,69,203,0.886700,1.000000,23,0,180,400
421,27,311,0.996785,0.987261,1,4,314,400
421,96,140,0.657143,0.989247,48,1,93,400
421,58,217,0.981567,0.990698,4,2,215,400
421,87,146,0.835616,1.000000,24,0,122,400
421,51,242,0.954545,0.974684,11,6,237,400
421,20,321,0.996885,0.952381,1,16,336,400
421,25,320,0.993750,0.993750,2,2,320,400
421,72,192,0.875000,0.988235,24,2,170,400
422,42,270,0.985185,1.000000,4,0,266,400
422,36,287,0.989547,0.996491,3,1,285,400
422,40,275,0.945455,0.955882,15,12,272,400
422,72,192,0.880208,0.994118,23,1,170,400
422,69,196,0.892857,0.972222,21,5,180,400
422,86,127,0.976378,0.992000,3,1,125,400
422,32,301,0.990033,1.000000,3,0,298,400
422,50,137,0.897810,0.512500,14,117,240,400
422,91,128,0.851562,1.000000,19,0,109,400
422,16,343,0.997085,0.979943,1,7,349,400
423,74,165,0.993939,1.000000,1,0,164,400
423,43,255,0.992157,0.961977,2,10,263,400
423,77,161,0.950311,0.993506,8,1,154,400
423,79,153,0.928105,0.959459,11,6,148,400
423,99,112,0.750000,1.000000,28,0,84,400
423,53,233,0.982833,0.991342,4,2,231,400
423,44,262,0.992366,1.000000,2,0,260,400
423,88,119,1.000000,1.000000,0,0,119,400
423,92,108,0.953704,0.971698,5,3,106,400
423,48,248,0.971774,0.975709,7,6,247,400
424,36,287,0.989547,0.996491,3,1,285,400
424,38,283,0.985866,1.000000,4,0,279,400
424,90,116,0.965517,1.000000,4,0,112,400
424,50,137,0.897810,0.512500,14,117,240,400
424,39,282,0.971631,0.992754,8,2,276,400
424,9,372,1.000000,1.000000,0,0,372,400
424,27,312,0.996795,0.990446,1,3,314,400
424,88,119,1.000000,1.000000,0,0,119,400
424,72,194,0.876289,1.000000,24,0,170,400
424,96,130,0.715385,1.000000,37,0,93,400
425,64,196,1.000000,1.000000,0,0,196,400
425,73,171,0.970760,0.994012,5,1,167,400
425,49,246,0.975610,0.983607,6,4,244,400
425,27,313,0.993610,0.990446,2,3,314,400
425,87,140,0.864286,0.991803,19,1,122,400
425,31,303,0.986799,0.993355,4,2,301,400
425,66,188,0.989362,0.984127,2,3,189,400
425,59,212,0.985849,0.985849,3,3,212,400
425,96,106,0.877358,1.000000,13,0,93,400
425,51,248,0.939516,0.983122,15,4,237,400
426,13,357,1.000000,0.994429,0,2,359,400
426,15,341,0.988270,0.957386,4,15,352,400
426,93,110,0.918182,0.980583,9,2,103,400
426,34,290,0.975862,0.969178,7,9,292,400
426,99,121,0.694215,1.000000,37,0,84,400
426,82,137,0.985401,0.978261,2,3,138,400
426,70,175,0.994286,0.988636,1,2,176,400
426,55,229,0.960699,0.982143,9,4,224,400
426,71,176,0.982955,1.000000,3,0,173,400
426,74,165,0.993939,1.000000,1,0,164,400
427,41,267,0.992509,0.985130,2,4,269,400
427,76,159,0.968553,0.980892,5,3,157,400
427,24,327,0.981651,0.990741,6,3,324,400
427,64,196,1.000000,1.000000,0,0,196,400
427,6,376,0.997340,0.984252,1,6,381,400
427,61,205,1.000000,1.000000,0,0,205,400
427,53,233,0.978541,0.987013,5,3,231,400
427,5,381,1.000000,0.992188,0,3,384,400
427,14,354,1.000000,0.994382,0,2,356,400
427,52,234,0.995726,0.995726,1,1,234,400
428,38,283,0.985866,1.000000,4,0,279,400
428,97,233,0.386266,1.000000,143,0,90,400
428,50,137,0.897810,0.512500,14,117,240,400
428,75,160,0.987500,0.987500,2,2,160,400
428,6,380,0.997368,0.994751,1,2,381,400
428,36,286,0.989510,0.992982,3,2,285,400
428,81,144,0.937500,0.957447,9,6,141,400
428,73,172,0.970930,1.000000,5,0,167,400
428,89,125,0.920000,0.991379,10,1,116,400
428,5,382,1.000000,0.994792,0,2,384,400
429,77,162,0.944444,0.993506,9,1,154,400
429,85,136,0.926471,0.984375,10,2,128,400
429,9,372,1.000000,1.000000,0,0,372,400
429,70,176,0.994318,0.994318,1,1,176,400
429,28,309,0.983819,0.977492,5,7,311,400
429,50,137,0.897810,0.512500,14,117,240,400
429,40,282,0.943262,0.977941,16,6,272,400
429,52,233,1.000000,0.995726,0,1,234,400
429,90,116,0.965517,1.000000,4,0,112,400
429,41,267,0.992509,0.985130,2,4,269,400
430,5,381,1.000000,0.992188,0,3,384,400
430,57,222,0.959459,0.977064,9,5,218,400
430,12,360,1.000000,0.994475,0,2,362,400
430,78,170,0.882353,0.993377,20,1,151,400
430,35,292,0.986301,1.000000,4,0,288,400
430,17,326,0.987730,0.930636,4,24,346,400
430,73,173,0.965318,1.000000,6,0,167,400
430,74,164,1.000000,1.000000,0,0,164,400
430,98,99,0.848485,0.965517,15,3,87,400
430,23,328,0.993902,0.996942,2,1,327,400
431,42,270,0.985185,1.000000,4,0,266,400
431,66,190,0.984211,0.989418,3,2,189,400
431,85,135,0.933333,0.984375,9,2,128,400
431,44,262,0.988550,0.996154,3,1,260,400
431,65,200,0.920000,0.958333,16,8,192,400
431,56,226,0.977876,1.000000,5,0,221,400
431,6,378,1.000000,0.992126,0,3,381,400
431,2,394,1.000000,1.000000,0,0,394,400
431,79,133,0.924812,0.831081,10,25,148,400
431,13,357,1.000000,0.994429,0,2,359,400
432,53,231,0.987013,0.987013,3,3,231,400
432,6,380,1.000000,0.997375,0,1,381,400
432,15,346,0.988439,0.971591,4,10,352,400
432,49,246,0.979675,0.987705,5,3,244,400
432,26,314,1.000000,0.990536,0,3,317,400
432,7,377,1.000000,0.997354,0,1,378,400
432,54,231,0.982684,0.995614,4,1,228,400
432,22,333,0.987988,0.996970,4,1,330,400
432,12,359,1.000000,0.991713,0,3,362,400
432,28,309,0.983819,0.977492,5,7,311,400
433,92,109,0.963303,0.990566,4,1,106,400
433,65,204,0.916667,0.973958,17,5,192,400
433,67,189,0.973545,0.989247,5,2,186,400
433,32,299,0.996656,1.000000,1,0,298,400
433,21,331,0.990937,0.984985,3,5,333,400
433,96,97,0.958763,1.000000,4,0,93,400
433,84,139,0.935252,0.984848,9,2,132,400
433,40,280,0.950000,0.977941,14,6,272,400
433,3,389,1.000000,0.994885,0,2,391,400
433,93,110,0.918182,0.980583,9,2,103,400
434,95,106,0.867925,0.958333,14,4,96,400
434,33,288,0.989583,0.966102,3,10,295,400
434,43,258,0.984496,0.965779,4,9,263,400
434,18,344,0.988372,0.991254,4,3,343,400
434,30,300,0.993333,0.980263,2,6,304,400
434,96,110,0.845455,1.000000,17,0,93,400
434,31,300,0.990000,0.986711,3,4,301,400
434,84,138,0.949275,0.992424,7,1,132,400
434,93,112,0.901786,0.980583,11,2,103,400
434,10,355,0.997183,0.961957,1,14,368,400
435,57,219,0.931507,0.935780,15,14,218,400
435,40,279,0.946237,0.970588,15,8,272,400
435,85,133,0.947368,0.984375,7,2,128,400
435,78,168,0.886905,0.986755,19,2,151,400
435,83,138,0.963768,0.985185,5,2,135,400
435,87,142,0.845070,0.983607,22,2,122,400
435,21,325,0.990769,0.966967,3,11,333,400
435,76,160,0.968750,0.987261,5,2,157,400
435,48,247,0.975709,0.975709,6,6,247,400
435,11,355,0.997183,0.969863,1,11,365,400
436,49,246,0.983740,0.991803,4,2,244,400
436,74,164,1.000000,1.000000,0,0,164,400
436,82,137,0.985401,0.978261,2,3,138,400
436,50,137,0.897810,0.512500,14,117,240,400
436,23,327,0.993884,0.993884,2,2,327,400
436,77,161,0.956522,1.000000,7,0,154,400
436,52,233,1.000000,0.995726,0,1,234,400
436,70,176,0.994318,0.994318,1,1,176,400
436,4,384,1.000000,0.989691,0,4,388,400
436,17,336,0.985119,0.956647,5,15,346,400
437,39,282,0.971631,0.992754,8,2,276,400
437,28,309,0.987055,0.980707,4,6,311,400
437,9,372,1.000000,1.000000,0,0,372,400
437,20,335,0.997015,0.994048,1,2,336,400
437,88,119,1.000000,1.000000,0,0,119,400
437,15,344,0.991279,0.968750,3,11,352,400
437,32,299,0.993311,0.996644,2,1,298,400
437,69,197,0.903553,0.988889,19,2,180,400
437,50,137,0.897810,0.512500,14,117,240,400
437,51,241,0.946058,0.962025,13,9,237,400
438,86,128,0.968750,0.992000,4,1,125,400
438,4,384,1.000000,0.989691,0,4,388,400
438,6,379,1.000000,0.994751,0,2,381,400
438,56,224,0.977679,0.990950,5,2,221,400
438,18,340,0.994118,0.985423,2,5,343,400
438,60,208,1.000000,1.000000,0,0,208,400
438,42,272,0.977941,1.000000,6,0,266,400
438,44,263,0.988593,1.000000,3,0,260,400
438,76,161,0.962733,0.987261,6,2,157,400
438,17,336,0.985119,0.956647,5,15,346,400
439,66,191,0.984293,0.994709,3,1,189,400
439,75,160,0.987500,0.987500,2,2,160,400
439,32,301,0.990033,1.000000,3,0,298,400
439,57,224,0.959821,0.986239,9,3,218,400
439,68,181,0.983425,0.972678,3,5,183,400
439,45,253,0.980237,0.968750,5,8,256,400
439,63,203,0.955665,0.974874,9,5,199,400
439,33,292,0.986301,0.976271,4,7,295,400
439,55,227,0.969163,0.982143,7,4,224,400
439,58,218,0.981651,0.995349,4,1,215,400
440,35,292,0.986301,1.000000,4,0,288,400
440,50,137,0.897810,0.512500,14,117,240,400
440,23,329,0.993921,1.000000,2,0,327,400
440,94,107,0.906542,0.970000,10,3,100,400
440,40,275,0.952727,0.963235,13,10,272,400
440,49,246,0.975610,0.983607,6,4,244,400
440,20,332,0.996988,0.985119,1,5,336,400
440,33,286,0.989510,0.959322,3,12,295,400
440,73,172,0.970930,1.000000,5,0,167,400
440,54,231,0.982684,0.995614,4,1,228,400
441,79,149,0.959732,0.966216,6,5,148,400
441,45,255,0.976471,0.972656,6,7,256,400
441,43,258,0.996124,0.977186,1,6,263,400
441,22,332,0.987952,0.993939,4,2,330,400
441,8,372,1.000000,0.992000,0,3,375,400
441,32,299,0.993311,0.996644,2,1,298,400
441,85,133,0.947368,0.984375,7,2,128,400
441,4,384,1.000000,0.989691,0,4,388,400
441,69,197,0.903553,0.988889,19,2,180,400
441,51,239,0.937238,0.945148,15,13,237,400
442,9,372,1.000000,1.000000,0,0,372,400
442,15,347,0.985591,0.971591,5,10,352,400
442,79,148,0.972973,0.972973,4,4,148,400
442,70,176,0.994318,0.994318,1,1,176,400
442,49,246,0.983740,0.991803,4,2,244,400
442,61,205,1.000000,1.000000,0,0,205,400
442,53,232,0.982759,0.987013,4,3,231,400
442,91,126,0.865079,1.000000,17,0,109,400
442,52,233,1.000000,0.995726,0,1,234,400
442,14,354,1.000000,0.994382,0,2,356,400
443,75,162,0.987654,1.000000,2,0,160,400
443,15,348,0.988506,0.977273,4,8,352,400
443,46,252,1.000000,0.996047,0,1,253,400
443,28,306,0.980392,0.964630,6,11,311,400
443,79,148,0.966216,0.966216,5,5,148,400
443,19,333,1.000000,0.979412,0,7,340,400
443,14,355,1.000000,0.997191,0,1,356,400
443,33,288,0.993056,0.969492,2,9,295,400
443,38,283,0.985866,1.000000,4,0,279,400
443,59,213,0.981221,0.985849,4,3,212,400
444,95,100,0.860000,0.895833,14,10,96,400
444,81,142,0.950704,0.957447,7,6,141,400
444,33,290,0.989655,0.972881,3,8,295,400
444,7,376,1.000000,0.994709,0,2,378,400
444,13,353,1.000000,0.983287,0,6,359,400
444,99,117,0.709402,0.988095,34,1,84,400
444,10,355,0.997183,0.961957,1,14,368,400
444,90,115,0.973913,1.000000,3,0,112,400
444,70,176,0.994318,0.994318,1,1,176,400
444,28,286,0.989510,0.909968,3,28,311,400
445,17,336,0.985119,0.956647,5,15,346,400
445,76,161,0.962733,0.987261,6,2,157,400
445,97,212,0.415094,0.977778,124,2,90,400
445,14,355,1.000000,0.997191,0,1,356,400
445,54,231,0.982684,0.995614,4,1,228,400
445,59,216,0.981481,1.000000,4,0,212,400
445,42,271,0.977860,0.996241,6,1,266,400
445,18,341,0.991202,0.985423,3,5,343,400
445,93,113,0.893805,0.980583,12,2,103,400
445,27,306,0.993464,0.968153,2,10,314,400
446,97,229,0.384279,0.977778,141,2,90,400
446,52,233,1.000000,0.995726,0,1,234,400
446,7,377,1.000000,0.997354,0,1,378,400
446,72,193,0.880829,1.000000,23,0,170,400
446,82,138,0.978261,0.978261,3,3,138,400
446,3,389,1.000000,0.994885,0,2,391,400
446,9,372,1.000000,1.000000,0,0,372,400
446,8,373,1.000000,0.994667,0,2,375,400
446,99,114,0.736842,1.000000,30,0,84,400
446,96,111,0.828829,0.989247,19,1,93,400
447,74,164,1.000000,1.000000,0,0,164,400
447,95,98,0.857143,0.875000,14,12,96,400
447,86,127,0.976378,0.992000,3,1,125,400
447,28,310,0.990323,0.987138,3,4,311,400
447,72,191,0.884817,0.994118,22,1,170,400
447,39,284,0.968310,0.996377,9,1,276,400
447,87,143,0.853147,1.000000,21,0,122,400
447,33,292,0.986301,0.976271,4,7,295,400
447,60,208,1.000000,1.000000,0,0,208,400
447,50,137,0.897810,0.512500,14,117,240,400
448,48,244,0.975410,0.963563,6,9,247,400
448,92,110,0.963636,1.000000,4,0,106,400
448,56,226,0.977876,1.000000,5,0,221,400
448,42,271,0.974170,0.992481,7,2,266,400
448,81,141,0.950355,0.950355,7,7,141,400
448,31,302,0.990066,0.993355,3,2,301,400
448,1,393,1.000000,0.989924,0,4,397,400
448,55,234,0.952991,0.995536,11,1,224,400
448,66,193,0.974093,0.994709,5,1,189,400
448,88,119,1.000000,1.000000,0,0,119,400
449,71,175,0.982857,0.994220,3,1,173,400
449,21,324,0.990741,0.963964,3,12,333,400
449,87,146,0.835616,1.000000,24,0,122,400
449,31,302,0.990066,0.993355,3,2,301,400
449,47,249,0.991968,0.988000,2,3,250,400
449,24,323,0.987616,0.984568,4,5,324,400
449,95,98,0.897959,0.916667,10,8,96,400
449,43,251,0.996016,0.950570,1,13,263,400
449,85,130,0.969231,0.984375,4,2,128,400
449,5,382,1.000000,0.994792,0,2,384,400
450,13,352,1.000000,0.980501,0,7,359,400
450,1,393,1.000000,0.989924,0,4,397,400
450,93,113,0.893805,0.980583,12,2,103,400
450,16,343,0.997085,0.979943,1,7,349,400
450,60,208,1.000000,1.000000,0,0,208,400
450,48,244,0.971311,0.959514,7,10,247,400
450,30,299,0.989967,0.973684,3,8,304,400
450,53,230,0.986957,0.982684,3,4,231,400
450,29,308,1.000000,1.000000,0,0,308,400
450,26,313,0.996805,0.984227,1,5,317,400
451,40,283,0.954064,0.992647,13,2,272,400
451,47,249,0.991968,0.988000,2,3,250,400
451,28,308,0.993506,0.983923,2,5,311,400
451,4,384,1.000000,0.989691,0,4,388,400
451,25,319,0.993730,0.990625,2,3,320,400
451,12,357,1.000000,0.986188,0,5,362,400
451,35,291,0.986254,0.996528,4,1,288,400
451,10,351,0.997151,0.951087,1,18,368,400
451,59,217,0.976959,1.000000,5,0,212,400
451,7,374,1.000000,0.989418,0,4,378,400
452,86,128,0.976562,1.000000,3,0,125,400
452,7,377,1.000000,0.997354,0,1,378,400
452,51,240,0.954167,0.966245,11,8,237,400
452,14,354,1.000000,0.994382,0,2,356,400
452,6,380,0.997368,0.994751,1,2,381,400
452,30,298,0.986577,0.967105,4,10,304,400
452,4,385,1.000000,0.992268,0,3,388,400
452,19,330,1.000000,0.970588,0,10,340,400
452,71,174,0.988506,0.994220,2,1,173,400
452,88,119,1.000000,1.000000,0,0,119,400
453,28,312,0.980769,0.983923,6,5,311,400
453,95,90,0.877778,0.822917,11,17,96,400
453,48,246,0.979675,0.975709,5,6,247,400
453,57,223,0.959641,0.981651,9,4,218,400
453,46,254,0.996063,1.000000,1,0,253,400
453,20,335,0.997015,0.994048,1,2,336,400
453,8,373,1.000000,0.994667,0,2,375,400
453,26,315,0.996825,0.990536,1,3,317,400
453,21,328,0.987805,0.972973,4,9,333,400
453,35,292,0.986301,1.000000,4,0,288,400
454,27,309,0.996764,0.980892,1,6,314,400
454,38,283,0.985866,1.000000,4,0,279,400
454,94,112,0.892857,1.000000,12,0,100,400
454,59,219,0.968037,1.000000,7,0,212,400
454,15,346,0.988439,0.971591,4,10,352,400
454,18,340,0.991176,0.982507,3,6,343,400
454,68,183,0.983607,0.983607,3,3,183,400
454,61,205,1.000000,1.000000,0,0,205,400
454,45,252,0.980159,0.964844,5,9,256,400
454,49,248,0.979839,0.995902,5,1,244,400
455,46,232,0.974138,0.893281,6,27,253,400
455,0,399,1.000000,0.997500,0,1,400,400
455,60,208,1.000000,1.000000,0,0,208,400
455,15,343,0.991254,0.965909,3,12,352,400
455,37,274,0.981752,0.953901,5,13,282,400
455,54,230,0.986957,0.995614,3,1,228,400
455,50,137,0.897810,0.512500,14,117,240,400
455,76,161,0.968944,0.993631,5,1,157,400
455,63,206,0.956311,0.989950,9,2,199,400
455,41,267,0.992509,0.985130,2,4,269,400
456,99,111,0.756757,1.000000,27,0,84,400
456,9,372,1.000000,1.000000,0,0,372,400
456,45,252,0.976190,0.960938,6,10,256,400
456,68,183,0.983607,0.983607,3,3,183,400
456,59,217,0.976959,1.000000,5,0,212,400
456,74,165,0.993939,1.000000,1,0,164,400
456,20,333,1.000000,0.991071,0,3,336,400
456,63,203,0.950739,0.969849,10,6,199,400
456,70,176,0.994318,0.994318,1,1,176,400
456,78,169,0.875740,0.980132,21,3,151,400
457,0,399,1.000000,0.997500,0,1,400,400
457,68,183,0.983607,0.983607,3,3,183,400
457,83,139,0.964029,0.992593,5,1,135,400
457,6,374,0.997326,0.979003,1,8,381,400
457,87,142,0.852113,0.991803,21,1,122,400
457,81,144,0.937500,0.957447,9,6,141,400
457,49,247,0.987854,1.000000,3,0,244,400
457,20,335,1.000000,0.997024,0,1,336,400
457,94,106,0.924528,0.980000,8,2,100,400
457,4,384,1.000000,0.989691,0,4,388,400
458,27,300,0.990000,0.945860,3,17,314,400
458,49,244,0.987705,0.987705,3,3,244,400
458,55,229,0.965066,0.986607,8,3,224,400
458,98,103,0.825243,0.977011,18,2,87,400
458,50,137,0.897810,0.512500,14,117,240,400
458,24,325,0.981538,0.984568,6,5,324,400
458,14,333,0.993994,0.929775,2,25,356,400
458,20,334,0.994012,0.988095,2,4,336,400
458,44,261,0.988506,0.992308,3,2,260,400
458,70,175,0.994286,0.988636,1,2,176,400
459,41,268,0.992537,0.988848,2,3,269,400
459,88,119,1.000000,1.000000,0,0,119,400
459,31,295,0.989831,0.970100,3,9,301,400
459,65,132,0.886364,0.609375,15,75,192,400
459,93,113,0.867257,0.951456,15,5,103,400
459,87,142,0.852113,0.991803,21,1,122,400
459,7,378,1.000000,1.000000,0,0,378,400
459,46,254,0.992126,0.996047,2,1,253,400
459,71,176,0.977273,0.994220,4,1,173,400
459,96,101,0.910891,0.989247,9,1,93,400
460,69,198,0.904040,0.994444,19,1,180,400
460,13,357,1.000000,0.994429,0,2,359,400
460,6,380,0.997368,0.994751,1,2,381,400
460,94,108,0.925926,1.000000,8,0,100,400
460,38,281,0.985765,0.992832,4,2,279,400
460,93,115,0.878261,0.980583,14,2,103,400
460,50,137,0.897810,0.512500,14,117,240,400
460,31,300,0.990000,0.986711,3,4,301,400
460,11,218,0.986239,0.589041,3,150,365,400
460,22,332,0.990964,0.996970,3,1,330,400
461,60,208,1.000000,1.000000,0,0,208,400
461,33,289,0.986159,0.966102,4,10,295,400
461,84,139,0.935252,0.984848,9,2,132,400
461,4,385,1.000000,0.992268,0,3,388,400
461,93,113,0.902655,0.990291,11,1,103,400
461,49,245,0.987755,0.991803,3,2,244,400
461,48,247,0.975709,0.975709,6,6,247,400
461,50,137,0.897810,0.512500,14,117,240,400
461,10,353,0.997167,0.956522,1,16,368,400
461,25,320,0.993750,0.993750,2,2,320,400
462,25,321,0.993769,0.996875,2,1,320,400
462,54,231,0.982684,0.995614,4,1,228,400
462,94,107,0.925234,0.990000,8,1,100,400
462,32,299,0.993311,0.996644,2,1,298,400
462,24,322,0.984472,0.978395,5,7,324,400
462,8,373,1.000000,0.994667,0,2,375,400
462,73,173,0.965318,1.000000,6,0,167,400
462,83,139,0.956835,0.985185,6,2,135,400
462,58,218,0.986239,1.000000,3,0,215,400
462,9,372,1.000000,1.000000,0,0,372,400
463,35,292,0.986301,1.000000,4,0,288,400
463,38,282,0.985816,0.996416,4,1,279,400
463,77,161,0.956522,1.000000,7,0,154,400
463,32,302,0.986755,1.000000,4,0,298,400
463,72,191,0.884817,0.994118,22,1,170,400
463,43,260,0.996154,0.984791,1,4,263,400
463,10,358,0.997207,0.970109,1,11,368,400
463,74,165,0.993939,1.000000,1,0,164,400
463,27,301,0.996678,0.955414,1,14,314,400
463,69,198,0.898990,0.988889,20,2,180,400
464,38,281,0.982206,0.989247,5,3,279,400
464,31,303,0.990099,0.996678,3,1,301,400
464,32,302,0.986755,1.000000,4,0,298,400
464,37,275,0.985455,0.960993,4,11,282,400
464,64,196,1.000000,1.000000,0,0,196,400
464,33,289,0.989619,0.969492,3,9,295,400
464,98,87,0.758621,0.758621,21,21,87,400
464,1,393,1.000000,0.989924,0,4,397,400
464,42,271,0.974170,0.992481,7,2,266,400
464,67,190,0.973684,0.994624,5,1,186,400
465,35,291,0.986254,0.996528,4,1,288,400
465,23,329,0.990881,0.996942,3,1,327,400
465,87,145,0.834483,0.991803,24,1,122,400
465,56,226,0.973451,0.995475,6,1,221,400
465,3,389,1.000000,0.994885,0,2,391,400
465,80,144,1.000000,1.000000,0,0,144,400
465,67,189,0.978836,0.994624,4,1,186,400
465,16,343,0.997085,0.979943,1,7,349,400
465,40,284,0.954225,0.996324,13,1,272,400
465,33,293,0.986348,0.979661,4,6,295,400
466,3,388,1.000000,0.992327,0,3,391,400
466,89,123,0.934959,0.991379,8,1,116,400
466,33,289,0.986159,0.966102,4,10,295,400
466,7,377,1.000000,0.997354,0,1,378,400
466,73,174,0.959770,1.000000,7,0,167,400
466,82,138,0.985507,0.985507,2,2,138,400
466,90,116,0.965517,1.000000,4,0,112,400
466,88,119,1.000000,1.000000,0,0,119,400
466,63,195,0.953846,0.934673,9,13,199,400
466,15,348,0.988506,0.977273,4,8,352,400
467,13,356,1.000000,0.991643,0,3,359,400
467,89,121,0.942149,0.982759,7,2,116,400
467,33,292,0.986301,0.976271,4,7,295,400
467,64,196,1.000000,1.000000,0,0,196,400
467,55,229,0.965066,0.986607,8,3,224,400
467,2,394,1.000000,1.000000,0,0,394,400
467,47,249,0.991968,0.988000,2,3,250,400
467,19,328,1.000000,0.964706,0,12,340,400
467,9,372,1.000000,1.000000,0,0,372,400
467,28,314,0.980892,0.990354,6,3,311,400
468,56,226,0.977876,1.000000,5,0,221,400
468,67,190,0.973684,0.994624,5,1,186,400
468,63,201,0.950249,0.959799,10,8,199,400
468,45,248,0.979839,0.949219,5,13,256,400
468,57,221,0.959276,0.972477,9,6,218,400
468,55,230,0.965217,0.991071,8,2,224,400
468,15,348,0.988506,0.977273,4,8,352,400
468,7,377,1.000000,0.997354,0,1,378,400
468,41,267,0.992509,0.985130,2,4,269,400
468,76,159,0.974843,0.987261,4,2,157,400
469,51,240,0.958333,0.970464,10,7,237,400
469,43,258,0.992248,0.973384,2,7,263,400
469,62,208,0.971154,1.000000,6,0,202,400
469,39,282,0.971631,0.992754,8,2,276,400
469,8,373,1.000000,0.994667,0,2,375,400
469,13,357,1.000000,0.994429,0,2,359,400
469,95,108,0.824074,0.927083,19,7,96,400
469,7,377,1.000000,0.997354,0,1,378,400
469,42,270,0.977778,0.992481,6,2,266,400
469,49,247,0.979757,0.991803,5,2,244,400
470,23,328,0.993902,0.996942,2,1,327,400
470,9,372,1.000000,1.000000,0,0,372,400
470,72,196,0.867347,1.000000,26,0,170,400
470,35,292,0.986301,1.000000,4,0,288,400
470,59,215,0.981395,0.995283,4,1,212,400
470,61,205,1.000000,1.000000,0,0,205,400
470,18,342,0.988304,0.985423,4,5,343,400
470,14,355,1.000000,0.997191,0,1,356,400
470,10,202,0.980198,0.538043,4,170,368,400
470,11,327,0.990826,0.887671,3,41,365,400
471,97,219,0.397260,0.966667,132,3,90,400
471,36,286,0.993007,0.996491,2,1,285,400
471,43,261,0.992337,0.984791,2,4,263,400
471,51,243,0.950617,0.974684,12,6,237,400
471,22,332,0.990964,0.996970,3,1,330,400
471,84,138,0.934783,0.977273,9,3,132,400
471,18,341,0.991202,0.985423,3,5,343,400
471,28,312,0.980769,0.983923,6,5,311,400
471,78,169,0.887574,0.993377,19,1,151,400
471,42,271,0.977860,0.996241,6,1,266,400
472,41,266,0.992481,0.981413,2,5,269,400
472,3,388,1.000000,0.992327,0,3,391,400
472,80,144,1.000000,1.000000,0,0,144,400
472,63,168,0.934524,0.788945,11,42,199,400
472,17,341,0.985337,0.971098,5,10,346,400
472,12,356,1.000000,0.983425,0,6,362,400
472,75,161,0.981366,0.987500,3,2,160,400
472,22,331,0.987915,0.990909,4,3,330,400
472,37,272,0.985294,0.950355,4,14,282,400
472,0,383,1.000000,0.957500,0,17,400,400
473,6,380,0.997368,0.994751,1,2,381,400
473,90,116,0.965517,1.000000,4,0,112,400
473,84,142,0.915493,0.984848,12,2,132,400
473,67,190,0.973684,0.994624,5,1,186,400
473,15,346,0.991329,0.974432,3,9,352,400
473,12,358,1.000000,0.988950,0,4,362,400
473,32,301,0.990033,1.000000,3,0,298,400
473,23,328,0.993902,0.996942,2,1,327,400
473,17,328,0.987805,0.936416,4,22,346,400
473,88,119,1.000000,1.000000,0,0,119,400
474,48,247,0.979757,0.979757,5,5,247,400
474,3,389,1.000000,0.994885,0,2,391,400
474,72,194,0.871134,0.994118,25,1,170,400
474,76,162,0.956790,0.987261,7,2,157,400
474,32,298,0.986577,0.986577,4,4,298,400
474,92,108,0.962963,0.981132,4,2,106,400
474,59,216,0.976852,0.995283,5,1,212,400
474,10,261,0.988506,0.701087,3,110,368,400
474,21,328,0.987805,0.972973,4,9,333,400
474,60,208,1.000000,1.000000,0,0,208,400
475,88,119,1.000000,1.000000,0,0,119,400
475,19,333,0.996997,0.976471,1,8,340,400
475,34,288,0.975694,0.962329,7,11,292,400
475,79,150,0.973333,0.986486,4,2,148,400
475,66,190,0.989474,0.994709,2,1,189,400
475,87,141,0.858156,0.991803,20,1,122,400
475,6,381,0.997375,0.997375,1,1,381,400
475,54,231,0.982684,0.995614,4,1,228,400
475,29,308,1.000000,1.000000,0,0,308,400
475,15,346,0.991329,0.974432,3,9,352,400
476,5,381,1.000000,0.992188,0,3,384,400
476,31,302,0.990066,0.993355,3,2,301,400
476,17,336,0.985119,0.956647,5,15,346,400
476,67,190,0.973684,0.994624,5,1,186,400
476,2,394,1.000000,1.000000,0,0,394,400
476,50,137,0.897810,0.512500,14,117,240,400
476,95,111,0.855856,0.989583,16,1,96,400
476,57,223,0.959641,0.981651,9,4,218,400
476,66,192,0.979167,0.994709,4,1,189,400
476,8,374,1.000000,0.997333,0,1,375,400
477,35,292,0.986301,1.000000,4,0,288,400
477,10,339,0.994100,0.915761,2,31,368,400
477,81,147,0.925170,0.964539,11,5,141,400
477,82,140,0.971429,0.985507,4,2,138,400
477,22,334,0.988024,1.000000,4,0,330,400
477,49,247,0.979757,0.991803,5,2,244,400
477,92,108,0.962963,0.981132,4,2,106,400
477,40,283,0.950530,0.988971,14,3,272,400
477,47,248,0.991935,0.984000,2,4,250,400
477,16,342,0.997076,0.977077,1,8,349,400
478,4,384,1.000000,0.989691,0,4,388,400
478,75,160,0.981250,0.981250,3,3,160,400
478,99,106,0.783019,0.988095,23,1,84,400
478,31,301,0.990033,0.990033,3,3,301,400
478,83,139,0.956835,0.985185,6,2,135,400
478,54,231,0.982684,0.995614,4,1,228,400
478,48,243,0.975309,0.959514,6,10,247,400
478,97,210,0.414286,0.966667,123,3,90,400
478,26,315,0.996825,0.990536,1,3,317,400
478,58,215,0.995349,0.995349,1,1,215,400
479,13,359,1.000000,1.000000,0,0,359,400
479,50,137,0.897810,0.512500,14,117,240,400
479,6,381,0.997375,0.997375,1,1,381,400
479,0,384,1.000000,0.960000,0,16,400,400
479,16,341,1.000000,0.977077,0,8,349,400
479,1,393,1.000000,0.989924,0,4,397,400
479,82,140,0.971429,0.985507,4,2,138,400
479,86,127,0.976378,0.992000,3,1,125,400
479,89,124,0.927419,0.991379,9,1,116,400
479,36,286,0.993007,0.996491,2,1,285,400
480,10,343,0.997085,0.929348,1,26,368,400
480,0,375,1.000000,0.937500,0,25,400,400
480,13,359,1.000000,1.000000,0,0,359,400
480,46,251,1.000000,0.992095,0,2,253,400
480,27,310,0.996774,0.984076,1,5,314,400
480,77,155,0.954839,0.961039,7,6,154,400
480,7,377,1.000000,0.997354,0,1,378,400
480,5,382,1.000000,0.994792,0,2,384,400
480,95,108,0.870370,0.979167,14,2,96,400
480,73,172,0.970930,1.000000,5,0,167,400
481,36,287,0.989547,0.996491,3,1,285,400
481,11,355,0.994366,0.967123,2,12,365,400
481,40,283,0.954064,0.992647,13,2,272,400
481,42,273,0.974359,1.000000,7,0,266,400
481,53,231,0.987013,0.987013,3,3,231,400
481,95,103,0.805825,0.864583,20,13,96,400
481,90,115,0.973913,1.000000,3,0,112,400
481,58,219,0.981735,1.000000,4,0,215,400
481,92,108,0.962963,0.981132,4,2,106,400
481,51,247,0.943320,0.983122,14,4,237,400
482,15,349,0.988539,0.980114,4,7,352,400
482,23,327,0.993884,0.993884,2,2,327,400
482,32,301,0.986711,0.996644,4,1,298,400
482,59,217,0.972350,0.995283,6,1,212,400
482,52,232,1.000000,0.991453,0,2,234,400
482,28,314,0.980892,0.990354,6,3,311,400
482,36,288,0.989583,1.000000,3,0,285,400
482,44,263,0.988593,1.000000,3,0,260,400
482,80,144,1.000000,1.000000,0,0,144,400
482,90,115,0.973913,1.000000,3,0,112,400
483,15,347,0.988473,0.974432,4,9,352,400
483,95,110,0.854545,0.979167,16,2,96,400
483,90,116,0.965517,1.000000,4,0,112,400
483,2,394,1.000000,1.000000,0,0,394,400
483,29,308,1.000000,1.000000,0,0,308,400
483,76,161,0.962733,0.987261,6,2,157,400
483,91,127,0.858268,1.000000,18,0,109,400
483,53,231,0.987013,0.987013,3,3,231,400
483,9,372,1.000000,1.000000,0,0,372,400
483,28,313,0.984026,0.990354,5,3,311,400
484,47,249,0.991968,0.988000,2,3,250,400
484,41,266,0.992481,0.981413,2,5,269,400
484,35,292,0.986301,1.000000,4,0,288,400
484,3,389,1.000000,0.994885,0,2,391,400
484,61,205,1.000000,1.000000,0,0,205,400
484,13,356,1.000000,0.991643,0,3,359,400
484,12,356,1.000000,0.983425,0,6,362,400
484,23,327,0.996942,0.996942,1,1,327,400
484,85,130,0.969231,0.984375,4,2,128,400
484,55,229,0.965066,0.986607,8,3,224,400
485,29,308,1.000000,1.000000,0,0,308,400
485,91,126,0.857143,0.990826,18,1,109,400
485,42,272,0.974265,0.996241,7,1,266,400
485,80,144,1.000000,1.000000,0,0,144,400
485,87,142,0.852113,0.991803,21,1,122,400
485,89,124,0.927419,0.991379,9,1,116,400
485,10,356,1.000000,0.967391,0,12,368,400
485,85,129,0.976744,0.984375,3,2,128,400
485,40,285,0.954386,1.000000,13,0,272,400
485,57,224,0.959821,0.986239,9,3,218,400
486,54,232,0.982759,1.000000,4,0,228,400
486,73,172,0.970930,1.000000,5,0,167,400
486,25,322,0.990683,0.996875,3,1,320,400
486,62,206,0.975728,0.995050,5,1,202,400
486,78,170,0.882353,0.993377,20,1,151,400
486,95,107,0.869159,0.968750,14,3,96,400
486,34,283,0.982332,0.952055,5,14,292,400
486,60,208,1.000000,1.000000,0,0,208,400
486,83,140,0.957143,0.992593,6,1,135,400
486,38,282,0.985816,0.996416,4,1,279,400
487,67,188,0.978723,0.989247,4,2,186,400
487,25,321,0.990654,0.993750,3,2,320,400
487,95,91,0.857143,0.812500,13,18,96,400
487,29,308,1.000000,1.000000,0,0,308,400
487,70,176,0.994318,0.994318,1,1,176,400
487,28,309,0.983819,0.977492,5,7,311,400
487,87,142,0.859155,1.000000,20,0,122,400
487,55,229,0.969432,0.991071,7,2,224,400
487,58,217,0.986175,0.995349,3,1,215,400
487,16,342,0.997076,0.977077,1,8,349,400
488,24,326,0.984663,0.990741,5,3,324,400
488,96,96,0.968750,1.000000,3,0,93,400
488,98,100,0.820000,0.942529,18,5,87,400
488,50,137,0.897810,0.512500,14,117,240,400
488,55,225,0.960000,0.964286,9,8,224,400
488,93,112,0.910714,0.990291,10,1,103,400
488,10,354,0.997175,0.959239,1,15,368,400
488,99,104,0.798077,0.988095,21,1,84,400
488,76,162,0.962963,0.993631,6,1,157,400
488,39,282,0.978723,1.000000,6,0,276,400
489,5,382,1.000000,0.994792,0,2,384,400
489,79,152,0.953947,0.979730,7,3,148,400
489,60,208,1.000000,1.000000,0,0,208,400
489,65,170,0.900000,0.796875,17,39,192,400
489,92,109,0.963303,0.990566,4,1,106,400
489,30,298,0.986577,0.967105,4,10,304,400
489,59,218,0.972477,1.000000,6,0,212,400
489,52,233,1.000000,0.995726,0,1,234,400
489,53,231,0.987013,0.987013,3,3,231,400
489,26,317,0.993691,0.993691,2,2,317,400
490,17,334,0.988024,0.953757,4,16,346,400
490,82,140,0.971429,0.985507,4,2,138,400
490,39,272,0.970588,0.956522,8,12,276,400
490,23,328,0.993902,0.996942,2,1,327,400
490,10,354,0.994350,0.956522,2,16,368,400
490,55,230,0.956522,0.982143,10,4,224,400
490,87,141,0.836879,0.967213,23,4,122,400
490,97,221,0.393665,0.966667,134,3,90,400
490,49,247,0.983806,0.995902,4,1,244,400
490,18,340,0.994118,0.985423,2,5,343,400
491,61,205,1.000000,1.000000,0,0,205,400
491,53,231,0.987013,0.987013,3,3,231,400
491,60,208,1.000000,1.000000,0,0,208,400
491,63,203,0.955665,0.974874,9,5,199,400
491,1,393,1.000000,0.989924,0,4,397,400
491,44,263,0.988593,1.000000,3,0,260,400
491,57,224,0.959821,0.986239,9,3,218,400
491,2,394,1.000000,1.000000,0,0,394,400
491,64,196,1.000000,1.000000,0,0,196,400
491,55,229,0.965066,0.986607,8,3,224,400
492,21,328,0.987805,0.972973,4,9,333,400
492,4,384,1.000000,0.989691,0,4,388,400
492,68,183,0.983607,0.983607,3,3,183,400
492,85,130,0.969231,0.984375,4,2,128,400
492,61,205,1.000000,1.000000,0,0,205,400
492,65,196,0.923469,0.942708,15,11,192,400
492,57,224,0.959821,0.986239,9,3,218,400
492,17,339,0.985251,0.965318,5,12,346,400
492,2,394,1.000000,1.000000,0,0,394,400
492,97,232,0.383621,0.988889,143,1,90,400
493,42,271,0.977860,0.996241,6,1,266,400
493,25,320,0.990625,0.990625,3,3,320,400
493,90,116,0.965517,1.000000,4,0,112,400
493,84,141,0.936170,1.000000,9,0,132,400
493,96,108,0.842593,0.978495,17,2,93,400
493,27,289,0.993080,0.914013,2,27,314,400
493,15,348,0.988506,0.977273,4,8,352,400
493,48,243,0.975309,0.959514,6,10,247,400
493,61,205,1.000000,1.000000,0,0,205,400
493,31,302,0.990066,0.993355,3,2,301,400
494,31,303,0.990099,0.996678,3,1,301,400
494,54,231,0.982684,0.995614,4,1,228,400
494,89,124,0.927419,0.991379,9,1,116,400
494,96,104,0.894231,1.000000,11,0,93,400
494,52,232,1.000000,0.991453,0,2,234,400
494,20,337,0.997033,1.000000,1,0,336,400
494,74,164,1.000000,1.000000,0,0,164,400
494,28,311,0.987138,0.987138,4,4,311,400
494,83,140,0.950000,0.985185,7,2,135,400
494,71,175,0.988571,1.000000,2,0,173,400
495,2,394,1.000000,1.000000,0,0,394,400
495,53,230,0.986957,0.982684,3,4,231,400
495,29,308,1.000000,1.000000,0,0,308,400
495,21,329,0.987842,0.975976,4,8,333,400
495,83,138,0.971014,0.992593,4,1,135,400
495,52,233,1.000000,0.995726,0,1,234,400
495,48,243,0.975309,0.959514,6,10,247,400
495,3,388,1.000000,0.992327,0,3,391,400
495,70,176,0.994318,0.994318,1,1,176,400
495,33,295,0.986441,0.986441,4,4,295,400
496,37,268,0.985075,0.936170,4,18,282,400
496,71,175,0.988571,1.000000,2,0,173,400
496,56,223,0.982063,0.990950,4,2,221,400
496,35,293,0.982935,1.000000,5,0,288,400
496,82,138,0.985507,0.985507,2,2,138,400
496,81,145,0.931034,0.957447,10,6,141,400
496,54,231,0.982684,0.995614,4,1,228,400
496,44,263,0.988593,1.000000,3,0,260,400
496,34,281,0.982206,0.945205,5,16,292,400
496,59,216,0.976852,0.995283,5,1,212,400
497,59,215,0.981395,0.995283,4,1,212,400
497,79,147,0.965986,0.959459,5,6,148,400
497,46,155,0.948387,0.581028,8,106,253,400
497,56,224,0.977679,0.990950,5,2,221,400
497,17,342,0.985380,0.973988,5,9,346,400
497,69,197,0.908629,0.994444,18,1,180,400
497,6,380,0.997368,0.994751,1,2,381,400
497,45,253,0.972332,0.960938,7,10,256,400
497,63,200,0.955000,0.959799,9,8,199,400
497,25,324,0.987654,1.000000,4,0,320,400
498,80,144,1.000000,1.000000,0,0,144,400
498,91,126,0.857143,0.990826,18,1,109,400
498,64,196,1.000000,1.000000,0,0,196,400
498,69,196,0.903061,0.983333,19,3,180,400
498,98,102,0.833333,0.977011,17,2,87,400
498,95,106,0.896226,0.989583,11,1,96,400
498,87,144,0.840278,0.991803,23,1,122,400
498,53,231,0.987013,0.987013,3,3,231,400
498,17,340,0.985294,0.968208,5,11,346,400
498,4,385,1.000000,0.992268,0,3,388,400
499,47,249,0.991968,0.988000,2,3,250,400
499,0,379,1.000000,0.947500,0,21,400,400
499,34,281,0.982206,0.945205,5,16,292,400
499,65,200,0.915000,0.953125,17,9,192,400
499,98,103,0.669903,0.793103,34,18,87,400
499,5,382,1.000000,0.994792,0,2,384,400
499,70,175,0.994286,0.988636,1,2,176,400
499,72,194,0.871134,0.994118,25,1,170,400
499,4,384,1.000000,0.989691,0,4,388,400
499,92,108,0.962963,0.981132,4,2,106,400
