epoch,train_loss,global_test_acc,global_test_loss,personal_apa,personal_loss,core_clean_ratio,recover_ratio,train_ratio,agreement_ratio,recovery_trigger,score_count,core_count,recover_count,new_recover_count,recover_pool_count,train_count,total_count,actual_train_clean_count,actual_round_clean_count,missed_clean_count,false_clean_count,total_wrong_count,actual_train_clean_ratio,clean_recall,recover_true_clean_count,recover_false_clean_count,recover_precision,new_recover_true_clean_count,new_recover_false_clean_count,new_recover_precision,recover_pool_true_clean_count,recover_pool_false_clean_count,recover_pool_precision
0,1.562205,20.370000,2.220458,0.000000,0.000000,1.000000,0.000000,1.000000,0.000000,0,25000,25000,0,0,0,25000,25000,15368,15368,0,9632,9632,0.614720,1.000000,0,0,0.000000,0,0,0.000000,0,0,0.000000
1,1.648938,24.050000,2.156857,0.000000,0.000000,1.000000,0.000000,1.000000,0.000000,0,25000,25000,0,0,0,25000,25000,14536,14536,0,10464,10464,0.581440,1.000000,0,0,0.000000,0,0,0.000000,0,0,0.000000
2,1.644325,26.390000,2.127541,0.000000,0.000000,1.000000,0.000000,1.000000,0.000000,0,25000,25000,0,0,0,25000,25000,14336,14336,0,10664,10664,0.573440,1.000000,0,0,0.000000,0,0,0.000000,0,0,0.000000
3,1.650604,26.140000,2.110729,0.000000,0.000000,1.000000,0.000000,1.000000,0.000000,0,25000,25000,0,0,0,25000,25000,14136,14136,0,10864,10864,0.565440,1.000000,0,0,0.000000,0,0,0.000000,0,0,0.000000
4,1.507709,29.600000,2.081728,0.000000,0.000000,1.000000,0.000000,1.000000,0.000000,0,25000,25000,0,0,0,25000,25000,15684,15684,0,9316,9316,0.627360,1.000000,0,0,0.000000,0,0,0.000000,0,0,0.000000
5,1.521486,30.870000,2.060947,0.000000,0.000000,1.000000,0.000000,1.000000,0.000000,0,25000,25000,0,0,0,25000,25000,15264,15264,0,9736,9736,0.610560,1.000000,0,0,0.000000,0,0,0.000000,0,0,0.000000
6,1.557411,31.790000,2.051327,0.000000,0.000000,1.000000,0.000000,1.000000,0.000000,0,25000,25000,0,0,0,25000,25000,15084,15084,0,9916,9916,0.603360,1.000000,0,0,0.000000,0,0,0.000000,0,0,0.000000
7,1.586826,30.270000,2.062276,0.000000,0.000000,1.000000,0.000000,1.000000,0.000000,0,25000,25000,0,0,0,25000,25000,14776,14776,0,10224,10224,0.591040,1.000000,0,0,0.000000,0,0,0.000000,0,0,0.000000
8,1.452989,32.060000,2.035120,0.000000,0.000000,1.000000,0.000000,1.000000,0.000000,0,25000,25000,0,0,0,25000,25000,16124,16124,0,8876,8876,0.644960,1.000000,0,0,0.000000,0,0,0.000000,0,0,0.000000
9,1.580149,36.110000,2.017758,0.000000,0.000000,1.000000,0.000000,1.000000,0.000000,0,25000,25000,0,0,0,25000,25000,14788,14788,0,10212,10212,0.591520,1.000000,0,0,0.000000,0,0,0.000000,0,0,0.000000
10,1.536045,34.320000,2.020036,0.000000,0.000000,1.000000,0.000000,1.000000,0.000000,0,25000,25000,0,0,0,25000,25000,15144,15144,0,9856,9856,0.605760,1.000000,0,0,0.000000,0,0,0.000000,0,0,0.000000
11,1.506717,35.300000,2.000594,0.000000,0.000000,1.000000,0.000000,1.000000,0.000000,0,25000,25000,0,0,0,25000,25000,15068,15068,0,9932,9932,0.602720,1.000000,0,0,0.000000,0,0,0.000000,0,0,0.000000
12,1.447104,36.630000,1.992341,0.000000,0.000000,1.000000,0.000000,1.000000,0.000000,0,25000,25000,0,0,0,25000,25000,15948,15948,0,9052,9052,0.637920,1.000000,0,0,0.000000,0,0,0.000000,0,0,0.000000
13,1.407062,36.940000,1.987000,0.000000,0.000000,1.000000,0.000000,1.000000,0.000000,0,25000,25000,0,0,0,25000,25000,15984,15984,0,9016,9016,0.639360,1.000000,0,0,0.000000,0,0,0.000000,0,0,0.000000
14,1.556122,35.140000,1.999376,0.000000,0.000000,1.000000,0.000000,1.000000,0.000000,0,25000,25000,0,0,0,25000,25000,14752,14752,0,10248,10248,0.590080,1.000000,0,0,0.000000,0,0,0.000000,0,0,0.000000
15,1.540987,35.130000,2.008904,0.000000,0.000000,1.000000,0.000000,1.000000,0.000000,0,25000,25000,0,0,0,25000,25000,14976,14976,0,10024,10024,0.599040,1.000000,0,0,0.000000,0,0,0.000000,0,0,0.000000
16,1.589586,35.820000,2.006039,0.000000,0.000000,1.000000,0.000000,1.000000,0.000000,0,25000,25000,0,0,0,25000,25000,14508,14508,0,10492,10492,0.580320,1.000000,0,0,0.000000,0,0,0.000000,0,0,0.000000
17,1.557472,36.530000,2.002956,0.000000,0.000000,1.000000,0.000000,1.000000,0.000000,0,25000,25000,0,0,0,25000,25000,14772,14772,0,10228,10228,0.590880,1.000000,0,0,0.000000,0,0,0.000000,0,0,0.000000
18,1.547438,37.690000,1.992564,0.000000,0.000000,1.000000,0.000000,1.000000,0.000000,0,25000,25000,0,0,0,25000,25000,14644,14644,0,10356,10356,0.585760,1.000000,0,0,0.000000,0,0,0.000000,0,0,0.000000
19,1.490058,37.110000,1.989909,0.000000,0.000000,1.000000,0.000000,1.000000,0.000000,0,25000,25000,0,0,0,25000,25000,15372,15372,0,9628,9628,0.614880,1.000000,0,0,0.000000,0,0,0.000000,0,0,0.000000
20,1.605274,36.710000,2.002852,0.000000,0.000000,1.000000,0.000000,1.000000,0.000000,0,25000,25000,0,0,0,25000,25000,13976,13976,0,11024,11024,0.559040,1.000000,0,0,0.000000,0,0,0.000000,0,0,0.000000
21,1.444999,35.680000,1.990897,0.000000,0.000000,1.000000,0.000000,1.000000,0.000000,0,25000,25000,0,0,0,25000,25000,15836,15836,0,9164,9164,0.633440,1.000000,0,0,0.000000,0,0,0.000000,0,0,0.000000
22,1.501512,36.770000,1.991316,0.000000,0.000000,1.000000,0.000000,1.000000,0.000000,0,25000,25000,0,0,0,25000,25000,15064,15064,0,9936,9936,0.602560,1.000000,0,0,0.000000,0,0,0.000000,0,0,0.000000
23,1.453471,36.920000,1.983542,0.000000,0.000000,1.000000,0.000000,1.000000,0.000000,0,25000,25000,0,0,0,25000,25000,15352,15352,0,9648,9648,0.614080,1.000000,0,0,0.000000,0,0,0.000000,0,0,0.000000
24,1.501348,37.110000,1.966887,0.000000,0.000000,1.000000,0.000000,1.000000,0.000000,0,25000,25000,0,0,0,25000,25000,14924,14924,0,10076,10076,0.596960,1.000000,0,0,0.000000,0,0,0.000000,0,0,0.000000
25,1.504407,38.550000,1.960744,0.000000,0.000000,1.000000,0.000000,1.000000,0.000000,0,25000,25000,0,0,0,25000,25000,15236,15236,0,9764,9764,0.609440,1.000000,0,0,0.000000,0,0,0.000000,0,0,0.000000
26,1.537906,38.080000,1.963099,0.000000,0.000000,1.000000,0.000000,1.000000,0.000000,0,25000,25000,0,0,0,25000,25000,14680,14680,0,10320,10320,0.587200,1.000000,0,0,0.000000,0,0,0.000000,0,0,0.000000
27,1.458099,35.430000,1.984288,0.000000,0.000000,1.000000,0.000000,1.000000,0.000000,0,25000,25000,0,0,0,25000,25000,15732,15732,0,9268,9268,0.629280,1.000000,0,0,0.000000,0,0,0.000000,0,0,0.000000
28,1.461195,39.220000,1.961367,0.000000,0.000000,1.000000,0.000000,1.000000,0.000000,0,25000,25000,0,0,0,25000,25000,15304,15304,0,9696,9696,0.612160,1.000000,0,0,0.000000,0,0,0.000000,0,0,0.000000
29,1.554264,34.890000,1.996455,0.000000,0.000000,1.000000,0.000000,1.000000,0.000000,0,25000,25000,0,0,0,25000,25000,14700,14700,0,10300,10300,0.588000,1.000000,0,0,0.000000,0,0,0.000000,0,0,0.000000
30,1.533044,37.190000,1.982920,0.000000,0.000000,1.000000,0.000000,1.000000,0.000000,0,25000,25000,0,0,0,25000,25000,14480,14480,0,10520,10520,0.579200,1.000000,0,0,0.000000,0,0,0.000000,0,0,0.000000
31,1.402407,39.590000,1.957557,0.000000,0.000000,1.000000,0.000000,1.000000,0.000000,0,25000,25000,0,0,0,25000,25000,15816,15816,0,9184,9184,0.632640,1.000000,0,0,0.000000,0,0,0.000000,0,0,0.000000
32,1.629337,35.530000,1.979595,0.000000,0.000000,1.000000,0.000000,1.000000,0.000000,0,25000,25000,0,0,0,25000,25000,13668,13668,0,11332,11332,0.546720,1.000000,0,0,0.000000,0,0,0.000000,0,0,0.000000
33,1.603940,36.700000,1.985886,0.000000,0.000000,1.000000,0.000000,1.000000,0.000000,0,25000,25000,0,0,0,25000,25000,13876,13876,0,11124,11124,0.555040,1.000000,0,0,0.000000,0,0,0.000000,0,0,0.000000
34,1.465540,35.100000,1.974187,0.000000,0.000000,1.000000,0.000000,1.000000,0.000000,0,25000,25000,0,0,0,25000,25000,15268,15268,0,9732,9732,0.610720,1.000000,0,0,0.000000,0,0,0.000000,0,0,0.000000
35,1.547668,35.930000,1.983144,0.000000,0.000000,1.000000,0.000000,1.000000,0.000000,0,25000,25000,0,0,0,25000,25000,14476,14476,0,10524,10524,0.579040,1.000000,0,0,0.000000,0,0,0.000000,0,0,0.000000
36,1.440095,37.400000,1.967026,0.000000,0.000000,1.000000,0.000000,1.000000,0.000000,0,25000,25000,0,0,0,25000,25000,15392,15392,0,9608,9608,0.615680,1.000000,0,0,0.000000,0,0,0.000000,0,0,0.000000
37,1.414233,38.210000,1.941647,0.000000,0.000000,1.000000,0.000000,1.000000,0.000000,0,25000,25000,0,0,0,25000,25000,15728,15728,0,9272,9272,0.629120,1.000000,0,0,0.000000,0,0,0.000000,0,0,0.000000
38,1.427874,37.890000,1.951633,0.000000,0.000000,1.000000,0.000000,1.000000,0.000000,0,25000,25000,0,0,0,25000,25000,15356,15356,0,9644,9644,0.614240,1.000000,0,0,0.000000,0,0,0.000000,0,0,0.000000
39,1.564010,36.980000,1.971431,0.000000,0.000000,1.000000,0.000000,1.000000,0.000000,0,25000,25000,0,0,0,25000,25000,14032,14032,0,10968,10968,0.561280,1.000000,0,0,0.000000,0,0,0.000000,0,0,0.000000
40,1.414637,37.980000,1.950948,0.000000,0.000000,1.000000,0.000000,1.000000,0.000000,0,25000,25000,0,0,0,25000,25000,15744,15744,0,9256,9256,0.629760,1.000000,0,0,0.000000,0,0,0.000000,0,0,0.000000
41,1.474007,34.650000,1.971283,0.000000,0.000000,1.000000,0.000000,1.000000,0.000000,0,25000,25000,0,0,0,25000,25000,14796,14796,0,10204,10204,0.591840,1.000000,0,0,0.000000,0,0,0.000000,0,0,0.000000
42,1.578261,34.910000,1.986413,0.000000,0.000000,1.000000,0.000000,1.000000,0.000000,0,25000,25000,0,0,0,25000,25000,13920,13920,0,11080,11080,0.556800,1.000000,0,0,0.000000,0,0,0.000000,0,0,0.000000
43,1.482838,33.600000,1.984855,0.000000,0.000000,1.000000,0.000000,1.000000,0.000000,0,25000,25000,0,0,0,25000,25000,14724,14724,0,10276,10276,0.588960,1.000000,0,0,0.000000,0,0,0.000000,0,0,0.000000
44,1.494500,34.750000,1.978190,0.000000,0.000000,1.000000,0.000000,1.000000,0.000000,0,25000,25000,0,0,0,25000,25000,14936,14936,0,10064,10064,0.597440,1.000000,0,0,0.000000,0,0,0.000000,0,0,0.000000
45,1.441446,37.010000,1.961413,0.000000,0.000000,1.000000,0.000000,1.000000,0.000000,0,25000,25000,0,0,0,25000,25000,15328,15328,0,9672,9672,0.613120,1.000000,0,0,0.000000,0,0,0.000000,0,0,0.000000
46,1.473154,38.250000,1.952918,0.000000,0.000000,1.000000,0.000000,1.000000,0.000000,0,25000,25000,0,0,0,25000,25000,14492,14492,0,10508,10508,0.579680,1.000000,0,0,0.000000,0,0,0.000000,0,0,0.000000
47,1.525101,36.150000,1.972496,0.000000,0.000000,1.000000,0.000000,1.000000,0.000000,0,25000,25000,0,0,0,25000,25000,14192,14192,0,10808,10808,0.567680,1.000000,0,0,0.000000,0,0,0.000000,0,0,0.000000
48,1.436126,35.190000,1.955143,0.000000,0.000000,1.000000,0.000000,1.000000,0.000000,0,25000,25000,0,0,0,25000,25000,15324,15324,0,9676,9676,0.612960,1.000000,0,0,0.000000,0,0,0.000000,0,0,0.000000
49,1.530971,35.680000,1.983485,0.000000,0.000000,1.000000,0.000000,1.000000,0.000000,0,25000,25000,0,0,0,25000,25000,14212,14212,0,10788,10788,0.568480,1.000000,0,0,0.000000,0,0,0.000000,0,0,0.000000
50,1.396722,35.540000,1.967496,0.000000,0.000000,1.000000,0.000000,1.000000,0.000000,0,25000,25000,0,0,0,25000,25000,15492,15492,0,9508,9508,0.619680,1.000000,0,0,0.000000,0,0,0.000000,0,0,0.000000
51,1.422023,34.780000,1.957471,0.000000,0.000000,1.000000,0.000000,1.000000,0.000000,0,25000,25000,0,0,0,25000,25000,15336,15336,0,9664,9664,0.613440,1.000000,0,0,0.000000,0,0,0.000000,0,0,0.000000
52,1.498161,35.860000,1.958678,0.000000,0.000000,1.000000,0.000000,1.000000,0.000000,0,25000,25000,0,0,0,25000,25000,14392,14392,0,10608,10608,0.575680,1.000000,0,0,0.000000,0,0,0.000000,0,0,0.000000
53,1.425684,34.660000,1.967201,0.000000,0.000000,1.000000,0.000000,1.000000,0.000000,0,25000,25000,0,0,0,25000,25000,14952,14952,0,10048,10048,0.598080,1.000000,0,0,0.000000,0,0,0.000000,0,0,0.000000
54,1.401141,35.000000,1.963654,0.000000,0.000000,1.000000,0.000000,1.000000,0.000000,0,25000,25000,0,0,0,25000,25000,15496,15496,0,9504,9504,0.619840,1.000000,0,0,0.000000,0,0,0.000000,0,0,0.000000
55,1.419862,37.400000,1.945992,0.000000,0.000000,1.000000,0.000000,1.000000,0.000000,0,25000,25000,0,0,0,25000,25000,15264,15264,0,9736,9736,0.610560,1.000000,0,0,0.000000,0,0,0.000000,0,0,0.000000
56,1.540466,37.660000,1.945906,0.000000,0.000000,1.000000,0.000000,1.000000,0.000000,0,25000,25000,0,0,0,25000,25000,13876,13876,0,11124,11124,0.555040,1.000000,0,0,0.000000,0,0,0.000000,0,0,0.000000
57,1.453619,35.050000,1.969103,0.000000,0.000000,1.000000,0.000000,1.000000,0.000000,0,25000,25000,0,0,0,25000,25000,14744,14744,0,10256,10256,0.589760,1.000000,0,0,0.000000,0,0,0.000000,0,0,0.000000
58,1.444866,35.870000,1.963384,0.000000,0.000000,1.000000,0.000000,1.000000,0.000000,0,25000,25000,0,0,0,25000,25000,15160,15160,0,9840,9840,0.606400,1.000000,0,0,0.000000,0,0,0.000000,0,0,0.000000
59,1.434773,33.840000,1.972662,0.000000,0.000000,1.000000,0.000000,1.000000,0.000000,0,25000,25000,0,0,0,25000,25000,15052,15052,0,9948,9948,0.602080,1.000000,0,0,0.000000,0,0,0.000000,0,0,0.000000
60,1.491072,33.360000,1.986348,0.000000,0.000000,1.000000,0.000000,1.000000,0.000000,0,25000,25000,0,0,0,25000,25000,14616,14616,0,10384,10384,0.584640,1.000000,0,0,0.000000,0,0,0.000000,0,0,0.000000
61,1.343126,35.250000,1.945561,0.000000,0.000000,1.000000,0.000000,1.000000,0.000000,0,25000,25000,0,0,0,25000,25000,15940,15940,0,9060,9060,0.637600,1.000000,0,0,0.000000,0,0,0.000000,0,0,0.000000
62,1.403426,35.620000,1.948252,0.000000,0.000000,1.000000,0.000000,1.000000,0.000000,0,25000,25000,0,0,0,25000,25000,15280,15280,0,9720,9720,0.611200,1.000000,0,0,0.000000,0,0,0.000000,0,0,0.000000
63,1.390975,35.330000,1.956749,0.000000,0.000000,1.000000,0.000000,1.000000,0.000000,0,25000,25000,0,0,0,25000,25000,15544,15544,0,9456,9456,0.621760,1.000000,0,0,0.000000,0,0,0.000000,0,0,0.000000
64,1.378651,37.400000,1.936366,0.000000,0.000000,1.000000,0.000000,1.000000,0.000000,0,25000,25000,0,0,0,25000,25000,15700,15700,0,9300,9300,0.628000,1.000000,0,0,0.000000,0,0,0.000000,0,0,0.000000
65,1.442279,37.060000,1.937048,0.000000,0.000000,1.000000,0.000000,1.000000,0.000000,0,25000,25000,0,0,0,25000,25000,14820,14820,0,10180,10180,0.592800,1.000000,0,0,0.000000,0,0,0.000000,0,0,0.000000
66,1.461114,37.460000,1.934899,0.000000,0.000000,1.000000,0.000000,1.000000,0.000000,0,25000,25000,0,0,0,25000,25000,14660,14660,0,10340,10340,0.586400,1.000000,0,0,0.000000,0,0,0.000000,0,0,0.000000
67,1.479261,34.060000,1.959235,0.000000,0.000000,1.000000,0.000000,1.000000,0.000000,0,25000,25000,0,0,0,25000,25000,14476,14476,0,10524,10524,0.579040,1.000000,0,0,0.000000,0,0,0.000000,0,0,0.000000
68,1.385176,37.650000,1.930957,0.000000,0.000000,1.000000,0.000000,1.000000,0.000000,0,25000,25000,0,0,0,25000,25000,15316,15316,0,9684,9684,0.612640,1.000000,0,0,0.000000,0,0,0.000000,0,0,0.000000
69,1.518508,34.560000,1.973967,0.000000,0.000000,1.000000,0.000000,1.000000,0.000000,0,25000,25000,0,0,0,25000,25000,14028,14028,0,10972,10972,0.561120,1.000000,0,0,0.000000,0,0,0.000000,0,0,0.000000
70,1.455200,35.250000,1.956753,0.000000,0.000000,1.000000,0.000000,1.000000,0.000000,0,25000,25000,0,0,0,25000,25000,14556,14556,0,10444,10444,0.582240,1.000000,0,0,0.000000,0,0,0.000000,0,0,0.000000
71,1.433140,36.840000,1.944352,0.000000,0.000000,1.000000,0.000000,1.000000,0.000000,0,25000,25000,0,0,0,25000,25000,14796,14796,0,10204,10204,0.591840,1.000000,0,0,0.000000,0,0,0.000000,0,0,0.000000
72,1.369428,37.700000,1.920682,0.000000,0.000000,1.000000,0.000000,1.000000,0.000000,0,25000,25000,0,0,0,25000,25000,15448,15448,0,9552,9552,0.617920,1.000000,0,0,0.000000,0,0,0.000000,0,0,0.000000
73,1.314363,35.540000,1.931771,0.000000,0.000000,1.000000,0.000000,1.000000,0.000000,0,25000,25000,0,0,0,25000,25000,16132,16132,0,8868,8868,0.645280,1.000000,0,0,0.000000,0,0,0.000000,0,0,0.000000
74,1.395548,34.950000,1.941419,0.000000,0.000000,1.000000,0.000000,1.000000,0.000000,0,25000,25000,0,0,0,25000,25000,15008,15008,0,9992,9992,0.600320,1.000000,0,0,0.000000,0,0,0.000000,0,0,0.000000
75,1.353257,37.200000,1.921982,0.000000,0.000000,1.000000,0.000000,1.000000,0.000000,0,25000,25000,0,0,0,25000,25000,15592,15592,0,9408,9408,0.623680,1.000000,0,0,0.000000,0,0,0.000000,0,0,0.000000
76,1.448503,35.320000,1.945875,0.000000,0.000000,1.000000,0.000000,1.000000,0.000000,0,25000,25000,0,0,0,25000,25000,14772,14772,0,10228,10228,0.590880,1.000000,0,0,0.000000,0,0,0.000000,0,0,0.000000
77,1.330194,35.030000,1.932628,0.000000,0.000000,1.000000,0.000000,1.000000,0.000000,0,25000,25000,0,0,0,25000,25000,15928,15928,0,9072,9072,0.637120,1.000000,0,0,0.000000,0,0,0.000000,0,0,0.000000
78,1.395222,36.670000,1.918155,0.000000,0.000000,1.000000,0.000000,1.000000,0.000000,0,25000,25000,0,0,0,25000,25000,15068,15068,0,9932,9932,0.602720,1.000000,0,0,0.000000,0,0,0.000000,0,0,0.000000
79,1.385431,34.680000,1.939458,0.000000,0.000000,1.000000,0.000000,1.000000,0.000000,0,25000,25000,0,0,0,25000,25000,15644,15644,0,9356,9356,0.625760,1.000000,0,0,0.000000,0,0,0.000000,0,0,0.000000
80,1.447223,34.910000,1.946947,0.000000,0.000000,1.000000,0.000000,1.000000,0.000000,0,25000,25000,0,0,0,25000,25000,14560,14560,0,10440,10440,0.582400,1.000000,0,0,0.000000,0,0,0.000000,0,0,0.000000
81,1.362623,34.210000,1.951689,0.000000,0.000000,1.000000,0.000000,1.000000,0.000000,0,25000,25000,0,0,0,25000,25000,15372,15372,0,9628,9628,0.614880,1.000000,0,0,0.000000,0,0,0.000000,0,0,0.000000
82,1.400728,35.590000,1.942321,0.000000,0.000000,1.000000,0.000000,1.000000,0.000000,0,25000,25000,0,0,0,25000,25000,15220,15220,0,9780,9780,0.608800,1.000000,0,0,0.000000,0,0,0.000000,0,0,0.000000
83,1.414841,35.510000,1.936136,0.000000,0.000000,1.000000,0.000000,1.000000,0.000000,0,25000,25000,0,0,0,25000,25000,14560,14560,0,10440,10440,0.582400,1.000000,0,0,0.000000,0,0,0.000000,0,0,0.000000
84,1.441814,34.910000,1.940630,0.000000,0.000000,1.000000,0.000000,1.000000,0.000000,0,25000,25000,0,0,0,25000,25000,14672,14672,0,10328,10328,0.586880,1.000000,0,0,0.000000,0,0,0.000000,0,0,0.000000
85,1.364482,33.720000,1.950331,0.000000,0.000000,1.000000,0.000000,1.000000,0.000000,0,25000,25000,0,0,0,25000,25000,15280,15280,0,9720,9720,0.611200,1.000000,0,0,0.000000,0,0,0.000000,0,0,0.000000
86,1.461713,32.450000,1.964957,0.000000,0.000000,1.000000,0.000000,1.000000,0.000000,0,25000,25000,0,0,0,25000,25000,14536,14536,0,10464,10464,0.581440,1.000000,0,0,0.000000,0,0,0.000000,0,0,0.000000
87,1.306563,35.720000,1.922913,0.000000,0.000000,1.000000,0.000000,1.000000,0.000000,0,25000,25000,0,0,0,25000,25000,15912,15912,0,9088,9088,0.636480,1.000000,0,0,0.000000,0,0,0.000000,0,0,0.000000
88,1.437141,33.950000,1.959090,0.000000,0.000000,1.000000,0.000000,1.000000,0.000000,0,25000,25000,0,0,0,25000,25000,14680,14680,0,10320,10320,0.587200,1.000000,0,0,0.000000,0,0,0.000000,0,0,0.000000
89,1.374755,35.110000,1.941803,0.000000,0.000000,1.000000,0.000000,1.000000,0.000000,0,25000,25000,0,0,0,25000,25000,15192,15192,0,9808,9808,0.607680,1.000000,0,0,0.000000,0,0,0.000000,0,0,0.000000
90,1.333221,34.820000,1.940960,0.000000,0.000000,1.000000,0.000000,1.000000,0.000000,0,25000,25000,0,0,0,25000,25000,15668,15668,0,9332,9332,0.626720,1.000000,0,0,0.000000,0,0,0.000000,0,0,0.000000
91,1.361787,34.630000,1.936581,0.000000,0.000000,1.000000,0.000000,1.000000,0.000000,0,25000,25000,0,0,0,25000,25000,15144,15144,0,9856,9856,0.605760,1.000000,0,0,0.000000,0,0,0.000000,0,0,0.000000
92,1.477427,33.080000,1.968902,0.000000,0.000000,1.000000,0.000000,1.000000,0.000000,0,25000,25000,0,0,0,25000,25000,13992,13992,0,11008,11008,0.559680,1.000000,0,0,0.000000,0,0,0.000000,0,0,0.000000
93,1.286235,34.830000,1.942099,0.000000,0.000000,1.000000,0.000000,1.000000,0.000000,0,25000,25000,0,0,0,25000,25000,15912,15912,0,9088,9088,0.636480,1.000000,0,0,0.000000,0,0,0.000000,0,0,0.000000
94,1.457839,34.590000,1.947458,0.000000,0.000000,1.000000,0.000000,1.000000,0.000000,0,25000,25000,0,0,0,25000,25000,14112,14112,0,10888,10888,0.564480,1.000000,0,0,0.000000,0,0,0.000000,0,0,0.000000
95,1.269584,34.550000,1.930016,0.000000,0.000000,1.000000,0.000000,1.000000,0.000000,0,25000,25000,0,0,0,25000,25000,16224,16224,0,8776,8776,0.648960,1.000000,0,0,0.000000,0,0,0.000000,0,0,0.000000
96,1.401758,35.480000,1.927655,0.000000,0.000000,1.000000,0.000000,1.000000,0.000000,0,25000,25000,0,0,0,25000,25000,14520,14520,0,10480,10480,0.580800,1.000000,0,0,0.000000,0,0,0.000000,0,0,0.000000
97,1.465850,33.030000,1.958514,0.000000,0.000000,1.000000,0.000000,1.000000,0.000000,0,25000,25000,0,0,0,25000,25000,13948,13948,0,11052,11052,0.557920,1.000000,0,0,0.000000,0,0,0.000000,0,0,0.000000
98,1.363852,33.370000,1.947289,0.000000,0.000000,1.000000,0.000000,1.000000,0.000000,0,25000,25000,0,0,0,25000,25000,15268,15268,0,9732,9732,0.610720,1.000000,0,0,0.000000,0,0,0.000000,0,0,0.000000
99,1.403161,34.510000,1.949616,0.000000,0.000000,1.000000,0.000000,1.000000,0.000000,0,25000,25000,0,0,0,25000,25000,14816,14816,0,10184,10184,0.592640,1.000000,0,0,0.000000,0,0,0.000000,0,0,0.000000
100,0.444143,40.430000,1.795952,0.000000,0.000000,0.648160,0.000000,0.648160,0.883320,1,16204,16204,0,0,0,16204,25000,14789,15516,727,1415,2142,0.912676,0.953145,0,0,0.000000,0,0,0.000000,0,0,0.000000
101,0.435781,43.630000,1.687348,0.000000,0.000000,0.642760,0.000000,0.642760,0.876240,1,16069,16069,0,0,0,16069,25000,14728,15264,536,1341,1877,0.916547,0.964885,0,0,0.000000,0,0,0.000000,0,0,0.000000
102,0.391374,44.660000,1.624427,0.000000,0.000000,0.598160,0.000000,0.598160,0.875640,1,14954,14954,0,0,0,14954,25000,13791,14440,649,1163,1812,0.922228,0.955055,0,0,0.000000,0,0,0.000000,0,0,0.000000
103,0.385170,47.720000,1.585816,0.000000,0.000000,0.640920,0.000000,0.640920,0.853200,1,16023,16023,0,0,0,16023,25000,15004,15528,524,1019,1543,0.936404,0.966255,0,0,0.000000,0,0,0.000000,0,0,0.000000
104,0.329643,48.680000,1.540766,0.000000,0.000000,0.657720,0.000000,0.657720,0.891520,1,16443,16443,0,0,0,16443,25000,15706,16260,554,737,1291,0.955178,0.965929,0,0,0.000000,0,0,0.000000,0,0,0.000000
105,0.388573,46.590000,1.548073,0.000000,0.000000,0.620000,0.000000,0.620000,0.879960,1,15500,15500,0,0,0,15500,25000,14253,14704,451,1247,1698,0.919548,0.969328,0,0,0.000000,0,0,0.000000,0,0,0.000000
106,0.291100,48.840000,1.507706,0.000000,0.000000,0.620200,0.000080,0.620200,0.904160,1,15503,15505,2,2,2,15505,25000,15068,15796,728,437,1165,0.971816,0.953912,2,0,1.000000,2,0,1.000000,2,0,1.000000
107,0.401638,49.750000,1.485280,0.000000,0.000000,0.603480,0.000040,0.603480,0.867840,1,15086,15087,1,1,3,15087,25000,13705,14368,663,1382,2045,0.908398,0.953856,1,0,1.000000,1,0,1.000000,3,0,1.000000
108,0.416671,48.590000,1.508053,0.000000,0.000000,0.567320,0.000080,0.567320,0.869880,1,14181,14183,2,1,2,14183,25000,12653,13344,691,1530,2221,0.892124,0.948216,2,0,1.000000,1,0,1.000000,2,0,1.000000
109,0.333123,50.640000,1.492735,0.000000,0.000000,0.579400,0.000080,0.579400,0.902400,1,14483,14485,2,1,4,14485,25000,13493,14096,603,992,1595,0.931515,0.957222,2,0,1.000000,1,0,1.000000,4,0,1.000000
110,0.322146,50.520000,1.464535,0.000000,0.000000,0.610520,0.000000,0.610520,0.897520,1,15263,15263,0,0,2,15263,25000,14394,15212,818,869,1687,0.943065,0.946227,0,0,0.000000,0,0,0.000000,2,0,1.000000
111,0.309414,51.090000,1.455807,0.000000,0.000000,0.606000,0.000000,0.606000,0.888600,1,15150,15150,0,0,2,15150,25000,14311,15184,873,839,1712,0.944620,0.942505,0,0,0.000000,0,0,0.000000,2,0,1.000000
112,0.338082,50.530000,1.440622,0.000000,0.000000,0.634480,0.000000,0.634480,0.879520,1,15862,15862,0,0,4,15862,25000,14742,15516,774,1120,1894,0.929391,0.950116,0,0,0.000000,0,0,0.000000,4,0,1.000000
113,0.322171,50.790000,1.435114,0.000000,0.000000,0.600840,0.000040,0.600840,0.886960,1,15020,15021,1,1,3,15021,25000,14016,14916,900,1005,1905,0.933094,0.939662,1,0,1.000000,1,0,1.000000,3,0,1.000000
114,0.355857,51.100000,1.423283,0.000000,0.000000,0.628120,0.000040,0.628120,0.881920,1,15702,15703,1,1,6,15703,25000,14708,15312,604,995,1599,0.936636,0.960554,1,0,1.000000,1,0,1.000000,6,0,1.000000
115,0.352704,50.260000,1.432164,0.000000,0.000000,0.581160,0.000040,0.581160,0.873360,1,14528,14529,1,1,5,14529,25000,13392,14124,732,1137,1869,0.921743,0.948173,1,0,1.000000,1,0,1.000000,5,0,1.000000
116,0.368403,51.020000,1.418818,0.000000,0.000000,0.599080,0.000080,0.599080,0.880200,1,14975,14977,2,1,4,14977,25000,13740,14576,836,1237,2073,0.917407,0.942645,2,0,1.000000,1,0,1.000000,4,0,1.000000
117,0.288876,51.190000,1.409649,0.000000,0.000000,0.601360,0.000000,0.601360,0.910120,1,15034,15034,0,0,4,15034,25000,14118,14932,814,916,1730,0.939071,0.945486,0,0,0.000000,0,0,0.000000,4,0,1.000000
118,0.294886,51.110000,1.410595,0.000000,0.000000,0.573440,0.000080,0.573440,0.909120,1,14334,14336,2,1,4,14336,25000,13375,14140,765,961,1726,0.932966,0.945898,2,0,1.000000,1,0,1.000000,4,0,1.000000
119,0.360608,50.930000,1.432375,0.000000,0.000000,0.591200,0.000040,0.591200,0.876960,1,14779,14780,1,1,8,14780,25000,13609,14256,647,1171,1818,0.920771,0.954616,1,0,1.000000,1,0,1.000000,8,0,1.000000
120,0.294055,52.990000,1.376448,0.000000,0.000000,0.628400,0.000120,0.628400,0.900960,1,15707,15710,3,2,10,15710,25000,14728,15468,740,982,1722,0.937492,0.952159,3,0,1.000000,2,0,1.000000,10,0,1.000000
121,0.302886,52.430000,1.391763,0.000000,0.000000,0.599280,0.000200,0.599280,0.888320,1,14977,14982,5,3,12,14982,25000,13989,14892,903,993,1896,0.933720,0.939363,5,0,1.000000,3,0,1.000000,12,0,1.000000
122,0.320771,53.020000,1.374614,0.000000,0.000000,0.620400,0.000200,0.620400,0.861960,1,15505,15510,5,2,11,15510,25000,14594,15312,718,916,1634,0.940941,0.953109,5,0,1.000000,2,0,1.000000,11,0,1.000000
123,0.359103,51.880000,1.382920,0.000000,0.000000,0.566120,0.000160,0.566120,0.881080,1,14149,14153,4,3,12,14153,25000,12935,13636,701,1218,1919,0.913941,0.948592,4,0,1.000000,3,0,1.000000,12,0,1.000000
124,0.331777,52.470000,1.366832,0.000000,0.000000,0.621080,0.000080,0.621080,0.878280,1,15525,15527,2,0,9,15527,25000,14417,15128,711,1110,1821,0.928512,0.953001,2,0,1.000000,0,0,0.000000,9,0,1.000000
125,0.271263,52.520000,1.402421,0.000000,0.000000,0.607960,0.000040,0.607960,0.893800,1,15198,15199,1,1,13,15199,25000,14437,15336,899,762,1661,0.949865,0.941380,1,0,1.000000,1,0,1.000000,13,0,1.000000
126,0.257969,52.720000,1.378386,0.000000,0.000000,0.631880,0.000200,0.631880,0.900920,1,15792,15797,5,4,17,15797,25000,15255,16192,937,542,1479,0.965690,0.942132,5,0,1.000000,4,0,1.000000,17,0,1.000000
127,0.267542,53.500000,1.356378,0.000000,0.000000,0.580400,0.000120,0.580400,0.897280,1,14507,14510,3,2,14,14510,25000,13935,14480,545,575,1120,0.960372,0.962362,3,0,1.000000,2,0,1.000000,14,0,1.000000
128,0.301982,53.220000,1.358523,0.000000,0.000000,0.641880,0.000000,0.641880,0.878040,1,16047,16047,0,0,15,16047,25000,15367,16160,793,680,1473,0.957624,0.950928,0,0,0.000000,0,0,0.000000,15,0,1.000000
129,0.305281,51.260000,1.369640,0.000000,0.000000,0.573920,0.000440,0.573920,0.887880,1,14337,14348,11,7,21,14348,25000,13510,14500,990,838,1828,0.941595,0.931724,11,0,1.000000,7,0,1.000000,21,0,1.000000
130,0.273478,54.220000,1.337800,0.000000,0.000000,0.648960,0.000080,0.648960,0.901680,1,16222,16224,2,2,16,16224,25000,15427,16184,757,797,1554,0.950875,0.953225,2,0,1.000000,2,0,1.000000,16,0,1.000000
131,0.220588,53.900000,1.325342,0.000000,0.000000,0.623800,0.000320,0.623800,0.918080,1,15587,15595,8,2,25,15595,25000,15262,16316,1054,333,1387,0.978647,0.935401,8,0,1.000000,2,0,1.000000,25,0,1.000000
132,0.292163,53.260000,1.337946,0.000000,0.000000,0.618960,0.000040,0.618960,0.901960,1,15473,15474,1,1,16,15474,25000,14528,15408,880,946,1826,0.938865,0.942887,1,0,1.000000,1,0,1.000000,16,0,1.000000
133,0.331118,53.610000,1.344002,0.000000,0.000000,0.568720,0.000160,0.568720,0.879560,1,14214,14218,4,2,16,14218,25000,13039,13824,785,1179,1964,0.917077,0.943215,4,0,1.000000,2,0,1.000000,16,0,1.000000
134,0.283594,52.850000,1.355847,0.000000,0.000000,0.634640,0.000280,0.634640,0.899760,1,15859,15866,7,2,27,15866,25000,14934,15888,954,932,1886,0.941258,0.939955,7,0,1.000000,2,0,1.000000,27,0,1.000000
135,0.276781,52.570000,1.376466,0.000000,0.000000,0.601160,0.000120,0.601160,0.903560,1,15026,15029,3,2,21,15029,25000,14247,15060,813,782,1595,0.947967,0.946016,3,0,1.000000,2,0,1.000000,21,0,1.000000
136,0.282206,53.500000,1.320766,0.000000,0.000000,0.631160,0.000240,0.631160,0.873200,1,15773,15779,6,2,26,15779,25000,15065,15724,659,714,1373,0.954750,0.958090,6,0,1.000000,2,0,1.000000,26,0,1.000000
137,0.292366,53.830000,1.323574,0.000000,0.000000,0.586840,0.000120,0.586840,0.884960,1,14668,14671,3,3,21,14671,25000,13840,14692,852,831,1683,0.943358,0.942009,3,0,1.000000,3,0,1.000000,21,0,1.000000
138,0.278941,54.400000,1.325251,0.000000,0.000000,0.602880,0.000160,0.602880,0.901600,1,15068,15072,4,2,27,15072,25000,14268,15136,868,804,1672,0.946656,0.942653,4,0,1.000000,2,0,1.000000,27,0,1.000000
139,0.248086,54.570000,1.313777,0.000000,0.000000,0.610000,0.000280,0.610000,0.906960,1,15243,15250,7,5,38,15250,25000,14588,15128,540,662,1202,0.956590,0.964305,7,0,1.000000,5,0,1.000000,38,0,1.000000
140,0.307345,53.910000,1.311350,0.000000,0.000000,0.593720,0.000440,0.593720,0.881200,1,14832,14843,11,7,30,14843,25000,13973,14832,859,870,1729,0.941387,0.942085,11,0,1.000000,7,0,1.000000,30,0,1.000000
141,0.243908,54.120000,1.330562,0.000000,0.000000,0.629200,0.000240,0.629200,0.896400,1,15724,15730,6,2,38,15730,25000,15189,16284,1095,541,1636,0.965607,0.932756,6,0,1.000000,2,0,1.000000,38,0,1.000000
142,0.298122,54.020000,1.309692,0.000000,0.000000,0.589840,0.000400,0.589840,0.888600,1,14736,14746,10,5,35,14746,25000,13896,14652,756,850,1606,0.942357,0.948403,10,0,1.000000,5,0,1.000000,35,0,1.000000
143,0.221755,54.990000,1.304113,0.000000,0.000000,0.608080,0.000600,0.608080,0.924640,1,15187,15202,15,6,35,15202,25000,14721,15872,1151,481,1632,0.968359,0.927482,15,0,1.000000,6,0,1.000000,35,0,1.000000
144,0.232186,54.830000,1.309383,0.000000,0.000000,0.609360,0.000560,0.609360,0.910840,1,15220,15234,14,8,55,15234,25000,14702,15512,810,532,1342,0.965078,0.947782,14,0,1.000000,8,0,1.000000,55,0,1.000000
145,0.275456,55.140000,1.295912,0.000000,0.000000,0.622240,0.000200,0.622240,0.894320,1,15551,15556,5,4,54,15556,25000,14874,15656,782,682,1464,0.956158,0.950051,4,1,0.800000,3,1,0.750000,53,1,0.981481
146,0.264898,53.510000,1.329370,0.000000,0.000000,0.620960,0.000400,0.620960,0.903160,1,15514,15524,10,5,61,15524,25000,14808,15700,892,716,1608,0.953878,0.943185,10,0,1.000000,5,0,1.000000,61,0,1.000000
147,0.259304,53.370000,1.318904,0.000000,0.000000,0.593160,0.000480,0.593160,0.904680,1,14817,14829,12,8,50,14829,25000,14331,14896,565,498,1063,0.966417,0.962070,11,1,0.916667,7,1,0.875000,49,1,0.980000
148,0.277721,53.530000,1.316492,0.000000,0.000000,0.597760,0.000600,0.597760,0.906120,1,14929,14944,15,8,67,14944,25000,14311,14904,593,633,1226,0.957642,0.960212,14,1,0.933333,8,0,1.000000,65,2,0.970149
149,0.286511,56.770000,1.260261,0.000000,0.000000,0.584720,0.000280,0.584720,0.903160,1,14611,14618,7,2,44,14618,25000,13797,14560,763,821,1584,0.943836,0.947596,6,1,0.857143,2,0,1.000000,43,1,0.977273
150,0.278560,53.370000,1.325096,0.000000,0.000000,0.562960,0.000640,0.562960,0.886240,1,14058,14074,16,5,61,14074,25000,13428,14140,712,646,1358,0.954100,0.949646,15,1,0.937500,5,0,1.000000,60,1,0.983607
151,0.277089,54.730000,1.286245,0.000000,0.000000,0.637520,0.000840,0.637520,0.910040,1,15917,15938,21,13,71,15938,25000,15028,15876,848,910,1758,0.942904,0.946586,20,1,0.952381,13,0,1.000000,69,2,0.971831
152,0.282285,53.840000,1.322733,0.000000,0.000000,0.614160,0.000360,0.614160,0.892640,1,15345,15354,9,1,57,15354,25000,14398,14888,490,956,1446,0.937736,0.967088,8,1,0.888889,1,0,1.000000,55,2,0.964912
153,0.228146,53.590000,1.315814,0.000000,0.000000,0.602000,0.000840,0.602000,0.916920,1,15029,15050,21,7,65,15050,25000,14450,15352,902,600,1502,0.960133,0.941245,21,0,1.000000,7,0,1.000000,65,0,1.000000
154,0.233626,56.830000,1.254041,0.000000,0.000000,0.562200,0.000320,0.562200,0.916840,1,14047,14055,8,5,52,14055,25000,13657,14324,667,398,1065,0.971683,0.953435,7,1,0.875000,5,0,1.000000,50,2,0.961538
155,0.257261,55.600000,1.279132,0.000000,0.000000,0.587640,0.000680,0.587640,0.909640,1,14674,14691,17,7,77,14691,25000,14109,14832,723,582,1305,0.960384,0.951254,16,1,0.941176,7,0,1.000000,76,1,0.987013
156,0.245661,56.410000,1.255658,0.000000,0.000000,0.601360,0.000280,0.601360,0.911640,1,15027,15034,7,2,85,15034,25000,14421,15128,707,613,1320,0.959226,0.953265,7,0,1.000000,2,0,1.000000,85,0,1.000000
157,0.303548,55.760000,1.259566,0.000000,0.000000,0.541640,0.000960,0.541640,0.869720,1,13517,13541,24,7,78,13541,25000,12809,13596,787,732,1519,0.945942,0.942115,22,2,0.916667,7,0,1.000000,76,2,0.974359
158,0.262278,56.120000,1.265112,0.000000,0.000000,0.619040,0.000480,0.619040,0.888800,1,15464,15476,12,3,74,15476,25000,14802,15632,830,674,1504,0.956449,0.946904,11,1,0.916667,3,0,1.000000,73,1,0.986486
159,0.206236,55.250000,1.275217,0.000000,0.000000,0.564280,0.000560,0.564280,0.913280,1,14093,14107,14,2,92,14107,25000,13649,14344,695,458,1153,0.967534,0.951548,13,1,0.928571,2,0,1.000000,90,2,0.978261
160,0.223441,56.500000,1.264074,0.000000,0.000000,0.588800,0.000600,0.588800,0.902480,1,14705,14720,15,9,83,14720,25000,14190,14848,658,530,1188,0.963995,0.955684,15,0,1.000000,9,0,1.000000,83,0,1.000000
161,0.221149,55.680000,1.289905,0.000000,0.000000,0.607080,0.000480,0.607080,0.920160,1,15165,15177,12,2,94,15177,25000,14644,15604,960,533,1493,0.964881,0.938477,12,0,1.000000,2,0,1.000000,94,0,1.000000
162,0.209966,55.020000,1.285336,0.000000,0.000000,0.588840,0.000400,0.588840,0.934920,1,14711,14721,10,3,67,14721,25000,14273,14924,651,448,1099,0.969567,0.956379,9,1,0.900000,3,0,1.000000,66,1,0.985075
163,0.284795,58.030000,1.211714,0.000000,0.000000,0.615960,0.000520,0.615960,0.903040,1,15386,15399,13,5,89,15399,25000,14560,15304,744,839,1583,0.945516,0.951385,11,2,0.846154,4,1,0.800000,87,2,0.977528
164,0.224055,55.410000,1.262744,0.000000,0.000000,0.605600,0.000720,0.605600,0.908280,1,15122,15140,18,7,90,15140,25000,14590,15168,578,550,1128,0.963672,0.961893,17,1,0.944444,7,0,1.000000,89,1,0.988889
165,0.265351,55.880000,1.279160,0.000000,0.000000,0.590120,0.000400,0.590120,0.891640,1,14743,14753,10,3,123,14753,25000,14004,14716,712,749,1461,0.949231,0.951617,9,1,0.900000,3,0,1.000000,121,2,0.983740
166,0.244190,54.110000,1.290801,0.000000,0.000000,0.616880,0.000480,0.616880,0.910600,1,15410,15422,12,5,90,15422,25000,14959,15860,901,463,1364,0.969978,0.943190,11,1,0.916667,5,0,1.000000,88,2,0.977778
167,0.251647,56.360000,1.250070,0.000000,0.000000,0.622960,0.000920,0.622960,0.918080,1,15551,15574,23,3,125,15574,25000,14857,15580,723,717,1440,0.953962,0.953594,23,0,1.000000,3,0,1.000000,125,0,1.000000
168,0.187448,54.890000,1.255031,0.000000,0.000000,0.611520,0.000800,0.611520,0.918040,1,15268,15288,20,1,99,15288,25000,14990,15800,810,298,1108,0.980508,0.948734,19,1,0.950000,1,0,1.000000,98,1,0.989899
169,0.229067,54.330000,1.274015,0.000000,0.000000,0.620320,0.000720,0.620320,0.896280,1,15490,15508,18,2,103,15508,25000,15022,15920,898,486,1384,0.968661,0.943593,17,1,0.944444,2,0,1.000000,102,1,0.990291
170,0.194809,54.490000,1.279978,0.000000,0.000000,0.587280,0.000760,0.587280,0.935360,1,14663,14682,19,3,121,14682,25000,14333,15156,823,349,1172,0.976229,0.945698,18,1,0.947368,3,0,1.000000,118,3,0.975207
171,0.237871,56.880000,1.234676,0.000000,0.000000,0.604480,0.000840,0.604480,0.911520,1,15091,15112,21,6,116,15112,25000,14570,15296,726,542,1268,0.964134,0.952537,20,1,0.952381,6,0,1.000000,114,2,0.982759
172,0.194699,57.720000,1.211696,0.000000,0.000000,0.613960,0.000760,0.613960,0.914760,1,15330,15349,19,8,110,15349,25000,14939,15540,601,410,1011,0.973288,0.961326,18,1,0.947368,8,0,1.000000,109,1,0.990909
173,0.240728,55.530000,1.261295,0.000000,0.000000,0.641120,0.001280,0.641120,0.906520,1,15996,16028,32,12,142,16028,25000,15307,16228,921,721,1642,0.955016,0.943246,32,0,1.000000,12,0,1.000000,141,1,0.992958
174,0.247639,57.210000,1.240816,0.000000,0.000000,0.593480,0.000960,0.593480,0.895640,1,14813,14837,24,6,145,14837,25000,14231,14868,637,606,1243,0.959156,0.957156,23,1,0.958333,6,0,1.000000,143,2,0.986207
175,0.222236,56.610000,1.238832,0.000000,0.000000,0.620520,0.000560,0.620520,0.907520,1,15499,15513,14,4,135,15513,25000,15101,15652,551,412,963,0.973442,0.964797,13,1,0.928571,4,0,1.000000,133,2,0.985185
176,0.239047,57.380000,1.214411,0.000000,0.000000,0.610480,0.000960,0.610480,0.911240,1,15238,15262,24,9,132,15262,25000,14739,15392,653,523,1176,0.965732,0.957575,23,1,0.958333,9,0,1.000000,131,1,0.992424
177,0.219248,55.820000,1.269848,0.000000,0.000000,0.605320,0.000480,0.605320,0.926640,1,15121,15133,12,1,136,15133,25000,14597,15212,615,536,1151,0.964581,0.959571,11,1,0.916667,1,0,1.000000,135,1,0.992647
178,0.152281,55.890000,1.248484,0.000000,0.000000,0.620600,0.000880,0.620600,0.927240,1,15493,15515,22,6,126,15515,25000,15272,16024,752,243,995,0.984338,0.953070,22,0,1.000000,6,0,1.000000,126,0,1.000000
179,0.242088,56.750000,1.242143,0.000000,0.000000,0.573320,0.000720,0.573320,0.908960,1,14315,14333,18,9,125,14333,25000,13678,14640,962,655,1617,0.954301,0.934290,17,1,0.944444,9,0,1.000000,124,1,0.992000
180,0.203095,57.780000,1.216043,0.000000,0.000000,0.645960,0.000640,0.645960,0.929480,1,16133,16149,16,4,150,16149,25000,15709,16656,947,440,1387,0.972754,0.943144,16,0,1.000000,4,0,1.000000,149,1,0.993333
181,0.242472,56.370000,1.257992,0.000000,0.000000,0.578680,0.000560,0.578680,0.907640,1,14453,14467,14,6,161,14467,25000,13846,14876,1030,621,1651,0.957075,0.930761,14,0,1.000000,6,0,1.000000,161,0,1.000000
182,0.218615,56.930000,1.220908,0.000000,0.000000,0.573760,0.001000,0.573760,0.926880,1,14319,14344,25,9,142,14344,25000,13968,14516,548,376,924,0.973787,0.962249,24,1,0.960000,9,0,1.000000,140,2,0.985915
183,0.204752,58.410000,1.198704,0.000000,0.000000,0.610720,0.000360,0.610720,0.921160,1,15259,15268,9,1,143,15268,25000,14920,15776,856,348,1204,0.977207,0.945740,8,1,0.888889,1,0,1.000000,141,2,0.986014
184,0.219071,55.240000,1.238087,0.000000,0.000000,0.632800,0.000480,0.632800,0.908200,1,15808,15820,12,4,153,15820,25000,15331,15952,621,489,1110,0.969090,0.961071,12,0,1.000000,4,0,1.000000,153,0,1.000000
185,0.216696,56.740000,1.239712,0.000000,0.000000,0.594000,0.001480,0.594000,0.918880,1,14813,14850,37,12,180,14850,25000,14397,15168,771,453,1224,0.969495,0.949169,35,2,0.945946,12,0,1.000000,177,3,0.983333
186,0.226066,55.880000,1.239420,0.000000,0.000000,0.582880,0.001000,0.582880,0.916560,1,14547,14572,25,10,174,14572,25000,13951,14528,577,621,1198,0.957384,0.960284,24,1,0.960000,10,0,1.000000,173,1,0.994253
187,0.228672,55.770000,1.285116,0.000000,0.000000,0.605160,0.000760,0.605160,0.921000,1,15110,15129,19,9,131,15129,25000,14370,15008,638,759,1397,0.949831,0.957489,18,1,0.947368,9,0,1.000000,129,2,0.984733
188,0.211226,56.080000,1.239737,0.000000,0.000000,0.569760,0.000760,0.569760,0.930600,1,14225,14244,19,4,148,14244,25000,13725,14416,691,519,1210,0.963564,0.952067,17,2,0.894737,4,0,1.000000,146,2,0.986486
189,0.213491,53.820000,1.300705,0.000000,0.000000,0.598920,0.000480,0.598920,0.933800,1,14961,14973,12,3,159,14973,25000,14322,15196,874,651,1525,0.956522,0.942485,12,0,1.000000,3,0,1.000000,159,0,1.000000
190,0.218265,56.630000,1.237294,0.000000,0.000000,0.609240,0.000960,0.609240,0.926320,1,15207,15231,24,8,177,15231,25000,14853,15500,647,378,1025,0.975182,0.958258,24,0,1.000000,8,0,1.000000,176,1,0.994350
191,0.204782,57.160000,1.224675,0.000000,0.000000,0.620880,0.000920,0.620880,0.923560,1,15499,15522,23,7,188,15522,25000,14990,15520,530,532,1062,0.965726,0.965851,23,0,1.000000,7,0,1.000000,188,0,1.000000
192,0.170227,56.430000,1.226715,0.000000,0.000000,0.649560,0.000480,0.649560,0.941560,1,16227,16239,12,5,194,16239,25000,15930,16612,682,309,991,0.980972,0.958945,12,0,1.000000,5,0,1.000000,194,0,1.000000
193,0.245484,55.520000,1.242886,0.000000,0.000000,0.576800,0.000800,0.576800,0.896480,1,14400,14420,20,8,160,14420,25000,13809,14676,867,611,1478,0.957628,0.940924,19,1,0.950000,8,0,1.000000,157,3,0.981250
194,0.211735,55.300000,1.291224,0.000000,0.000000,0.580680,0.000960,0.580680,0.921360,1,14493,14517,24,6,194,14517,25000,13972,14628,656,545,1201,0.962458,0.955154,23,1,0.958333,6,0,1.000000,193,1,0.994845
195,0.237865,57.170000,1.208546,0.000000,0.000000,0.580360,0.000360,0.580360,0.922560,1,14500,14509,9,4,178,14509,25000,13882,14524,642,627,1269,0.956785,0.955797,8,1,0.888889,3,1,0.750000,177,1,0.994382
196,0.231324,55.400000,1.245086,0.000000,0.000000,0.590920,0.000960,0.590920,0.919000,1,14749,14773,24,6,207,14773,25000,14144,14928,784,629,1413,0.957422,0.947481,23,1,0.958333,6,0,1.000000,205,2,0.990338
197,0.242285,58.400000,1.171128,0.000000,0.000000,0.545760,0.000880,0.545760,0.898640,1,13622,13644,22,1,190,13644,25000,13037,13848,811,607,1418,0.955512,0.941436,21,1,0.954545,1,0,1.000000,188,2,0.989474
198,0.212756,57.180000,1.211342,0.000000,0.000000,0.564480,0.000480,0.564480,0.915880,1,14100,14112,12,1,142,14112,25000,13597,14348,751,515,1266,0.963506,0.947658,11,1,0.916667,1,0,1.000000,141,1,0.992958
199,0.201982,56.360000,1.232196,0.000000,0.000000,0.590320,0.000840,0.590320,0.919240,1,14737,14758,21,7,163,14758,25000,14203,15028,825,555,1380,0.962393,0.945102,20,1,0.952381,7,0,1.000000,161,2,0.987730
200,0.213299,56.750000,1.218312,0.000000,0.000000,0.607080,0.001480,0.607080,0.921640,1,15140,15177,37,15,217,15177,25000,14647,15468,821,530,1351,0.965079,0.946923,37,0,1.000000,15,0,1.000000,216,1,0.995392
201,0.226512,56.880000,1.220334,0.000000,0.000000,0.603960,0.000960,0.603960,0.921400,1,15075,15099,24,6,180,15099,25000,14519,15384,865,580,1445,0.961587,0.943773,22,2,0.916667,5,1,0.833333,176,4,0.977778
202,0.220397,58.350000,1.189183,0.000000,0.000000,0.615520,0.001040,0.615520,0.910880,1,15362,15388,26,5,232,15388,25000,14881,15768,887,507,1394,0.967052,0.943747,26,0,1.000000,5,0,1.000000,231,1,0.995690
203,0.213796,59.510000,1.158508,0.000000,0.000000,0.577040,0.001160,0.577040,0.925320,1,14397,14426,29,6,237,14426,25000,13864,14580,716,562,1278,0.961043,0.950892,29,0,1.000000,6,0,1.000000,235,2,0.991561
204,0.222427,57.240000,1.215008,0.000000,0.000000,0.583040,0.000760,0.583040,0.921600,1,14557,14576,19,2,178,14576,25000,14017,14576,559,559,1118,0.961649,0.961649,17,2,0.894737,2,0,1.000000,175,3,0.983146
205,0.256392,58.670000,1.170278,0.000000,0.000000,0.566680,0.002000,0.566680,0.906160,1,14117,14167,50,14,250,14167,25000,13315,13972,657,852,1509,0.939860,0.952977,49,1,0.980000,14,0,1.000000,248,2,0.992000
206,0.193544,57.510000,1.198922,0.000000,0.000000,0.588400,0.002040,0.588400,0.913920,1,14659,14710,51,13,259,14710,25000,14352,14864,512,358,870,0.975663,0.965554,50,1,0.980392,13,0,1.000000,257,2,0.992278
207,0.244903,57.680000,1.191743,0.000000,0.000000,0.587600,0.000720,0.587600,0.907600,1,14672,14690,18,5,197,14690,25000,13905,14564,659,785,1444,0.946562,0.954751,17,1,0.944444,5,0,1.000000,195,2,0.989848
208,0.197870,58.070000,1.192237,0.000000,0.000000,0.628640,0.000960,0.628640,0.919680,1,15692,15716,24,5,223,15716,25000,15416,15888,472,300,772,0.980911,0.970292,23,1,0.958333,5,0,1.000000,220,3,0.986547
209,0.235263,57.150000,1.224483,0.000000,0.000000,0.604360,0.001760,0.604360,0.915480,1,15065,15109,44,11,279,15109,25000,14303,15040,737,806,1543,0.946654,0.950997,43,1,0.977273,11,0,1.000000,276,3,0.989247
210,0.227408,56.840000,1.217848,0.000000,0.000000,0.584120,0.000840,0.584120,0.909800,1,14582,14603,21,4,238,14603,25000,14200,14892,692,403,1095,0.972403,0.953532,20,1,0.952381,4,0,1.000000,236,2,0.991597
211,0.195034,59.150000,1.179264,0.000000,0.000000,0.581760,0.001240,0.581760,0.924880,1,14513,14544,31,3,245,14544,25000,14187,15032,845,357,1202,0.975454,0.943787,29,2,0.935484,3,0,1.000000,241,4,0.983673
212,0.191610,55.760000,1.249730,0.000000,0.000000,0.569680,0.001240,0.569680,0.924320,1,14211,14242,31,8,250,14242,25000,13894,14496,602,348,950,0.975565,0.958471,30,1,0.967742,8,0,1.000000,246,4,0.984000
213,0.231552,57.380000,1.202806,0.000000,0.000000,0.616560,0.001280,0.616560,0.923280,1,15382,15414,32,4,235,15414,25000,14657,15512,855,757,1612,0.950889,0.944881,29,3,0.906250,4,0,1.000000,231,4,0.982979
214,0.246363,57.270000,1.227241,0.000000,0.000000,0.594520,0.001240,0.594520,0.912240,1,14832,14863,31,6,258,14863,25000,14044,14716,672,819,1491,0.944897,0.954335,30,1,0.967742,6,0,1.000000,257,1,0.996124
215,0.197940,57.480000,1.198587,0.000000,0.000000,0.601760,0.001520,0.601760,0.921840,1,15006,15044,38,6,266,15044,25000,14518,15384,866,526,1392,0.965036,0.943708,35,3,0.921053,5,1,0.833333,262,4,0.984962
216,0.204748,59.350000,1.156643,0.000000,0.000000,0.570040,0.001440,0.570040,0.899880,1,14215,14251,36,9,284,14251,25000,13926,14680,754,325,1079,0.977195,0.948638,34,2,0.944444,9,0,1.000000,281,3,0.989437
217,0.200095,57.160000,1.222505,0.000000,0.000000,0.600960,0.001680,0.600960,0.925360,1,14982,15024,42,16,286,15024,25000,14464,15176,712,560,1272,0.962726,0.953084,41,1,0.976190,16,0,1.000000,283,3,0.989510
218,0.207526,58.440000,1.187618,0.000000,0.000000,0.627600,0.002040,0.627600,0.918880,1,15639,15690,51,8,404,15690,25000,15315,16036,721,375,1096,0.976099,0.955039,50,1,0.980392,8,0,1.000000,400,4,0.990099
219,0.172249,57.360000,1.189871,0.000000,0.000000,0.614520,0.001160,0.614520,0.935960,1,15334,15363,29,3,274,15363,25000,15062,15604,542,301,843,0.980407,0.965265,27,2,0.931034,3,0,1.000000,270,4,0.985401
220,0.189886,57.790000,1.195284,0.000000,0.000000,0.596920,0.001240,0.596920,0.927880,1,14892,14923,31,6,313,14923,25000,14561,14996,435,362,797,0.975742,0.970992,29,2,0.935484,6,0,1.000000,309,4,0.987220
221,0.229126,55.250000,1.228271,0.000000,0.000000,0.636760,0.001760,0.636760,0.912720,1,15875,15919,44,10,287,15919,25000,15395,15896,501,524,1025,0.967083,0.968483,40,4,0.909091,10,0,1.000000,282,5,0.982578
222,0.181734,59.810000,1.153793,0.000000,0.000000,0.594920,0.001560,0.594920,0.943040,1,14834,14873,39,14,278,14873,25000,14577,15276,699,296,995,0.980098,0.954242,37,2,0.948718,14,0,1.000000,275,3,0.989209
223,0.198618,58.070000,1.211600,0.000000,0.000000,0.619800,0.001240,0.619800,0.932280,1,15464,15495,31,6,284,15495,25000,14957,15608,651,538,1189,0.965279,0.958291,30,1,0.967742,6,0,1.000000,283,1,0.996479
224,0.170309,57.780000,1.230972,0.000000,0.000000,0.624640,0.001240,0.624640,0.934160,1,15585,15616,31,8,257,15616,25000,15314,15780,466,302,768,0.980661,0.970469,31,0,1.000000,8,0,1.000000,256,1,0.996109
225,0.189115,57.840000,1.198509,0.000000,0.000000,0.632840,0.001040,0.632840,0.920120,1,15795,15821,26,5,276,15821,25000,15454,16064,610,367,977,0.976803,0.962027,23,3,0.884615,5,0,1.000000,271,5,0.981884
226,0.179431,57.850000,1.205144,0.000000,0.000000,0.642640,0.001520,0.642640,0.935920,1,16028,16066,38,14,368,16066,25000,15637,16180,543,429,972,0.973298,0.966440,37,1,0.973684,14,0,1.000000,366,2,0.994565
227,0.215122,59.000000,1.172058,0.000000,0.000000,0.650400,0.001440,0.650400,0.930000,1,16224,16260,36,10,318,16260,25000,15568,16040,472,692,1164,0.957442,0.970574,32,4,0.888889,8,2,0.800000,313,5,0.984277
228,0.207745,56.030000,1.220913,0.000000,0.000000,0.632080,0.000960,0.632080,0.899360,1,15778,15802,24,2,303,15802,25000,15292,15896,604,510,1114,0.967726,0.962003,23,1,0.958333,2,0,1.000000,299,4,0.986799
229,0.240444,58.090000,1.189466,0.000000,0.000000,0.602480,0.001080,0.602480,0.915760,1,15035,15062,27,4,269,15062,25000,14288,14928,640,774,1414,0.948612,0.957128,26,1,0.962963,4,0,1.000000,265,4,0.985130
230,0.206110,56.700000,1.211047,0.000000,0.000000,0.619360,0.001080,0.619360,0.928640,1,15457,15484,27,5,271,15484,25000,14765,15392,627,719,1346,0.953565,0.959265,26,1,0.962963,5,0,1.000000,268,3,0.988930
231,0.161135,58.720000,1.175428,0.000000,0.000000,0.617200,0.001320,0.617200,0.939920,1,15397,15430,33,3,270,15430,25000,15184,15864,680,246,926,0.984057,0.957136,31,2,0.939394,3,0,1.000000,266,4,0.985185
232,0.211550,59.360000,1.175349,0.000000,0.000000,0.580200,0.002000,0.580200,0.930880,1,14455,14505,50,12,307,14505,25000,13953,14544,591,552,1143,0.961944,0.959365,49,1,0.980000,12,0,1.000000,302,5,0.983713
233,0.263802,57.850000,1.212416,0.000000,0.000000,0.619160,0.001280,0.619160,0.906520,1,15447,15479,32,8,332,15479,25000,14551,14988,437,928,1365,0.940048,0.970843,29,3,0.906250,8,0,1.000000,325,7,0.978916
234,0.247628,58.010000,1.174670,0.000000,0.000000,0.631600,0.001080,0.631600,0.914480,1,15763,15790,27,4,333,15790,25000,15031,15728,697,759,1456,0.951932,0.955684,26,1,0.962963,4,0,1.000000,327,6,0.981982
235,0.240005,58.980000,1.158448,0.000000,0.000000,0.563640,0.001520,0.563640,0.893120,1,14053,14091,38,13,372,14091,25000,13521,14032,511,570,1081,0.959549,0.963583,37,1,0.973684,13,0,1.000000,367,5,0.986559
236,0.228845,59.050000,1.172192,0.000000,0.000000,0.611320,0.001040,0.611320,0.910440,1,15257,15283,26,6,365,15283,25000,14572,14960,388,711,1099,0.953478,0.974064,25,1,0.961538,6,0,1.000000,360,5,0.986301
237,0.203807,57.090000,1.195033,0.000000,0.000000,0.553480,0.002280,0.553480,0.920160,1,13780,13837,57,12,414,13837,25000,13255,13772,517,582,1099,0.957939,0.962460,55,2,0.964912,12,0,1.000000,409,5,0.987923
238,0.224960,58.000000,1.164846,0.000000,0.000000,0.596080,0.001280,0.596080,0.924320,1,14870,14902,32,9,285,14902,25000,14342,14900,558,560,1118,0.962421,0.962550,29,3,0.906250,9,0,1.000000,280,5,0.982456
239,0.216648,59.570000,1.164560,0.000000,0.000000,0.601520,0.001760,0.601520,0.902560,1,14994,15038,44,4,364,15038,25000,14489,15128,639,549,1188,0.963492,0.957760,42,2,0.954545,4,0,1.000000,359,5,0.986264
240,0.195831,58.210000,1.171178,0.000000,0.000000,0.582320,0.002120,0.582320,0.920440,1,14505,14558,53,13,438,14558,25000,14226,14932,706,332,1038,0.977195,0.952719,50,3,0.943396,13,0,1.000000,433,5,0.988584
241,0.261612,59.190000,1.166150,0.000000,0.000000,0.571800,0.000880,0.571800,0.902960,1,14273,14295,22,3,353,14295,25000,13464,13960,496,831,1327,0.941868,0.964470,20,2,0.909091,3,0,1.000000,347,6,0.983003
242,0.229596,59.300000,1.155186,0.000000,0.000000,0.620280,0.002120,0.620280,0.907440,1,15454,15507,53,9,370,15507,25000,14802,15468,666,705,1371,0.954537,0.956943,50,3,0.943396,8,1,0.888889,364,6,0.983784
243,0.268920,58.580000,1.171857,0.000000,0.000000,0.566280,0.001480,0.566280,0.903440,1,14120,14157,37,6,301,14157,25000,13235,13648,413,922,1335,0.934873,0.969739,36,1,0.972973,6,0,1.000000,298,3,0.990033
244,0.227098,59.060000,1.150918,0.000000,0.000000,0.632840,0.001960,0.632840,0.902720,1,15772,15821,49,8,394,15821,25000,15208,15736,528,613,1141,0.961254,0.966446,46,3,0.938776,8,0,1.000000,389,5,0.987310
245,0.175010,59.130000,1.157729,0.000000,0.000000,0.619800,0.000760,0.619800,0.933000,1,15476,15495,19,5,338,15495,25000,15193,15856,663,302,965,0.980510,0.958186,15,4,0.789474,4,1,0.800000,330,8,0.976331
246,0.244780,60.160000,1.127251,0.000000,0.000000,0.579280,0.002480,0.579280,0.902120,1,14420,14482,62,12,400,14482,25000,13790,14296,506,692,1198,0.952217,0.964605,61,1,0.983871,12,0,1.000000,392,8,0.980000
247,0.212225,61.010000,1.118347,0.000000,0.000000,0.624960,0.001080,0.624960,0.922840,1,15597,15624,27,4,308,15624,25000,15045,15516,471,579,1050,0.962942,0.969644,25,2,0.925926,4,0,1.000000,301,7,0.977273
248,0.188167,58.850000,1.162533,0.000000,0.000000,0.626960,0.001920,0.626960,0.929560,1,15626,15674,48,8,405,15674,25000,15349,15856,507,325,832,0.979265,0.968025,48,0,1.000000,8,0,1.000000,401,4,0.990123
249,0.206241,58.060000,1.177218,0.000000,0.000000,0.599200,0.001600,0.599200,0.904200,1,14940,14980,40,7,398,14980,25000,14605,15220,615,375,990,0.974967,0.959593,37,3,0.925000,6,1,0.857143,393,5,0.987437
250,0.188533,60.000000,1.135222,0.000000,0.000000,0.576560,0.002080,0.576560,0.914200,1,14362,14414,52,7,391,14414,25000,14063,14796,733,351,1084,0.975649,0.950460,47,5,0.903846,7,0,1.000000,384,7,0.982097
251,0.216337,60.840000,1.130702,0.000000,0.000000,0.572480,0.001080,0.572480,0.918920,1,14285,14312,27,5,428,14312,25000,13699,14264,565,613,1178,0.957169,0.960390,24,3,0.888889,5,0,1.000000,420,8,0.981308
252,0.220974,59.000000,1.160979,0.000000,0.000000,0.591160,0.002040,0.591160,0.906600,1,14728,14779,51,9,408,14779,25000,14213,14680,467,566,1033,0.961702,0.968188,48,3,0.941176,8,1,0.888889,401,7,0.982843
253,0.241165,60.170000,1.144976,0.000000,0.000000,0.629400,0.000880,0.629400,0.918760,1,15713,15735,22,1,360,15735,25000,14950,15432,482,785,1267,0.950111,0.968766,19,3,0.863636,1,0,1.000000,353,7,0.980556
254,0.207529,58.240000,1.185617,0.000000,0.000000,0.596680,0.001520,0.596680,0.919680,1,14879,14917,38,12,445,14917,25000,14337,14752,415,580,995,0.961118,0.971868,38,0,1.000000,12,0,1.000000,440,5,0.988764
255,0.196867,60.540000,1.130427,0.000000,0.000000,0.595760,0.001680,0.595760,0.922600,1,14852,14894,42,6,416,14894,25000,14360,14852,492,534,1026,0.964147,0.966873,40,2,0.952381,6,0,1.000000,412,4,0.990385
256,0.239566,59.450000,1.160792,0.000000,0.000000,0.635840,0.002160,0.635840,0.907720,1,15842,15896,54,8,429,15896,25000,15077,15580,503,819,1322,0.948478,0.967715,52,2,0.962963,8,0,1.000000,423,6,0.986014
257,0.258821,58.350000,1.171050,0.000000,0.000000,0.583520,0.001960,0.583520,0.892640,1,14539,14588,49,8,482,14588,25000,13830,14276,446,758,1204,0.948039,0.968759,48,1,0.979592,8,0,1.000000,477,5,0.989627
258,0.202510,58.430000,1.186874,0.000000,0.000000,0.597080,0.001520,0.597080,0.921280,1,14889,14927,38,5,393,14927,25000,14465,15100,635,462,1097,0.969049,0.957947,35,3,0.921053,5,0,1.000000,385,8,0.979644
259,0.143616,58.220000,1.205117,0.000000,0.000000,0.612240,0.001880,0.612240,0.952560,1,15259,15306,47,9,457,15306,25000,15021,15664,643,285,928,0.981380,0.958950,46,1,0.978723,9,0,1.000000,454,3,0.993435
260,0.176298,59.640000,1.143506,0.000000,0.000000,0.603280,0.001920,0.603280,0.942120,1,15034,15082,48,11,468,15082,25000,14772,15240,468,310,778,0.979446,0.969291,46,2,0.958333,11,0,1.000000,458,10,0.978632
261,0.229551,58.760000,1.174268,0.000000,0.000000,0.583800,0.001360,0.583800,0.914320,1,14561,14595,34,7,387,14595,25000,13874,14228,354,721,1075,0.950600,0.975119,32,2,0.941176,6,1,0.857143,377,10,0.974160
262,0.242348,58.840000,1.173962,0.000000,0.000000,0.618000,0.001240,0.618000,0.912840,1,15419,15450,31,5,434,15450,25000,14703,15128,425,747,1172,0.951650,0.971906,31,0,1.000000,5,0,1.000000,432,2,0.995392
263,0.235917,57.990000,1.193791,0.000000,0.000000,0.618720,0.000960,0.618720,0.908680,1,15444,15468,24,3,396,15468,25000,14727,15336,609,741,1350,0.952095,0.960290,23,1,0.958333,3,0,1.000000,392,4,0.989899
264,0.175884,59.640000,1.156294,0.000000,0.000000,0.584920,0.001280,0.584920,0.927600,1,14591,14623,32,3,421,14623,25000,14184,14780,596,439,1035,0.969979,0.959675,32,0,1.000000,3,0,1.000000,418,3,0.992874
265,0.192481,58.440000,1.174412,0.000000,0.000000,0.576560,0.002160,0.576560,0.917720,1,14360,14414,54,6,481,14414,25000,13839,14484,645,575,1220,0.960108,0.955468,47,7,0.870370,5,1,0.833333,468,13,0.972973
266,0.222374,59.130000,1.166750,0.000000,0.000000,0.609200,0.002200,0.609200,0.895520,1,15175,15230,55,15,497,15230,25000,14658,15128,470,572,1042,0.962443,0.968932,53,2,0.963636,13,2,0.866667,488,9,0.981891
267,0.176818,60.540000,1.127311,0.000000,0.000000,0.607360,0.002280,0.607360,0.925520,1,15127,15184,57,12,417,15184,25000,14852,15508,656,332,988,0.978135,0.957699,53,4,0.929825,11,1,0.916667,406,11,0.973621
268,0.169644,58.880000,1.166167,0.000000,0.000000,0.632000,0.001640,0.632000,0.930720,1,15759,15800,41,7,475,15800,25000,15484,15892,408,316,724,0.980000,0.974327,39,2,0.951220,7,0,1.000000,466,9,0.981053
269,0.198167,58.580000,1.157934,0.000000,0.000000,0.592520,0.002000,0.592520,0.913680,1,14763,14813,50,8,488,14813,25000,14250,14628,378,563,941,0.961993,0.974159,48,2,0.960000,8,0,1.000000,482,6,0.987705
270,0.204181,59.610000,1.141928,0.000000,0.000000,0.603840,0.001520,0.603840,0.921480,1,15058,15096,38,9,409,15096,25000,14600,14996,396,496,892,0.967144,0.973593,38,0,1.000000,9,0,1.000000,402,7,0.982885
271,0.167556,60.580000,1.121814,0.000000,0.000000,0.605920,0.001160,0.605920,0.938520,1,15119,15148,29,4,364,15148,25000,14828,15212,384,320,704,0.978875,0.974757,29,0,1.000000,4,0,1.000000,358,6,0.983516
272,0.162089,61.290000,1.111611,0.000000,0.000000,0.600320,0.001800,0.600320,0.934320,1,14963,15008,45,8,447,15008,25000,14719,15340,621,289,910,0.980744,0.959518,43,2,0.955556,8,0,1.000000,440,7,0.984340
273,0.194240,57.910000,1.162249,0.000000,0.000000,0.631840,0.003280,0.631840,0.922280,1,15714,15796,82,11,488,15796,25000,15349,15848,499,447,946,0.971702,0.968513,81,1,0.987805,11,0,1.000000,483,5,0.989754
274,0.188169,58.720000,1.178721,0.000000,0.000000,0.630400,0.002200,0.630400,0.931920,1,15705,15760,55,14,546,15760,25000,15276,15928,652,484,1136,0.969289,0.959066,53,2,0.963636,14,0,1.000000,534,12,0.978022
275,0.177127,57.900000,1.192762,0.000000,0.000000,0.631720,0.001520,0.631720,0.930600,1,15755,15793,38,6,470,15793,25000,15468,15984,516,325,841,0.979421,0.967718,34,4,0.894737,6,0,1.000000,457,13,0.972340
276,0.206758,60.540000,1.123067,0.000000,0.000000,0.630480,0.002120,0.630480,0.912760,1,15709,15762,53,10,550,15762,25000,15203,15864,661,559,1220,0.964535,0.958333,49,4,0.924528,9,1,0.900000,538,12,0.978182
277,0.192870,59.620000,1.152054,0.000000,0.000000,0.589680,0.002320,0.589680,0.917440,1,14684,14742,58,5,573,14742,25000,14422,14840,418,320,738,0.978293,0.971833,53,5,0.913793,5,0,1.000000,561,12,0.979058
278,0.170870,58.400000,1.156920,0.000000,0.000000,0.604320,0.001880,0.604320,0.920040,1,15061,15108,47,4,559,15108,25000,14821,15720,899,287,1186,0.981003,0.942812,44,3,0.936170,4,0,1.000000,550,9,0.983900
279,0.139650,60.360000,1.133186,0.000000,0.000000,0.626120,0.001120,0.626120,0.935840,1,15625,15653,28,3,477,15653,25000,15411,16228,817,242,1059,0.984540,0.949655,28,0,1.000000,3,0,1.000000,470,7,0.985325
280,0.181267,60.540000,1.129816,0.000000,0.000000,0.591480,0.001560,0.591480,0.924440,1,14748,14787,39,4,441,14787,25000,14429,14776,347,358,705,0.975790,0.976516,37,2,0.948718,4,0,1.000000,434,7,0.984127
281,0.187848,61.180000,1.115422,0.000000,0.000000,0.569920,0.002120,0.569920,0.921440,1,14195,14248,53,9,594,14248,25000,13859,14704,845,389,1234,0.972698,0.942533,50,3,0.943396,9,0,1.000000,584,10,0.983165
282,0.242085,61.770000,1.105256,0.000000,0.000000,0.590680,0.001680,0.590680,0.904840,1,14725,14767,42,6,588,14767,25000,13973,14640,667,794,1461,0.946231,0.954440,40,2,0.952381,6,0,1.000000,580,8,0.986395
283,0.225096,59.710000,1.152015,0.000000,0.000000,0.619560,0.001960,0.619560,0.911560,1,15440,15489,49,4,592,15489,25000,14882,15568,686,607,1293,0.960811,0.955935,46,3,0.938776,4,0,1.000000,581,11,0.981419
284,0.160449,59.670000,1.151782,0.000000,0.000000,0.591760,0.001120,0.591760,0.932520,1,14766,14794,28,4,493,14794,25000,14460,15036,576,334,910,0.977423,0.961692,26,2,0.928571,4,0,1.000000,483,10,0.979716
285,0.179638,60.810000,1.118033,0.000000,0.000000,0.582680,0.001480,0.582680,0.927760,1,14530,14567,37,4,384,14567,25000,14048,14864,816,519,1335,0.964372,0.945102,36,1,0.972973,4,0,1.000000,375,9,0.976562
286,0.195048,58.610000,1.167905,0.000000,0.000000,0.592360,0.001600,0.592360,0.929440,1,14769,14809,40,6,530,14809,25000,14258,14924,666,551,1217,0.962793,0.955374,37,3,0.925000,6,0,1.000000,519,11,0.979245
287,0.184219,59.450000,1.172632,0.000000,0.000000,0.572600,0.001320,0.572600,0.942800,1,14282,14315,33,3,454,14315,25000,13755,14556,801,560,1361,0.960880,0.944971,31,2,0.939394,3,0,1.000000,448,6,0.986784
288,0.232059,61.620000,1.104497,0.000000,0.000000,0.586600,0.001880,0.586600,0.905560,1,14618,14665,47,11,475,14665,25000,13873,14348,475,792,1267,0.945994,0.966894,45,2,0.957447,11,0,1.000000,463,12,0.974737
289,0.199627,57.910000,1.179226,0.000000,0.000000,0.589640,0.001360,0.589640,0.928680,1,14707,14741,34,5,471,14741,25000,14209,14848,639,532,1171,0.963910,0.956964,30,4,0.882353,5,0,1.000000,458,13,0.972399
290,0.180920,60.250000,1.146412,0.000000,0.000000,0.592280,0.001320,0.592280,0.948880,1,14774,14807,33,8,464,14807,25000,14306,14960,654,501,1155,0.966165,0.956283,31,2,0.939394,7,1,0.875000,457,7,0.984914
291,0.145526,60.100000,1.123898,0.000000,0.000000,0.617160,0.001920,0.617160,0.941880,1,15381,15429,48,8,480,15429,25000,15191,15856,665,238,903,0.984575,0.958060,45,3,0.937500,7,1,0.875000,474,6,0.987500
292,0.195156,60.940000,1.115989,0.000000,0.000000,0.588320,0.001360,0.588320,0.925600,1,14674,14708,34,8,574,14708,25000,14141,15056,915,567,1482,0.961450,0.939227,28,6,0.823529,7,1,0.875000,558,16,0.972125
293,0.197521,59.440000,1.176033,0.000000,0.000000,0.581280,0.002120,0.581280,0.926840,1,14479,14532,53,3,460,14532,25000,13776,14320,544,756,1300,0.947977,0.962011,51,2,0.962264,3,0,1.000000,449,11,0.976087
294,0.209390,60.320000,1.135522,0.000000,0.000000,0.569160,0.001520,0.569160,0.920800,1,14191,14229,38,8,546,14229,25000,13643,14436,793,586,1379,0.958817,0.945068,35,3,0.921053,8,0,1.000000,533,13,0.976190
295,0.148553,59.720000,1.157168,0.000000,0.000000,0.626240,0.001280,0.626240,0.932760,1,15624,15656,32,7,525,15656,25000,15383,16016,633,273,906,0.982563,0.960477,32,0,1.000000,7,0,1.000000,516,9,0.982857
296,0.235264,60.920000,1.124534,0.000000,0.000000,0.599600,0.001320,0.599600,0.910040,1,14957,14990,33,5,433,14990,25000,14158,14744,586,832,1418,0.944496,0.960255,31,2,0.939394,5,0,1.000000,420,13,0.969977
297,0.156005,61.180000,1.122052,0.000000,0.000000,0.623680,0.001960,0.623680,0.940080,1,15543,15592,49,8,695,15592,25000,15302,15756,454,290,744,0.981401,0.971186,48,1,0.979592,8,0,1.000000,686,9,0.987050
298,0.198376,59.880000,1.139604,0.000000,0.000000,0.593480,0.001800,0.593480,0.923840,1,14792,14837,45,6,581,14837,25000,14222,14784,562,615,1177,0.958550,0.961986,40,5,0.888889,6,0,1.000000,565,16,0.972461
299,0.196651,60.560000,1.141706,0.000000,0.000000,0.618040,0.001440,0.618040,0.935440,1,15415,15451,36,7,498,15451,25000,14751,15180,429,700,1129,0.954695,0.971739,34,2,0.944444,7,0,1.000000,486,12,0.975904
300,0.178927,60.250000,1.132644,0.000000,0.000000,0.601800,0.001920,0.601800,0.922440,1,14997,15045,48,7,525,15045,25000,14544,15092,548,501,1049,0.966700,0.963689,46,2,0.958333,7,0,1.000000,516,9,0.982857
301,0.229270,59.450000,1.161903,0.000000,0.000000,0.609920,0.001000,0.609920,0.915360,1,15223,15248,25,4,540,15248,25000,14544,15112,568,704,1272,0.953830,0.962414,24,1,0.960000,4,0,1.000000,532,8,0.985185
302,0.170499,61.410000,1.099164,0.000000,0.000000,0.643560,0.002200,0.643560,0.934960,1,16034,16089,55,8,510,16089,25000,15765,16212,447,324,771,0.979862,0.972428,50,5,0.909091,8,0,1.000000,499,11,0.978431
303,0.159534,60.730000,1.115899,0.000000,0.000000,0.587000,0.001800,0.587000,0.940560,1,14630,14675,45,6,570,14675,25000,14358,14928,570,317,887,0.978399,0.961817,39,6,0.866667,6,0,1.000000,555,15,0.973684
304,0.136099,60.440000,1.129232,0.000000,0.000000,0.613760,0.001680,0.613760,0.945640,1,15302,15344,42,9,621,15344,25000,15093,15692,599,251,850,0.983642,0.961828,42,0,1.000000,9,0,1.000000,614,7,0.988728
305,0.193815,59.660000,1.138762,0.000000,0.000000,0.636760,0.001480,0.636760,0.911160,1,15882,15919,37,9,553,15919,25000,15425,16064,639,494,1133,0.968968,0.960222,37,0,1.000000,9,0,1.000000,550,3,0.994575
306,0.168063,57.440000,1.205338,0.000000,0.000000,0.623120,0.003000,0.623120,0.930200,1,15503,15578,75,12,575,15578,25000,15279,15912,633,299,932,0.980806,0.960219,73,2,0.973333,12,0,1.000000,567,8,0.986087
307,0.202881,60.650000,1.139041,0.000000,0.000000,0.593520,0.002480,0.593520,0.922560,1,14776,14838,62,8,665,14838,25000,14279,14604,325,559,884,0.962326,0.977746,60,2,0.967742,8,0,1.000000,656,9,0.986466
308,0.233994,59.900000,1.141563,0.000000,0.000000,0.633120,0.001480,0.633120,0.901680,1,15791,15828,37,5,511,15828,25000,15071,15436,365,757,1122,0.952173,0.976354,34,3,0.918919,5,0,1.000000,500,11,0.978474
309,0.200054,59.760000,1.141374,0.000000,0.000000,0.603960,0.002960,0.603960,0.909120,1,15025,15099,74,19,556,15099,25000,14344,15120,776,755,1531,0.949997,0.948677,71,3,0.959459,18,1,0.947368,544,12,0.978417
310,0.192688,61.540000,1.107515,0.000000,0.000000,0.619880,0.001680,0.619880,0.918280,1,15455,15497,42,10,644,15497,25000,14983,15468,485,514,999,0.966832,0.968645,40,2,0.952381,9,1,0.900000,636,8,0.987578
311,0.210163,60.630000,1.117661,0.000000,0.000000,0.614680,0.002320,0.614680,0.924040,1,15309,15367,58,6,604,15367,25000,14633,15000,367,734,1101,0.952235,0.975533,54,4,0.931034,5,1,0.833333,593,11,0.981788
312,0.186923,59.710000,1.162452,0.000000,0.000000,0.635240,0.001960,0.635240,0.929600,1,15832,15881,49,7,604,15881,25000,15392,15752,360,489,849,0.969208,0.977146,47,2,0.959184,7,0,1.000000,594,10,0.983444
313,0.233131,60.990000,1.132373,0.000000,0.000000,0.574440,0.001080,0.574440,0.897120,1,14334,14361,27,4,613,14361,25000,13572,13912,340,789,1129,0.945060,0.975561,25,2,0.925926,3,1,0.750000,600,13,0.978793
314,0.161115,58.490000,1.178168,0.000000,0.000000,0.617840,0.001480,0.617840,0.940800,1,15409,15446,37,6,651,15446,25000,15007,15572,565,439,1004,0.971578,0.963717,32,5,0.864865,6,0,1.000000,639,12,0.981567
315,0.161681,60.990000,1.119491,0.000000,0.000000,0.611240,0.001040,0.611240,0.939400,1,15255,15281,26,3,532,15281,25000,15055,15608,553,226,779,0.985210,0.964569,24,2,0.923077,3,0,1.000000,523,9,0.983083
316,0.229276,58.940000,1.170638,0.000000,0.000000,0.599280,0.002600,0.599280,0.908840,1,14917,14982,65,18,589,14982,25000,14208,14680,472,774,1246,0.948338,0.967847,62,3,0.953846,18,0,1.000000,576,13,0.977929
317,0.204843,60.940000,1.122097,0.000000,0.000000,0.631160,0.002120,0.631160,0.923200,1,15726,15779,53,9,584,15779,25000,15050,15432,382,729,1111,0.953799,0.975246,50,3,0.943396,9,0,1.000000,575,9,0.984589
318,0.201882,59.490000,1.150056,0.000000,0.000000,0.606600,0.001200,0.606600,0.930960,1,15135,15165,30,3,524,15165,25000,14398,14704,306,767,1073,0.949423,0.979189,28,2,0.933333,3,0,1.000000,512,12,0.977099
319,0.160716,59.080000,1.139162,0.000000,0.000000,0.621560,0.001680,0.621560,0.936400,1,15497,15539,42,6,704,15539,25000,15261,15852,591,278,869,0.982110,0.962718,40,2,0.952381,6,0,1.000000,692,12,0.982955
320,0.166338,60.810000,1.116362,0.000000,0.000000,0.603880,0.001480,0.603880,0.938760,1,15060,15097,37,2,656,15097,25000,14770,15152,382,327,709,0.978340,0.974789,36,1,0.972973,2,0,1.000000,641,15,0.977134
321,0.187021,61.040000,1.104927,0.000000,0.000000,0.580000,0.002360,0.580000,0.938280,1,14441,14500,59,13,790,14500,25000,14070,14640,570,430,1000,0.970345,0.961066,54,5,0.915254,13,0,1.000000,773,17,0.978481
322,0.213654,61.400000,1.090251,0.000000,0.000000,0.601280,0.001480,0.601280,0.903800,1,14995,15032,37,9,545,15032,25000,14431,15020,589,601,1190,0.960019,0.960786,35,2,0.945946,9,0,1.000000,536,9,0.983486
323,0.205420,60.730000,1.125687,0.000000,0.000000,0.569200,0.001800,0.569200,0.916280,1,14185,14230,45,7,605,14230,25000,13690,14080,390,540,930,0.962052,0.972301,42,3,0.933333,7,0,1.000000,591,14,0.976860
324,0.203474,61.200000,1.117187,0.000000,0.000000,0.621400,0.002040,0.621400,0.919880,1,15484,15535,51,7,680,15535,25000,14815,15248,433,720,1153,0.953653,0.971603,47,4,0.921569,7,0,1.000000,667,13,0.980882
325,0.153095,59.610000,1.139837,0.000000,0.000000,0.585520,0.001800,0.585520,0.944960,1,14593,14638,45,2,653,14638,25000,14336,14892,556,302,858,0.979369,0.962665,43,2,0.955556,2,0,1.000000,639,14,0.978560
326,0.183021,62.220000,1.087662,0.000000,0.000000,0.625720,0.001760,0.625720,0.937560,1,15599,15643,44,3,717,15643,25000,15310,15740,430,333,763,0.978713,0.972681,42,2,0.954545,3,0,1.000000,706,11,0.984658
327,0.205219,59.460000,1.151125,0.000000,0.000000,0.611160,0.002120,0.611160,0.904600,1,15226,15279,53,6,702,15279,25000,14754,15344,590,525,1115,0.965639,0.961548,51,2,0.962264,5,1,0.833333,690,12,0.982906
328,0.195891,58.520000,1.165097,0.000000,0.000000,0.601600,0.001920,0.601600,0.914800,1,14992,15040,48,6,707,15040,25000,14447,14804,357,593,950,0.960572,0.975885,46,2,0.958333,6,0,1.000000,689,18,0.974540
329,0.171020,62.590000,1.083269,0.000000,0.000000,0.577400,0.001880,0.577400,0.923040,1,14388,14435,47,6,742,14435,25000,14109,14468,359,326,685,0.977416,0.975187,44,3,0.936170,6,0,1.000000,730,12,0.983827
330,0.148743,62.480000,1.092854,0.000000,0.000000,0.633800,0.001880,0.633800,0.944560,1,15798,15845,47,8,634,15845,25000,15545,16076,531,300,831,0.981067,0.966969,44,3,0.936170,8,0,1.000000,617,17,0.973186
331,0.243934,61.570000,1.112459,0.000000,0.000000,0.583800,0.001360,0.583800,0.897520,1,14561,14595,34,0,675,14595,25000,13798,14144,346,797,1143,0.945392,0.975537,30,4,0.882353,0,0,0.000000,662,13,0.980741
332,0.218108,61.050000,1.113089,0.000000,0.000000,0.593360,0.001200,0.593360,0.923720,1,14804,14834,30,5,680,14834,25000,14256,14624,368,578,946,0.961035,0.974836,28,2,0.933333,5,0,1.000000,665,15,0.977941
333,0.195390,60.380000,1.117935,0.000000,0.000000,0.601960,0.001440,0.601960,0.915760,1,15013,15049,36,4,582,15049,25000,14467,15020,553,582,1135,0.961326,0.963182,33,3,0.916667,4,0,1.000000,567,15,0.974227
334,0.174055,59.900000,1.153602,0.000000,0.000000,0.616960,0.002880,0.616960,0.937120,1,15352,15424,72,5,722,15424,25000,14884,15304,420,540,960,0.964990,0.972556,70,2,0.972222,5,0,1.000000,710,12,0.983380
335,0.193698,59.820000,1.145889,0.000000,0.000000,0.607400,0.001960,0.607400,0.929440,1,15136,15185,49,6,548,15185,25000,14587,15056,469,598,1067,0.960619,0.968850,46,3,0.938776,6,0,1.000000,534,14,0.974453
336,0.224470,60.660000,1.123899,0.000000,0.000000,0.577920,0.001520,0.577920,0.923520,1,14410,14448,38,2,632,14448,25000,13650,14224,574,798,1372,0.944767,0.959646,37,1,0.973684,2,0,1.000000,623,9,0.985759
337,0.226765,61.480000,1.105036,0.000000,0.000000,0.631320,0.001440,0.631320,0.916920,1,15747,15783,36,3,661,15783,25000,14990,15520,530,793,1323,0.949756,0.965851,35,1,0.972222,3,0,1.000000,649,12,0.981846
338,0.173858,60.810000,1.120290,0.000000,0.000000,0.584120,0.001120,0.584120,0.937720,1,14575,14603,28,1,529,14603,25000,14062,14552,490,541,1031,0.962953,0.966328,26,2,0.928571,1,0,1.000000,515,14,0.973535
339,0.177167,61.180000,1.106100,0.000000,0.000000,0.609960,0.002480,0.609960,0.923840,1,15187,15249,62,9,759,15249,25000,14687,15064,377,562,939,0.963145,0.974973,60,2,0.967742,9,0,1.000000,741,18,0.976285
340,0.225439,59.230000,1.145964,0.000000,0.000000,0.581200,0.002440,0.581200,0.911600,1,14469,14530,61,7,720,14530,25000,13729,14108,379,801,1180,0.944873,0.973136,59,2,0.967213,7,0,1.000000,708,12,0.983333
341,0.213706,60.810000,1.116974,0.000000,0.000000,0.612480,0.001640,0.612480,0.907760,1,15271,15312,41,7,606,15312,25000,14549,15060,511,763,1274,0.950170,0.966069,39,2,0.951220,6,1,0.857143,594,12,0.980198
342,0.174034,61.270000,1.107028,0.000000,0.000000,0.582360,0.002920,0.582360,0.926320,1,14486,14559,73,12,655,14559,25000,14052,14768,716,507,1223,0.965176,0.951517,70,3,0.958904,12,0,1.000000,643,12,0.981679
343,0.147198,59.870000,1.161244,0.000000,0.000000,0.625760,0.001440,0.625760,0.950160,1,15608,15644,36,2,641,15644,25000,15219,15736,517,425,942,0.972833,0.967145,36,0,1.000000,2,0,1.000000,632,9,0.985959
344,0.164529,61.750000,1.082659,0.000000,0.000000,0.583440,0.003120,0.583440,0.939120,1,14508,14586,78,11,706,14586,25000,14293,14680,387,293,680,0.979912,0.973638,73,5,0.935897,11,0,1.000000,691,15,0.978754
345,0.157026,60.290000,1.130964,0.000000,0.000000,0.639360,0.002560,0.639360,0.946760,1,15920,15984,64,4,747,15984,25000,15514,16068,554,470,1024,0.970596,0.965522,62,2,0.968750,4,0,1.000000,732,15,0.979920
346,0.211771,59.650000,1.142051,0.000000,0.000000,0.631440,0.002000,0.631440,0.927240,1,15736,15786,50,7,729,15786,25000,14995,15392,397,791,1188,0.949892,0.974207,48,2,0.960000,6,1,0.857143,714,15,0.979424
347,0.175184,61.180000,1.112100,0.000000,0.000000,0.631640,0.001280,0.631640,0.920320,1,15759,15791,32,3,567,15791,25000,15260,15772,512,531,1043,0.966373,0.967537,29,3,0.906250,3,0,1.000000,552,15,0.973545
348,0.183503,62.070000,1.099739,0.000000,0.000000,0.592200,0.001960,0.592200,0.939760,1,14756,14805,49,5,821,14805,25000,14249,14680,431,556,987,0.962445,0.970640,45,4,0.918367,5,0,1.000000,808,13,0.984166
349,0.159171,60.700000,1.128728,0.000000,0.000000,0.610640,0.004320,0.610640,0.941880,1,15158,15266,108,12,675,15266,25000,14926,15256,330,340,670,0.977728,0.978369,104,4,0.962963,12,0,1.000000,665,10,0.985185
350,0.213865,58.980000,1.159215,0.000000,0.000000,0.597080,0.004120,0.597080,0.916520,1,14824,14927,103,9,793,14927,25000,14311,14740,429,616,1045,0.958732,0.970896,98,5,0.951456,9,0,1.000000,773,20,0.974779
351,0.181708,62.330000,1.087142,0.000000,0.000000,0.600920,0.002280,0.600920,0.931440,1,14966,15023,57,11,760,15023,25000,14446,14764,318,577,895,0.961592,0.978461,56,1,0.982456,11,0,1.000000,747,13,0.982895
352,0.166120,59.280000,1.164755,0.000000,0.000000,0.619360,0.001440,0.619360,0.932720,1,15448,15484,36,4,733,15484,25000,14944,15348,404,540,944,0.965125,0.973677,33,3,0.916667,4,0,1.000000,716,17,0.976808
353,0.210947,62.150000,1.078705,0.000000,0.000000,0.641920,0.001320,0.641920,0.910680,1,16015,16048,33,7,655,16048,25000,15269,15820,551,779,1330,0.951458,0.965171,30,3,0.909091,7,0,1.000000,642,13,0.980153
354,0.179946,60.960000,1.121235,0.000000,0.000000,0.571440,0.002040,0.571440,0.930840,1,14235,14286,51,6,697,14286,25000,13759,14080,321,527,848,0.963111,0.977202,46,5,0.901961,6,0,1.000000,680,17,0.975610
355,0.194576,61.640000,1.106728,0.000000,0.000000,0.626160,0.001520,0.626160,0.926760,1,15616,15654,38,1,665,15654,25000,14960,15520,560,694,1254,0.955666,0.963918,37,1,0.973684,1,0,1.000000,658,7,0.989474
356,0.182728,61.770000,1.100268,0.000000,0.000000,0.634640,0.002000,0.634640,0.927120,1,15816,15866,50,6,830,15866,25000,15384,15788,404,482,886,0.969621,0.974411,48,2,0.960000,6,0,1.000000,820,10,0.987952
357,0.179101,59.930000,1.147413,0.000000,0.000000,0.617480,0.001800,0.617480,0.925840,1,15392,15437,45,2,655,15437,25000,14941,15496,555,496,1051,0.967869,0.964184,41,4,0.911111,2,0,1.000000,642,13,0.980153
358,0.166187,60.550000,1.130795,0.000000,0.000000,0.634200,0.002560,0.634200,0.921960,1,15791,15855,64,13,742,15855,25000,15319,15888,569,536,1105,0.966194,0.964187,63,1,0.984375,13,0,1.000000,726,16,0.978437
359,0.150349,61.540000,1.115836,0.000000,0.000000,0.592120,0.002560,0.592120,0.947920,1,14739,14803,64,3,722,14803,25000,14472,14780,308,331,639,0.977640,0.979161,60,4,0.937500,3,0,1.000000,705,17,0.976454
360,0.174765,59.840000,1.139386,0.000000,0.000000,0.574320,0.001920,0.574320,0.933280,1,14310,14358,48,8,674,14358,25000,13817,14344,527,541,1068,0.962321,0.963260,47,1,0.979167,8,0,1.000000,661,13,0.980712
361,0.232750,60.430000,1.139835,0.000000,0.000000,0.594400,0.002600,0.594400,0.910000,1,14795,14860,65,9,827,14860,25000,14084,14712,628,776,1404,0.947779,0.957314,63,2,0.969231,9,0,1.000000,811,16,0.980653
362,0.148717,59.630000,1.166628,0.000000,0.000000,0.621000,0.002080,0.621000,0.951680,1,15473,15525,52,8,634,15525,25000,15262,15836,574,263,837,0.983060,0.963753,49,3,0.942308,8,0,1.000000,617,17,0.973186
363,0.210042,61.620000,1.109854,0.000000,0.000000,0.586080,0.002240,0.586080,0.906600,1,14596,14652,56,5,676,14652,25000,14072,14568,496,580,1076,0.960415,0.965953,54,2,0.964286,5,0,1.000000,661,15,0.977811
364,0.180812,60.980000,1.129831,0.000000,0.000000,0.615040,0.004200,0.615040,0.942440,1,15271,15376,105,13,850,15376,25000,14918,15492,574,458,1032,0.970213,0.962949,102,3,0.971429,13,0,1.000000,835,15,0.982353
365,0.209284,62.270000,1.105145,0.000000,0.000000,0.550520,0.002440,0.550520,0.916840,1,13702,13763,61,2,819,13763,25000,12945,13268,323,818,1141,0.940565,0.975656,56,5,0.918033,1,1,0.500000,801,18,0.978022
366,0.203948,60.830000,1.127585,0.000000,0.000000,0.615640,0.002160,0.615640,0.929240,1,15337,15391,54,5,800,15391,25000,14623,14980,357,768,1125,0.950101,0.976168,50,4,0.925926,4,1,0.800000,782,18,0.977500
367,0.232244,61.370000,1.112228,0.000000,0.000000,0.636440,0.001720,0.636440,0.920960,1,15868,15911,43,2,793,15911,25000,15183,15776,593,728,1321,0.954245,0.962411,40,3,0.930233,2,0,1.000000,778,15,0.981084
368,0.194232,61.100000,1.127343,0.000000,0.000000,0.624840,0.002200,0.624840,0.929160,1,15566,15621,55,6,778,15621,25000,14917,15484,567,704,1271,0.954932,0.963382,55,0,1.000000,6,0,1.000000,764,14,0.982005
369,0.202856,60.310000,1.132132,0.000000,0.000000,0.629480,0.002600,0.629480,0.904480,1,15672,15737,65,4,816,15737,25000,14987,15332,345,750,1095,0.952342,0.977498,63,2,0.969231,4,0,1.000000,799,17,0.979167
370,0.173598,59.650000,1.138532,0.000000,0.000000,0.608280,0.003960,0.608280,0.931760,1,15108,15207,99,17,878,15207,25000,14723,15200,477,484,961,0.968173,0.968618,94,5,0.949495,17,0,1.000000,859,19,0.978360
371,0.132583,61.950000,1.089962,0.000000,0.000000,0.615200,0.002680,0.615200,0.954560,1,15313,15380,67,15,824,15380,25000,15107,15684,577,273,850,0.982250,0.963211,65,2,0.970149,14,1,0.933333,811,13,0.984223
372,0.238646,62.190000,1.086452,0.000000,0.000000,0.594880,0.003800,0.594880,0.914640,1,14777,14872,95,7,751,14872,25000,13918,14480,562,954,1516,0.935853,0.961188,94,1,0.989474,7,0,1.000000,734,17,0.977364
373,0.182685,61.920000,1.092018,0.000000,0.000000,0.617080,0.001880,0.617080,0.933440,1,15380,15427,47,2,737,15427,25000,14820,15148,328,607,935,0.960653,0.978347,46,1,0.978723,2,0,1.000000,722,15,0.979647
374,0.180990,58.450000,1.170654,0.000000,0.000000,0.612440,0.002520,0.612440,0.939960,1,15248,15311,63,8,876,15311,25000,14750,15288,538,561,1099,0.963360,0.964809,60,3,0.952381,8,0,1.000000,862,14,0.984018
375,0.129753,58.820000,1.176375,0.000000,0.000000,0.656400,0.001640,0.656400,0.947080,1,16369,16410,41,5,786,16410,25000,16158,16712,554,252,806,0.984644,0.966850,37,4,0.902439,4,1,0.800000,772,14,0.982188
376,0.174409,59.120000,1.168999,0.000000,0.000000,0.611760,0.002240,0.611760,0.933160,1,15238,15294,56,13,807,15294,25000,14976,15536,560,318,878,0.979208,0.963955,51,5,0.910714,11,2,0.846154,790,17,0.978934
377,0.158323,60.430000,1.130213,0.000000,0.000000,0.632640,0.002320,0.632640,0.941760,1,15758,15816,58,15,773,15816,25000,15350,15884,534,466,1000,0.970536,0.966381,57,1,0.982759,15,0,1.000000,760,13,0.983182
378,0.210909,61.610000,1.104475,0.000000,0.000000,0.623320,0.001840,0.623320,0.912040,1,15537,15583,46,4,803,15583,25000,14864,15412,548,719,1267,0.953860,0.964443,42,4,0.913043,4,0,1.000000,785,18,0.977584
379,0.199944,59.780000,1.148281,0.000000,0.000000,0.621600,0.001840,0.621600,0.916280,1,15494,15540,46,9,769,15540,25000,14791,15180,389,749,1138,0.951802,0.974374,43,3,0.934783,9,0,1.000000,752,17,0.977893
380,0.165406,61.360000,1.091809,0.000000,0.000000,0.565440,0.002320,0.565440,0.930360,1,14078,14136,58,9,922,14136,25000,13752,14352,600,384,984,0.972835,0.958194,54,4,0.931034,9,0,1.000000,902,20,0.978308
381,0.186970,60.870000,1.111998,0.000000,0.000000,0.622640,0.002040,0.622640,0.922440,1,15515,15566,51,6,837,15566,25000,14896,15196,300,670,970,0.956957,0.980258,47,4,0.921569,6,0,1.000000,818,19,0.977300
382,0.192218,60.350000,1.141662,0.000000,0.000000,0.600920,0.003480,0.600920,0.929680,1,14936,15023,87,7,992,15023,25000,14404,15012,608,619,1227,0.958797,0.959499,81,6,0.931034,7,0,1.000000,971,21,0.978831
383,0.246500,61.930000,1.093850,0.000000,0.000000,0.592520,0.002720,0.592520,0.912040,1,14745,14813,68,6,871,14813,25000,13920,14484,564,893,1457,0.939715,0.961060,64,4,0.941176,6,0,1.000000,856,15,0.982778
384,0.214803,61.200000,1.124726,0.000000,0.000000,0.577280,0.001760,0.577280,0.936400,1,14388,14432,44,2,825,14432,25000,13545,13992,447,887,1334,0.938539,0.968053,40,4,0.909091,2,0,1.000000,806,19,0.976970
385,0.187078,62.120000,1.101511,0.000000,0.000000,0.583040,0.002080,0.583040,0.933400,1,14524,14576,52,6,789,14576,25000,14073,14372,299,503,802,0.965491,0.979196,50,2,0.961538,6,0,1.000000,773,16,0.979721
386,0.149518,60.560000,1.127377,0.000000,0.000000,0.594480,0.002600,0.594480,0.939240,1,14797,14862,65,8,935,14862,25000,14542,15120,578,320,898,0.978469,0.961772,62,3,0.953846,8,0,1.000000,917,18,0.980749
387,0.176419,62.360000,1.094342,0.000000,0.000000,0.612240,0.002160,0.612240,0.933520,1,15252,15306,54,1,885,15306,25000,14695,15236,541,611,1152,0.960081,0.964492,52,2,0.962963,1,0,1.000000,867,18,0.979661
388,0.170930,60.570000,1.152053,0.000000,0.000000,0.644520,0.002520,0.644520,0.940040,1,16050,16113,63,3,882,16113,25000,15567,16060,493,546,1039,0.966114,0.969303,62,1,0.984127,3,0,1.000000,867,15,0.982993
389,0.202984,62.400000,1.096432,0.000000,0.000000,0.597760,0.002360,0.597760,0.901680,1,14885,14944,59,12,847,14944,25000,14328,14832,504,616,1120,0.958779,0.966019,56,3,0.949153,11,1,0.916667,830,17,0.979929
390,0.193469,61.140000,1.117690,0.000000,0.000000,0.617080,0.002920,0.617080,0.915280,1,15354,15427,73,7,878,15427,25000,14973,15304,331,454,785,0.970571,0.978372,64,9,0.876712,6,1,0.857143,857,21,0.976082
391,0.200356,61.820000,1.102339,0.000000,0.000000,0.609520,0.003000,0.609520,0.918760,1,15163,15238,75,16,925,15238,25000,14496,15068,572,742,1314,0.951306,0.962039,72,3,0.960000,16,0,1.000000,905,20,0.978378
392,0.221189,60.910000,1.101648,0.000000,0.000000,0.633200,0.001960,0.633200,0.903640,1,15781,15830,49,3,866,15830,25000,14967,15476,509,863,1372,0.945483,0.967110,46,3,0.938776,3,0,1.000000,844,22,0.974596
393,0.174301,63.030000,1.065168,0.000000,0.000000,0.569840,0.001960,0.569840,0.927640,1,14197,14246,49,4,803,14246,25000,13856,14188,332,390,722,0.972624,0.976600,40,9,0.816327,2,2,0.500000,784,19,0.976339
394,0.173457,61.730000,1.117151,0.000000,0.000000,0.623880,0.001680,0.623880,0.931240,1,15555,15597,42,3,930,15597,25000,15090,15628,538,507,1045,0.967494,0.965575,39,3,0.928571,3,0,1.000000,913,17,0.981720
395,0.223158,61.550000,1.098884,0.000000,0.000000,0.609400,0.001520,0.609400,0.916080,1,15197,15235,38,3,936,15235,25000,14456,14768,312,779,1091,0.948868,0.978873,36,2,0.947368,3,0,1.000000,918,18,0.980769
396,0.187501,60.090000,1.141803,0.000000,0.000000,0.605240,0.001760,0.605240,0.930120,1,15087,15131,44,8,828,15131,25000,14618,15152,534,513,1047,0.966096,0.964757,40,4,0.909091,6,2,0.750000,812,16,0.980676
397,0.191617,60.260000,1.134730,0.000000,0.000000,0.572560,0.003080,0.572560,0.926600,1,14237,14314,77,7,864,14314,25000,13720,14240,520,594,1114,0.958502,0.963483,72,5,0.935065,6,1,0.857143,840,24,0.972222
398,0.145409,59.400000,1.159801,0.000000,0.000000,0.575440,0.002320,0.575440,0.948800,1,14328,14386,58,2,857,14386,25000,14089,14560,471,297,768,0.979355,0.967651,54,4,0.931034,2,0,1.000000,832,25,0.970828
399,0.196684,62.740000,1.082328,0.000000,0.000000,0.607760,0.002080,0.607760,0.927120,1,15142,15194,52,2,805,15194,25000,14430,14936,506,764,1270,0.949717,0.966122,49,3,0.942308,2,0,1.000000,789,16,0.980124
400,0.181599,58.870000,1.170891,0.000000,0.000000,0.618200,0.002360,0.618200,0.928720,1,15396,15455,59,7,909,15455,25000,14723,15244,521,732,1253,0.952637,0.965823,48,11,0.813559,7,0,1.000000,884,25,0.972497
401,0.172952,60.870000,1.108156,0.000000,0.000000,0.608440,0.002440,0.608440,0.929200,1,15150,15211,61,5,997,15211,25000,14685,14996,311,526,837,0.965420,0.979261,53,8,0.868852,4,1,0.800000,968,29,0.970913
402,0.178052,61.200000,1.125447,0.000000,0.000000,0.591760,0.002600,0.591760,0.913200,1,14729,14794,65,3,1042,14794,25000,14201,14580,379,593,972,0.959916,0.974005,61,4,0.938462,3,0,1.000000,1015,27,0.974088
403,0.188053,60.930000,1.129009,0.000000,0.000000,0.599240,0.002200,0.599240,0.930440,1,14926,14981,55,4,850,14981,25000,14157,14668,511,824,1335,0.944997,0.965162,50,5,0.909091,4,0,1.000000,831,19,0.977647
404,0.169511,62.190000,1.094833,0.000000,0.000000,0.611640,0.002440,0.611640,0.931280,1,15230,15291,61,7,941,15291,25000,14958,15352,394,333,727,0.978222,0.974336,57,4,0.934426,7,0,1.000000,917,24,0.974495
405,0.206770,60.450000,1.134132,0.000000,0.000000,0.610400,0.002080,0.610400,0.921400,1,15208,15260,52,6,1011,15260,25000,14462,14748,286,798,1084,0.947706,0.980608,47,5,0.903846,5,1,0.833333,989,22,0.978239
406,0.153049,61.910000,1.119585,0.000000,0.000000,0.600080,0.001760,0.600080,0.937760,1,14958,15002,44,1,904,15002,25000,14488,14964,476,514,990,0.965738,0.968190,39,5,0.886364,1,0,1.000000,876,28,0.969027
407,0.151093,61.560000,1.124348,0.000000,0.000000,0.621760,0.002560,0.621760,0.941760,1,15480,15544,64,6,870,15544,25000,15041,15336,295,503,798,0.967640,0.980764,58,6,0.906250,6,0,1.000000,852,18,0.979310
408,0.188824,59.860000,1.131131,0.000000,0.000000,0.573960,0.003240,0.573960,0.921240,1,14268,14349,81,4,931,14349,25000,13766,14272,506,583,1089,0.959370,0.964546,75,6,0.925926,4,0,1.000000,917,14,0.984962
409,0.221434,62.050000,1.099522,0.000000,0.000000,0.626000,0.002360,0.626000,0.917920,1,15591,15650,59,7,848,15650,25000,14884,15440,556,766,1322,0.951054,0.963990,57,2,0.966102,6,1,0.857143,832,16,0.981132
410,0.160891,61.760000,1.108966,0.000000,0.000000,0.614640,0.003360,0.614640,0.925600,1,15282,15366,84,16,1038,15366,25000,14831,15420,589,535,1124,0.965183,0.961803,78,6,0.928571,16,0,1.000000,1015,23,0.977842
411,0.162908,59.890000,1.155579,0.000000,0.000000,0.573840,0.001920,0.573840,0.940440,1,14298,14346,48,2,969,14346,25000,13808,14088,280,538,818,0.962498,0.980125,44,4,0.916667,2,0,1.000000,947,22,0.977296
412,0.172332,61.330000,1.119010,0.000000,0.000000,0.633120,0.003440,0.633120,0.950920,1,15742,15828,86,7,977,15828,25000,15321,15624,303,507,810,0.967968,0.980607,82,4,0.953488,7,0,1.000000,960,17,0.982600
413,0.169295,62.090000,1.107520,0.000000,0.000000,0.598360,0.002280,0.598360,0.931680,1,14902,14959,57,8,1004,14959,25000,14426,14812,386,533,919,0.964369,0.973940,51,6,0.894737,8,0,1.000000,983,21,0.979084
414,0.155172,60.710000,1.134822,0.000000,0.000000,0.625520,0.002720,0.625520,0.934400,1,15570,15638,68,7,1079,15638,25000,15299,15612,313,339,652,0.978322,0.979951,63,5,0.926471,6,1,0.857143,1051,28,0.974050
415,0.174418,61.760000,1.106777,0.000000,0.000000,0.633720,0.002200,0.633720,0.925160,1,15788,15843,55,1,1112,15843,25000,15545,16024,479,298,777,0.981190,0.970107,44,11,0.800000,1,0,1.000000,1084,28,0.974820
416,0.202666,61.920000,1.109593,0.000000,0.000000,0.605080,0.002000,0.605080,0.924000,1,15077,15127,50,2,765,15127,25000,14400,14860,460,727,1187,0.951940,0.969044,44,6,0.880000,2,0,1.000000,744,21,0.972549
417,0.160391,62.260000,1.107368,0.000000,0.000000,0.624160,0.001840,0.624160,0.936160,1,15558,15604,46,3,878,15604,25000,15110,15360,250,494,744,0.968341,0.983724,41,5,0.891304,3,0,1.000000,856,22,0.974943
418,0.203027,60.520000,1.138351,0.000000,0.000000,0.562320,0.001920,0.562320,0.909120,1,14010,14058,48,4,1131,14058,25000,13671,14152,481,387,868,0.972471,0.966012,35,13,0.729167,3,1,0.750000,1103,28,0.975243
419,0.172245,61.840000,1.116865,0.000000,0.000000,0.612800,0.002560,0.612800,0.931640,1,15256,15320,64,14,885,15320,25000,14763,15404,641,557,1198,0.963642,0.958387,57,7,0.890625,13,1,0.928571,861,24,0.972881
420,0.174759,62.030000,1.100171,0.000000,0.000000,0.614440,0.002560,0.614440,0.927520,1,15297,15361,64,1,982,15361,25000,14837,15440,603,524,1127,0.965888,0.960946,60,4,0.937500,1,0,1.000000,956,26,0.973523
421,0.159464,63.060000,1.076866,0.000000,0.000000,0.607160,0.001480,0.607160,0.934000,1,15142,15179,37,2,856,15179,25000,14711,15172,461,468,929,0.969168,0.969615,33,4,0.891892,2,0,1.000000,841,15,0.982477
422,0.198753,63.070000,1.071707,0.000000,0.000000,0.559960,0.002600,0.559960,0.916640,1,13934,13999,65,3,1061,13999,25000,13397,13908,511,602,1113,0.956997,0.963259,60,5,0.923077,3,0,1.000000,1032,29,0.972667
423,0.202233,58.380000,1.216047,0.000000,0.000000,0.601520,0.001800,0.601520,0.939400,1,14993,15038,45,1,927,15038,25000,14282,14720,438,756,1194,0.949727,0.970245,44,1,0.977778,1,0,1.000000,909,18,0.980583
424,0.194414,61.720000,1.121246,0.000000,0.000000,0.649240,0.002480,0.649240,0.929160,1,16169,16231,62,8,877,16231,25000,15630,16100,470,601,1071,0.962972,0.970807,57,5,0.919355,8,0,1.000000,856,21,0.976055
425,0.179411,62.370000,1.080262,0.000000,0.000000,0.570000,0.002960,0.570000,0.938640,1,14176,14250,74,8,964,14250,25000,13693,14228,535,557,1092,0.960912,0.962398,66,8,0.891892,8,0,1.000000,937,27,0.971992
426,0.184126,60.750000,1.121002,0.000000,0.000000,0.582880,0.002600,0.582880,0.924920,1,14507,14572,65,3,966,14572,25000,14100,14428,328,472,800,0.967609,0.977266,61,4,0.938462,3,0,1.000000,936,30,0.968944
427,0.168290,60.870000,1.114748,0.000000,0.000000,0.612480,0.003040,0.612480,0.931400,1,15236,15312,76,7,1065,15312,25000,14882,15364,482,430,912,0.971917,0.968628,71,5,0.934211,7,0,1.000000,1040,25,0.976526
428,0.199037,62.000000,1.078209,0.000000,0.000000,0.586080,0.002120,0.586080,0.935120,1,14599,14652,53,2,735,14652,25000,13841,14128,287,811,1098,0.944649,0.979686,48,5,0.905660,2,0,1.000000,705,30,0.959184
429,0.158439,59.200000,1.186959,0.000000,0.000000,0.615320,0.002560,0.615320,0.934920,1,15319,15383,64,5,978,15383,25000,15049,15572,523,334,857,0.978288,0.966414,58,6,0.906250,4,1,0.800000,952,26,0.973415
430,0.173508,62.130000,1.098811,0.000000,0.000000,0.613560,0.002960,0.613560,0.938960,1,15265,15339,74,7,1067,15339,25000,14744,15256,512,595,1107,0.961210,0.966439,70,4,0.945946,7,0,1.000000,1040,27,0.974695
431,0.175738,60.530000,1.142865,0.000000,0.000000,0.596480,0.002400,0.596480,0.930440,1,14852,14912,60,3,880,14912,25000,14364,14668,304,548,852,0.963251,0.979275,53,7,0.883333,3,0,1.000000,852,28,0.968182
432,0.159314,62.080000,1.083527,0.000000,0.000000,0.607400,0.002480,0.607400,0.929760,1,15123,15185,62,4,1021,15185,25000,14651,14972,321,534,855,0.964834,0.978560,59,3,0.951613,4,0,1.000000,1001,20,0.980411
433,0.202234,59.290000,1.152536,0.000000,0.000000,0.593840,0.002320,0.593840,0.926160,1,14788,14846,58,5,1042,14846,25000,14275,14584,309,571,880,0.961538,0.978812,54,4,0.931034,5,0,1.000000,1012,30,0.971209
434,0.188846,62.380000,1.082063,0.000000,0.000000,0.589440,0.002880,0.589440,0.910200,1,14664,14736,72,6,1041,14736,25000,14164,14708,544,572,1116,0.961183,0.963013,67,5,0.930556,5,1,0.833333,1013,28,0.973103
435,0.157507,62.050000,1.097399,0.000000,0.000000,0.611520,0.003240,0.611520,0.939400,1,15207,15288,81,6,1054,15288,25000,14994,15496,502,294,796,0.980769,0.967605,76,5,0.938272,6,0,1.000000,1038,16,0.984820
436,0.193987,61.530000,1.101982,0.000000,0.000000,0.639600,0.003040,0.639600,0.912160,1,15914,15990,76,5,1076,15990,25000,15230,15760,530,760,1290,0.952470,0.966371,71,5,0.934211,5,0,1.000000,1052,24,0.977695
437,0.172305,62.610000,1.086325,0.000000,0.000000,0.623840,0.002920,0.623840,0.931480,1,15523,15596,73,5,1004,15596,25000,15024,15356,332,572,904,0.963324,0.978380,68,5,0.931507,4,1,0.800000,979,25,0.975100
438,0.190021,61.170000,1.140366,0.000000,0.000000,0.664000,0.002000,0.664000,0.925040,1,16550,16600,50,3,1089,16600,25000,15836,16136,300,764,1064,0.953976,0.981408,44,6,0.880000,3,0,1.000000,1071,18,0.983471
439,0.155858,60.980000,1.139753,0.000000,0.000000,0.660800,0.003440,0.660800,0.935680,1,16434,16520,86,10,982,16520,25000,15988,16336,348,532,880,0.967797,0.978697,77,9,0.895349,9,1,0.900000,956,26,0.973523
440,0.144602,62.340000,1.083669,0.000000,0.000000,0.650200,0.002120,0.650200,0.944280,1,16202,16255,53,8,1102,16255,25000,15936,16288,352,319,671,0.980375,0.978389,49,4,0.924528,6,2,0.750000,1074,28,0.974592
441,0.201646,61.670000,1.114871,0.000000,0.000000,0.612200,0.001840,0.612200,0.937480,1,15259,15305,46,5,943,15305,25000,14556,14808,252,749,1001,0.951062,0.982982,44,2,0.956522,5,0,1.000000,925,18,0.980912
442,0.142044,63.130000,1.069504,0.000000,0.000000,0.626480,0.002480,0.626480,0.939960,1,15600,15662,62,3,830,15662,25000,15381,15720,339,281,620,0.982058,0.978435,58,4,0.935484,3,0,1.000000,811,19,0.977108
443,0.142327,62.220000,1.082972,0.000000,0.000000,0.565920,0.003120,0.565920,0.950080,1,14070,14148,78,4,904,14148,25000,13799,14068,269,349,618,0.975332,0.980879,71,7,0.910256,4,0,1.000000,877,27,0.970133
444,0.158737,61.480000,1.114578,0.000000,0.000000,0.589960,0.002920,0.589960,0.935920,1,14676,14749,73,8,1050,14749,25000,14251,14756,505,498,1003,0.966235,0.965777,65,8,0.890411,7,1,0.875000,1019,31,0.970476
445,0.180024,62.860000,1.076242,0.000000,0.000000,0.586920,0.002000,0.586920,0.933240,1,14623,14673,50,5,931,14673,25000,14148,14464,316,525,841,0.964220,0.978153,46,4,0.920000,4,1,0.800000,902,29,0.968851
446,0.162295,61.590000,1.100343,0.000000,0.000000,0.643720,0.002920,0.643720,0.942840,1,16020,16093,73,14,1026,16093,25000,15547,15900,353,546,899,0.966072,0.977799,65,8,0.890411,14,0,1.000000,1002,24,0.976608
447,0.121155,62.390000,1.095424,0.000000,0.000000,0.606160,0.002080,0.606160,0.957640,1,15102,15154,52,6,1010,15154,25000,14888,15152,264,266,530,0.982447,0.982577,44,8,0.846154,6,0,1.000000,981,29,0.971287
448,0.198912,61.360000,1.114743,0.000000,0.000000,0.557280,0.002560,0.557280,0.925320,1,13868,13932,64,8,1109,13932,25000,13332,13616,284,600,884,0.956934,0.979142,59,5,0.921875,8,0,1.000000,1075,34,0.969342
449,0.254609,61.890000,1.103029,0.000000,0.000000,0.607280,0.002640,0.607280,0.915320,1,15116,15182,66,2,1085,15182,25000,14276,14520,244,906,1150,0.940324,0.983196,53,13,0.803030,2,0,1.000000,1056,29,0.973272
450,0.190861,61.450000,1.105891,0.000000,0.000000,0.613320,0.002560,0.613320,0.910600,1,15269,15333,64,2,1219,15333,25000,14688,15152,464,645,1109,0.957934,0.969377,59,5,0.921875,2,0,1.000000,1188,31,0.974569
451,0.189191,62.780000,1.074679,0.000000,0.000000,0.586360,0.002480,0.586360,0.932680,1,14597,14659,62,8,959,14659,25000,14027,14336,309,632,941,0.956887,0.978446,58,4,0.935484,8,0,1.000000,934,25,0.973931
452,0.178976,61.820000,1.099622,0.000000,0.000000,0.658680,0.002440,0.658680,0.916200,1,16406,16467,61,4,1056,16467,25000,15700,16032,332,767,1099,0.953422,0.979291,56,5,0.918033,4,0,1.000000,1032,24,0.977273
453,0.213276,62.300000,1.094875,0.000000,0.000000,0.597640,0.002040,0.597640,0.925480,1,14890,14941,51,4,1131,14941,25000,14278,14560,282,663,945,0.955625,0.980632,41,10,0.803922,4,0,1.000000,1097,34,0.969938
454,0.213411,61.820000,1.100697,0.000000,0.000000,0.615200,0.002760,0.615200,0.897440,1,15311,15380,69,6,1112,15380,25000,14585,14860,275,795,1070,0.948309,0.981494,60,9,0.869565,6,0,1.000000,1077,35,0.968525
455,0.207693,61.310000,1.113189,0.000000,0.000000,0.573800,0.002360,0.573800,0.920520,1,14286,14345,59,1,1100,14345,25000,13667,13992,325,678,1003,0.952736,0.976772,49,10,0.830508,1,0,1.000000,1061,39,0.964545
456,0.190061,62.820000,1.074437,0.000000,0.000000,0.583840,0.003000,0.583840,0.926000,1,14521,14596,75,10,1113,14596,25000,13902,14248,346,694,1040,0.952453,0.975716,68,7,0.906667,9,1,0.900000,1084,29,0.973944
457,0.182898,63.130000,1.068817,0.000000,0.000000,0.599760,0.003840,0.599760,0.918160,1,14898,14994,96,7,984,14994,25000,14344,14676,332,650,982,0.956649,0.977378,92,4,0.958333,7,0,1.000000,957,27,0.972561
458,0.166235,60.760000,1.140278,0.000000,0.000000,0.613200,0.002520,0.613200,0.939320,1,15267,15330,63,3,1215,15330,25000,14817,15104,287,513,800,0.966536,0.980998,59,4,0.936508,3,0,1.000000,1187,28,0.976955
459,0.206557,61.870000,1.102782,0.000000,0.000000,0.615960,0.002600,0.615960,0.935760,1,15334,15399,65,6,1022,15399,25000,14494,14772,278,905,1183,0.941230,0.981181,60,5,0.923077,6,0,1.000000,999,23,0.977495
460,0.188248,62.480000,1.093726,0.000000,0.000000,0.602800,0.002320,0.602800,0.920960,1,15012,15070,58,2,1088,15070,25000,14418,14720,302,652,954,0.956735,0.979484,55,3,0.948276,2,0,1.000000,1059,29,0.973346
461,0.141340,62.680000,1.085638,0.000000,0.000000,0.625440,0.001360,0.625440,0.950840,1,15602,15636,34,2,900,15636,25000,15160,15380,220,476,696,0.969557,0.985696,33,1,0.970588,2,0,1.000000,882,18,0.980000
462,0.223920,61.670000,1.109145,0.000000,0.000000,0.590120,0.003000,0.590120,0.919080,1,14678,14753,75,6,938,14753,25000,13878,14152,274,875,1149,0.940690,0.980639,70,5,0.933333,5,1,0.833333,916,22,0.976546
463,0.157693,60.440000,1.144473,0.000000,0.000000,0.594920,0.001960,0.594920,0.931720,1,14824,14873,49,4,1036,14873,25000,14366,14680,314,507,821,0.965911,0.978610,44,5,0.897959,4,0,1.000000,1014,22,0.978764
464,0.142587,62.960000,1.086215,0.000000,0.000000,0.628960,0.002320,0.628960,0.946720,1,15666,15724,58,4,1076,15724,25000,15257,15524,267,467,734,0.970300,0.982801,51,7,0.879310,4,0,1.000000,1050,26,0.975836
465,0.173018,63.730000,1.049727,0.000000,0.000000,0.613040,0.002400,0.613040,0.931040,1,15266,15326,60,4,1044,15326,25000,14931,15196,265,395,660,0.974227,0.982561,56,4,0.933333,4,0,1.000000,1014,30,0.971264
466,0.174922,61.880000,1.096065,0.000000,0.000000,0.619440,0.004200,0.619440,0.915040,1,15381,15486,105,11,1348,15486,25000,15055,15428,373,431,804,0.972168,0.975823,89,16,0.847619,10,1,0.909091,1307,41,0.969585
467,0.187209,62.110000,1.095633,0.000000,0.000000,0.640960,0.004920,0.640960,0.920880,1,15901,16024,123,12,1122,16024,25000,15266,15656,390,758,1148,0.952696,0.975089,111,12,0.902439,12,0,1.000000,1086,36,0.967914
468,0.174251,63.110000,1.061692,0.000000,0.000000,0.597400,0.002440,0.597400,0.921840,1,14874,14935,61,2,1143,14935,25000,14490,14788,298,445,743,0.970204,0.979849,55,6,0.901639,2,0,1.000000,1117,26,0.977253
469,0.192756,62.330000,1.093967,0.000000,0.000000,0.652040,0.002520,0.652040,0.913400,1,16238,16301,63,5,1179,16301,25000,15506,15828,322,795,1117,0.951230,0.979656,59,4,0.936508,5,0,1.000000,1151,28,0.976251
470,0.181324,62.430000,1.082819,0.000000,0.000000,0.643920,0.002000,0.643920,0.923760,1,16048,16098,50,2,1050,16098,25000,15523,15808,285,575,860,0.964281,0.981971,36,14,0.720000,1,1,0.500000,1024,26,0.975238
471,0.150789,62.280000,1.090623,0.000000,0.000000,0.631920,0.002200,0.631920,0.941920,1,15743,15798,55,4,1137,15798,25000,15507,15796,289,291,580,0.981580,0.981704,47,8,0.854545,4,0,1.000000,1097,40,0.964820
472,0.197905,61.950000,1.095869,0.000000,0.000000,0.596160,0.002440,0.596160,0.917440,1,14843,14904,61,8,941,14904,25000,14195,14508,313,709,1022,0.952429,0.978426,56,5,0.918033,7,1,0.875000,916,25,0.973433
473,0.152834,61.120000,1.109042,0.000000,0.000000,0.645440,0.002000,0.645440,0.947520,1,16086,16136,50,3,949,16136,25000,15665,15960,295,471,766,0.970811,0.981516,43,7,0.860000,3,0,1.000000,920,29,0.969442
474,0.153691,62.550000,1.084975,0.000000,0.000000,0.584760,0.002480,0.584760,0.946560,1,14557,14619,62,3,1123,14619,25000,14195,14476,281,424,705,0.970997,0.980589,49,13,0.790323,3,0,1.000000,1081,42,0.962600
475,0.177301,62.250000,1.099594,0.000000,0.000000,0.644920,0.002560,0.644920,0.941760,1,16059,16123,64,3,949,16123,25000,15610,15888,278,513,791,0.968182,0.982503,58,6,0.906250,3,0,1.000000,928,21,0.977871
476,0.177670,61.510000,1.105380,0.000000,0.000000,0.621840,0.001560,0.621840,0.928480,1,15507,15546,39,2,1007,15546,25000,14967,15264,297,579,876,0.962756,0.980542,32,7,0.820513,2,0,1.000000,977,30,0.970209
477,0.227388,61.220000,1.121252,0.000000,0.000000,0.610680,0.002360,0.610680,0.913800,1,15208,15267,59,4,1108,15267,25000,14388,14676,288,879,1167,0.942425,0.980376,51,8,0.864407,4,0,1.000000,1074,34,0.969314
478,0.139315,62.380000,1.101595,0.000000,0.000000,0.598560,0.002160,0.598560,0.945720,1,14910,14964,54,3,1058,14964,25000,14594,14848,254,370,624,0.975274,0.982893,48,6,0.888889,3,0,1.000000,1022,36,0.965974
479,0.200602,61.970000,1.109854,0.000000,0.000000,0.611840,0.001440,0.611840,0.914080,1,15260,15296,36,3,1034,15296,25000,14481,14780,299,815,1114,0.946718,0.979770,32,4,0.888889,3,0,1.000000,1003,31,0.970019
480,0.222976,62.030000,1.086386,0.000000,0.000000,0.568520,0.003040,0.568520,0.929680,1,14137,14213,76,5,1135,14213,25000,13350,13668,318,863,1181,0.939281,0.976734,72,4,0.947368,5,0,1.000000,1094,41,0.963877
481,0.130321,61.680000,1.114225,0.000000,0.000000,0.605080,0.002160,0.605080,0.956840,1,15073,15127,54,10,982,15127,25000,14868,15116,248,259,507,0.982878,0.983594,51,3,0.944444,10,0,1.000000,957,25,0.974542
482,0.197309,61.880000,1.126211,0.000000,0.000000,0.609960,0.002400,0.609960,0.931240,1,15189,15249,60,5,1091,15249,25000,14368,14608,240,881,1121,0.942226,0.983571,53,7,0.883333,5,0,1.000000,1057,34,0.968836
483,0.182786,62.340000,1.090538,0.000000,0.000000,0.606720,0.002520,0.606720,0.938080,1,15105,15168,63,8,1272,15168,25000,14555,14832,277,613,890,0.959586,0.981324,58,5,0.920635,8,0,1.000000,1239,33,0.974057
484,0.164115,62.260000,1.087036,0.000000,0.000000,0.640280,0.001920,0.640280,0.924080,1,15959,16007,48,5,1071,16007,25000,15563,15880,317,444,761,0.972262,0.980038,45,3,0.937500,5,0,1.000000,1041,30,0.971989
485,0.138632,63.970000,1.048130,0.000000,0.000000,0.589320,0.003080,0.589320,0.940560,1,14656,14733,77,2,1120,14733,25000,14454,14720,266,279,545,0.981063,0.981929,71,6,0.922078,2,0,1.000000,1096,24,0.978571
486,0.144928,62.270000,1.100404,0.000000,0.000000,0.631320,0.001840,0.631320,0.930000,1,15737,15783,46,1,851,15783,25000,15307,15596,289,476,765,0.969841,0.981470,43,3,0.934783,1,0,1.000000,826,25,0.970623
487,0.166348,63.250000,1.077964,0.000000,0.000000,0.584840,0.002240,0.584840,0.938720,1,14565,14621,56,5,996,14621,25000,14051,14332,281,570,851,0.961015,0.980394,48,8,0.857143,5,0,1.000000,959,37,0.962851
488,0.155533,62.660000,1.088340,0.000000,0.000000,0.639280,0.002120,0.639280,0.931880,1,15929,15982,53,5,1019,15982,25000,15478,15768,290,504,794,0.968465,0.981608,48,5,0.905660,4,1,0.800000,992,27,0.973503
489,0.176668,60.830000,1.118773,0.000000,0.000000,0.648000,0.002520,0.648000,0.919120,1,16137,16200,63,5,932,16200,25000,15462,15708,246,738,984,0.954444,0.984339,54,9,0.857143,4,1,0.800000,895,37,0.960300
490,0.157231,62.610000,1.087079,0.000000,0.000000,0.610080,0.002600,0.610080,0.916360,1,15187,15252,65,9,1119,15252,25000,14673,14952,279,579,858,0.962038,0.981340,58,7,0.892308,8,1,0.888889,1074,45,0.959786
491,0.174168,63.670000,1.054438,0.000000,0.000000,0.608680,0.002320,0.608680,0.940680,1,15159,15217,58,6,1035,15217,25000,14621,14896,275,596,871,0.960833,0.981539,51,7,0.879310,5,1,0.833333,996,39,0.962319
492,0.165036,62.280000,1.092844,0.000000,0.000000,0.629800,0.002920,0.629800,0.934680,1,15672,15745,73,4,1195,15745,25000,15220,15528,308,525,833,0.966656,0.980165,57,16,0.780822,3,1,0.750000,1154,41,0.965690
493,0.196448,61.950000,1.088718,0.000000,0.000000,0.593040,0.003920,0.593040,0.917560,1,14728,14826,98,3,1167,14826,25000,14238,14556,318,588,906,0.960340,0.978153,93,5,0.948980,3,0,1.000000,1139,28,0.976007
494,0.183259,63.550000,1.074983,0.000000,0.000000,0.614920,0.002320,0.614920,0.933560,1,15315,15373,58,6,1075,15373,25000,14763,15032,269,610,879,0.960320,0.982105,52,6,0.896552,6,0,1.000000,1040,35,0.967442
495,0.178460,62.540000,1.092222,0.000000,0.000000,0.618080,0.003760,0.618080,0.933120,1,15358,15452,94,11,1307,15452,25000,14852,15168,316,600,916,0.961170,0.979167,88,6,0.936170,11,0,1.000000,1271,36,0.972456
496,0.182563,61.450000,1.113509,0.000000,0.000000,0.596320,0.004400,0.596320,0.931760,1,14798,14908,110,8,1076,14908,25000,14304,14648,344,604,948,0.959485,0.976516,98,12,0.890909,8,0,1.000000,1036,40,0.962825
497,0.176707,62.850000,1.078721,0.000000,0.000000,0.625600,0.002920,0.625600,0.938840,1,15567,15640,73,2,1132,15640,25000,15047,15364,317,593,910,0.962084,0.979367,65,8,0.890411,2,0,1.000000,1103,29,0.974382
498,0.134563,61.580000,1.114213,0.000000,0.000000,0.642640,0.002360,0.642640,0.941720,1,16007,16066,59,3,1444,16066,25000,15778,16068,290,288,578,0.982074,0.981952,55,4,0.932203,3,0,1.000000,1415,29,0.979917
499,0.168876,62.950000,1.085866,0.000000,0.000000,0.597080,0.002960,0.597080,0.925800,1,14853,14927,74,9,1201,14927,25000,14387,14732,345,540,885,0.963824,0.976582,68,6,0.918919,8,1,0.888889,1166,35,0.970858
