epoch,train_loss,global_test_acc,global_test_loss,personal_apa,personal_loss,core_clean_ratio,recover_ratio,train_ratio,agreement_ratio,recovery_trigger,score_count,core_count,recover_count,new_recover_count,recover_pool_count,train_count,total_count,actual_train_clean_count,actual_round_clean_count,missed_clean_count,false_clean_count,total_wrong_count,actual_train_clean_ratio,clean_recall,recover_true_clean_count,recover_false_clean_count,recover_precision,new_recover_true_clean_count,new_recover_false_clean_count,new_recover_precision,recover_pool_true_clean_count,recover_pool_false_clean_count,recover_pool_precision
0,1.127513,20.870000,2.204838,0.000000,0.000000,1.000000,0.000000,1.000000,0.000000,0,25000,25000,0,0,0,25000,25000,20184,20184,0,4816,4816,0.807360,1.000000,0,0,0.000000,0,0,0.000000,0,0,0.000000
1,1.192270,25.890000,2.104378,0.000000,0.000000,1.000000,0.000000,1.000000,0.000000,0,25000,25000,0,0,0,25000,25000,19768,19768,0,5232,5232,0.790720,1.000000,0,0,0.000000,0,0,0.000000,0,0,0.000000
2,1.186696,29.690000,2.046451,0.000000,0.000000,1.000000,0.000000,1.000000,0.000000,0,25000,25000,0,0,0,25000,25000,19668,19668,0,5332,5332,0.786720,1.000000,0,0,0.000000,0,0,0.000000,0,0,0.000000
3,1.182868,31.230000,2.013444,0.000000,0.000000,1.000000,0.000000,1.000000,0.000000,0,25000,25000,0,0,0,25000,25000,19568,19568,0,5432,5432,0.782720,1.000000,0,0,0.000000,0,0,0.000000,0,0,0.000000
4,1.079216,33.900000,1.972746,0.000000,0.000000,1.000000,0.000000,1.000000,0.000000,0,25000,25000,0,0,0,25000,25000,20342,20342,0,4658,4658,0.813680,1.000000,0,0,0.000000,0,0,0.000000,0,0,0.000000
5,1.092239,34.940000,1.948425,0.000000,0.000000,1.000000,0.000000,1.000000,0.000000,0,25000,25000,0,0,0,25000,25000,20132,20132,0,4868,4868,0.805280,1.000000,0,0,0.000000,0,0,0.000000,0,0,0.000000
6,1.120525,36.670000,1.922440,0.000000,0.000000,1.000000,0.000000,1.000000,0.000000,0,25000,25000,0,0,0,25000,25000,20042,20042,0,4958,4958,0.801680,1.000000,0,0,0.000000,0,0,0.000000,0,0,0.000000
7,1.116524,34.010000,1.931628,0.000000,0.000000,1.000000,0.000000,1.000000,0.000000,0,25000,25000,0,0,0,25000,25000,19888,19888,0,5112,5112,0.795520,1.000000,0,0,0.000000,0,0,0.000000,0,0,0.000000
8,1.042142,37.270000,1.900938,0.000000,0.000000,1.000000,0.000000,1.000000,0.000000,0,25000,25000,0,0,0,25000,25000,20562,20562,0,4438,4438,0.822480,1.000000,0,0,0.000000,0,0,0.000000,0,0,0.000000
9,1.126511,40.760000,1.874453,0.000000,0.000000,1.000000,0.000000,1.000000,0.000000,0,25000,25000,0,0,0,25000,25000,19894,19894,0,5106,5106,0.795760,1.000000,0,0,0.000000,0,0,0.000000,0,0,0.000000
10,1.089678,40.090000,1.868637,0.000000,0.000000,1.000000,0.000000,1.000000,0.000000,0,25000,25000,0,0,0,25000,25000,20072,20072,0,4928,4928,0.802880,1.000000,0,0,0.000000,0,0,0.000000,0,0,0.000000
11,1.061002,39.350000,1.861401,0.000000,0.000000,1.000000,0.000000,1.000000,0.000000,0,25000,25000,0,0,0,25000,25000,20034,20034,0,4966,4966,0.801360,1.000000,0,0,0.000000,0,0,0.000000,0,0,0.000000
12,1.021629,41.590000,1.839745,0.000000,0.000000,1.000000,0.000000,1.000000,0.000000,0,25000,25000,0,0,0,25000,25000,20474,20474,0,4526,4526,0.818960,1.000000,0,0,0.000000,0,0,0.000000,0,0,0.000000
13,0.996049,41.760000,1.835027,0.000000,0.000000,1.000000,0.000000,1.000000,0.000000,0,25000,25000,0,0,0,25000,25000,20492,20492,0,4508,4508,0.819680,1.000000,0,0,0.000000,0,0,0.000000,0,0,0.000000
14,1.097583,40.170000,1.834715,0.000000,0.000000,1.000000,0.000000,1.000000,0.000000,0,25000,25000,0,0,0,25000,25000,19876,19876,0,5124,5124,0.795040,1.000000,0,0,0.000000,0,0,0.000000,0,0,0.000000
15,1.081551,40.970000,1.846820,0.000000,0.000000,1.000000,0.000000,1.000000,0.000000,0,25000,25000,0,0,0,25000,25000,19988,19988,0,5012,5012,0.799520,1.000000,0,0,0.000000,0,0,0.000000,0,0,0.000000
16,1.109383,41.280000,1.835578,0.000000,0.000000,1.000000,0.000000,1.000000,0.000000,0,25000,25000,0,0,0,25000,25000,19754,19754,0,5246,5246,0.790160,1.000000,0,0,0.000000,0,0,0.000000,0,0,0.000000
17,1.091072,42.370000,1.827023,0.000000,0.000000,1.000000,0.000000,1.000000,0.000000,0,25000,25000,0,0,0,25000,25000,19886,19886,0,5114,5114,0.795440,1.000000,0,0,0.000000,0,0,0.000000,0,0,0.000000
18,1.090830,43.640000,1.820046,0.000000,0.000000,1.000000,0.000000,1.000000,0.000000,0,25000,25000,0,0,0,25000,25000,19822,19822,0,5178,5178,0.792880,1.000000,0,0,0.000000,0,0,0.000000,0,0,0.000000
19,1.041537,42.040000,1.822521,0.000000,0.000000,1.000000,0.000000,1.000000,0.000000,0,25000,25000,0,0,0,25000,25000,20186,20186,0,4814,4814,0.807440,1.000000,0,0,0.000000,0,0,0.000000,0,0,0.000000
20,1.133476,42.940000,1.828036,0.000000,0.000000,1.000000,0.000000,1.000000,0.000000,0,25000,25000,0,0,0,25000,25000,19488,19488,0,5512,5512,0.779520,1.000000,0,0,0.000000,0,0,0.000000,0,0,0.000000
21,1.002619,42.100000,1.818022,0.000000,0.000000,1.000000,0.000000,1.000000,0.000000,0,25000,25000,0,0,0,25000,25000,20418,20418,0,4582,4582,0.816720,1.000000,0,0,0.000000,0,0,0.000000,0,0,0.000000
22,1.052791,42.070000,1.824139,0.000000,0.000000,1.000000,0.000000,1.000000,0.000000,0,25000,25000,0,0,0,25000,25000,20032,20032,0,4968,4968,0.801280,1.000000,0,0,0.000000,0,0,0.000000,0,0,0.000000
23,1.017734,42.550000,1.805363,0.000000,0.000000,1.000000,0.000000,1.000000,0.000000,0,25000,25000,0,0,0,25000,25000,20176,20176,0,4824,4824,0.807040,1.000000,0,0,0.000000,0,0,0.000000,0,0,0.000000
24,1.046733,42.940000,1.791206,0.000000,0.000000,1.000000,0.000000,1.000000,0.000000,0,25000,25000,0,0,0,25000,25000,19962,19962,0,5038,5038,0.798480,1.000000,0,0,0.000000,0,0,0.000000,0,0,0.000000
25,1.045319,43.990000,1.787042,0.000000,0.000000,1.000000,0.000000,1.000000,0.000000,0,25000,25000,0,0,0,25000,25000,20118,20118,0,4882,4882,0.804720,1.000000,0,0,0.000000,0,0,0.000000,0,0,0.000000
26,1.076523,44.260000,1.780355,0.000000,0.000000,1.000000,0.000000,1.000000,0.000000,0,25000,25000,0,0,0,25000,25000,19840,19840,0,5160,5160,0.793600,1.000000,0,0,0.000000,0,0,0.000000,0,0,0.000000
27,1.006658,39.960000,1.812239,0.000000,0.000000,1.000000,0.000000,1.000000,0.000000,0,25000,25000,0,0,0,25000,25000,20366,20366,0,4634,4634,0.814640,1.000000,0,0,0.000000,0,0,0.000000,0,0,0.000000
28,1.010782,44.910000,1.784775,0.000000,0.000000,1.000000,0.000000,1.000000,0.000000,0,25000,25000,0,0,0,25000,25000,20152,20152,0,4848,4848,0.806080,1.000000,0,0,0.000000,0,0,0.000000,0,0,0.000000
29,1.080089,42.620000,1.809006,0.000000,0.000000,1.000000,0.000000,1.000000,0.000000,0,25000,25000,0,0,0,25000,25000,19850,19850,0,5150,5150,0.794000,1.000000,0,0,0.000000,0,0,0.000000,0,0,0.000000
30,1.063222,45.760000,1.786117,0.000000,0.000000,1.000000,0.000000,1.000000,0.000000,0,25000,25000,0,0,0,25000,25000,19740,19740,0,5260,5260,0.789600,1.000000,0,0,0.000000,0,0,0.000000,0,0,0.000000
31,0.962646,45.010000,1.783889,0.000000,0.000000,1.000000,0.000000,1.000000,0.000000,0,25000,25000,0,0,0,25000,25000,20408,20408,0,4592,4592,0.816320,1.000000,0,0,0.000000,0,0,0.000000,0,0,0.000000
32,1.124606,43.600000,1.796746,0.000000,0.000000,1.000000,0.000000,1.000000,0.000000,0,25000,25000,0,0,0,25000,25000,19334,19334,0,5666,5666,0.773360,1.000000,0,0,0.000000,0,0,0.000000,0,0,0.000000
33,1.114841,43.740000,1.797105,0.000000,0.000000,1.000000,0.000000,1.000000,0.000000,0,25000,25000,0,0,0,25000,25000,19438,19438,0,5562,5562,0.777520,1.000000,0,0,0.000000,0,0,0.000000,0,0,0.000000
34,1.015650,44.970000,1.778843,0.000000,0.000000,1.000000,0.000000,1.000000,0.000000,0,25000,25000,0,0,0,25000,25000,20134,20134,0,4866,4866,0.805360,1.000000,0,0,0.000000,0,0,0.000000,0,0,0.000000
35,1.070391,44.010000,1.792333,0.000000,0.000000,1.000000,0.000000,1.000000,0.000000,0,25000,25000,0,0,0,25000,25000,19738,19738,0,5262,5262,0.789520,1.000000,0,0,0.000000,0,0,0.000000,0,0,0.000000
36,0.990873,44.980000,1.775628,0.000000,0.000000,1.000000,0.000000,1.000000,0.000000,0,25000,25000,0,0,0,25000,25000,20196,20196,0,4804,4804,0.807840,1.000000,0,0,0.000000,0,0,0.000000,0,0,0.000000
37,0.973824,44.940000,1.757901,0.000000,0.000000,1.000000,0.000000,1.000000,0.000000,0,25000,25000,0,0,0,25000,25000,20364,20364,0,4636,4636,0.814560,1.000000,0,0,0.000000,0,0,0.000000,0,0,0.000000
38,0.984397,45.630000,1.759888,0.000000,0.000000,1.000000,0.000000,1.000000,0.000000,0,25000,25000,0,0,0,25000,25000,20178,20178,0,4822,4822,0.807120,1.000000,0,0,0.000000,0,0,0.000000,0,0,0.000000
39,1.077491,46.030000,1.774239,0.000000,0.000000,1.000000,0.000000,1.000000,0.000000,0,25000,25000,0,0,0,25000,25000,19516,19516,0,5484,5484,0.780640,1.000000,0,0,0.000000,0,0,0.000000,0,0,0.000000
40,0.969224,46.070000,1.763290,0.000000,0.000000,1.000000,0.000000,1.000000,0.000000,0,25000,25000,0,0,0,25000,25000,20372,20372,0,4628,4628,0.814880,1.000000,0,0,0.000000,0,0,0.000000,0,0,0.000000
41,1.017296,42.830000,1.771970,0.000000,0.000000,1.000000,0.000000,1.000000,0.000000,0,25000,25000,0,0,0,25000,25000,19898,19898,0,5102,5102,0.795920,1.000000,0,0,0.000000,0,0,0.000000,0,0,0.000000
42,1.083708,44.350000,1.785155,0.000000,0.000000,1.000000,0.000000,1.000000,0.000000,0,25000,25000,0,0,0,25000,25000,19460,19460,0,5540,5540,0.778400,1.000000,0,0,0.000000,0,0,0.000000,0,0,0.000000
43,1.033886,43.300000,1.773636,0.000000,0.000000,1.000000,0.000000,1.000000,0.000000,0,25000,25000,0,0,0,25000,25000,19862,19862,0,5138,5138,0.794480,1.000000,0,0,0.000000,0,0,0.000000,0,0,0.000000
44,1.029904,43.410000,1.782318,0.000000,0.000000,1.000000,0.000000,1.000000,0.000000,0,25000,25000,0,0,0,25000,25000,19968,19968,0,5032,5032,0.798720,1.000000,0,0,0.000000,0,0,0.000000,0,0,0.000000
45,0.986903,46.040000,1.762942,0.000000,0.000000,1.000000,0.000000,1.000000,0.000000,0,25000,25000,0,0,0,25000,25000,20164,20164,0,4836,4836,0.806560,1.000000,0,0,0.000000,0,0,0.000000,0,0,0.000000
46,1.013528,45.660000,1.749876,0.000000,0.000000,1.000000,0.000000,1.000000,0.000000,0,25000,25000,0,0,0,25000,25000,19746,19746,0,5254,5254,0.789840,1.000000,0,0,0.000000,0,0,0.000000,0,0,0.000000
47,1.065888,45.110000,1.761951,0.000000,0.000000,1.000000,0.000000,1.000000,0.000000,0,25000,25000,0,0,0,25000,25000,19596,19596,0,5404,5404,0.783840,1.000000,0,0,0.000000,0,0,0.000000,0,0,0.000000
48,0.991098,44.240000,1.757276,0.000000,0.000000,1.000000,0.000000,1.000000,0.000000,0,25000,25000,0,0,0,25000,25000,20162,20162,0,4838,4838,0.806480,1.000000,0,0,0.000000,0,0,0.000000,0,0,0.000000
49,1.059591,45.210000,1.771364,0.000000,0.000000,1.000000,0.000000,1.000000,0.000000,0,25000,25000,0,0,0,25000,25000,19606,19606,0,5394,5394,0.784240,1.000000,0,0,0.000000,0,0,0.000000,0,0,0.000000
50,0.957019,45.380000,1.755808,0.000000,0.000000,1.000000,0.000000,1.000000,0.000000,0,25000,25000,0,0,0,25000,25000,20246,20246,0,4754,4754,0.809840,1.000000,0,0,0.000000,0,0,0.000000,0,0,0.000000
51,0.987163,43.060000,1.760620,0.000000,0.000000,1.000000,0.000000,1.000000,0.000000,0,25000,25000,0,0,0,25000,25000,20168,20168,0,4832,4832,0.806720,1.000000,0,0,0.000000,0,0,0.000000,0,0,0.000000
52,1.021719,44.350000,1.756953,0.000000,0.000000,1.000000,0.000000,1.000000,0.000000,0,25000,25000,0,0,0,25000,25000,19696,19696,0,5304,5304,0.787840,1.000000,0,0,0.000000,0,0,0.000000,0,0,0.000000
53,0.978158,42.270000,1.769318,0.000000,0.000000,1.000000,0.000000,1.000000,0.000000,0,25000,25000,0,0,0,25000,25000,19976,19976,0,5024,5024,0.799040,1.000000,0,0,0.000000,0,0,0.000000,0,0,0.000000
54,0.956467,44.420000,1.760351,0.000000,0.000000,1.000000,0.000000,1.000000,0.000000,0,25000,25000,0,0,0,25000,25000,20248,20248,0,4752,4752,0.809920,1.000000,0,0,0.000000,0,0,0.000000,0,0,0.000000
55,0.971028,45.230000,1.750047,0.000000,0.000000,1.000000,0.000000,1.000000,0.000000,0,25000,25000,0,0,0,25000,25000,20132,20132,0,4868,4868,0.805280,1.000000,0,0,0.000000,0,0,0.000000,0,0,0.000000
56,1.051668,44.790000,1.745854,0.000000,0.000000,1.000000,0.000000,1.000000,0.000000,0,25000,25000,0,0,0,25000,25000,19438,19438,0,5562,5562,0.777520,1.000000,0,0,0.000000,0,0,0.000000,0,0,0.000000
57,0.991596,43.660000,1.770038,0.000000,0.000000,1.000000,0.000000,1.000000,0.000000,0,25000,25000,0,0,0,25000,25000,19872,19872,0,5128,5128,0.794880,1.000000,0,0,0.000000,0,0,0.000000,0,0,0.000000
58,0.992679,44.750000,1.761502,0.000000,0.000000,1.000000,0.000000,1.000000,0.000000,0,25000,25000,0,0,0,25000,25000,20080,20080,0,4920,4920,0.803200,1.000000,0,0,0.000000,0,0,0.000000,0,0,0.000000
59,0.982771,44.240000,1.757166,0.000000,0.000000,1.000000,0.000000,1.000000,0.000000,0,25000,25000,0,0,0,25000,25000,20026,20026,0,4974,4974,0.801040,1.000000,0,0,0.000000,0,0,0.000000,0,0,0.000000
60,1.020469,43.690000,1.759668,0.000000,0.000000,1.000000,0.000000,1.000000,0.000000,0,25000,25000,0,0,0,25000,25000,19808,19808,0,5192,5192,0.792320,1.000000,0,0,0.000000,0,0,0.000000,0,0,0.000000
61,0.918162,44.150000,1.748809,0.000000,0.000000,1.000000,0.000000,1.000000,0.000000,0,25000,25000,0,0,0,25000,25000,20470,20470,0,4530,4530,0.818800,1.000000,0,0,0.000000,0,0,0.000000,0,0,0.000000
62,0.956590,45.350000,1.731277,0.000000,0.000000,1.000000,0.000000,1.000000,0.000000,0,25000,25000,0,0,0,25000,25000,20140,20140,0,4860,4860,0.805600,1.000000,0,0,0.000000,0,0,0.000000,0,0,0.000000
63,0.950596,44.510000,1.739726,0.000000,0.000000,1.000000,0.000000,1.000000,0.000000,0,25000,25000,0,0,0,25000,25000,20272,20272,0,4728,4728,0.810880,1.000000,0,0,0.000000,0,0,0.000000,0,0,0.000000
64,0.938337,45.360000,1.734956,0.000000,0.000000,1.000000,0.000000,1.000000,0.000000,0,25000,25000,0,0,0,25000,25000,20350,20350,0,4650,4650,0.814000,1.000000,0,0,0.000000,0,0,0.000000,0,0,0.000000
65,0.990273,45.670000,1.728810,0.000000,0.000000,1.000000,0.000000,1.000000,0.000000,0,25000,25000,0,0,0,25000,25000,19910,19910,0,5090,5090,0.796400,1.000000,0,0,0.000000,0,0,0.000000,0,0,0.000000
66,1.002857,45.270000,1.733545,0.000000,0.000000,1.000000,0.000000,1.000000,0.000000,0,25000,25000,0,0,0,25000,25000,19830,19830,0,5170,5170,0.793200,1.000000,0,0,0.000000,0,0,0.000000,0,0,0.000000
67,1.001877,42.250000,1.747953,0.000000,0.000000,1.000000,0.000000,1.000000,0.000000,0,25000,25000,0,0,0,25000,25000,19738,19738,0,5262,5262,0.789520,1.000000,0,0,0.000000,0,0,0.000000,0,0,0.000000
68,0.947292,45.610000,1.729538,0.000000,0.000000,1.000000,0.000000,1.000000,0.000000,0,25000,25000,0,0,0,25000,25000,20158,20158,0,4842,4842,0.806320,1.000000,0,0,0.000000,0,0,0.000000,0,0,0.000000
69,1.045141,43.510000,1.762190,0.000000,0.000000,1.000000,0.000000,1.000000,0.000000,0,25000,25000,0,0,0,25000,25000,19514,19514,0,5486,5486,0.780560,1.000000,0,0,0.000000,0,0,0.000000,0,0,0.000000
70,0.994903,43.310000,1.762045,0.000000,0.000000,1.000000,0.000000,1.000000,0.000000,0,25000,25000,0,0,0,25000,25000,19778,19778,0,5222,5222,0.791120,1.000000,0,0,0.000000,0,0,0.000000,0,0,0.000000
71,0.979945,45.330000,1.726326,0.000000,0.000000,1.000000,0.000000,1.000000,0.000000,0,25000,25000,0,0,0,25000,25000,19898,19898,0,5102,5102,0.795920,1.000000,0,0,0.000000,0,0,0.000000,0,0,0.000000
72,0.938974,45.250000,1.714427,0.000000,0.000000,1.000000,0.000000,1.000000,0.000000,0,25000,25000,0,0,0,25000,25000,20224,20224,0,4776,4776,0.808960,1.000000,0,0,0.000000,0,0,0.000000,0,0,0.000000
73,0.887270,44.440000,1.734057,0.000000,0.000000,1.000000,0.000000,1.000000,0.000000,0,25000,25000,0,0,0,25000,25000,20566,20566,0,4434,4434,0.822640,1.000000,0,0,0.000000,0,0,0.000000,0,0,0.000000
74,0.942746,44.990000,1.733406,0.000000,0.000000,1.000000,0.000000,1.000000,0.000000,0,25000,25000,0,0,0,25000,25000,20004,20004,0,4996,4996,0.800160,1.000000,0,0,0.000000,0,0,0.000000,0,0,0.000000
75,0.921681,45.530000,1.720023,0.000000,0.000000,1.000000,0.000000,1.000000,0.000000,0,25000,25000,0,0,0,25000,25000,20296,20296,0,4704,4704,0.811840,1.000000,0,0,0.000000,0,0,0.000000,0,0,0.000000
76,0.987699,43.590000,1.728450,0.000000,0.000000,1.000000,0.000000,1.000000,0.000000,0,25000,25000,0,0,0,25000,25000,19886,19886,0,5114,5114,0.795440,1.000000,0,0,0.000000,0,0,0.000000,0,0,0.000000
77,0.902074,44.260000,1.724834,0.000000,0.000000,1.000000,0.000000,1.000000,0.000000,0,25000,25000,0,0,0,25000,25000,20464,20464,0,4536,4536,0.818560,1.000000,0,0,0.000000,0,0,0.000000,0,0,0.000000
78,0.948031,45.540000,1.704243,0.000000,0.000000,1.000000,0.000000,1.000000,0.000000,0,25000,25000,0,0,0,25000,25000,20034,20034,0,4966,4966,0.801360,1.000000,0,0,0.000000,0,0,0.000000,0,0,0.000000
79,0.936080,44.340000,1.722936,0.000000,0.000000,1.000000,0.000000,1.000000,0.000000,0,25000,25000,0,0,0,25000,25000,20322,20322,0,4678,4678,0.812880,1.000000,0,0,0.000000,0,0,0.000000,0,0,0.000000
80,0.989240,44.180000,1.725837,0.000000,0.000000,1.000000,0.000000,1.000000,0.000000,0,25000,25000,0,0,0,25000,25000,19780,19780,0,5220,5220,0.791200,1.000000,0,0,0.000000,0,0,0.000000,0,0,0.000000
81,0.926674,44.380000,1.733570,0.000000,0.000000,1.000000,0.000000,1.000000,0.000000,0,25000,25000,0,0,0,25000,25000,20186,20186,0,4814,4814,0.807440,1.000000,0,0,0.000000,0,0,0.000000,0,0,0.000000
82,0.949969,44.660000,1.719848,0.000000,0.000000,1.000000,0.000000,1.000000,0.000000,0,25000,25000,0,0,0,25000,25000,20110,20110,0,4890,4890,0.804400,1.000000,0,0,0.000000,0,0,0.000000,0,0,0.000000
83,0.968939,44.560000,1.721284,0.000000,0.000000,1.000000,0.000000,1.000000,0.000000,0,25000,25000,0,0,0,25000,25000,19780,19780,0,5220,5220,0.791200,1.000000,0,0,0.000000,0,0,0.000000,0,0,0.000000
84,0.981040,44.670000,1.729627,0.000000,0.000000,1.000000,0.000000,1.000000,0.000000,0,25000,25000,0,0,0,25000,25000,19836,19836,0,5164,5164,0.793440,1.000000,0,0,0.000000,0,0,0.000000,0,0,0.000000
85,0.929618,43.630000,1.729630,0.000000,0.000000,1.000000,0.000000,1.000000,0.000000,0,25000,25000,0,0,0,25000,25000,20140,20140,0,4860,4860,0.805600,1.000000,0,0,0.000000,0,0,0.000000,0,0,0.000000
86,0.991928,42.050000,1.735828,0.000000,0.000000,1.000000,0.000000,1.000000,0.000000,0,25000,25000,0,0,0,25000,25000,19768,19768,0,5232,5232,0.790720,1.000000,0,0,0.000000,0,0,0.000000,0,0,0.000000
87,0.882151,45.210000,1.700109,0.000000,0.000000,1.000000,0.000000,1.000000,0.000000,0,25000,25000,0,0,0,25000,25000,20456,20456,0,4544,4544,0.818240,1.000000,0,0,0.000000,0,0,0.000000,0,0,0.000000
88,0.978844,44.890000,1.721038,0.000000,0.000000,1.000000,0.000000,1.000000,0.000000,0,25000,25000,0,0,0,25000,25000,19840,19840,0,5160,5160,0.793600,1.000000,0,0,0.000000,0,0,0.000000,0,0,0.000000
89,0.925119,44.280000,1.719571,0.000000,0.000000,1.000000,0.000000,1.000000,0.000000,0,25000,25000,0,0,0,25000,25000,20096,20096,0,4904,4904,0.803840,1.000000,0,0,0.000000,0,0,0.000000,0,0,0.000000
90,0.895077,45.090000,1.713319,0.000000,0.000000,1.000000,0.000000,1.000000,0.000000,0,25000,25000,0,0,0,25000,25000,20334,20334,0,4666,4666,0.813360,1.000000,0,0,0.000000,0,0,0.000000,0,0,0.000000
91,0.936863,43.960000,1.718731,0.000000,0.000000,1.000000,0.000000,1.000000,0.000000,0,25000,25000,0,0,0,25000,25000,20072,20072,0,4928,4928,0.802880,1.000000,0,0,0.000000,0,0,0.000000,0,0,0.000000
92,0.998845,43.500000,1.743522,0.000000,0.000000,1.000000,0.000000,1.000000,0.000000,0,25000,25000,0,0,0,25000,25000,19496,19496,0,5504,5504,0.779840,1.000000,0,0,0.000000,0,0,0.000000,0,0,0.000000
93,0.865057,43.690000,1.732075,0.000000,0.000000,1.000000,0.000000,1.000000,0.000000,0,25000,25000,0,0,0,25000,25000,20456,20456,0,4544,4544,0.818240,1.000000,0,0,0.000000,0,0,0.000000,0,0,0.000000
94,0.988709,44.160000,1.725839,0.000000,0.000000,1.000000,0.000000,1.000000,0.000000,0,25000,25000,0,0,0,25000,25000,19556,19556,0,5444,5444,0.782240,1.000000,0,0,0.000000,0,0,0.000000,0,0,0.000000
95,0.853645,43.370000,1.712917,0.000000,0.000000,1.000000,0.000000,1.000000,0.000000,0,25000,25000,0,0,0,25000,25000,20612,20612,0,4388,4388,0.824480,1.000000,0,0,0.000000,0,0,0.000000,0,0,0.000000
96,0.966329,44.270000,1.711228,0.000000,0.000000,1.000000,0.000000,1.000000,0.000000,0,25000,25000,0,0,0,25000,25000,19760,19760,0,5240,5240,0.790400,1.000000,0,0,0.000000,0,0,0.000000,0,0,0.000000
97,0.990096,43.380000,1.736912,0.000000,0.000000,1.000000,0.000000,1.000000,0.000000,0,25000,25000,0,0,0,25000,25000,19474,19474,0,5526,5526,0.778960,1.000000,0,0,0.000000,0,0,0.000000,0,0,0.000000
98,0.922341,42.860000,1.735209,0.000000,0.000000,1.000000,0.000000,1.000000,0.000000,0,25000,25000,0,0,0,25000,25000,20134,20134,0,4866,4866,0.805360,1.000000,0,0,0.000000,0,0,0.000000,0,0,0.000000
99,0.951108,43.910000,1.732402,0.000000,0.000000,1.000000,0.000000,1.000000,0.000000,0,25000,25000,0,0,0,25000,25000,19908,19908,0,5092,5092,0.796320,1.000000,0,0,0.000000,0,0,0.000000,0,0,0.000000
100,0.207740,47.390000,1.621218,0.000000,0.000000,0.790840,0.000000,0.790840,0.940480,1,19771,19771,0,0,0,19771,25000,19563,20258,695,208,903,0.989480,0.965693,0,0,0.000000,0,0,0.000000,0,0,0.000000
101,0.230472,48.740000,1.498909,0.000000,0.000000,0.785360,0.000000,0.785360,0.894520,1,19634,19634,0,0,0,19634,25000,19436,20132,696,198,894,0.989915,0.965428,0,0,0.000000,0,0,0.000000,0,0,0.000000
102,0.205643,51.380000,1.444114,0.000000,0.000000,0.771720,0.000000,0.771720,0.912160,1,19293,19293,0,0,0,19293,25000,19133,19720,587,160,747,0.991707,0.970233,0,0,0.000000,0,0,0.000000,0,0,0.000000
103,0.212993,53.700000,1.401160,0.000000,0.000000,0.790640,0.000040,0.790640,0.911640,1,19765,19766,1,1,1,19766,25000,19598,20264,666,168,834,0.991501,0.967134,1,0,1.000000,1,0,1.000000,1,0,1.000000
104,0.197703,54.050000,1.373801,0.000000,0.000000,0.793960,0.000120,0.793960,0.919320,1,19846,19849,3,3,4,19849,25000,19686,20630,944,163,1107,0.991788,0.954241,3,0,1.000000,3,0,1.000000,4,0,1.000000
105,0.175849,52.330000,1.380455,0.000000,0.000000,0.769200,0.000240,0.769200,0.934640,1,19224,19230,6,6,7,19230,25000,19068,19852,784,162,946,0.991576,0.960508,6,0,1.000000,6,0,1.000000,7,0,1.000000
106,0.173323,54.700000,1.337716,0.000000,0.000000,0.789360,0.000160,0.789360,0.929040,1,19730,19734,4,3,12,19734,25000,19619,20398,779,115,894,0.994172,0.961810,4,0,1.000000,3,0,1.000000,12,0,1.000000
107,0.203370,55.770000,1.302234,0.000000,0.000000,0.768400,0.000160,0.768400,0.917400,1,19206,19210,4,4,7,19210,25000,19045,19684,639,165,804,0.991411,0.967537,4,0,1.000000,4,0,1.000000,7,0,1.000000
108,0.217191,53.800000,1.337484,0.000000,0.000000,0.740720,0.000080,0.740720,0.909280,1,18516,18518,2,0,8,18518,25000,18333,19172,839,185,1024,0.990010,0.956238,2,0,1.000000,0,0,0.000000,8,0,1.000000
109,0.179680,54.920000,1.318504,0.000000,0.000000,0.753360,0.000040,0.753360,0.925920,1,18833,18834,1,0,12,18834,25000,18677,19548,871,157,1028,0.991664,0.955443,1,0,1.000000,0,0,0.000000,12,0,1.000000
110,0.184720,55.980000,1.293489,0.000000,0.000000,0.769760,0.000160,0.769760,0.924640,1,19240,19244,4,3,8,19244,25000,19098,20106,1008,146,1154,0.992413,0.949866,4,0,1.000000,3,0,1.000000,8,0,1.000000
111,0.215260,56.650000,1.275309,0.000000,0.000000,0.778480,0.000320,0.778480,0.919440,1,19454,19462,8,8,20,19462,25000,19318,20092,774,144,918,0.992601,0.961477,8,0,1.000000,8,0,1.000000,20,0,1.000000
112,0.188210,55.980000,1.270900,0.000000,0.000000,0.773520,0.000120,0.773520,0.924320,1,19335,19338,3,1,16,19338,25000,19205,20258,1053,133,1186,0.993122,0.948021,3,0,1.000000,1,0,1.000000,16,0,1.000000
113,0.166552,56.560000,1.264301,0.000000,0.000000,0.766120,0.000160,0.766120,0.931360,1,19149,19153,4,2,13,19153,25000,19028,19958,930,125,1055,0.993474,0.953402,4,0,1.000000,2,0,1.000000,13,0,1.000000
114,0.175537,56.740000,1.244928,0.000000,0.000000,0.783640,0.000080,0.783640,0.933200,1,19589,19591,2,2,16,19591,25000,19450,20156,706,141,847,0.992803,0.964973,2,0,1.000000,2,0,1.000000,16,0,1.000000
115,0.210463,57.020000,1.237336,0.000000,0.000000,0.760840,0.000200,0.760840,0.893480,1,19016,19021,5,4,18,19021,25000,18851,19562,711,170,881,0.991063,0.963654,5,0,1.000000,4,0,1.000000,18,0,1.000000
116,0.189445,57.010000,1.231066,0.000000,0.000000,0.753320,0.000200,0.753320,0.907640,1,18828,18833,5,2,23,18833,25000,18680,19788,1108,153,1261,0.991876,0.944006,5,0,1.000000,2,0,1.000000,23,0,1.000000
117,0.168422,56.200000,1.244134,0.000000,0.000000,0.773760,0.000440,0.773760,0.944360,1,19333,19344,11,6,32,19344,25000,19212,19966,754,132,886,0.993176,0.962236,11,0,1.000000,6,0,1.000000,32,0,1.000000
118,0.167606,56.120000,1.242721,0.000000,0.000000,0.749840,0.000200,0.749840,0.935000,1,18741,18746,5,3,16,18746,25000,18606,19570,964,140,1104,0.992532,0.950741,5,0,1.000000,3,0,1.000000,16,0,1.000000
119,0.174714,57.240000,1.248613,0.000000,0.000000,0.757640,0.000200,0.757640,0.935000,1,18936,18941,5,4,34,18941,25000,18791,19628,837,150,987,0.992081,0.957357,5,0,1.000000,4,0,1.000000,34,0,1.000000
120,0.143917,58.000000,1.210180,0.000000,0.000000,0.762480,0.000160,0.762480,0.949320,1,19058,19062,4,1,27,19062,25000,18948,20234,1286,114,1400,0.994020,0.936444,4,0,1.000000,1,0,1.000000,27,0,1.000000
121,0.165034,57.840000,1.215825,0.000000,0.000000,0.771880,0.000320,0.771880,0.934200,1,19289,19297,8,6,25,19297,25000,19159,19946,787,138,925,0.992849,0.960543,8,0,1.000000,6,0,1.000000,25,0,1.000000
122,0.166135,59.080000,1.185075,0.000000,0.000000,0.773760,0.000280,0.773760,0.941040,1,19337,19344,7,6,31,19344,25000,19215,20156,941,129,1070,0.993331,0.953314,7,0,1.000000,6,0,1.000000,31,0,1.000000
123,0.174909,58.170000,1.208608,0.000000,0.000000,0.736440,0.000280,0.736440,0.931960,1,18404,18411,7,4,28,18411,25000,18268,19318,1050,143,1193,0.992233,0.945647,7,0,1.000000,4,0,1.000000,28,0,1.000000
124,0.161071,57.980000,1.199702,0.000000,0.000000,0.756880,0.000560,0.756880,0.926920,1,18908,18922,14,9,54,18922,25000,18777,20064,1287,145,1432,0.992337,0.935855,14,0,1.000000,9,0,1.000000,54,0,1.000000
125,0.181492,57.890000,1.234599,0.000000,0.000000,0.774680,0.000320,0.774680,0.913680,1,19359,19367,8,5,47,19367,25000,19254,20168,914,113,1027,0.994165,0.954681,8,0,1.000000,5,0,1.000000,47,0,1.000000
126,0.170768,57.820000,1.211126,0.000000,0.000000,0.792400,0.000320,0.792400,0.911560,1,19802,19810,8,5,49,19810,25000,19685,20596,911,125,1036,0.993690,0.955768,8,0,1.000000,5,0,1.000000,49,0,1.000000
127,0.167635,58.630000,1.193877,0.000000,0.000000,0.761320,0.000360,0.761320,0.936600,1,19024,19033,9,6,35,19033,25000,18914,19740,826,119,945,0.993748,0.958156,9,0,1.000000,6,0,1.000000,35,0,1.000000
128,0.191720,58.520000,1.199369,0.000000,0.000000,0.783560,0.000400,0.783560,0.905560,1,19579,19589,10,5,59,19589,25000,19455,20580,1125,134,1259,0.993159,0.945335,10,0,1.000000,5,0,1.000000,59,0,1.000000
129,0.169314,58.780000,1.180527,0.000000,0.000000,0.752880,0.000440,0.752880,0.917520,1,18811,18822,11,5,66,18822,25000,18679,19750,1071,143,1214,0.992403,0.945772,11,0,1.000000,5,0,1.000000,66,0,1.000000
130,0.146969,58.660000,1.184103,0.000000,0.000000,0.785680,0.000480,0.785680,0.940800,1,19630,19642,12,5,47,19642,25000,19530,20592,1062,112,1174,0.994298,0.948427,12,0,1.000000,5,0,1.000000,47,0,1.000000
131,0.161184,59.680000,1.164096,0.000000,0.000000,0.797720,0.000200,0.797720,0.934680,1,19938,19943,5,3,52,19943,25000,19841,20658,817,102,919,0.994885,0.960451,5,0,1.000000,3,0,1.000000,52,0,1.000000
132,0.169830,58.680000,1.182312,0.000000,0.000000,0.786240,0.000400,0.786240,0.912480,1,19646,19656,10,5,73,19656,25000,19520,20204,684,136,820,0.993081,0.966145,10,0,1.000000,5,0,1.000000,73,0,1.000000
133,0.181680,59.000000,1.179061,0.000000,0.000000,0.753800,0.000280,0.753800,0.916880,1,18838,18845,7,3,53,18845,25000,18699,19412,713,146,859,0.992253,0.963270,7,0,1.000000,3,0,1.000000,53,0,1.000000
134,0.160053,58.420000,1.185141,0.000000,0.000000,0.783640,0.000240,0.783640,0.931800,1,19585,19591,6,5,68,19591,25000,19488,20444,956,103,1059,0.994742,0.953238,6,0,1.000000,5,0,1.000000,68,0,1.000000
135,0.163562,58.280000,1.203714,0.000000,0.000000,0.769160,0.000680,0.769160,0.904400,1,19212,19229,17,12,93,19229,25000,19084,20030,946,145,1091,0.992459,0.952771,17,0,1.000000,12,0,1.000000,93,0,1.000000
136,0.155753,59.280000,1.164073,0.000000,0.000000,0.779440,0.000280,0.779440,0.935640,1,19479,19486,7,3,66,19486,25000,19370,20362,992,116,1108,0.994047,0.951282,7,0,1.000000,3,0,1.000000,66,0,1.000000
137,0.171742,60.490000,1.140890,0.000000,0.000000,0.749440,0.000600,0.749440,0.926440,1,18721,18736,15,11,89,18736,25000,18609,19846,1237,127,1364,0.993222,0.937670,15,0,1.000000,11,0,1.000000,89,0,1.000000
138,0.164497,59.190000,1.174126,0.000000,0.000000,0.766160,0.000840,0.766160,0.928120,1,19133,19154,21,17,91,19154,25000,19015,20068,1053,139,1192,0.992743,0.947528,20,1,0.952381,16,1,0.941176,90,1,0.989011
139,0.150199,59.160000,1.166985,0.000000,0.000000,0.765040,0.000320,0.765040,0.941200,1,19118,19126,8,2,82,19126,25000,19000,20064,1064,126,1190,0.993412,0.946970,8,0,1.000000,2,0,1.000000,81,1,0.987805
140,0.158100,59.690000,1.155134,0.000000,0.000000,0.762360,0.000320,0.762360,0.932400,1,19051,19059,8,6,110,19059,25000,18928,19916,988,131,1119,0.993127,0.950392,8,0,1.000000,6,0,1.000000,109,1,0.990909
141,0.165727,60.660000,1.142461,0.000000,0.000000,0.775800,0.000400,0.775800,0.926640,1,19385,19395,10,4,99,19395,25000,19285,20642,1357,110,1467,0.994328,0.934260,10,0,1.000000,4,0,1.000000,98,1,0.989899
142,0.150738,59.620000,1.153096,0.000000,0.000000,0.744200,0.000560,0.744200,0.944640,1,18591,18605,14,9,107,18605,25000,18474,19826,1352,131,1483,0.992959,0.931807,14,0,1.000000,9,0,1.000000,107,0,1.000000
143,0.136921,61.450000,1.126007,0.000000,0.000000,0.769080,0.000520,0.769080,0.944320,1,19214,19227,13,8,106,19227,25000,19124,20436,1312,103,1415,0.994643,0.935800,13,0,1.000000,8,0,1.000000,106,0,1.000000
144,0.133454,59.070000,1.173475,0.000000,0.000000,0.761240,0.000880,0.761240,0.942480,1,19009,19031,22,12,100,19031,25000,18913,20256,1343,118,1461,0.993800,0.933699,22,0,1.000000,12,0,1.000000,100,0,1.000000
145,0.147507,59.960000,1.146013,0.000000,0.000000,0.776520,0.000880,0.776520,0.950760,1,19391,19413,22,15,111,19413,25000,19289,20328,1039,124,1163,0.993613,0.948888,22,0,1.000000,15,0,1.000000,110,1,0.990991
146,0.148355,59.210000,1.164966,0.000000,0.000000,0.772040,0.000720,0.772040,0.947360,1,19283,19301,18,10,119,19301,25000,19181,20350,1169,120,1289,0.993783,0.942555,18,0,1.000000,10,0,1.000000,118,1,0.991597
147,0.157065,58.270000,1.163174,0.000000,0.000000,0.770240,0.000720,0.770240,0.934880,1,19238,19256,18,11,108,19256,25000,19139,19948,809,117,926,0.993924,0.959445,18,0,1.000000,11,0,1.000000,107,1,0.990741
148,0.158747,58.970000,1.160582,0.000000,0.000000,0.761560,0.000680,0.761560,0.937520,1,19022,19039,17,7,140,19039,25000,18908,19952,1044,131,1175,0.993119,0.947674,16,1,0.941176,7,0,1.000000,139,1,0.992857
149,0.158996,61.880000,1.093824,0.000000,0.000000,0.745720,0.000800,0.745720,0.914760,1,18623,18643,20,11,144,18643,25000,18504,19780,1276,139,1415,0.992544,0.935490,20,0,1.000000,11,0,1.000000,144,0,1.000000
150,0.169156,59.740000,1.142605,0.000000,0.000000,0.754320,0.000760,0.754320,0.923120,1,18839,18858,19,9,162,18858,25000,18729,19570,841,129,970,0.993159,0.957026,19,0,1.000000,9,0,1.000000,161,1,0.993827
151,0.142057,60.470000,1.128190,0.000000,0.000000,0.764160,0.001040,0.764160,0.936440,1,19078,19104,26,8,170,19104,25000,18972,20438,1466,132,1598,0.993090,0.928271,26,0,1.000000,8,0,1.000000,170,0,1.000000
152,0.143700,60.810000,1.135838,0.000000,0.000000,0.761200,0.000640,0.761200,0.927320,1,19014,19030,16,7,130,19030,25000,18910,19944,1034,120,1154,0.993694,0.948155,16,0,1.000000,7,0,1.000000,130,0,1.000000
153,0.145885,59.310000,1.151799,0.000000,0.000000,0.776480,0.000520,0.776480,0.929040,1,19399,19412,13,8,153,19412,25000,19296,20176,880,116,996,0.994024,0.956384,13,0,1.000000,8,0,1.000000,153,0,1.000000
154,0.138624,62.010000,1.096841,0.000000,0.000000,0.745840,0.000360,0.745840,0.941440,1,18637,18646,9,3,136,18646,25000,18521,19662,1141,125,1266,0.993296,0.941969,9,0,1.000000,3,0,1.000000,135,1,0.992647
155,0.144196,60.980000,1.128810,0.000000,0.000000,0.749160,0.000640,0.749160,0.946680,1,18713,18729,16,9,144,18729,25000,18602,19916,1314,127,1441,0.993219,0.934023,15,1,0.937500,9,0,1.000000,143,1,0.993056
156,0.128526,61.640000,1.112478,0.000000,0.000000,0.773280,0.000400,0.773280,0.950920,1,19322,19332,10,4,135,19332,25000,19229,20064,835,103,938,0.994672,0.958383,9,1,0.900000,4,0,1.000000,134,1,0.992593
157,0.151724,60.740000,1.119467,0.000000,0.000000,0.729800,0.001080,0.729800,0.938280,1,18218,18245,27,8,178,18245,25000,18099,19298,1199,146,1345,0.991998,0.937869,27,0,1.000000,8,0,1.000000,177,1,0.994382
158,0.155871,61.240000,1.117689,0.000000,0.000000,0.778200,0.000840,0.778200,0.936160,1,19434,19455,21,10,153,19455,25000,19343,20316,973,112,1085,0.994243,0.952107,21,0,1.000000,10,0,1.000000,153,0,1.000000
159,0.131633,59.480000,1.151064,0.000000,0.000000,0.756200,0.000600,0.756200,0.941720,1,18890,18905,15,5,181,18905,25000,18784,19672,888,121,1009,0.993600,0.954860,14,1,0.933333,4,1,0.800000,180,1,0.994475
160,0.133940,61.960000,1.092397,0.000000,0.000000,0.767040,0.000960,0.767040,0.947160,1,19152,19176,24,12,184,19176,25000,19061,19924,863,115,978,0.994003,0.956685,23,1,0.958333,12,0,1.000000,183,1,0.994565
161,0.141855,61.270000,1.123317,0.000000,0.000000,0.780880,0.000840,0.780880,0.943080,1,19501,19522,21,4,195,19522,25000,19409,20302,893,113,1006,0.994212,0.956014,21,0,1.000000,4,0,1.000000,195,0,1.000000
162,0.134812,61.060000,1.113094,0.000000,0.000000,0.770840,0.000920,0.770840,0.945720,1,19248,19271,23,10,188,19271,25000,19142,19962,820,129,949,0.993306,0.958922,23,0,1.000000,10,0,1.000000,187,1,0.994681
163,0.140100,63.400000,1.068762,0.000000,0.000000,0.765800,0.000720,0.765800,0.934720,1,19127,19145,18,4,188,19145,25000,19002,20152,1150,143,1293,0.992531,0.942934,18,0,1.000000,4,0,1.000000,188,0,1.000000
164,0.137729,59.480000,1.149297,0.000000,0.000000,0.765280,0.000760,0.765280,0.948600,1,19113,19132,19,4,178,19132,25000,19024,20084,1060,108,1168,0.994355,0.947222,18,1,0.947368,4,0,1.000000,177,1,0.994382
165,0.147707,60.940000,1.132861,0.000000,0.000000,0.751720,0.000880,0.751720,0.930840,1,18771,18793,22,6,218,18793,25000,18655,19858,1203,138,1341,0.992657,0.939420,21,1,0.954545,6,0,1.000000,217,1,0.995413
166,0.145410,61.960000,1.108234,0.000000,0.000000,0.782080,0.001080,0.782080,0.926600,1,19525,19552,27,9,200,19552,25000,19437,20430,993,115,1108,0.994118,0.951395,27,0,1.000000,9,0,1.000000,200,0,1.000000
167,0.125318,61.960000,1.105101,0.000000,0.000000,0.783600,0.000880,0.783600,0.944560,1,19568,19590,22,6,236,19590,25000,19491,20290,799,99,898,0.994946,0.960621,22,0,1.000000,6,0,1.000000,234,2,0.991525
168,0.140609,60.760000,1.111173,0.000000,0.000000,0.787120,0.000840,0.787120,0.938680,1,19657,19678,21,5,202,19678,25000,19586,20400,814,92,906,0.995325,0.960098,21,0,1.000000,5,0,1.000000,201,1,0.995050
169,0.152893,60.580000,1.113248,0.000000,0.000000,0.773120,0.000920,0.773120,0.904680,1,19305,19328,23,11,195,19328,25000,19235,20460,1225,93,1318,0.995188,0.940127,23,0,1.000000,11,0,1.000000,195,0,1.000000
170,0.124382,58.840000,1.165823,0.000000,0.000000,0.758520,0.002200,0.758520,0.949120,1,18908,18963,55,30,253,18963,25000,18832,20078,1246,131,1377,0.993092,0.937942,55,0,1.000000,30,0,1.000000,252,1,0.996047
171,0.149138,62.110000,1.099786,0.000000,0.000000,0.762800,0.001080,0.762800,0.928640,1,19043,19070,27,8,223,19070,25000,18946,20148,1202,124,1326,0.993498,0.940341,26,1,0.962963,8,0,1.000000,222,1,0.995516
172,0.135736,62.660000,1.078292,0.000000,0.000000,0.768160,0.000800,0.768160,0.952240,1,19184,19204,20,6,183,19204,25000,19093,20270,1177,111,1288,0.994220,0.941934,19,1,0.950000,6,0,1.000000,182,1,0.994536
173,0.143963,60.490000,1.133286,0.000000,0.000000,0.795720,0.000960,0.795720,0.938640,1,19869,19893,24,8,260,19893,25000,19783,20614,831,110,941,0.994470,0.959688,23,1,0.958333,8,0,1.000000,258,2,0.992308
174,0.134117,62.000000,1.101327,0.000000,0.000000,0.760800,0.000640,0.760800,0.951240,1,19004,19020,16,5,270,19020,25000,18903,19934,1031,117,1148,0.993849,0.948279,16,0,1.000000,5,0,1.000000,268,2,0.992593
175,0.139411,61.780000,1.104376,0.000000,0.000000,0.780760,0.000880,0.780760,0.929160,1,19497,19519,22,12,244,19519,25000,19394,20326,932,125,1057,0.993596,0.954147,22,0,1.000000,12,0,1.000000,243,1,0.995902
176,0.152368,62.380000,1.083304,0.000000,0.000000,0.779960,0.000960,0.779960,0.928080,1,19475,19499,24,2,269,19499,25000,19370,20196,826,129,955,0.993384,0.959101,24,0,1.000000,2,0,1.000000,267,2,0.992565
177,0.116131,61.060000,1.134008,0.000000,0.000000,0.779280,0.001400,0.779280,0.947240,1,19447,19482,35,9,291,19482,25000,19380,20106,726,102,828,0.994764,0.963891,35,0,1.000000,9,0,1.000000,290,1,0.996564
178,0.119476,61.620000,1.114084,0.000000,0.000000,0.803040,0.001200,0.803040,0.943160,1,20046,20076,30,9,237,20076,25000,19989,20512,523,87,610,0.995666,0.974503,29,1,0.966667,9,0,1.000000,236,1,0.995781
179,0.128410,61.820000,1.105910,0.000000,0.000000,0.754520,0.001240,0.754520,0.947400,1,18832,18863,31,8,238,18863,25000,18725,19820,1095,138,1233,0.992684,0.944753,30,1,0.967742,8,0,1.000000,237,1,0.995798
180,0.122081,62.950000,1.070738,0.000000,0.000000,0.803000,0.001040,0.803000,0.945880,1,20049,20075,26,11,274,20075,25000,19969,20828,859,106,965,0.994720,0.958757,26,0,1.000000,11,0,1.000000,272,2,0.992701
181,0.142941,61.340000,1.118409,0.000000,0.000000,0.776560,0.001320,0.776560,0.941520,1,19381,19414,33,11,265,19414,25000,19296,19938,642,118,760,0.993922,0.967800,33,0,1.000000,11,0,1.000000,263,2,0.992453
182,0.130057,61.880000,1.092341,0.000000,0.000000,0.756760,0.001080,0.756760,0.945440,1,18892,18919,27,8,262,18919,25000,18800,19758,958,119,1077,0.993710,0.951513,27,0,1.000000,8,0,1.000000,261,1,0.996183
183,0.156095,63.280000,1.060332,0.000000,0.000000,0.781040,0.001560,0.781040,0.926640,1,19487,19526,39,15,265,19526,25000,19404,20388,984,122,1106,0.993752,0.951736,39,0,1.000000,15,0,1.000000,264,1,0.996226
184,0.133522,60.300000,1.124517,0.000000,0.000000,0.792520,0.001000,0.792520,0.937000,1,19788,19813,25,7,259,19813,25000,19722,20476,754,91,845,0.995407,0.963176,25,0,1.000000,7,0,1.000000,258,1,0.996139
185,0.126108,61.370000,1.111446,0.000000,0.000000,0.772800,0.000840,0.772800,0.951640,1,19299,19320,21,7,286,19320,25000,19195,20084,889,125,1014,0.993530,0.955736,20,1,0.952381,6,1,0.857143,284,2,0.993007
186,0.122061,60.970000,1.112016,0.000000,0.000000,0.748880,0.001040,0.748880,0.950440,1,18696,18722,26,8,277,18722,25000,18606,19764,1158,116,1274,0.993804,0.941409,26,0,1.000000,8,0,1.000000,275,2,0.992780
187,0.134353,59.270000,1.176400,0.000000,0.000000,0.781360,0.000960,0.781360,0.947200,1,19510,19534,24,4,244,19534,25000,19412,20004,592,122,714,0.993754,0.970406,24,0,1.000000,4,0,1.000000,243,1,0.995902
188,0.139634,61.940000,1.096340,0.000000,0.000000,0.756040,0.001320,0.756040,0.949240,1,18868,18901,33,9,293,18901,25000,18782,19708,926,119,1045,0.993704,0.953014,32,1,0.969697,8,1,0.888889,291,2,0.993174
189,0.148417,59.140000,1.180718,0.000000,0.000000,0.784800,0.001120,0.784800,0.946960,1,19592,19620,28,7,341,19620,25000,19512,20098,586,108,694,0.994495,0.970843,27,1,0.964286,7,0,1.000000,338,3,0.991202
190,0.144007,62.090000,1.090971,0.000000,0.000000,0.779840,0.001000,0.779840,0.939600,1,19471,19496,25,7,327,19496,25000,19371,20250,879,125,1004,0.993588,0.956593,25,0,1.000000,7,0,1.000000,324,3,0.990826
191,0.117688,61.220000,1.109714,0.000000,0.000000,0.778200,0.000880,0.778200,0.947200,1,19433,19455,22,4,282,19455,25000,19360,20260,900,95,995,0.995117,0.955577,22,0,1.000000,4,0,1.000000,281,1,0.996454
192,0.125628,62.000000,1.096554,0.000000,0.000000,0.807040,0.000760,0.807040,0.948080,1,20157,20176,19,6,302,20176,25000,20082,20806,724,94,818,0.995341,0.965202,19,0,1.000000,6,0,1.000000,302,0,1.000000
193,0.132954,63.330000,1.063591,0.000000,0.000000,0.745560,0.001480,0.745560,0.952880,1,18602,18639,37,13,319,18639,25000,18523,19838,1315,116,1431,0.993776,0.933713,37,0,1.000000,13,0,1.000000,318,1,0.996865
194,0.126397,59.920000,1.164484,0.000000,0.000000,0.769480,0.001000,0.769480,0.950160,1,19212,19237,25,5,366,19237,25000,19118,19814,696,119,815,0.993814,0.964873,22,3,0.880000,5,0,1.000000,363,3,0.991803
195,0.132495,63.040000,1.065234,0.000000,0.000000,0.749720,0.000920,0.749720,0.945960,1,18720,18743,23,5,330,18743,25000,18613,19762,1149,130,1279,0.993064,0.941858,23,0,1.000000,5,0,1.000000,327,3,0.990909
196,0.139291,60.980000,1.117422,0.000000,0.000000,0.775400,0.000880,0.775400,0.949440,1,19363,19385,22,3,278,19385,25000,19267,19964,697,118,815,0.993913,0.965087,22,0,1.000000,3,0,1.000000,275,3,0.989209
197,0.123108,65.290000,1.007825,0.000000,0.000000,0.729800,0.001240,0.729800,0.953280,1,18214,18245,31,6,293,18245,25000,18117,19424,1307,128,1435,0.992984,0.932712,31,0,1.000000,6,0,1.000000,293,0,1.000000
198,0.134537,63.600000,1.069752,0.000000,0.000000,0.764520,0.000880,0.764520,0.945360,1,19091,19113,22,2,336,19113,25000,18996,19674,678,117,795,0.993879,0.965538,20,2,0.909091,2,0,1.000000,333,3,0.991071
199,0.132991,62.730000,1.069805,0.000000,0.000000,0.772480,0.001000,0.772480,0.949320,1,19287,19312,25,9,292,19312,25000,19183,20014,831,129,960,0.993320,0.958479,25,0,1.000000,9,0,1.000000,290,2,0.993151
200,0.124084,63.330000,1.056663,0.000000,0.000000,0.785200,0.001000,0.785200,0.952480,1,19605,19630,25,9,325,19630,25000,19517,20234,717,113,830,0.994244,0.964565,25,0,1.000000,9,0,1.000000,322,3,0.990769
201,0.149750,61.900000,1.094720,0.000000,0.000000,0.770440,0.001000,0.770440,0.936720,1,19236,19261,25,5,297,19261,25000,19150,20192,1042,111,1153,0.994237,0.948395,25,0,1.000000,5,0,1.000000,295,2,0.993266
202,0.133512,63.270000,1.060247,0.000000,0.000000,0.784320,0.001040,0.784320,0.937000,1,19582,19608,26,7,329,19608,25000,19498,20384,886,110,996,0.994390,0.956535,25,1,0.961538,7,0,1.000000,328,1,0.996960
203,0.135084,64.940000,1.026120,0.000000,0.000000,0.754920,0.001040,0.754920,0.933480,1,18847,18873,26,3,375,18873,25000,18754,19790,1036,119,1155,0.993695,0.947650,24,2,0.923077,3,0,1.000000,373,2,0.994667
204,0.160410,62.240000,1.078673,0.000000,0.000000,0.767120,0.001560,0.767120,0.916640,1,19139,19178,39,9,338,19178,25000,19070,19788,718,108,826,0.994369,0.963715,39,0,1.000000,9,0,1.000000,336,2,0.994083
205,0.137443,64.280000,1.035688,0.000000,0.000000,0.743760,0.001320,0.743760,0.942040,1,18561,18594,33,6,343,18594,25000,18453,19486,1033,141,1174,0.992417,0.946988,33,0,1.000000,6,0,1.000000,342,1,0.997085
206,0.120474,62.330000,1.088756,0.000000,0.000000,0.763320,0.001320,0.763320,0.950520,1,19050,19083,33,10,341,19083,25000,18978,19932,954,105,1059,0.994498,0.952137,33,0,1.000000,10,0,1.000000,339,2,0.994135
207,0.126845,62.260000,1.078557,0.000000,0.000000,0.765800,0.001000,0.765800,0.940000,1,19120,19145,25,8,333,19145,25000,19031,19782,751,114,865,0.994045,0.962036,25,0,1.000000,8,0,1.000000,332,1,0.996997
208,0.130967,63.140000,1.072190,0.000000,0.000000,0.785520,0.000920,0.785520,0.939640,1,19615,19638,23,9,375,19638,25000,19527,20444,917,111,1028,0.994348,0.955146,23,0,1.000000,9,0,1.000000,374,1,0.997333
209,0.115876,61.860000,1.104163,0.000000,0.000000,0.771280,0.001320,0.771280,0.952800,1,19249,19282,33,10,366,19282,25000,19154,20020,866,128,994,0.993362,0.956743,33,0,1.000000,10,0,1.000000,363,3,0.991803
210,0.138091,62.970000,1.071625,0.000000,0.000000,0.759520,0.001280,0.759520,0.946760,1,18956,18988,32,11,363,18988,25000,18840,19946,1106,148,1254,0.992206,0.944550,31,1,0.968750,11,0,1.000000,360,3,0.991736
211,0.128710,63.540000,1.061249,0.000000,0.000000,0.765120,0.001000,0.765120,0.934800,1,19103,19128,25,4,402,19128,25000,19008,20016,1008,120,1128,0.993726,0.949640,25,0,1.000000,4,0,1.000000,401,1,0.997512
212,0.126958,61.100000,1.112248,0.000000,0.000000,0.766440,0.001160,0.766440,0.946000,1,19132,19161,29,3,397,19161,25000,19055,19748,693,106,799,0.994468,0.964908,27,2,0.931034,3,0,1.000000,394,3,0.992443
213,0.120087,63.760000,1.042682,0.000000,0.000000,0.769760,0.001960,0.769760,0.941000,1,19195,19244,49,19,406,19244,25000,19121,20256,1135,123,1258,0.993608,0.943967,49,0,1.000000,19,0,1.000000,406,0,1.000000
214,0.129164,62.990000,1.081007,0.000000,0.000000,0.768640,0.001640,0.768640,0.932320,1,19175,19216,41,18,440,19216,25000,19079,19858,779,137,916,0.992871,0.960771,40,1,0.975610,18,0,1.000000,437,3,0.993182
215,0.123213,63.510000,1.047211,0.000000,0.000000,0.774960,0.001840,0.774960,0.954560,1,19328,19374,46,10,419,19374,25000,19271,20192,921,103,1024,0.994684,0.954388,46,0,1.000000,10,0,1.000000,417,2,0.995227
216,0.125061,64.070000,1.024751,0.000000,0.000000,0.762800,0.001440,0.762800,0.951360,1,19034,19070,36,9,361,19070,25000,18963,19840,877,107,984,0.994389,0.955796,36,0,1.000000,9,0,1.000000,360,1,0.997230
217,0.120789,62.350000,1.094637,0.000000,0.000000,0.780480,0.001440,0.780480,0.955600,1,19476,19512,36,12,406,19512,25000,19393,20088,695,119,814,0.993901,0.965402,36,0,1.000000,12,0,1.000000,404,2,0.995074
218,0.137819,63.660000,1.050730,0.000000,0.000000,0.799760,0.002120,0.799760,0.941680,1,19941,19994,53,15,476,19994,25000,19857,20518,661,137,798,0.993148,0.967784,53,0,1.000000,15,0,1.000000,473,3,0.993697
219,0.118679,63.040000,1.073022,0.000000,0.000000,0.786800,0.001600,0.786800,0.953960,1,19630,19670,40,5,413,19670,25000,19553,20302,749,117,866,0.994052,0.963107,40,0,1.000000,5,0,1.000000,410,3,0.992736
220,0.131426,63.710000,1.061746,0.000000,0.000000,0.781760,0.001840,0.781760,0.949240,1,19498,19544,46,14,447,19544,25000,19411,19998,587,133,720,0.993195,0.970647,46,0,1.000000,14,0,1.000000,445,2,0.995526
221,0.124270,63.120000,1.069221,0.000000,0.000000,0.779680,0.001720,0.779680,0.950400,1,19449,19492,43,14,435,19492,25000,19377,20448,1071,115,1186,0.994100,0.947623,42,1,0.976744,14,0,1.000000,433,2,0.995402
222,0.124992,65.080000,1.020620,0.000000,0.000000,0.782480,0.001320,0.782480,0.952120,1,19529,19562,33,8,449,19562,25000,19457,20138,681,105,786,0.994632,0.966183,32,1,0.969697,7,1,0.875000,446,3,0.993318
223,0.128617,62.390000,1.092333,0.000000,0.000000,0.795760,0.001640,0.795760,0.933960,1,19853,19894,41,9,446,19894,25000,19787,20304,517,107,624,0.994621,0.974537,41,0,1.000000,9,0,1.000000,443,3,0.993274
224,0.129866,61.780000,1.126157,0.000000,0.000000,0.785400,0.001440,0.785400,0.947520,1,19599,19635,36,9,396,19635,25000,19516,20390,874,119,993,0.993939,0.957136,36,0,1.000000,9,0,1.000000,393,3,0.992424
225,0.139705,63.770000,1.047928,0.000000,0.000000,0.802760,0.001400,0.802760,0.933600,1,20034,20069,35,2,497,20069,25000,19923,20532,609,146,755,0.992725,0.970339,35,0,1.000000,2,0,1.000000,497,0,1.000000
226,0.125490,62.620000,1.085563,0.000000,0.000000,0.810760,0.001040,0.810760,0.952280,1,20243,20269,26,6,484,20269,25000,20184,20590,406,85,491,0.995806,0.980282,25,1,0.961538,6,0,1.000000,480,4,0.991736
227,0.126089,64.150000,1.054821,0.000000,0.000000,0.799360,0.002080,0.799360,0.950880,1,19932,19984,52,17,468,19984,25000,19866,20520,654,118,772,0.994095,0.968129,52,0,1.000000,17,0,1.000000,465,3,0.993590
228,0.135824,61.960000,1.088984,0.000000,0.000000,0.796280,0.001600,0.796280,0.940560,1,19867,19907,40,10,450,19907,25000,19783,20448,665,124,789,0.993771,0.967478,38,2,0.950000,10,0,1.000000,446,4,0.991111
229,0.128016,63.490000,1.058225,0.000000,0.000000,0.768600,0.001320,0.768600,0.945560,1,19182,19215,33,11,404,19215,25000,19090,19964,874,125,999,0.993495,0.956221,32,1,0.969697,11,0,1.000000,403,1,0.997525
230,0.118874,62.730000,1.075041,0.000000,0.000000,0.788360,0.001680,0.788360,0.957600,1,19667,19709,42,7,429,19709,25000,19603,20196,593,106,699,0.994622,0.970638,41,1,0.976190,7,0,1.000000,428,1,0.997669
231,0.120434,63.950000,1.043303,0.000000,0.000000,0.793320,0.001480,0.793320,0.941840,1,19796,19833,37,10,455,19833,25000,19734,20432,698,99,797,0.995008,0.965838,37,0,1.000000,10,0,1.000000,453,2,0.995604
232,0.111768,63.570000,1.057797,0.000000,0.000000,0.764520,0.001440,0.764520,0.960920,1,19077,19113,36,15,430,19113,25000,18997,19772,775,116,891,0.993931,0.960803,35,1,0.972222,15,0,1.000000,428,2,0.995349
233,0.163886,61.670000,1.131165,0.000000,0.000000,0.782760,0.001720,0.782760,0.931920,1,19526,19569,43,13,546,19569,25000,19391,19994,603,178,781,0.990904,0.969841,42,1,0.976744,13,0,1.000000,543,3,0.994505
234,0.133667,64.660000,1.017391,0.000000,0.000000,0.776560,0.001920,0.776560,0.943560,1,19366,19414,48,8,538,19414,25000,19290,20364,1074,124,1198,0.993613,0.947260,47,1,0.979167,7,1,0.875000,535,3,0.994424
235,0.130434,64.020000,1.044813,0.000000,0.000000,0.760240,0.001960,0.760240,0.943880,1,18957,19006,49,12,511,19006,25000,18863,19516,653,143,796,0.992476,0.966540,47,2,0.959184,12,0,1.000000,508,3,0.994129
236,0.118047,63.680000,1.058062,0.000000,0.000000,0.777320,0.002080,0.777320,0.928200,1,19381,19433,52,12,551,19433,25000,19308,19980,672,125,797,0.993568,0.966366,52,0,1.000000,12,0,1.000000,547,4,0.992740
237,0.124610,63.550000,1.063895,0.000000,0.000000,0.747240,0.001720,0.747240,0.947320,1,18638,18681,43,8,598,18681,25000,18533,19386,853,148,1001,0.992078,0.955999,43,0,1.000000,8,0,1.000000,595,3,0.994983
238,0.130123,65.160000,1.013917,0.000000,0.000000,0.761960,0.001400,0.761960,0.934200,1,19014,19049,35,9,440,19049,25000,18938,19950,1012,111,1123,0.994173,0.949273,35,0,1.000000,9,0,1.000000,437,3,0.993182
239,0.132586,63.630000,1.074347,0.000000,0.000000,0.775040,0.001640,0.775040,0.944360,1,19335,19376,41,7,503,19376,25000,19255,20064,809,121,930,0.993755,0.959679,40,1,0.975610,7,0,1.000000,499,4,0.992048
240,0.136391,65.190000,1.008734,0.000000,0.000000,0.754360,0.001960,0.754360,0.937080,1,18810,18859,49,18,616,18859,25000,18750,19966,1216,109,1325,0.994220,0.939096,48,1,0.979592,18,0,1.000000,614,2,0.996753
241,0.141471,63.990000,1.050662,0.000000,0.000000,0.746680,0.002520,0.746680,0.924480,1,18604,18667,63,17,581,18667,25000,18534,19480,946,133,1079,0.992875,0.951437,61,2,0.968254,17,0,1.000000,577,4,0.993115
242,0.120189,65.170000,1.018042,0.000000,0.000000,0.780240,0.001760,0.780240,0.948720,1,19462,19506,44,11,524,19506,25000,19395,20234,839,111,950,0.994309,0.958535,43,1,0.977273,11,0,1.000000,521,3,0.994275
243,0.134538,63.090000,1.054276,0.000000,0.000000,0.739720,0.001320,0.739720,0.934240,1,18460,18493,33,3,480,18493,25000,18371,19324,953,122,1075,0.993403,0.950683,33,0,1.000000,3,0,1.000000,479,1,0.997917
244,0.133894,64.960000,1.013606,0.000000,0.000000,0.784280,0.002000,0.784280,0.937960,1,19557,19607,50,12,507,19607,25000,19477,20368,891,130,1021,0.993370,0.956255,50,0,1.000000,12,0,1.000000,504,3,0.994083
245,0.120040,65.380000,1.013544,0.000000,0.000000,0.790200,0.001680,0.790200,0.952360,1,19713,19755,42,9,577,19755,25000,19667,20428,761,88,849,0.995545,0.962747,41,1,0.976190,9,0,1.000000,573,4,0.993068
246,0.132650,64.830000,1.021340,0.000000,0.000000,0.764760,0.001520,0.764760,0.937080,1,19081,19119,38,9,577,19119,25000,18994,19648,654,125,779,0.993462,0.966714,38,0,1.000000,9,0,1.000000,573,4,0.993068
247,0.111176,65.090000,1.011616,0.000000,0.000000,0.780360,0.001240,0.780360,0.952960,1,19478,19509,31,5,510,19509,25000,19384,20258,874,125,999,0.993593,0.956857,31,0,1.000000,5,0,1.000000,506,4,0.992157
248,0.129489,64.560000,1.035831,0.000000,0.000000,0.795360,0.001160,0.795360,0.946440,1,19855,19884,29,5,568,19884,25000,19769,20428,659,115,774,0.994216,0.967740,28,1,0.965517,5,0,1.000000,564,4,0.992958
249,0.116062,64.210000,1.047022,0.000000,0.000000,0.784320,0.001560,0.784320,0.952280,1,19569,19608,39,9,520,19608,25000,19476,20110,634,132,766,0.993268,0.968473,39,0,1.000000,9,0,1.000000,517,3,0.994231
250,0.138502,65.450000,1.005894,0.000000,0.000000,0.783480,0.001480,0.783480,0.941640,1,19550,19587,37,13,604,19587,25000,19467,19898,431,120,551,0.993873,0.978340,35,2,0.945946,13,0,1.000000,601,3,0.995033
251,0.124596,66.000000,0.994984,0.000000,0.000000,0.756600,0.001760,0.756600,0.946560,1,18871,18915,44,8,625,18915,25000,18774,19632,858,141,999,0.992546,0.956296,44,0,1.000000,8,0,1.000000,622,3,0.995200
252,0.124408,64.390000,1.031736,0.000000,0.000000,0.762280,0.001440,0.762280,0.939960,1,19021,19057,36,3,542,19057,25000,18931,19840,909,126,1035,0.993388,0.954183,34,2,0.944444,2,1,0.666667,539,3,0.994465
253,0.126073,65.010000,1.006641,0.000000,0.000000,0.785040,0.001400,0.785040,0.940880,1,19591,19626,35,6,557,19626,25000,19498,20216,718,128,846,0.993478,0.964484,32,3,0.914286,5,1,0.833333,551,6,0.989228
254,0.119967,63.700000,1.060158,0.000000,0.000000,0.775760,0.001600,0.775760,0.939800,1,19354,19394,40,6,639,19394,25000,19261,19876,615,133,748,0.993142,0.969058,39,1,0.975000,6,0,1.000000,635,4,0.993740
255,0.113094,65.210000,1.009827,0.000000,0.000000,0.777080,0.001680,0.777080,0.954640,1,19385,19427,42,7,577,19427,25000,19309,19926,617,118,735,0.993926,0.969035,42,0,1.000000,7,0,1.000000,572,5,0.991334
256,0.135728,64.620000,1.032006,0.000000,0.000000,0.796960,0.001840,0.796960,0.923200,1,19878,19924,46,13,667,19924,25000,19799,20290,491,125,616,0.993726,0.975801,45,1,0.978261,13,0,1.000000,664,3,0.995502
257,0.116975,64.260000,1.044999,0.000000,0.000000,0.766880,0.001760,0.766880,0.951080,1,19128,19172,44,14,710,19172,25000,19054,19638,584,118,702,0.993845,0.970262,42,2,0.954545,13,1,0.928571,704,6,0.991549
258,0.132099,64.570000,1.025780,0.000000,0.000000,0.780600,0.001360,0.780600,0.941040,1,19481,19515,34,8,572,19515,25000,19418,20050,632,97,729,0.995029,0.968479,33,1,0.970588,7,1,0.875000,567,5,0.991259
259,0.100222,62.790000,1.095199,0.000000,0.000000,0.799000,0.001440,0.799000,0.954080,1,19939,19975,36,10,577,19975,25000,19881,20332,451,94,545,0.995294,0.977818,35,1,0.972222,10,0,1.000000,574,3,0.994801
260,0.134778,64.350000,1.021492,0.000000,0.000000,0.789760,0.001760,0.789760,0.945760,1,19700,19744,44,8,647,19744,25000,19624,20120,496,120,616,0.993922,0.975348,44,0,1.000000,8,0,1.000000,639,8,0.987635
261,0.117850,64.130000,1.039939,0.000000,0.000000,0.763400,0.001480,0.763400,0.950200,1,19048,19085,37,7,576,19085,25000,18968,19614,646,117,763,0.993870,0.967064,37,0,1.000000,7,0,1.000000,570,6,0.989583
262,0.121494,63.000000,1.068824,0.000000,0.000000,0.787840,0.001120,0.787840,0.944840,1,19668,19696,28,5,654,19696,25000,19601,20064,463,95,558,0.995177,0.976924,28,0,1.000000,5,0,1.000000,650,4,0.993884
263,0.145295,63.090000,1.059459,0.000000,0.000000,0.777280,0.001600,0.777280,0.932280,1,19392,19432,40,5,610,19432,25000,19318,20168,850,114,964,0.994133,0.957854,40,0,1.000000,5,0,1.000000,608,2,0.996721
264,0.115485,64.610000,1.025665,0.000000,0.000000,0.774440,0.001480,0.774440,0.947800,1,19324,19361,37,5,608,19361,25000,19236,19890,654,125,779,0.993544,0.967119,36,1,0.972973,5,0,1.000000,604,4,0.993421
265,0.134475,63.980000,1.051621,0.000000,0.000000,0.775400,0.002120,0.775400,0.940720,1,19332,19385,53,11,686,19385,25000,19247,19742,495,138,633,0.992881,0.974927,53,0,1.000000,11,0,1.000000,680,6,0.991254
266,0.135889,62.910000,1.074545,0.000000,0.000000,0.788120,0.001920,0.788120,0.938800,1,19655,19703,48,13,715,19703,25000,19580,20064,484,123,607,0.993757,0.975877,48,0,1.000000,13,0,1.000000,707,8,0.988811
267,0.121983,66.570000,0.976218,0.000000,0.000000,0.779400,0.001080,0.779400,0.945760,1,19458,19485,27,10,629,19485,25000,19365,20254,889,120,1009,0.993841,0.956107,26,1,0.962963,10,0,1.000000,623,6,0.990461
268,0.117112,64.350000,1.047091,0.000000,0.000000,0.808560,0.001520,0.808560,0.944560,1,20176,20214,38,4,606,20214,25000,20094,20446,352,120,472,0.994064,0.982784,37,1,0.973684,4,0,1.000000,600,6,0.990099
269,0.135888,65.810000,1.001225,0.000000,0.000000,0.773280,0.001960,0.773280,0.936720,1,19283,19332,49,8,711,19332,25000,19214,19814,600,118,718,0.993896,0.969718,49,0,1.000000,8,0,1.000000,706,5,0.992968
270,0.114707,64.170000,1.038331,0.000000,0.000000,0.786760,0.001560,0.786760,0.955720,1,19630,19669,39,10,614,19669,25000,19582,19998,416,87,503,0.995577,0.979198,39,0,1.000000,10,0,1.000000,608,6,0.990228
271,0.112345,66.150000,0.984960,0.000000,0.000000,0.793000,0.001840,0.793000,0.952680,1,19779,19825,46,12,601,19825,25000,19735,20106,371,90,461,0.995460,0.981548,46,0,1.000000,12,0,1.000000,596,5,0.991681
272,0.140667,67.160000,0.965221,0.000000,0.000000,0.788600,0.001360,0.788600,0.918200,1,19681,19715,34,2,687,19715,25000,19606,20170,564,109,673,0.994471,0.972038,34,0,1.000000,2,0,1.000000,685,2,0.997089
273,0.129027,63.550000,1.037542,0.000000,0.000000,0.787520,0.002000,0.787520,0.948680,1,19638,19688,50,4,675,19688,25000,19592,20424,832,96,928,0.995124,0.959264,50,0,1.000000,4,0,1.000000,673,2,0.997037
274,0.116499,64.050000,1.044037,0.000000,0.000000,0.806000,0.001560,0.806000,0.946160,1,20111,20150,39,9,685,20150,25000,20040,20464,424,110,534,0.994541,0.979281,38,1,0.974359,9,0,1.000000,679,6,0.991241
275,0.122050,64.350000,1.036051,0.000000,0.000000,0.788920,0.002200,0.788920,0.952080,1,19668,19723,55,7,665,19723,25000,19597,20492,895,126,1021,0.993612,0.956324,52,3,0.945455,7,0,1.000000,658,7,0.989474
276,0.147340,65.460000,0.994246,0.000000,0.000000,0.793720,0.002080,0.793720,0.914000,1,19791,19843,52,10,721,19843,25000,19721,20432,711,122,833,0.993852,0.965202,51,1,0.980769,10,0,1.000000,715,6,0.991678
277,0.113258,65.020000,1.016666,0.000000,0.000000,0.783760,0.002000,0.783760,0.956000,1,19544,19594,50,6,664,19594,25000,19469,19920,451,125,576,0.993620,0.977359,48,2,0.960000,6,0,1.000000,656,8,0.987952
278,0.119003,64.630000,1.011699,0.000000,0.000000,0.781560,0.002080,0.781560,0.931360,1,19487,19539,52,5,754,19539,25000,19440,20360,920,99,1019,0.994933,0.954813,51,1,0.980769,5,0,1.000000,749,5,0.993369
279,0.119372,65.270000,0.995972,0.000000,0.000000,0.804000,0.001560,0.804000,0.934520,1,20061,20100,39,7,631,20100,25000,20017,20614,597,83,680,0.995871,0.971039,37,2,0.948718,7,0,1.000000,628,3,0.995246
280,0.110438,65.290000,1.004860,0.000000,0.000000,0.768720,0.002920,0.768720,0.950000,1,19145,19218,73,17,588,19218,25000,19094,19888,794,124,918,0.993548,0.960076,73,0,1.000000,17,0,1.000000,582,6,0.989796
281,0.120660,66.840000,0.970946,0.000000,0.000000,0.769800,0.003040,0.769800,0.946120,1,19169,19245,76,21,800,19245,25000,19114,19852,738,131,869,0.993193,0.962825,75,1,0.986842,21,0,1.000000,792,8,0.990000
282,0.130379,66.560000,0.976649,0.000000,0.000000,0.771680,0.001800,0.771680,0.937600,1,19247,19292,45,6,837,19292,25000,19151,19820,669,141,810,0.992691,0.966246,44,1,0.977778,6,0,1.000000,833,4,0.995221
283,0.121223,65.670000,0.998631,0.000000,0.000000,0.790080,0.001840,0.790080,0.945440,1,19706,19752,46,5,787,19752,25000,19624,20284,660,128,788,0.993520,0.967462,46,0,1.000000,5,0,1.000000,779,8,0.989835
284,0.127403,65.470000,1.012081,0.000000,0.000000,0.788000,0.001840,0.788000,0.946640,1,19654,19700,46,10,686,19700,25000,19572,20018,446,128,574,0.993503,0.977720,45,1,0.978261,10,0,1.000000,679,7,0.989796
285,0.120272,66.790000,0.962589,0.000000,0.000000,0.786200,0.001720,0.786200,0.948840,1,19612,19655,43,11,664,19655,25000,19547,19932,385,108,493,0.994505,0.980684,42,1,0.976744,11,0,1.000000,661,3,0.995482
286,0.107276,64.910000,1.017435,0.000000,0.000000,0.771560,0.002840,0.771560,0.962240,1,19218,19289,71,20,711,19289,25000,19174,19962,788,115,903,0.994038,0.960525,71,0,1.000000,20,0,1.000000,704,7,0.990155
287,0.110050,63.880000,1.060575,0.000000,0.000000,0.773200,0.002160,0.773200,0.959440,1,19276,19330,54,3,701,19330,25000,19212,19778,566,118,684,0.993895,0.971382,54,0,1.000000,3,0,1.000000,696,5,0.992867
288,0.116905,66.340000,0.981022,0.000000,0.000000,0.766240,0.002480,0.766240,0.942640,1,19094,19156,62,14,790,19156,25000,19030,19674,644,126,770,0.993422,0.967266,60,2,0.967742,14,0,1.000000,784,6,0.992405
289,0.115461,63.440000,1.046509,0.000000,0.000000,0.776760,0.002360,0.776760,0.948240,1,19360,19419,59,9,711,19419,25000,19288,19924,636,131,767,0.993254,0.968079,59,0,1.000000,9,0,1.000000,706,5,0.992968
290,0.103533,65.000000,1.030908,0.000000,0.000000,0.772760,0.001560,0.772760,0.959800,1,19280,19319,39,9,688,19319,25000,19222,19980,758,97,855,0.994979,0.962062,39,0,1.000000,9,0,1.000000,687,1,0.998547
291,0.090535,65.010000,1.012128,0.000000,0.000000,0.796360,0.002040,0.796360,0.964920,1,19858,19909,51,8,634,19909,25000,19817,20428,611,92,703,0.995379,0.970090,50,1,0.980392,8,0,1.000000,631,3,0.995268
292,0.131767,67.030000,0.965114,0.000000,0.000000,0.770760,0.001960,0.770760,0.943760,1,19220,19269,49,8,774,19269,25000,19138,20028,890,131,1021,0.993202,0.955562,47,2,0.959184,7,1,0.875000,768,6,0.992248
293,0.096502,64.490000,1.046164,0.000000,0.000000,0.768200,0.001960,0.768200,0.963720,1,19156,19205,49,8,765,19205,25000,19100,19660,560,105,665,0.994533,0.971516,46,3,0.938776,8,0,1.000000,760,5,0.993464
294,0.125550,65.980000,0.988352,0.000000,0.000000,0.767080,0.001960,0.767080,0.941840,1,19128,19177,49,9,822,19177,25000,19048,19718,670,129,799,0.993273,0.966021,49,0,1.000000,9,0,1.000000,817,5,0.993917
295,0.099062,65.390000,1.009100,0.000000,0.000000,0.800560,0.001400,0.800560,0.956920,1,19979,20014,35,8,680,20014,25000,19927,20508,581,87,668,0.995653,0.971670,34,1,0.971429,8,0,1.000000,674,6,0.991176
296,0.119257,66.310000,0.981767,0.000000,0.000000,0.768480,0.001160,0.768480,0.935680,1,19183,19212,29,5,723,19212,25000,19092,19872,780,120,900,0.993754,0.960749,29,0,1.000000,5,0,1.000000,719,4,0.994467
297,0.106044,66.460000,0.979531,0.000000,0.000000,0.794480,0.001480,0.794480,0.962920,1,19825,19862,37,6,777,19862,25000,19752,20378,626,110,736,0.994462,0.969281,36,1,0.972973,6,0,1.000000,772,5,0.993565
298,0.127047,65.750000,1.002561,0.000000,0.000000,0.774120,0.001960,0.774120,0.942920,1,19304,19353,49,9,860,19353,25000,19213,19892,679,140,819,0.992766,0.965866,47,2,0.959184,9,0,1.000000,854,6,0.993023
299,0.117256,64.740000,1.023403,0.000000,0.000000,0.781520,0.001960,0.781520,0.942040,1,19489,19538,49,12,768,19538,25000,19442,20090,648,96,744,0.995086,0.967745,49,0,1.000000,12,0,1.000000,763,5,0.993490
300,0.133800,66.200000,0.977860,0.000000,0.000000,0.790560,0.001480,0.790560,0.947160,1,19727,19764,37,8,796,19764,25000,19647,20046,399,117,516,0.994080,0.980096,35,2,0.945946,8,0,1.000000,792,4,0.994975
301,0.119265,64.450000,1.039902,0.000000,0.000000,0.775080,0.002000,0.775080,0.955560,1,19327,19377,50,9,819,19377,25000,19257,20056,799,120,919,0.993807,0.960162,49,1,0.980000,9,0,1.000000,815,4,0.995116
302,0.146257,66.070000,0.978942,0.000000,0.000000,0.805880,0.001520,0.805880,0.948120,1,20109,20147,38,8,777,20147,25000,20007,20606,599,140,739,0.993051,0.970931,38,0,1.000000,8,0,1.000000,773,4,0.994852
303,0.112904,66.250000,0.978474,0.000000,0.000000,0.787320,0.002280,0.787320,0.951400,1,19626,19683,57,6,864,19683,25000,19557,19964,407,126,533,0.993599,0.979613,56,1,0.982456,6,0,1.000000,855,9,0.989583
304,0.097321,65.530000,0.997104,0.000000,0.000000,0.800600,0.001640,0.800600,0.958960,1,19974,20015,41,2,758,20015,25000,19922,20346,424,93,517,0.995353,0.979161,41,0,1.000000,2,0,1.000000,755,3,0.996042
305,0.121907,65.560000,0.999954,0.000000,0.000000,0.792160,0.001560,0.792160,0.954280,1,19765,19804,39,5,701,19804,25000,19702,20532,830,102,932,0.994850,0.959575,39,0,1.000000,5,0,1.000000,698,3,0.995720
306,0.126805,62.610000,1.064047,0.000000,0.000000,0.795360,0.002240,0.795360,0.933400,1,19828,19884,56,14,804,19884,25000,19754,20456,702,130,832,0.993462,0.965682,55,1,0.982143,14,0,1.000000,798,6,0.992537
307,0.106004,65.570000,1.006369,0.000000,0.000000,0.774040,0.002080,0.774040,0.952240,1,19299,19351,52,7,798,19351,25000,19239,19802,563,112,675,0.994212,0.971569,51,1,0.980769,7,0,1.000000,793,5,0.993734
308,0.108958,64.360000,1.027652,0.000000,0.000000,0.783600,0.002120,0.783600,0.953040,1,19537,19590,53,14,783,19590,25000,19479,20218,739,111,850,0.994334,0.963448,52,1,0.981132,13,1,0.928571,778,5,0.993614
309,0.114561,65.560000,1.000632,0.000000,0.000000,0.774280,0.002040,0.774280,0.949600,1,19306,19357,51,10,829,19357,25000,19234,20060,826,123,949,0.993646,0.958824,51,0,1.000000,10,0,1.000000,825,4,0.995175
310,0.109326,66.550000,0.972225,0.000000,0.000000,0.780200,0.001560,0.780200,0.946840,1,19466,19505,39,11,847,19505,25000,19400,20234,834,105,939,0.994617,0.958782,39,0,1.000000,11,0,1.000000,843,4,0.995277
311,0.127658,65.890000,0.994474,0.000000,0.000000,0.789440,0.002120,0.789440,0.934360,1,19683,19736,53,8,903,19736,25000,19617,20000,383,119,502,0.993970,0.980850,50,3,0.943396,7,1,0.875000,896,7,0.992248
312,0.110247,65.380000,1.018707,0.000000,0.000000,0.803920,0.001840,0.803920,0.958680,1,20052,20098,46,11,876,20098,25000,20006,20376,370,92,462,0.995422,0.981841,46,0,1.000000,11,0,1.000000,871,5,0.994292
313,0.117644,64.510000,1.024586,0.000000,0.000000,0.757000,0.001840,0.757000,0.951320,1,18879,18925,46,5,945,18925,25000,18802,19456,654,123,777,0.993501,0.966386,45,1,0.978261,5,0,1.000000,938,7,0.992593
314,0.114693,64.690000,1.018389,0.000000,0.000000,0.800240,0.002640,0.800240,0.943120,1,19940,20006,66,13,852,20006,25000,19913,20286,373,93,466,0.995351,0.981613,66,0,1.000000,13,0,1.000000,847,5,0.994131
315,0.092685,65.330000,1.008740,0.000000,0.000000,0.792840,0.001760,0.792840,0.965240,1,19777,19821,44,3,653,19821,25000,19739,20304,565,82,647,0.995863,0.972173,44,0,1.000000,3,0,1.000000,649,4,0.993874
316,0.103428,64.830000,1.011532,0.000000,0.000000,0.774560,0.002640,0.774560,0.952440,1,19298,19364,66,13,834,19364,25000,19242,19840,598,122,720,0.993700,0.969859,63,3,0.954545,13,0,1.000000,827,7,0.991607
317,0.093478,65.400000,1.020707,0.000000,0.000000,0.790360,0.001960,0.790360,0.957360,1,19710,19759,49,10,826,19759,25000,19656,20216,560,103,663,0.994787,0.972299,48,1,0.979592,10,0,1.000000,821,5,0.993947
318,0.100152,65.210000,1.014398,0.000000,0.000000,0.787440,0.001840,0.787440,0.954200,1,19640,19686,46,8,913,19686,25000,19584,19852,268,102,370,0.994819,0.986500,44,2,0.956522,8,0,1.000000,910,3,0.996714
319,0.116157,65.760000,0.995806,0.000000,0.000000,0.788400,0.001920,0.788400,0.938240,1,19662,19710,48,15,888,19710,25000,19615,20426,811,95,906,0.995180,0.960296,47,1,0.979167,15,0,1.000000,884,4,0.995495
320,0.115071,65.850000,1.004798,0.000000,0.000000,0.791800,0.001840,0.791800,0.950320,1,19749,19795,46,6,898,19795,25000,19682,20076,394,113,507,0.994291,0.980375,45,1,0.978261,6,0,1.000000,891,7,0.992205
321,0.115956,66.460000,0.975153,0.000000,0.000000,0.765360,0.002200,0.765360,0.942560,1,19079,19134,55,15,988,19134,25000,18994,19820,826,140,966,0.992683,0.958325,55,0,1.000000,15,0,1.000000,980,8,0.991903
322,0.116119,67.790000,0.940439,0.000000,0.000000,0.772640,0.001720,0.772640,0.941040,1,19273,19316,43,11,834,19316,25000,19200,20010,810,116,926,0.993995,0.959520,40,3,0.930233,10,1,0.909091,826,8,0.990408
323,0.127667,66.260000,0.985401,0.000000,0.000000,0.763520,0.001600,0.763520,0.942080,1,19048,19088,40,3,835,19088,25000,18982,19540,558,106,664,0.994447,0.971443,38,2,0.950000,3,0,1.000000,828,7,0.991617
324,0.097274,65.670000,1.000008,0.000000,0.000000,0.784760,0.001400,0.784760,0.953000,1,19584,19619,35,5,864,19619,25000,19511,20124,613,108,721,0.994495,0.969539,35,0,1.000000,5,0,1.000000,860,4,0.995370
325,0.104116,66.070000,0.989222,0.000000,0.000000,0.770880,0.001760,0.770880,0.965520,1,19228,19272,44,7,711,19272,25000,19172,19946,774,100,874,0.994811,0.961195,42,2,0.954545,7,0,1.000000,706,5,0.992968
326,0.117582,66.230000,0.982150,0.000000,0.000000,0.796160,0.001760,0.796160,0.952960,1,19860,19904,44,7,878,19904,25000,19784,20370,586,120,706,0.993971,0.971232,44,0,1.000000,7,0,1.000000,871,7,0.992027
327,0.108361,65.770000,0.999103,0.000000,0.000000,0.789400,0.001560,0.789400,0.951560,1,19696,19735,39,3,925,19735,25000,19615,20172,557,120,677,0.993919,0.972387,39,0,1.000000,3,0,1.000000,921,4,0.995676
328,0.110137,64.270000,1.031771,0.000000,0.000000,0.787360,0.002440,0.787360,0.958560,1,19623,19684,61,16,962,19684,25000,19561,19902,341,123,464,0.993751,0.982866,60,1,0.983607,15,1,0.937500,955,7,0.992723
329,0.118242,67.480000,0.947828,0.000000,0.000000,0.770120,0.001880,0.770120,0.938240,1,19206,19253,47,8,1021,19253,25000,19138,19734,596,115,711,0.994027,0.969798,45,2,0.957447,8,0,1.000000,1015,6,0.994123
330,0.093138,66.810000,0.971668,0.000000,0.000000,0.795480,0.003960,0.795480,0.962960,1,19788,19887,99,20,912,19887,25000,19788,20538,750,99,849,0.995022,0.963482,97,2,0.979798,20,0,1.000000,900,12,0.986842
331,0.109746,65.640000,1.013901,0.000000,0.000000,0.763560,0.002200,0.763560,0.950840,1,19034,19089,55,3,1065,19089,25000,18971,19572,601,118,719,0.993818,0.969293,53,2,0.963636,3,0,1.000000,1057,8,0.992488
332,0.111661,66.390000,0.982659,0.000000,0.000000,0.767960,0.002160,0.767960,0.954960,1,19145,19199,54,3,966,19199,25000,19069,19812,743,130,873,0.993229,0.962497,53,1,0.981481,3,0,1.000000,960,6,0.993789
333,0.111568,65.460000,0.992187,0.000000,0.000000,0.783640,0.001720,0.783640,0.952760,1,19548,19591,43,9,821,19591,25000,19453,20010,557,138,695,0.992956,0.972164,43,0,1.000000,9,0,1.000000,812,9,0.989038
334,0.097266,65.270000,1.018536,0.000000,0.000000,0.797040,0.002160,0.797040,0.956440,1,19872,19926,54,8,937,19926,25000,19816,20152,336,110,446,0.994480,0.983327,53,1,0.981481,8,0,1.000000,927,10,0.989328
335,0.112084,64.920000,1.012584,0.000000,0.000000,0.777360,0.001440,0.777360,0.949840,1,19398,19434,36,7,850,19434,25000,19328,20028,700,106,806,0.994546,0.965049,36,0,1.000000,7,0,1.000000,842,8,0.990588
336,0.118842,66.280000,0.979094,0.000000,0.000000,0.767880,0.001920,0.767880,0.945320,1,19149,19197,48,8,1003,19197,25000,19079,19612,533,118,651,0.993853,0.972823,47,1,0.979167,8,0,1.000000,998,5,0.995015
337,0.117513,66.010000,0.997115,0.000000,0.000000,0.784360,0.002080,0.784360,0.952120,1,19557,19609,52,9,913,19609,25000,19483,20260,777,126,903,0.993574,0.961649,50,2,0.961538,9,0,1.000000,904,9,0.990142
338,0.126681,66.320000,0.987921,0.000000,0.000000,0.778760,0.002840,0.778760,0.935440,1,19398,19469,71,6,858,19469,25000,19358,19776,418,111,529,0.994299,0.978863,70,1,0.985915,6,0,1.000000,851,7,0.991841
339,0.116219,65.200000,1.000402,0.000000,0.000000,0.784000,0.002840,0.784000,0.951720,1,19529,19600,71,4,914,19600,25000,19470,20032,562,130,692,0.993367,0.971945,69,2,0.971831,4,0,1.000000,906,8,0.991247
340,0.115507,64.730000,1.039714,0.000000,0.000000,0.764360,0.002480,0.764360,0.948600,1,19047,19109,62,7,1041,19109,25000,18978,19554,576,131,707,0.993145,0.970543,61,1,0.983871,7,0,1.000000,1033,8,0.992315
341,0.126554,66.940000,0.960418,0.000000,0.000000,0.784280,0.001640,0.784280,0.944920,1,19566,19607,41,6,889,19607,25000,19510,20030,520,97,617,0.995053,0.974039,41,0,1.000000,6,0,1.000000,888,1,0.998875
342,0.099669,66.670000,0.975109,0.000000,0.000000,0.778240,0.002240,0.778240,0.957880,1,19400,19456,56,6,934,19456,25000,19368,19884,516,88,604,0.995477,0.974049,55,1,0.982143,6,0,1.000000,930,4,0.995717
343,0.090877,64.220000,1.057293,0.000000,0.000000,0.799120,0.001640,0.799120,0.960880,1,19937,19978,41,7,812,19978,25000,19889,20368,479,89,568,0.995545,0.976483,41,0,1.000000,7,0,1.000000,805,7,0.991379
344,0.118797,67.150000,0.962073,0.000000,0.000000,0.774200,0.002760,0.774200,0.956240,1,19286,19355,69,15,927,19355,25000,19238,19840,602,117,719,0.993955,0.969657,68,1,0.985507,15,0,1.000000,918,9,0.990291
345,0.097100,64.530000,1.031329,0.000000,0.000000,0.812040,0.001800,0.812040,0.958560,1,20256,20301,45,6,1031,20301,25000,20214,20534,320,87,407,0.995714,0.984416,44,1,0.977778,6,0,1.000000,1024,7,0.993210
346,0.117092,65.870000,0.983173,0.000000,0.000000,0.788760,0.002120,0.788760,0.947320,1,19666,19719,53,8,1094,19719,25000,19606,20196,590,113,703,0.994269,0.970786,51,2,0.962264,8,0,1.000000,1086,8,0.992687
347,0.118082,65.150000,1.004338,0.000000,0.000000,0.789920,0.001720,0.789920,0.956480,1,19705,19748,43,3,917,19748,25000,19648,20386,738,100,838,0.994936,0.963799,41,2,0.953488,3,0,1.000000,911,6,0.993457
348,0.125480,65.430000,1.000639,0.000000,0.000000,0.767320,0.002520,0.767320,0.951560,1,19120,19183,63,6,1087,19183,25000,19067,19840,773,116,889,0.993953,0.961038,61,2,0.968254,6,0,1.000000,1079,8,0.992640
349,0.111033,64.580000,1.038154,0.000000,0.000000,0.795960,0.002000,0.795960,0.950240,1,19849,19899,50,2,899,19899,25000,19789,20128,339,110,449,0.994472,0.983158,49,1,0.980000,2,0,1.000000,892,7,0.992214
350,0.110481,66.140000,0.975002,0.000000,0.000000,0.766840,0.003640,0.766840,0.950600,1,19080,19171,91,13,1030,19171,25000,19041,19870,829,130,959,0.993219,0.958279,88,3,0.967033,13,0,1.000000,1021,9,0.991262
351,0.098752,66.290000,0.985381,0.000000,0.000000,0.778400,0.002080,0.778400,0.951320,1,19408,19460,52,6,1013,19460,25000,19342,19882,540,118,658,0.993936,0.972840,51,1,0.980769,6,0,1.000000,1005,8,0.992103
352,0.109151,63.860000,1.049295,0.000000,0.000000,0.782000,0.001800,0.782000,0.954480,1,19505,19550,45,6,926,19550,25000,19437,20174,737,113,850,0.994220,0.963468,43,2,0.955556,6,0,1.000000,918,8,0.991361
353,0.126845,68.000000,0.934693,0.000000,0.000000,0.797880,0.002080,0.797880,0.928520,1,19895,19947,52,9,995,19947,25000,19841,20410,569,106,675,0.994686,0.972122,51,1,0.980769,9,0,1.000000,987,8,0.991960
354,0.112839,66.480000,0.979898,0.000000,0.000000,0.771240,0.003400,0.771240,0.953320,1,19196,19281,85,14,1046,19281,25000,19125,19540,415,156,571,0.991909,0.978762,85,0,1.000000,14,0,1.000000,1036,10,0.990440
355,0.114461,66.160000,0.978857,0.000000,0.000000,0.791360,0.001840,0.791360,0.955400,1,19738,19784,46,7,906,19784,25000,19680,20260,580,104,684,0.994743,0.971372,44,2,0.956522,7,0,1.000000,899,7,0.992274
356,0.114770,65.620000,0.989891,0.000000,0.000000,0.797080,0.002240,0.797080,0.939680,1,19871,19927,56,9,1172,19927,25000,19808,20394,586,119,705,0.994028,0.971266,56,0,1.000000,9,0,1.000000,1165,7,0.994027
357,0.088074,65.050000,1.023247,0.000000,0.000000,0.782160,0.001960,0.782160,0.964720,1,19505,19554,49,6,871,19554,25000,19456,20248,792,98,890,0.994988,0.960885,49,0,1.000000,6,0,1.000000,866,5,0.994259
358,0.105988,66.030000,0.987430,0.000000,0.000000,0.801200,0.002280,0.801200,0.955360,1,19973,20030,57,8,1095,20030,25000,19919,20444,525,111,636,0.994458,0.974320,56,1,0.982456,8,0,1.000000,1088,7,0.993607
359,0.099946,66.170000,0.992111,0.000000,0.000000,0.789640,0.002200,0.789640,0.956360,1,19686,19741,55,7,888,19741,25000,19625,19890,265,116,381,0.994124,0.986677,55,0,1.000000,7,0,1.000000,880,8,0.990991
360,0.113711,66.350000,0.986595,0.000000,0.000000,0.779960,0.002400,0.779960,0.957000,1,19439,19499,60,7,1039,19499,25000,19382,19672,290,117,407,0.994000,0.985258,59,1,0.983333,7,0,1.000000,1031,8,0.992300
361,0.123759,67.390000,0.952530,0.000000,0.000000,0.766920,0.002920,0.766920,0.944360,1,19100,19173,73,7,1170,19173,25000,19037,19856,819,136,955,0.992907,0.958753,72,1,0.986301,7,0,1.000000,1163,7,0.994017
362,0.097457,66.310000,0.979442,0.000000,0.000000,0.799520,0.002560,0.799520,0.948480,1,19924,19988,64,9,855,19988,25000,19878,20418,540,110,650,0.994497,0.973553,63,1,0.984375,9,0,1.000000,847,8,0.990643
363,0.102044,66.740000,0.967139,0.000000,0.000000,0.777320,0.002320,0.777320,0.946560,1,19375,19433,58,5,995,19433,25000,19312,19784,472,121,593,0.993773,0.976142,56,2,0.965517,5,0,1.000000,988,7,0.992965
364,0.102781,66.510000,0.969685,0.000000,0.000000,0.782640,0.002240,0.782640,0.946280,1,19510,19566,56,4,1076,19566,25000,19437,20246,809,129,938,0.993407,0.960041,54,2,0.964286,4,0,1.000000,1066,10,0.990706
365,0.111015,66.070000,1.000957,0.000000,0.000000,0.749800,0.002360,0.749800,0.936400,1,18686,18745,59,12,1106,18745,25000,18615,19134,519,130,649,0.993065,0.972876,56,3,0.949153,11,1,0.916667,1094,12,0.989150
366,0.105063,66.790000,0.977385,0.000000,0.000000,0.783640,0.002920,0.783640,0.944200,1,19518,19591,73,8,1135,19591,25000,19477,19990,513,114,627,0.994181,0.974337,71,2,0.972603,8,0,1.000000,1126,9,0.992070
367,0.115463,66.620000,0.962933,0.000000,0.000000,0.788240,0.003520,0.788240,0.935560,1,19618,19706,88,9,1010,19706,25000,19597,20388,791,109,900,0.994469,0.961203,86,2,0.977273,9,0,1.000000,1003,7,0.993069
368,0.099179,66.710000,0.968553,0.000000,0.000000,0.791480,0.002200,0.791480,0.956880,1,19732,19787,55,7,1092,19787,25000,19684,20242,558,103,661,0.994795,0.972434,55,0,1.000000,7,0,1.000000,1085,7,0.993590
369,0.098753,66.220000,0.990506,0.000000,0.000000,0.782880,0.002760,0.782880,0.954760,1,19503,19572,69,2,1038,19572,25000,19462,20166,704,110,814,0.994380,0.965090,68,1,0.985507,2,0,1.000000,1028,10,0.990366
370,0.104403,66.790000,0.969307,0.000000,0.000000,0.782280,0.002680,0.782280,0.958480,1,19490,19557,67,7,1062,19557,25000,19454,20100,646,103,749,0.994733,0.967861,66,1,0.985075,7,0,1.000000,1052,10,0.990584
371,0.096586,67.140000,0.956693,0.000000,0.000000,0.788840,0.001760,0.788840,0.958120,1,19677,19721,44,7,866,19721,25000,19630,20342,712,91,803,0.995386,0.964999,44,0,1.000000,7,0,1.000000,861,5,0.994226
372,0.105582,67.210000,0.957016,0.000000,0.000000,0.765160,0.001800,0.765160,0.957840,1,19084,19129,45,7,1012,19129,25000,19021,19740,719,108,827,0.994354,0.963576,44,1,0.977778,7,0,1.000000,1003,9,0.991107
373,0.103236,67.420000,0.955090,0.000000,0.000000,0.786040,0.001960,0.786040,0.951040,1,19602,19651,49,7,1011,19651,25000,19549,20074,525,102,627,0.994809,0.973847,48,1,0.979592,7,0,1.000000,1005,6,0.994065
374,0.099556,65.180000,1.006738,0.000000,0.000000,0.787200,0.001760,0.787200,0.966840,1,19636,19680,44,4,981,19680,25000,19573,20144,571,107,678,0.994563,0.971654,43,1,0.977273,4,0,1.000000,975,6,0.993884
375,0.094450,63.290000,1.072951,0.000000,0.000000,0.808640,0.001840,0.808640,0.949480,1,20170,20216,46,6,911,20216,25000,20123,20856,733,93,826,0.995400,0.964854,44,2,0.956522,6,0,1.000000,902,9,0.990121
376,0.112781,63.520000,1.057979,0.000000,0.000000,0.791280,0.002480,0.791280,0.955400,1,19720,19782,62,5,1012,19782,25000,19687,20268,581,95,676,0.995198,0.971334,61,1,0.983871,5,0,1.000000,1002,10,0.990119
377,0.090211,65.900000,0.989424,0.000000,0.000000,0.800360,0.002280,0.800360,0.961560,1,19952,20009,57,6,1034,20009,25000,19921,20442,521,88,609,0.995602,0.974513,57,0,1.000000,6,0,1.000000,1030,4,0.996132
378,0.101435,65.700000,0.998917,0.000000,0.000000,0.783440,0.002400,0.783440,0.961880,1,19526,19586,60,12,1031,19586,25000,19466,20206,740,120,860,0.993873,0.963377,59,1,0.983333,12,0,1.000000,1024,7,0.993210
379,0.103006,65.480000,0.994153,0.000000,0.000000,0.784000,0.002600,0.784000,0.959240,1,19535,19600,65,14,1111,19600,25000,19502,20090,588,98,686,0.995000,0.970732,64,1,0.984615,14,0,1.000000,1100,11,0.990099
380,0.127138,67.250000,0.946700,0.000000,0.000000,0.770320,0.002440,0.770320,0.935040,1,19197,19258,61,9,1252,19258,25000,19124,19676,552,134,686,0.993042,0.971946,59,2,0.967213,9,0,1.000000,1244,8,0.993610
381,0.113373,66.680000,0.961393,0.000000,0.000000,0.788240,0.002040,0.788240,0.938440,1,19655,19706,51,4,1069,19706,25000,19598,20098,500,108,608,0.994519,0.975122,50,1,0.980392,4,0,1.000000,1061,8,0.992516
382,0.107687,64.860000,1.026284,0.000000,0.000000,0.776240,0.001920,0.776240,0.953440,1,19358,19406,48,6,1084,19406,25000,19280,20006,726,126,852,0.993507,0.963711,48,0,1.000000,6,0,1.000000,1074,10,0.990775
383,0.118300,67.530000,0.945020,0.000000,0.000000,0.780440,0.002680,0.780440,0.942640,1,19444,19511,67,13,1221,19511,25000,19398,19742,344,113,457,0.994208,0.982575,67,0,1.000000,13,0,1.000000,1209,12,0.990172
384,0.096865,66.620000,0.979272,0.000000,0.000000,0.765840,0.003520,0.765840,0.962440,1,19058,19146,88,3,1042,19146,25000,19012,19496,484,134,618,0.993001,0.975174,87,1,0.988636,3,0,1.000000,1033,9,0.991363
385,0.102134,66.830000,0.962369,0.000000,0.000000,0.762480,0.002880,0.762480,0.964160,1,18990,19062,72,8,1016,19062,25000,18933,19686,753,129,882,0.993233,0.961749,72,0,1.000000,8,0,1.000000,1008,8,0.992126
386,0.107080,66.510000,0.968573,0.000000,0.000000,0.774720,0.002640,0.774720,0.958720,1,19302,19368,66,12,1033,19368,25000,19255,20060,805,113,918,0.994166,0.959870,65,1,0.984848,12,0,1.000000,1023,10,0.990319
387,0.095076,67.280000,0.948429,0.000000,0.000000,0.785560,0.002360,0.785560,0.960600,1,19580,19639,59,5,1084,19639,25000,19550,20118,568,89,657,0.995468,0.971767,58,1,0.983051,4,1,0.800000,1078,6,0.994465
388,0.092051,64.590000,1.045510,0.000000,0.000000,0.803400,0.001960,0.803400,0.963120,1,20036,20085,49,5,1182,20085,25000,19969,20530,561,116,677,0.994225,0.972674,46,3,0.938776,5,0,1.000000,1172,10,0.991540
389,0.117184,67.340000,0.950746,0.000000,0.000000,0.791280,0.002120,0.791280,0.950160,1,19729,19782,53,3,1177,19782,25000,19666,19916,250,116,366,0.994136,0.987447,52,1,0.981132,3,0,1.000000,1171,6,0.994902
390,0.095326,66.790000,0.972059,0.000000,0.000000,0.791560,0.001600,0.791560,0.963320,1,19749,19789,40,4,1044,19789,25000,19674,20152,478,115,593,0.994189,0.976280,39,1,0.975000,3,1,0.750000,1035,9,0.991379
391,0.106549,66.720000,0.965721,0.000000,0.000000,0.779080,0.002280,0.779080,0.948680,1,19420,19477,57,2,1173,19477,25000,19352,20034,682,125,807,0.993582,0.965958,57,0,1.000000,2,0,1.000000,1163,10,0.991475
392,0.121654,68.090000,0.925187,0.000000,0.000000,0.793360,0.002080,0.793360,0.928280,1,19782,19834,52,6,1247,19834,25000,19713,20238,525,121,646,0.993899,0.974059,51,1,0.980769,6,0,1.000000,1236,11,0.991179
393,0.095221,68.370000,0.928349,0.000000,0.000000,0.757240,0.003000,0.757240,0.957600,1,18856,18931,75,8,1053,18931,25000,18836,19594,758,95,853,0.994982,0.961315,73,2,0.973333,8,0,1.000000,1043,10,0.990503
394,0.099135,67.280000,0.959834,0.000000,0.000000,0.796000,0.001840,0.796000,0.953240,1,19854,19900,46,10,1130,19900,25000,19795,20314,519,105,624,0.994724,0.974451,45,1,0.978261,10,0,1.000000,1125,5,0.995575
395,0.119007,66.130000,0.980612,0.000000,0.000000,0.780120,0.001880,0.780120,0.944240,1,19456,19503,47,5,1287,19503,25000,19381,19884,503,122,625,0.993745,0.974703,47,0,1.000000,5,0,1.000000,1276,11,0.991453
396,0.108430,66.510000,0.980342,0.000000,0.000000,0.795200,0.002480,0.795200,0.938440,1,19818,19880,62,10,1199,19880,25000,19769,20076,307,111,418,0.994416,0.984708,61,1,0.983871,10,0,1.000000,1194,5,0.995830
397,0.111227,65.640000,0.999184,0.000000,0.000000,0.775800,0.002640,0.775800,0.948720,1,19329,19395,66,11,1177,19395,25000,19265,19620,355,130,485,0.993297,0.981906,64,2,0.969697,11,0,1.000000,1165,12,0.989805
398,0.095879,65.740000,0.990089,0.000000,0.000000,0.777320,0.001800,0.777320,0.961800,1,19388,19433,45,2,1031,19433,25000,19336,19780,444,97,541,0.995008,0.977553,42,3,0.933333,2,0,1.000000,1022,9,0.991271
399,0.123702,66.860000,0.968996,0.000000,0.000000,0.783960,0.002000,0.783960,0.946320,1,19549,19599,50,4,1127,19599,25000,19494,19968,474,105,579,0.994643,0.976262,49,1,0.980000,4,0,1.000000,1118,9,0.992014
400,0.094878,65.090000,0.997193,0.000000,0.000000,0.779800,0.003160,0.779800,0.964040,1,19416,19495,79,13,1164,19495,25000,19371,20122,751,124,875,0.993639,0.962678,78,1,0.987342,13,0,1.000000,1153,11,0.990550
401,0.103433,65.990000,0.974016,0.000000,0.000000,0.776640,0.002560,0.776640,0.959440,1,19352,19416,64,5,1262,19416,25000,19298,19998,700,118,818,0.993923,0.964996,63,1,0.984375,5,0,1.000000,1251,11,0.991284
402,0.108879,65.830000,1.004390,0.000000,0.000000,0.782040,0.003120,0.782040,0.937640,1,19473,19551,78,11,1429,19551,25000,19423,19790,367,128,495,0.993453,0.981455,73,5,0.935897,11,0,1.000000,1415,14,0.990203
403,0.101011,65.810000,0.995866,0.000000,0.000000,0.785360,0.002800,0.785360,0.961280,1,19564,19634,70,11,1231,19634,25000,19518,19834,316,116,432,0.994092,0.984068,69,1,0.985714,10,1,0.909091,1221,10,0.991877
404,0.100360,68.020000,0.926048,0.000000,0.000000,0.781960,0.002560,0.781960,0.962080,1,19485,19549,64,10,1217,19549,25000,19436,20176,740,113,853,0.994220,0.963323,63,1,0.984375,10,0,1.000000,1207,10,0.991783
405,0.105984,65.600000,1.009004,0.000000,0.000000,0.772400,0.003200,0.772400,0.946600,1,19230,19310,80,6,1277,19310,25000,19175,19874,699,135,834,0.993009,0.964828,78,2,0.975000,6,0,1.000000,1265,12,0.990603
406,0.095136,67.110000,0.977022,0.000000,0.000000,0.777280,0.003800,0.777280,0.961520,1,19337,19432,95,9,1169,19432,25000,19331,19982,651,101,752,0.994802,0.967421,94,1,0.989474,9,0,1.000000,1160,9,0.992301
407,0.088700,66.220000,0.993358,0.000000,0.000000,0.801280,0.001760,0.801280,0.966680,1,19988,20032,44,4,1128,20032,25000,19919,20168,249,113,362,0.994359,0.987654,44,0,1.000000,4,0,1.000000,1120,8,0.992908
408,0.101878,66.750000,0.967782,0.000000,0.000000,0.770320,0.003120,0.770320,0.959960,1,19180,19258,78,15,1296,19258,25000,19129,19636,507,129,636,0.993301,0.974180,76,2,0.974359,15,0,1.000000,1286,10,0.992284
409,0.099293,66.610000,0.978186,0.000000,0.000000,0.799960,0.002200,0.799960,0.953760,1,19944,19999,55,4,1172,19999,25000,19889,20220,331,110,441,0.994500,0.983630,54,1,0.981818,4,0,1.000000,1166,6,0.994881
410,0.096258,67.400000,0.953212,0.000000,0.000000,0.799400,0.001960,0.799400,0.950000,1,19936,19985,49,8,1289,19985,25000,19870,20210,340,115,455,0.994246,0.983177,47,2,0.959184,8,0,1.000000,1278,11,0.991466
411,0.094841,65.920000,0.999518,0.000000,0.000000,0.767880,0.002160,0.767880,0.951680,1,19143,19197,54,8,1231,19197,25000,19069,19544,475,128,603,0.993332,0.975696,53,1,0.981481,7,1,0.875000,1223,8,0.993501
412,0.097364,66.520000,0.982614,0.000000,0.000000,0.798760,0.002000,0.798760,0.948880,1,19919,19969,50,5,1240,19969,25000,19860,20312,452,109,561,0.994542,0.977747,49,1,0.980000,5,0,1.000000,1227,13,0.989516
413,0.109421,66.860000,0.983063,0.000000,0.000000,0.787320,0.002200,0.787320,0.944680,1,19628,19683,55,8,1313,19683,25000,19569,19906,337,114,451,0.994208,0.983070,55,0,1.000000,8,0,1.000000,1304,9,0.993145
414,0.091455,65.760000,1.007251,0.000000,0.000000,0.788440,0.002560,0.788440,0.956800,1,19647,19711,64,11,1210,19711,25000,19586,20306,720,125,845,0.993658,0.964542,64,0,1.000000,11,0,1.000000,1202,8,0.993388
415,0.104947,67.260000,0.953890,0.000000,0.000000,0.804200,0.002400,0.804200,0.955960,1,20045,20105,60,8,1310,20105,25000,19986,20512,526,119,645,0.994081,0.974356,58,2,0.966667,8,0,1.000000,1298,12,0.990840
416,0.104256,66.400000,0.999495,0.000000,0.000000,0.782560,0.003080,0.782560,0.954520,1,19487,19564,77,8,1275,19564,25000,19453,19930,477,111,588,0.994326,0.976066,72,5,0.935065,8,0,1.000000,1267,8,0.993725
417,0.104620,66.360000,0.989237,0.000000,0.000000,0.793080,0.002280,0.793080,0.953320,1,19770,19827,57,5,1247,19827,25000,19718,20180,462,109,571,0.994502,0.977106,56,1,0.982456,5,0,1.000000,1237,10,0.991981
418,0.104496,67.720000,0.954481,0.000000,0.000000,0.760560,0.002160,0.760560,0.952840,1,18960,19014,54,3,1338,19014,25000,18888,19576,688,126,814,0.993373,0.964855,52,2,0.962963,3,0,1.000000,1324,14,0.989537
419,0.094460,67.940000,0.936047,0.000000,0.000000,0.801400,0.002400,0.801400,0.957360,1,19975,20035,60,3,1247,20035,25000,19927,20202,275,108,383,0.994609,0.986387,59,1,0.983333,3,0,1.000000,1238,9,0.992783
420,0.130525,68.280000,0.932375,0.000000,0.000000,0.785200,0.002440,0.785200,0.948480,1,19569,19630,61,8,1253,19630,25000,19521,20220,699,109,808,0.994447,0.965430,59,2,0.967213,8,0,1.000000,1245,8,0.993615
421,0.107618,67.390000,0.959234,0.000000,0.000000,0.786920,0.002120,0.786920,0.951080,1,19620,19673,53,5,1279,19673,25000,19564,20086,522,109,631,0.994459,0.974012,52,1,0.981132,5,0,1.000000,1270,9,0.992963
422,0.117121,68.530000,0.919445,0.000000,0.000000,0.771160,0.002920,0.771160,0.955240,1,19206,19279,73,3,1367,19279,25000,19140,19454,314,139,453,0.992790,0.983859,70,3,0.958904,3,0,1.000000,1356,11,0.991953
423,0.100312,64.540000,1.051121,0.000000,0.000000,0.786040,0.003560,0.786040,0.964040,1,19562,19651,89,11,1312,19651,25000,19541,19860,319,110,429,0.994402,0.983938,87,2,0.977528,11,0,1.000000,1302,10,0.992378
424,0.101166,65.070000,1.033885,0.000000,0.000000,0.814880,0.002960,0.814880,0.952240,1,20298,20372,74,12,1293,20372,25000,20270,20550,280,102,382,0.994993,0.986375,74,0,1.000000,12,0,1.000000,1284,9,0.993039
425,0.100320,67.560000,0.940544,0.000000,0.000000,0.777000,0.003040,0.777000,0.955320,1,19349,19425,76,7,1315,19425,25000,19303,19614,311,122,433,0.993719,0.984144,71,5,0.934211,6,1,0.857143,1298,17,0.987072
426,0.115259,66.330000,0.969600,0.000000,0.000000,0.773480,0.002760,0.773480,0.959320,1,19268,19337,69,4,1250,19337,25000,19185,19714,529,152,681,0.992139,0.973166,68,1,0.985507,4,0,1.000000,1237,13,0.989600
427,0.100824,66.130000,0.987910,0.000000,0.000000,0.802400,0.003000,0.802400,0.960320,1,19985,20060,75,6,1271,20060,25000,19930,20182,252,130,382,0.993519,0.987514,75,0,1.000000,6,0,1.000000,1262,9,0.992919
428,0.093590,67.690000,0.941171,0.000000,0.000000,0.767000,0.002760,0.767000,0.948120,1,19106,19175,69,8,1261,19175,25000,19050,19564,514,125,639,0.993481,0.973727,66,3,0.956522,8,0,1.000000,1251,10,0.992070
429,0.102309,65.730000,1.001536,0.000000,0.000000,0.806680,0.001840,0.806680,0.960040,1,20121,20167,46,5,1228,20167,25000,20048,20286,238,119,357,0.994099,0.988268,45,1,0.978261,5,0,1.000000,1213,15,0.987785
430,0.101131,67.170000,0.950197,0.000000,0.000000,0.799400,0.002200,0.799400,0.962760,1,19930,19985,55,4,1309,19985,25000,19873,20128,255,112,367,0.994396,0.987331,53,2,0.963636,4,0,1.000000,1294,15,0.988541
431,0.104652,66.900000,0.972289,0.000000,0.000000,0.786960,0.002200,0.786960,0.948960,1,19619,19674,55,4,1339,19674,25000,19556,19834,278,118,396,0.994002,0.985984,53,2,0.963636,4,0,1.000000,1327,12,0.991038
432,0.096217,69.250000,0.893763,0.000000,0.000000,0.783280,0.002280,0.783280,0.944560,1,19525,19582,57,7,1300,19582,25000,19468,19986,518,114,632,0.994178,0.974082,53,4,0.929825,7,0,1.000000,1287,13,0.990000
433,0.102497,66.360000,0.975231,0.000000,0.000000,0.768560,0.002600,0.768560,0.955520,1,19149,19214,65,10,1314,19214,25000,19093,19792,699,121,820,0.993703,0.964683,64,1,0.984615,9,1,0.900000,1303,11,0.991629
434,0.130721,67.630000,0.960560,0.000000,0.000000,0.786560,0.002280,0.786560,0.933080,1,19607,19664,57,3,1468,19664,25000,19538,19854,316,126,442,0.993592,0.984084,53,4,0.929825,3,0,1.000000,1455,13,0.991144
435,0.093205,66.790000,0.963272,0.000000,0.000000,0.795960,0.002000,0.795960,0.953760,1,19849,19899,50,5,1182,19899,25000,19795,20248,453,104,557,0.994774,0.977627,48,2,0.960000,5,0,1.000000,1172,10,0.991540
436,0.114664,66.430000,0.977857,0.000000,0.000000,0.790200,0.002240,0.790200,0.950720,1,19699,19755,56,8,1329,19755,25000,19628,20380,752,127,879,0.993571,0.963101,55,1,0.982143,8,0,1.000000,1319,10,0.992476
437,0.091719,67.420000,0.958914,0.000000,0.000000,0.793920,0.002760,0.793920,0.962720,1,19779,19848,69,7,1332,19848,25000,19743,20178,435,105,540,0.994710,0.978442,68,1,0.985507,6,1,0.857143,1316,16,0.987988
438,0.099328,65.940000,1.007080,0.000000,0.000000,0.797320,0.003240,0.797320,0.954280,1,19852,19933,81,4,1353,19933,25000,19832,20568,736,101,837,0.994933,0.964216,80,1,0.987654,4,0,1.000000,1343,10,0.992609
439,0.085064,65.610000,1.019650,0.000000,0.000000,0.820680,0.002120,0.820680,0.968680,1,20464,20517,53,8,1280,20517,25000,20408,20668,260,109,369,0.994687,0.987420,50,3,0.943396,8,0,1.000000,1269,11,0.991406
440,0.108043,67.320000,0.946154,0.000000,0.000000,0.819240,0.002280,0.819240,0.963240,1,20424,20481,57,6,1503,20481,25000,20381,20644,263,100,363,0.995117,0.987260,57,0,1.000000,6,0,1.000000,1492,11,0.992681
441,0.104450,66.290000,0.981409,0.000000,0.000000,0.783240,0.002520,0.783240,0.959960,1,19518,19581,63,8,1265,19581,25000,19474,19904,430,107,537,0.994536,0.978396,61,2,0.968254,8,0,1.000000,1251,14,0.988933
442,0.089039,68.130000,0.922534,0.000000,0.000000,0.791720,0.001760,0.791720,0.966000,1,19749,19793,44,4,1180,19793,25000,19686,20360,674,107,781,0.994594,0.966896,44,0,1.000000,4,0,1.000000,1173,7,0.994068
443,0.085366,67.780000,0.943888,0.000000,0.000000,0.767440,0.001480,0.767440,0.964840,1,19149,19186,37,5,1179,19186,25000,19063,19534,471,123,594,0.993589,0.975888,36,1,0.972973,5,0,1.000000,1166,13,0.988974
444,0.096521,67.350000,0.949588,0.000000,0.000000,0.781800,0.002200,0.781800,0.961000,1,19490,19545,55,6,1339,19545,25000,19438,19878,440,107,547,0.994525,0.977865,54,1,0.981818,6,0,1.000000,1328,11,0.991785
445,0.111065,67.480000,0.946259,0.000000,0.000000,0.774280,0.002520,0.774280,0.951240,1,19294,19357,63,6,1181,19357,25000,19252,19732,480,105,585,0.994576,0.975674,62,1,0.984127,6,0,1.000000,1169,12,0.989839
446,0.085738,66.880000,0.966004,0.000000,0.000000,0.804280,0.002680,0.804280,0.969360,1,20040,20107,67,7,1237,20107,25000,20001,20450,449,106,555,0.994728,0.978044,65,2,0.970149,7,0,1.000000,1227,10,0.991916
447,0.090529,67.110000,0.977061,0.000000,0.000000,0.797360,0.002920,0.797360,0.961840,1,19861,19934,73,6,1373,19934,25000,19836,20076,240,98,338,0.995084,0.988045,70,3,0.958904,6,0,1.000000,1360,13,0.990532
448,0.109868,68.010000,0.934534,0.000000,0.000000,0.750800,0.002080,0.750800,0.962920,1,18718,18770,52,6,1337,18770,25000,18636,19308,672,134,806,0.992861,0.965196,52,0,1.000000,6,0,1.000000,1323,14,0.989529
449,0.102438,67.150000,0.969565,0.000000,0.000000,0.777200,0.002480,0.777200,0.947400,1,19368,19430,62,4,1420,19430,25000,19318,19760,442,112,554,0.994236,0.977632,61,1,0.983871,4,0,1.000000,1409,11,0.992254
450,0.123438,67.700000,0.946789,0.000000,0.000000,0.781040,0.003280,0.781040,0.940080,1,19444,19526,82,8,1554,19526,25000,19382,20076,694,144,838,0.992625,0.965431,81,1,0.987805,8,0,1.000000,1542,12,0.992278
451,0.092772,67.480000,0.955961,0.000000,0.000000,0.764480,0.002320,0.764480,0.958160,1,19054,19112,58,6,1307,19112,25000,18997,19668,671,115,786,0.993983,0.965884,56,2,0.965517,6,0,1.000000,1299,8,0.993879
452,0.108872,67.130000,0.973178,0.000000,0.000000,0.813040,0.002320,0.813040,0.942840,1,20268,20326,58,5,1462,20326,25000,20205,20516,311,121,432,0.994047,0.984841,56,2,0.965517,5,0,1.000000,1450,12,0.991792
453,0.096520,67.330000,0.961852,0.000000,0.000000,0.785920,0.002200,0.785920,0.955360,1,19593,19648,55,4,1421,19648,25000,19532,19780,248,116,364,0.994096,0.987462,53,2,0.963636,4,0,1.000000,1407,14,0.990148
454,0.109973,66.910000,0.978104,0.000000,0.000000,0.792000,0.002720,0.792000,0.956560,1,19732,19800,68,9,1565,19800,25000,19682,19930,248,118,366,0.994040,0.987556,66,2,0.970588,8,1,0.888889,1550,15,0.990415
455,0.110795,66.690000,0.970260,0.000000,0.000000,0.766920,0.001760,0.766920,0.960520,1,19129,19173,44,5,1423,19173,25000,19045,19496,451,128,579,0.993324,0.976867,44,0,1.000000,5,0,1.000000,1406,17,0.988053
456,0.103154,67.680000,0.937319,0.000000,0.000000,0.763480,0.002120,0.763480,0.951920,1,19034,19087,53,5,1426,19087,25000,18949,19624,675,138,813,0.992770,0.965603,52,1,0.981132,5,0,1.000000,1415,11,0.992286
457,0.089626,68.310000,0.937624,0.000000,0.000000,0.770080,0.003040,0.770080,0.962200,1,19176,19252,76,12,1314,19252,25000,19137,19838,701,115,816,0.994027,0.964664,75,1,0.986842,12,0,1.000000,1302,12,0.990868
458,0.090885,66.060000,0.994315,0.000000,0.000000,0.796560,0.002000,0.796560,0.965160,1,19864,19914,50,1,1475,19914,25000,19808,20052,244,106,350,0.994677,0.987832,50,0,1.000000,1,0,1.000000,1467,8,0.994576
459,0.097125,66.190000,0.992628,0.000000,0.000000,0.783440,0.003040,0.783440,0.937000,1,19510,19586,76,9,1438,19586,25000,19457,19886,429,129,558,0.993414,0.978427,75,1,0.986842,9,0,1.000000,1425,13,0.990960
460,0.092272,67.460000,0.960171,0.000000,0.000000,0.773240,0.002120,0.773240,0.959840,1,19278,19331,53,8,1412,19331,25000,19211,19860,649,120,769,0.993792,0.967321,52,1,0.981132,8,0,1.000000,1402,10,0.992918
461,0.091040,67.410000,0.944761,0.000000,0.000000,0.794360,0.002080,0.794360,0.951280,1,19807,19859,52,3,1299,19859,25000,19760,20190,430,99,529,0.995015,0.978702,49,3,0.942308,3,0,1.000000,1289,10,0.992302
462,0.111455,65.510000,1.019464,0.000000,0.000000,0.779520,0.002840,0.779520,0.952720,1,19417,19488,71,3,1342,19488,25000,19364,19576,212,124,336,0.993637,0.989170,69,2,0.971831,3,0,1.000000,1330,12,0.991058
463,0.108272,66.900000,0.976012,0.000000,0.000000,0.779400,0.002480,0.779400,0.958760,1,19423,19485,62,4,1393,19485,25000,19370,19840,470,115,585,0.994098,0.976310,61,1,0.983871,4,0,1.000000,1385,8,0.994257
464,0.086779,67.300000,0.969287,0.000000,0.000000,0.786040,0.003800,0.786040,0.966720,1,19556,19651,95,19,1290,19651,25000,19550,20262,712,101,813,0.994860,0.964860,94,1,0.989474,18,1,0.947368,1280,10,0.992248
465,0.100633,68.310000,0.906164,0.000000,0.000000,0.781040,0.002120,0.781040,0.947440,1,19473,19526,53,5,1296,19526,25000,19409,20098,689,117,806,0.994008,0.965718,51,2,0.962264,5,0,1.000000,1281,15,0.988426
466,0.106341,67.550000,0.958429,0.000000,0.000000,0.794360,0.002640,0.794360,0.954520,1,19793,19859,66,6,1678,19859,25000,19725,20214,489,134,623,0.993252,0.975809,66,0,1.000000,6,0,1.000000,1662,16,0.990465
467,0.093248,67.040000,0.958223,0.000000,0.000000,0.798920,0.001840,0.798920,0.964640,1,19927,19973,46,5,1347,19973,25000,19850,20328,478,123,601,0.993842,0.976486,44,2,0.956522,5,0,1.000000,1333,14,0.989607
468,0.098557,67.790000,0.936469,0.000000,0.000000,0.791640,0.002920,0.791640,0.962400,1,19718,19791,73,7,1454,19791,25000,19661,19894,233,130,363,0.993431,0.988288,71,2,0.972603,7,0,1.000000,1441,13,0.991059
469,0.103977,66.880000,0.974176,0.000000,0.000000,0.796240,0.003000,0.796240,0.941280,1,19831,19906,75,11,1620,19906,25000,19766,20414,648,140,788,0.992967,0.968257,74,1,0.986667,11,0,1.000000,1608,12,0.992593
470,0.100899,66.990000,0.956488,0.000000,0.000000,0.801160,0.002880,0.801160,0.943240,1,19957,20029,72,5,1390,20029,25000,19924,20404,480,105,585,0.994758,0.976475,71,1,0.986111,5,0,1.000000,1376,14,0.989928
471,0.088308,66.990000,0.971633,0.000000,0.000000,0.809800,0.001440,0.809800,0.952640,1,20209,20245,36,1,1393,20245,25000,20136,20398,262,109,371,0.994616,0.987156,34,2,0.944444,1,0,1.000000,1382,11,0.992103
472,0.101444,67.690000,0.945958,0.000000,0.000000,0.784640,0.002840,0.784640,0.951760,1,19545,19616,71,4,1380,19616,25000,19487,19754,267,129,396,0.993424,0.986484,70,1,0.985915,4,0,1.000000,1365,15,0.989130
473,0.088136,67.500000,0.950869,0.000000,0.000000,0.805880,0.002480,0.805880,0.962200,1,20085,20147,62,5,1269,20147,25000,20053,20480,427,94,521,0.995334,0.979150,59,3,0.951613,4,1,0.800000,1255,14,0.988968
474,0.094073,67.570000,0.960641,0.000000,0.000000,0.776280,0.002160,0.776280,0.946440,1,19353,19407,54,7,1339,19407,25000,19292,19738,446,115,561,0.994074,0.977404,53,1,0.981481,7,0,1.000000,1327,12,0.991038
475,0.108279,67.010000,0.976106,0.000000,0.000000,0.794760,0.002920,0.794760,0.949840,1,19796,19869,73,8,1249,19869,25000,19754,20444,690,115,805,0.994212,0.966249,73,0,1.000000,8,0,1.000000,1238,11,0.991193
476,0.109981,67.090000,0.961828,0.000000,0.000000,0.791000,0.002200,0.791000,0.958440,1,19720,19775,55,6,1252,19775,25000,19682,20132,450,93,543,0.995297,0.977648,55,0,1.000000,6,0,1.000000,1243,9,0.992812
477,0.097338,67.660000,0.948709,0.000000,0.000000,0.781280,0.002360,0.781280,0.957000,1,19473,19532,59,5,1470,19532,25000,19407,19838,431,125,556,0.993600,0.978274,59,0,1.000000,5,0,1.000000,1453,17,0.988435
478,0.073510,66.900000,0.977344,0.000000,0.000000,0.783640,0.002440,0.783640,0.975080,1,19530,19591,61,8,1312,19591,25000,19491,19924,433,100,533,0.994896,0.978267,59,2,0.967213,8,0,1.000000,1297,15,0.988567
479,0.119276,67.480000,0.970162,0.000000,0.000000,0.781040,0.002560,0.781040,0.925280,1,19462,19526,64,0,1434,19526,25000,19405,19890,485,121,606,0.993803,0.975616,63,1,0.984375,0,0,0.000000,1418,16,0.988842
480,0.104614,67.560000,0.949484,0.000000,0.000000,0.763520,0.004000,0.763520,0.959920,1,18988,19088,100,6,1584,19088,25000,18945,19334,389,143,532,0.992508,0.979880,97,3,0.970000,6,0,1.000000,1567,17,0.989268
481,0.116750,68.290000,0.942213,0.000000,0.000000,0.796680,0.002560,0.796680,0.952280,1,19853,19917,64,9,1299,19917,25000,19815,20058,243,102,345,0.994879,0.987885,63,1,0.984375,9,0,1.000000,1291,8,0.993841
482,0.091423,66.000000,1.011555,0.000000,0.000000,0.788480,0.003200,0.788480,0.959520,1,19632,19712,80,4,1568,19712,25000,19585,19804,219,127,346,0.993557,0.988942,80,0,1.000000,4,0,1.000000,1556,12,0.992347
483,0.100986,67.480000,0.952755,0.000000,0.000000,0.791280,0.003240,0.791280,0.966520,1,19701,19782,81,2,1672,19782,25000,19652,19916,264,130,394,0.993428,0.986744,78,3,0.962963,2,0,1.000000,1653,19,0.988636
484,0.088606,68.230000,0.925859,0.000000,0.000000,0.794160,0.002800,0.794160,0.957840,1,19784,19854,70,9,1360,19854,25000,19749,20440,691,105,796,0.994711,0.966194,69,1,0.985714,9,0,1.000000,1349,11,0.991912
485,0.082950,68.900000,0.914733,0.000000,0.000000,0.771560,0.003120,0.771560,0.965040,1,19211,19289,78,8,1340,19289,25000,19183,19860,677,106,783,0.994505,0.965911,78,0,1.000000,8,0,1.000000,1327,13,0.990299
486,0.092393,66.810000,0.975428,0.000000,0.000000,0.797560,0.002040,0.797560,0.953400,1,19888,19939,51,5,1195,19939,25000,19842,20298,456,97,553,0.995135,0.977535,48,3,0.941176,5,0,1.000000,1184,11,0.990795
487,0.094070,67.510000,0.953791,0.000000,0.000000,0.771320,0.002600,0.771320,0.953840,1,19218,19283,65,8,1375,19283,25000,19162,19666,504,121,625,0.993725,0.974372,63,2,0.969231,8,0,1.000000,1360,15,0.989091
488,0.099178,67.220000,0.970384,0.000000,0.000000,0.802400,0.002200,0.802400,0.967960,1,20005,20060,55,4,1370,20060,25000,19963,20384,421,97,518,0.995165,0.979347,55,0,1.000000,4,0,1.000000,1359,11,0.991971
489,0.107837,65.960000,0.998878,0.000000,0.000000,0.810480,0.002600,0.810480,0.951560,1,20197,20262,65,2,1347,20262,25000,20123,20354,231,139,370,0.993140,0.988651,64,1,0.984615,2,0,1.000000,1329,18,0.986637
490,0.074479,67.450000,0.958511,0.000000,0.000000,0.786680,0.002520,0.786680,0.968000,1,19604,19667,63,3,1468,19667,25000,19555,19976,421,112,533,0.994305,0.978925,63,0,1.000000,3,0,1.000000,1456,12,0.991826
491,0.093020,68.330000,0.926782,0.000000,0.000000,0.776480,0.002720,0.776480,0.961920,1,19344,19412,68,7,1346,19412,25000,19303,19948,645,109,754,0.994385,0.967666,67,1,0.985294,7,0,1.000000,1333,13,0.990342
492,0.095578,65.100000,1.047593,0.000000,0.000000,0.790200,0.002240,0.790200,0.956880,1,19699,19755,56,3,1410,19755,25000,19629,20264,635,126,761,0.993622,0.968664,56,0,1.000000,3,0,1.000000,1393,17,0.987943
493,0.107637,66.540000,0.977064,0.000000,0.000000,0.779040,0.001880,0.779040,0.949840,1,19429,19476,47,3,1486,19476,25000,19349,19778,429,127,556,0.993479,0.978309,45,2,0.957447,2,1,0.666667,1475,11,0.992598
494,0.114309,68.650000,0.929719,0.000000,0.000000,0.788320,0.002520,0.788320,0.946560,1,19645,19708,63,3,1474,19708,25000,19585,20016,431,123,554,0.993759,0.978467,61,2,0.968254,3,0,1.000000,1462,12,0.991859
495,0.110984,67.520000,0.953282,0.000000,0.000000,0.784920,0.004760,0.784920,0.950320,1,19504,19623,119,9,1586,19623,25000,19501,20084,583,122,705,0.993783,0.970972,115,4,0.966387,9,0,1.000000,1572,14,0.991173
496,0.098465,67.040000,0.968454,0.000000,0.000000,0.778600,0.001840,0.778600,0.962360,1,19419,19465,46,4,1409,19465,25000,19363,19824,461,102,563,0.994760,0.976745,44,2,0.956522,4,0,1.000000,1395,14,0.990064
497,0.086971,67.880000,0.932163,0.000000,0.000000,0.792760,0.002200,0.792760,0.959840,1,19764,19819,55,5,1473,19819,25000,19720,20182,462,99,561,0.995005,0.977108,51,4,0.927273,5,0,1.000000,1458,15,0.989817
498,0.091683,66.990000,0.972067,0.000000,0.000000,0.808880,0.002240,0.808880,0.963960,1,20166,20222,56,4,1450,20222,25000,20114,20534,420,108,528,0.994659,0.979546,56,0,1.000000,4,0,1.000000,1439,11,0.992414
499,0.094192,68.090000,0.940944,0.000000,0.000000,0.790120,0.002160,0.790120,0.958880,1,19699,19753,54,4,1499,19753,25000,19633,19866,233,120,353,0.993925,0.988271,54,0,1.000000,4,0,1.000000,1482,17,0.988659
