epoch,target_client,best_net2_client,scoreA_count,fedrn_clean_count,bestnet2_clean_count,final_clean_count,final_precision,final_recall,missed_clean,false_clean
100,98,0,192,227,169,227,0.352423,0.919540,7,147
100,68,0,190,202,206,202,0.896040,0.989071,2,21
100,67,0,142,138,103,138,0.804348,0.596774,75,27
100,37,0,251,147,293,147,0.952381,0.496454,142,7
100,72,0,267,226,219,226,0.730088,0.970588,5,61
100,59,0,235,219,221,219,0.949772,0.981132,4,11
100,0,0,233,327,328,327,1.000000,0.817500,73,0
100,58,0,223,224,230,224,0.888393,0.925581,16,25
100,4,0,247,351,390,351,0.997151,0.902062,38,1
100,6,0,186,189,190,189,0.994709,0.493438,193,1
101,72,60,189,219,139,219,0.680365,0.876471,21,70
101,41,60,133,138,146,138,0.942029,0.483271,139,8
101,60,60,331,216,207,216,0.958333,0.995192,1,9
101,94,60,193,276,301,276,0.315217,0.870000,13,189
101,11,60,249,363,366,363,0.997245,0.991781,3,1
101,88,60,127,198,221,198,0.479798,0.798319,24,103
101,39,60,203,291,291,291,0.865979,0.913043,24,39
101,70,60,177,178,204,178,0.943820,0.954545,8,10
101,62,60,187,229,207,229,0.816594,0.925743,15,42
101,47,60,251,251,258,251,0.948207,0.952000,12,13
102,18,18,343,331,321,331,1.000000,0.965015,12,0
102,85,18,209,261,321,261,0.478927,0.976562,3,136
102,68,18,286,180,163,180,0.955556,0.939891,11,8
102,84,18,264,208,222,208,0.629808,0.992424,1,77
102,79,18,265,237,215,237,0.599156,0.959459,6,95
102,8,18,335,364,363,364,1.000000,0.970667,11,0
102,62,18,280,197,183,197,0.979695,0.955446,9,4
102,44,18,268,243,257,243,0.967078,0.903846,25,8
102,99,18,235,227,216,227,0.361233,0.976190,2,145
102,70,18,235,172,175,172,0.965116,0.943182,10,6
103,0,0,243,355,358,355,1.000000,0.887500,45,0
103,14,0,331,338,352,338,1.000000,0.949438,18,0
103,90,0,197,197,111,197,0.563452,0.991071,1,86
103,42,0,153,141,148,141,0.921986,0.488722,136,11
103,38,0,162,150,150,150,0.966667,0.519713,134,5
103,24,0,189,151,163,151,0.973510,0.453704,177,4
103,28,0,150,164,162,164,0.975610,0.514469,151,4
103,77,0,203,273,258,273,0.553114,0.980519,3,122
103,8,0,355,367,375,367,1.000000,0.978667,8,0
103,56,0,188,238,113,238,0.869748,0.936652,14,31
104,91,9,251,210,92,210,0.504762,0.972477,3,104
104,9,9,191,372,372,372,1.000000,1.000000,0,0
104,75,9,173,186,174,186,0.376344,0.437500,90,116
104,79,9,236,254,258,254,0.559055,0.959459,6,112
104,48,9,117,235,232,235,0.523404,0.497976,124,112
104,0,9,215,336,305,336,1.000000,0.840000,64,0
104,70,9,238,173,179,173,0.965318,0.948864,9,6
104,86,9,190,221,211,221,0.248869,0.440000,70,166
104,67,9,184,225,103,225,0.617778,0.747312,47,86
104,84,9,243,228,236,228,0.570175,0.984848,2,98
105,84,9,294,285,293,285,0.463158,1.000000,0,153
105,13,9,345,349,355,349,0.997135,0.969359,11,1
105,58,9,228,113,117,113,0.964602,0.506977,106,4
105,9,9,302,372,372,372,1.000000,1.000000,0,0
105,71,9,279,272,262,272,0.628676,0.988439,2,101
105,45,9,182,128,131,128,0.976562,0.488281,131,3
105,78,9,224,163,103,163,0.539877,0.582781,63,75
105,48,9,155,231,238,231,0.549784,0.514170,120,104
105,41,9,240,145,149,145,0.965517,0.520446,129,5
105,56,9,306,229,232,229,0.960699,0.995475,1,9
106,38,62,315,277,281,277,0.971119,0.964158,10,8
106,32,62,339,292,285,292,0.993151,0.973154,8,2
106,11,62,172,181,181,181,0.994475,0.493151,185,1
106,72,62,289,235,207,235,0.723404,1.000000,0,65
106,31,62,343,296,297,296,0.989865,0.973422,8,3
106,91,62,296,301,290,301,0.362126,1.000000,0,192
106,44,62,324,259,260,259,0.965251,0.961538,10,9
106,99,62,253,294,305,294,0.282313,0.988095,1,211
106,66,62,215,184,145,184,0.538043,0.523810,90,85
106,62,62,305,197,299,197,0.969543,0.945545,11,6
107,61,61,323,202,209,202,0.985149,0.970732,6,3
107,22,61,342,324,330,324,0.996914,0.978788,7,1
107,99,61,296,301,336,301,0.272425,0.976190,2,219
107,88,61,266,284,266,284,0.419014,1.000000,0,165
107,66,61,223,161,113,161,0.590062,0.502646,94,66
107,70,61,318,223,208,223,0.771300,0.977273,4,51
107,3,61,336,380,391,380,1.000000,0.971867,11,0
107,19,61,334,327,343,327,0.987768,0.950000,17,4
107,21,61,348,335,337,335,0.979104,0.984985,5,7
107,37,61,348,289,291,289,0.951557,0.975177,7,14
108,96,0,266,271,250,271,0.177122,0.516129,45,223
108,42,0,300,268,276,268,0.929104,0.936090,17,19
108,93,0,272,288,250,288,0.357639,1.000000,0,185
108,38,0,332,281,286,281,0.971530,0.978495,6,8
108,64,0,324,217,195,217,0.889401,0.984694,3,24
108,36,0,219,149,149,149,0.953020,0.498246,143,7
108,58,0,258,218,115,218,0.619266,0.627907,80,83
108,81,0,237,248,221,248,0.282258,0.496454,71,178
108,0,0,228,330,319,330,1.000000,0.825000,70,0
108,59,0,324,206,202,206,0.970874,0.943396,12,6
109,16,64,201,180,185,180,0.994444,0.512894,170,1
109,99,64,299,311,327,311,0.266881,0.988095,1,228
109,92,64,229,253,294,253,0.189723,0.452830,58,205
109,67,64,309,301,261,301,0.607973,0.983871,3,118
109,48,64,156,257,265,257,0.494163,0.514170,120,130
109,44,64,305,250,265,250,0.984000,0.946154,14,4
109,45,64,217,123,130,123,0.943089,0.453125,140,7
109,64,64,301,322,196,322,0.602484,0.989796,2,128
109,82,64,238,258,270,258,0.310078,0.579710,58,178
109,10,64,207,191,191,191,0.984293,0.510870,180,3
110,66,0,241,224,100,224,0.526786,0.624339,71,106
110,39,0,353,289,289,289,0.923875,0.967391,9,22
110,0,0,291,336,338,336,1.000000,0.840000,64,0
110,21,0,375,335,341,335,0.979104,0.984985,5,7
110,35,0,349,283,287,283,0.978799,0.961806,11,6
110,26,0,290,309,326,309,0.980583,0.955836,14,6
110,33,0,345,298,307,298,0.959732,0.969492,9,12
110,46,0,343,253,254,253,0.980237,0.980237,5,5
110,63,0,230,181,112,181,0.646409,0.587940,82,64
110,87,0,322,313,280,313,0.386581,0.991803,1,192
111,75,60,255,249,208,249,0.281124,0.437500,90,179
111,60,60,294,208,209,208,0.995192,0.995192,1,1
111,84,60,323,326,294,326,0.404908,1.000000,0,194
111,7,60,319,368,372,368,1.000000,0.973545,10,0
111,96,60,295,297,282,297,0.161616,0.516129,45,249
111,38,60,321,278,286,278,0.971223,0.967742,9,8
111,62,60,339,199,214,199,0.969849,0.955446,9,6
111,69,60,275,220,152,220,0.609091,0.744444,46,86
111,72,60,334,301,229,301,0.561462,0.994118,1,132
111,99,60,320,322,319,322,0.260870,1.000000,0,238
112,36,2,236,185,149,185,0.767568,0.498246,143,43
112,58,2,283,212,216,212,0.787736,0.776744,48,45
112,75,2,265,260,201,260,0.269231,0.437500,90,190
112,89,2,304,319,300,319,0.360502,0.991379,1,204
112,77,2,334,339,225,339,0.454277,1.000000,0,185
112,2,2,226,394,394,394,1.000000,1.000000,0,0
112,32,2,355,295,280,295,0.986441,0.976510,7,4
112,83,2,323,338,224,338,0.399408,1.000000,0,203
112,8,2,337,367,374,367,0.997275,0.976000,9,1
112,42,2,324,261,280,261,0.973180,0.954887,12,7
113,8,8,338,374,369,374,0.997326,0.994667,2,1
113,92,8,276,287,260,287,0.167247,0.452830,58,239
113,11,8,277,343,367,343,0.997085,0.936986,23,1
113,14,8,258,334,355,334,0.988024,0.926966,26,4
113,74,8,357,361,319,361,0.454294,1.000000,0,197
113,39,8,313,285,290,285,0.929825,0.960145,11,20
113,57,8,321,277,246,277,0.711191,0.903670,21,80
113,48,8,237,233,178,233,0.545064,0.514170,120,106
113,93,8,282,322,247,322,0.319876,1.000000,0,219
113,97,8,344,357,336,357,0.246499,0.977778,2,269
114,33,0,358,296,306,296,0.966216,0.969492,9,10
114,82,0,356,366,344,366,0.377049,1.000000,0,228
114,25,0,223,160,159,160,0.968750,0.484375,165,5
114,38,0,244,278,150,278,0.964029,0.960573,11,10
114,0,0,262,353,328,353,1.000000,0.882500,47,0
114,93,0,365,368,340,368,0.279891,1.000000,0,265
114,31,0,372,294,310,294,0.986395,0.963455,11,4
114,3,0,161,194,194,194,1.000000,0.496164,197,0
114,26,0,388,317,321,317,0.977918,0.977918,7,7
114,68,0,373,313,179,313,0.584665,1.000000,0,130
115,60,60,352,213,353,213,0.962441,0.985577,3,8
115,30,60,377,302,300,302,0.976821,0.970395,9,7
115,91,60,351,351,76,351,0.310541,1.000000,0,242
115,1,60,219,200,197,200,1.000000,0.503778,197,0
115,14,60,354,349,346,349,0.997135,0.977528,8,1
115,9,60,346,372,372,372,1.000000,1.000000,0,0
115,82,60,367,367,225,367,0.376022,1.000000,0,229
115,24,60,347,316,321,316,0.977848,0.953704,15,7
115,71,60,366,314,269,314,0.547771,0.994220,1,142
115,6,60,301,362,383,362,1.000000,0.950131,19,0
116,32,2,374,299,298,299,0.986622,0.989933,3,4
116,57,2,374,283,236,283,0.745583,0.967890,7,72
116,98,2,354,359,285,359,0.242340,1.000000,0,272
116,59,2,369,206,204,206,0.966019,0.938679,13,7
116,54,2,357,223,226,223,0.991031,0.969298,7,2
116,25,2,228,159,159,159,0.974843,0.484375,165,4
116,45,2,365,250,256,250,0.968000,0.945312,14,8
116,36,2,246,230,147,230,0.617391,0.498246,143,88
116,2,2,244,394,394,394,1.000000,1.000000,0,0
116,71,2,315,226,168,226,0.765487,1.000000,0,53
117,50,3,271,271,209,271,0.428044,0.483333,124,155
117,80,3,375,286,116,286,0.500000,0.993056,1,143
117,55,3,373,307,243,307,0.723127,0.991071,2,85
117,90,3,369,371,343,371,0.301887,1.000000,0,259
117,1,3,310,377,397,377,1.000000,0.949622,20,0
117,4,3,260,363,364,363,1.000000,0.935567,25,0
117,95,3,320,320,289,320,0.109375,0.364583,61,285
117,3,3,364,385,385,385,1.000000,0.984655,6,0
117,38,3,366,283,287,283,0.961131,0.974910,7,11
117,54,3,318,226,208,226,0.982301,0.973684,6,4
118,83,8,357,346,325,346,0.390173,1.000000,0,211
118,99,8,364,360,336,360,0.233333,1.000000,0,276
118,62,8,350,308,189,308,0.655844,1.000000,0,106
118,95,8,321,319,302,319,0.109718,0.364583,61,284
118,8,8,347,373,371,373,0.997319,0.992000,3,1
118,10,8,214,191,190,191,0.984293,0.510870,180,3
118,44,8,321,251,252,251,0.988048,0.953846,12,3
118,56,8,356,223,238,223,0.955157,0.963801,8,10
118,59,8,332,225,193,225,0.906667,0.962264,8,21
118,97,8,358,366,331,366,0.245902,1.000000,0,276
119,76,42,309,312,288,312,0.266026,0.528662,74,229
119,78,42,359,362,323,362,0.417127,1.000000,0,211
119,42,42,332,267,259,267,0.958801,0.962406,10,11
119,38,42,245,275,282,275,0.974545,0.960573,11,7
119,21,42,329,333,326,333,0.981982,0.981982,6,6
119,15,42,167,192,192,192,0.979167,0.534091,164,4
119,62,42,307,259,196,259,0.779923,1.000000,0,57
119,85,42,355,361,334,361,0.354571,1.000000,0,233
119,25,42,225,160,158,160,0.968750,0.484375,165,5
119,63,42,346,219,250,219,0.894977,0.984925,3,23
120,24,70,360,330,330,330,0.972727,0.990741,3,9
120,32,70,373,292,299,292,0.989726,0.969799,9,3
120,77,70,370,370,370,370,0.416216,1.000000,0,216
120,55,70,365,320,249,320,0.700000,1.000000,0,96
120,33,70,357,302,302,302,0.963576,0.986441,4,11
120,49,70,339,245,256,245,0.955102,0.959016,10,11
120,12,70,210,178,178,178,0.983146,0.483425,187,3
120,53,70,352,232,260,232,0.948276,0.952381,11,12
120,70,70,363,357,369,357,0.492997,1.000000,0,181
120,86,70,314,313,307,313,0.188498,0.472000,66,254
121,91,1,355,359,175,359,0.303621,1.000000,0,250
121,41,1,269,236,149,236,0.597458,0.524164,128,95
121,77,1,371,370,284,370,0.416216,1.000000,0,216
121,54,1,371,225,225,225,0.977778,0.964912,8,5
121,27,1,358,317,320,317,0.977918,0.987261,4,7
121,1,1,317,383,387,383,1.000000,0.964736,14,0
121,62,1,344,296,200,296,0.679054,0.995050,1,95
121,86,1,312,313,280,313,0.188498,0.472000,66,254
121,45,1,361,261,260,261,0.965517,0.984375,4,9
121,75,1,295,296,264,296,0.236486,0.437500,90,226
122,42,9,341,273,281,273,0.948718,0.973684,7,14
122,78,9,366,366,221,366,0.412568,1.000000,0,215
122,9,9,338,372,372,372,1.000000,1.000000,0,0
122,40,9,261,261,182,261,0.524904,0.503676,135,124
122,95,9,318,320,318,320,0.109375,0.364583,61,285
122,60,9,380,209,206,209,0.995215,1.000000,0,1
122,30,9,382,304,306,304,0.973684,0.973684,8,8
122,20,9,326,338,345,338,0.982249,0.988095,4,6
122,38,9,375,281,287,281,0.971530,0.978495,6,8
122,39,9,382,291,288,291,0.948454,1.000000,0,15
123,20,61,289,309,335,309,0.987055,0.907738,31,4
123,61,61,380,208,202,208,0.980769,0.995122,1,4
123,81,61,313,312,313,312,0.224359,0.496454,71,242
123,69,61,351,207,372,207,0.830918,0.955556,8,35
123,95,61,318,320,321,320,0.109375,0.364583,61,285
123,3,61,182,194,194,194,1.000000,0.496164,197,0
123,18,61,298,335,337,335,0.997015,0.973761,9,1
123,82,61,368,368,361,368,0.375000,1.000000,0,230
123,77,61,368,369,371,369,0.417344,1.000000,0,215
123,96,61,338,338,337,338,0.142012,0.516129,45,290
124,86,29,314,313,311,313,0.188498,0.472000,66,254
124,79,29,371,370,200,370,0.400000,1.000000,0,222
124,29,29,362,308,306,308,1.000000,1.000000,0,0
124,78,29,366,366,207,366,0.412568,1.000000,0,215
124,19,29,217,308,332,308,0.977273,0.885294,39,7
124,12,29,210,178,178,178,0.983146,0.483425,187,3
124,0,29,277,354,338,354,1.000000,0.885000,46,0
124,32,29,380,297,295,297,0.986532,0.983221,5,4
124,44,29,348,252,268,252,0.984127,0.953846,12,4
124,95,29,320,322,319,322,0.111801,0.375000,60,286
125,19,46,340,334,322,334,0.994012,0.976471,8,2
125,21,46,389,337,342,337,0.976261,0.987988,4,8
125,46,46,305,257,243,257,0.980545,0.996047,1,5
125,58,46,373,279,217,279,0.770609,1.000000,0,64
125,45,46,382,266,265,266,0.943609,0.980469,5,15
125,11,46,396,363,367,363,0.994490,0.989041,4,2
125,78,46,365,366,252,366,0.412568,1.000000,0,215
125,68,46,344,223,167,223,0.820628,1.000000,0,40
125,4,46,284,377,381,377,0.997347,0.969072,12,1
125,80,46,377,262,248,262,0.545802,0.993056,1,119
126,79,66,368,371,353,371,0.398922,1.000000,0,223
126,66,66,374,251,374,251,0.752988,1.000000,0,62
126,56,66,371,224,222,224,0.955357,0.968326,7,10
126,21,66,378,334,336,334,0.982036,0.984985,5,6
126,91,66,359,359,356,359,0.303621,1.000000,0,250
126,48,66,264,271,254,271,0.468635,0.514170,120,144
126,5,66,238,236,195,236,0.995763,0.611979,149,1
126,72,66,380,380,268,380,0.447368,1.000000,0,210
126,45,66,319,262,262,262,0.965649,0.988281,3,9
126,35,66,360,290,289,290,0.975862,0.982639,5,7
127,19,61,362,337,336,337,0.994065,0.985294,5,2
127,61,61,377,204,380,204,0.985294,0.980488,4,3
127,66,61,375,371,199,371,0.509434,1.000000,0,182
127,62,61,377,375,375,375,0.538667,1.000000,0,173
127,29,61,373,307,308,307,1.000000,0.996753,1,0
127,17,61,218,172,172,172,0.976744,0.485549,178,4
127,52,61,380,231,225,231,0.961039,0.948718,12,9
127,92,61,324,323,323,323,0.148607,0.452830,58,275
127,77,61,369,370,370,370,0.416216,1.000000,0,216
127,83,61,366,367,367,367,0.367847,1.000000,0,232
128,81,56,311,313,313,313,0.223642,0.496454,71,243
128,25,56,230,199,159,199,0.778894,0.484375,165,44
128,16,56,225,180,180,180,0.994444,0.512894,170,1
128,36,56,250,238,194,238,0.596639,0.498246,143,96
128,56,56,379,228,380,228,0.947368,0.977376,5,12
128,26,56,377,318,323,318,0.977987,0.981073,6,7
128,43,56,259,258,258,258,0.507752,0.498099,132,127
128,35,56,381,293,283,293,0.969283,0.986111,4,9
128,78,56,365,366,366,366,0.412568,1.000000,0,215
128,95,56,322,321,321,321,0.109034,0.364583,61,286
129,99,13,374,374,357,374,0.224599,1.000000,0,290
129,26,13,363,318,323,318,0.971698,0.974763,8,9
129,62,13,377,377,200,377,0.535809,1.000000,0,175
129,14,13,232,351,356,351,0.985755,0.971910,10,5
129,87,13,359,373,344,373,0.327078,1.000000,0,251
129,73,13,384,384,173,384,0.434896,1.000000,0,217
129,13,13,392,359,355,359,0.994429,0.994429,2,2
129,84,13,377,380,290,380,0.347368,1.000000,0,248
129,68,13,374,369,169,369,0.495935,1.000000,0,186
129,53,13,375,234,230,234,0.961538,0.974026,6,9
130,18,2,384,342,343,342,0.997076,0.994169,2,1
130,95,2,321,321,297,321,0.109034,0.364583,61,286
130,33,2,373,300,303,300,0.960000,0.976271,7,12
130,54,2,376,227,229,227,0.982379,0.978070,5,4
130,19,2,366,340,343,340,0.994118,0.994118,2,2
130,41,2,268,269,149,269,0.524164,0.524164,128,128
130,75,2,297,297,258,297,0.235690,0.437500,90,227
130,8,2,371,372,376,372,0.997312,0.989333,4,1
130,40,2,261,261,146,261,0.524904,0.503676,135,124
130,2,2,255,394,394,394,1.000000,1.000000,0,0
131,48,0,272,271,245,271,0.468635,0.514170,120,144
131,26,0,352,326,323,326,0.953988,0.981073,6,15
131,23,0,356,330,330,330,0.987879,0.996942,1,4
131,52,0,378,230,232,230,0.956522,0.940171,14,10
131,70,0,368,369,213,369,0.476965,1.000000,0,193
131,71,0,373,371,175,371,0.466307,1.000000,0,198
131,86,0,313,313,286,313,0.188498,0.472000,66,254
131,50,0,271,271,261,271,0.424354,0.479167,125,156
131,96,0,338,337,303,337,0.142433,0.516129,45,289
131,0,0,197,289,295,289,1.000000,0.722500,111,0
132,86,2,314,314,285,314,0.187898,0.472000,66,255
132,78,2,366,366,203,366,0.412568,1.000000,0,215
132,12,2,210,178,178,178,0.983146,0.483425,187,3
132,46,2,383,257,244,257,0.984436,1.000000,0,4
132,65,2,293,293,264,293,0.327645,0.500000,96,197
132,93,2,367,368,364,368,0.279891,1.000000,0,265
132,35,2,388,291,302,291,0.979381,0.989583,3,6
132,82,2,368,368,341,368,0.375000,1.000000,0,230
132,87,2,373,375,372,375,0.325333,1.000000,0,253
132,2,2,233,394,394,394,1.000000,1.000000,0,0
133,0,0,294,329,329,329,1.000000,0.822500,71,0
133,26,0,202,293,311,293,0.969283,0.895899,33,9
133,73,0,384,384,173,384,0.434896,1.000000,0,217
133,33,0,387,302,303,302,0.963576,0.986441,4,11
133,45,0,382,264,265,264,0.950758,0.980469,5,13
133,78,0,366,366,206,366,0.412568,1.000000,0,215
133,79,0,370,371,217,371,0.398922,1.000000,0,223
133,9,0,363,372,372,372,1.000000,1.000000,0,0
133,83,0,364,367,364,367,0.367847,1.000000,0,232
133,88,0,367,367,338,367,0.324251,1.000000,0,248
134,97,61,368,368,367,368,0.244565,1.000000,0,278
134,73,61,384,384,381,384,0.434896,1.000000,0,217
134,6,61,357,371,368,371,0.997305,0.971129,11,1
134,76,61,314,314,314,314,0.264331,0.528662,74,231
134,51,61,374,374,247,374,0.633690,1.000000,0,137
134,8,61,396,375,376,375,0.997333,0.997333,1,1
134,17,61,218,172,172,172,0.976744,0.485549,178,4
134,30,61,383,311,309,311,0.971061,0.993421,2,9
134,61,61,380,306,211,306,0.669935,1.000000,0,101
134,86,61,314,314,314,314,0.187898,0.472000,66,255
135,56,74,379,235,233,235,0.931915,0.990950,2,16
135,89,74,368,368,367,368,0.315217,1.000000,0,252
135,46,74,383,253,255,253,0.988142,0.988142,3,3
135,43,74,259,259,258,259,0.505792,0.498099,132,128
135,65,74,294,294,294,294,0.326531,0.500000,96,198
135,25,74,230,217,159,217,0.714286,0.484375,165,62
135,74,74,369,369,369,369,0.444444,1.000000,0,205
135,28,74,389,315,318,315,0.977778,0.990354,3,7
135,44,74,377,261,259,261,0.961686,0.965385,9,10
135,47,74,380,255,251,255,0.960784,0.980000,5,10
136,99,67,374,374,372,374,0.224599,1.000000,0,290
136,70,67,369,369,253,369,0.476965,1.000000,0,193
136,67,67,374,373,374,373,0.498660,1.000000,0,187
136,90,67,374,374,368,374,0.299465,1.000000,0,262
136,38,67,371,284,280,284,0.971831,0.989247,3,8
136,51,67,375,375,246,375,0.632000,1.000000,0,138
136,11,67,378,367,365,367,0.994550,1.000000,0,2
136,81,67,313,313,313,313,0.223642,0.496454,71,243
136,83,67,365,366,364,366,0.368852,1.000000,0,231
136,58,67,380,301,220,301,0.714286,1.000000,0,86
137,70,60,369,370,297,370,0.475676,1.000000,0,194
137,3,60,396,387,391,387,1.000000,0.989770,4,0
137,71,60,373,373,371,373,0.463807,1.000000,0,200
137,68,60,374,374,183,374,0.489305,1.000000,0,191
137,39,60,384,287,279,287,0.954704,0.992754,2,13
137,62,60,377,377,193,377,0.535809,1.000000,0,175
137,33,60,388,306,302,306,0.957516,0.993220,2,13
137,67,60,371,374,287,374,0.497326,1.000000,0,188
137,66,60,374,374,241,374,0.505348,1.000000,0,185
137,60,60,384,206,204,206,1.000000,0.990385,2,0
138,0,0,216,310,352,310,1.000000,0.775000,90,0
138,90,0,374,374,348,374,0.299465,1.000000,0,262
138,77,0,371,371,335,371,0.415094,1.000000,0,217
138,83,0,367,367,365,367,0.367847,1.000000,0,232
138,49,0,377,279,258,279,0.870968,0.995902,1,36
138,85,0,363,363,264,363,0.352617,1.000000,0,235
138,54,0,377,376,227,376,0.606383,1.000000,0,148
138,1,0,182,197,197,197,1.000000,0.496222,200,0
138,34,0,250,250,153,250,0.588000,0.503425,145,103
138,42,0,364,276,278,276,0.949275,0.984962,4,14
139,81,29,313,313,314,313,0.223642,0.496454,71,243
139,38,29,318,283,288,283,0.971731,0.985663,4,8
139,89,29,368,368,367,368,0.315217,1.000000,0,252
139,16,29,226,180,180,180,0.994444,0.512894,170,1
139,85,29,363,362,351,362,0.353591,1.000000,0,234
139,45,29,381,267,260,267,0.955056,0.996094,1,12
139,57,29,379,378,234,378,0.576720,1.000000,0,160
139,29,29,393,308,308,308,1.000000,1.000000,0,0
139,13,29,319,355,358,355,0.994366,0.983287,6,2
139,75,29,296,297,296,297,0.235690,0.437500,90,227
140,16,9,226,219,180,219,0.817352,0.512894,170,40
140,54,9,377,373,244,373,0.611260,1.000000,0,145
140,97,9,368,368,367,368,0.244565,1.000000,0,278
140,37,9,388,297,291,297,0.942761,0.992908,2,17
140,68,9,374,374,190,374,0.489305,1.000000,0,191
140,60,9,384,384,210,384,0.541667,1.000000,0,176
140,7,9,358,375,378,375,1.000000,0.992063,3,0
140,9,9,395,372,372,372,1.000000,1.000000,0,0
140,0,9,267,345,320,345,1.000000,0.862500,55,0
140,2,9,264,394,394,394,1.000000,1.000000,0,0
141,43,52,259,259,204,259,0.505792,0.498099,132,128
141,47,52,379,251,249,251,0.972112,0.976000,6,7
141,75,52,297,297,297,297,0.235690,0.437500,90,227
141,33,52,386,306,303,306,0.960784,0.996610,1,12
141,82,52,368,368,364,368,0.375000,1.000000,0,230
141,73,52,384,384,225,384,0.434896,1.000000,0,217
141,99,52,374,374,372,374,0.224599,1.000000,0,290
141,52,52,381,237,379,237,0.949367,0.961538,9,12
141,17,52,219,172,172,172,0.976744,0.485549,178,4
141,86,52,314,313,313,313,0.188498,0.472000,66,254
142,10,4,219,191,189,191,0.984293,0.510870,180,3
142,93,4,368,368,335,368,0.279891,1.000000,0,265
142,5,4,327,379,383,379,1.000000,0.986979,5,0
142,12,4,211,178,178,178,0.983146,0.483425,187,3
142,4,4,270,358,367,358,1.000000,0.922680,30,0
142,34,4,250,248,151,248,0.592742,0.503425,145,101
142,77,4,371,370,266,370,0.416216,1.000000,0,216
142,63,4,379,273,212,273,0.725275,0.994975,1,75
142,11,4,397,366,367,366,0.994536,0.997260,1,2
142,56,4,380,379,226,379,0.583113,1.000000,0,158
143,18,2,377,338,340,338,0.997041,0.982507,6,1
143,69,2,374,374,198,374,0.481283,1.000000,0,194
143,51,2,375,375,249,375,0.632000,1.000000,0,138
143,1,2,276,397,397,397,1.000000,1.000000,0,0
143,43,2,259,258,206,258,0.507752,0.498099,132,127
143,2,2,277,394,394,394,1.000000,1.000000,0,0
143,3,2,384,385,391,385,1.000000,0.984655,6,0
143,86,2,314,314,291,314,0.187898,0.472000,66,255
143,12,2,211,178,178,178,0.983146,0.483425,187,3
143,44,2,377,371,265,371,0.700809,1.000000,0,111
144,65,13,294,294,276,294,0.326531,0.500000,96,198
144,14,13,257,348,353,348,0.988506,0.966292,12,4
144,52,13,380,232,217,232,0.978448,0.970085,7,5
144,13,13,366,357,358,357,0.997199,0.991643,3,1
144,4,13,257,353,350,353,0.997167,0.907216,36,1
144,53,13,376,353,226,353,0.654391,1.000000,0,122
144,81,13,313,313,280,313,0.223642,0.496454,71,243
144,97,13,368,368,345,368,0.244565,1.000000,0,278
144,82,13,368,368,191,368,0.375000,1.000000,0,230
144,66,13,374,374,212,374,0.505348,1.000000,0,185
145,73,29,384,384,222,384,0.434896,1.000000,0,217
145,29,29,377,308,308,308,1.000000,1.000000,0,0
145,41,29,269,269,226,269,0.524164,0.524164,128,128
145,60,29,384,216,207,216,0.962963,1.000000,0,8
145,88,29,367,367,351,367,0.324251,1.000000,0,248
145,12,29,210,178,178,178,0.983146,0.483425,187,3
145,66,29,374,374,304,374,0.505348,1.000000,0,185
145,64,29,372,372,208,372,0.526882,1.000000,0,176
145,72,29,380,380,328,380,0.447368,1.000000,0,210
145,84,29,381,382,333,382,0.345550,1.000000,0,250
146,44,64,377,270,266,270,0.955556,0.992308,2,12
146,48,64,272,272,272,272,0.466912,0.514170,120,145
146,69,64,374,374,358,374,0.481283,1.000000,0,194
146,59,64,379,378,220,378,0.560847,1.000000,0,166
146,64,64,372,372,372,372,0.526882,1.000000,0,176
146,92,64,325,325,324,325,0.147692,0.452830,58,277
146,73,64,384,384,275,384,0.434896,1.000000,0,217
146,90,64,374,374,366,374,0.299465,1.000000,0,262
146,22,64,394,332,328,332,0.990964,0.996970,1,3
146,43,64,259,259,259,259,0.505792,0.498099,132,128
147,45,14,382,264,249,264,0.954545,0.984375,4,12
147,28,14,389,314,314,314,0.984076,0.993569,2,5
147,51,14,373,375,247,375,0.632000,1.000000,0,138
147,43,14,259,259,135,259,0.505792,0.498099,132,128
147,44,14,377,265,260,265,0.966038,0.984615,4,9
147,41,14,269,269,189,269,0.524164,0.524164,128,128
147,81,14,313,313,300,313,0.223642,0.496454,71,243
147,79,14,371,371,319,371,0.398922,1.000000,0,223
147,14,14,378,356,348,356,0.991573,0.991573,3,3
147,4,14,257,375,358,375,1.000000,0.966495,13,0
148,50,23,271,271,244,271,0.424354,0.479167,125,156
148,68,23,374,374,206,374,0.489305,1.000000,0,191
148,34,23,250,249,153,249,0.590361,0.503425,145,102
148,49,23,366,261,261,261,0.919540,0.983607,4,21
148,75,23,297,297,284,297,0.235690,0.437500,90,227
148,76,23,315,315,295,315,0.263492,0.528662,74,232
148,57,23,379,287,235,287,0.756098,0.995413,1,70
148,58,23,380,380,233,380,0.565789,1.000000,0,165
148,73,23,384,384,206,384,0.434896,1.000000,0,217
148,23,23,393,331,321,331,0.984894,0.996942,1,5
149,31,0,389,310,314,310,0.967742,0.996678,1,10
149,20,0,381,342,346,342,0.976608,0.994048,2,8
149,19,0,392,340,342,340,0.991176,0.991176,3,3
149,8,0,361,374,377,374,0.997326,0.994667,2,1
149,40,0,261,261,146,261,0.524904,0.503676,135,124
149,27,0,388,319,317,319,0.978056,0.993631,2,7
149,0,0,282,356,353,356,1.000000,0.890000,44,0
149,81,0,313,313,286,313,0.223642,0.496454,71,243
149,42,0,393,280,280,280,0.935714,0.984962,4,18
149,97,0,368,368,327,368,0.244565,1.000000,0,278
150,51,47,375,375,241,375,0.632000,1.000000,0,138
150,4,47,355,380,350,380,1.000000,0.979381,8,0
150,76,47,315,315,301,315,0.263492,0.528662,74,232
150,47,47,380,252,380,252,0.976190,0.984000,4,6
150,86,47,314,314,305,314,0.187898,0.472000,66,255
150,99,47,374,374,370,374,0.224599,1.000000,0,290
150,66,47,374,374,272,374,0.505348,1.000000,0,185
150,80,47,378,379,137,379,0.379947,1.000000,0,235
150,72,47,380,380,335,380,0.447368,1.000000,0,210
150,87,47,375,375,376,375,0.325333,1.000000,0,253
151,69,61,374,374,374,374,0.481283,1.000000,0,194
151,51,61,375,375,251,375,0.632000,1.000000,0,138
151,8,61,384,373,360,373,0.997319,0.992000,3,1
151,59,61,379,378,247,378,0.560847,1.000000,0,166
151,91,61,359,359,359,359,0.303621,1.000000,0,250
151,25,61,230,227,159,227,0.682819,0.484375,165,72
151,61,61,380,377,380,377,0.543767,1.000000,0,172
151,53,61,376,375,247,375,0.616000,1.000000,0,144
151,56,61,379,235,216,235,0.936170,0.995475,1,15
151,76,61,315,315,315,315,0.263492,0.528662,74,232
152,12,64,211,178,178,178,0.983146,0.483425,187,3
152,24,64,393,331,327,331,0.972810,0.993827,2,9
152,72,64,380,380,378,380,0.447368,1.000000,0,210
152,62,64,377,377,266,377,0.535809,1.000000,0,175
152,56,64,376,237,222,237,0.924051,0.990950,2,18
152,64,64,371,372,372,372,0.526882,1.000000,0,176
152,39,64,384,291,286,291,0.945017,0.996377,1,16
152,46,64,383,257,253,257,0.976654,0.992095,2,6
152,74,64,369,369,369,369,0.444444,1.000000,0,205
152,63,64,386,219,203,219,0.899543,0.989950,2,22
153,17,1,217,210,170,210,0.800000,0.485549,178,42
153,86,1,314,314,287,314,0.187898,0.472000,66,255
153,92,1,325,325,295,325,0.147692,0.452830,58,277
153,1,1,296,392,391,392,1.000000,0.987406,5,0
153,43,1,259,259,134,259,0.505792,0.498099,132,128
153,85,1,363,363,130,363,0.352617,1.000000,0,235
153,64,1,372,372,198,372,0.526882,1.000000,0,176
153,84,1,382,382,353,382,0.345550,1.000000,0,250
153,18,1,378,331,342,331,0.996979,0.962099,13,1
153,91,1,359,359,340,359,0.303621,1.000000,0,250
154,19,22,389,340,333,340,0.994118,0.994118,2,2
154,22,22,387,330,320,330,0.987879,0.987879,4,4
154,21,22,391,338,306,338,0.979290,0.993994,2,7
154,71,22,373,373,190,373,0.463807,1.000000,0,200
154,59,22,379,294,194,294,0.721088,1.000000,0,82
154,12,22,211,178,178,178,0.983146,0.483425,187,3
154,47,22,380,259,243,259,0.949807,0.984000,4,13
154,31,22,389,308,287,308,0.974026,0.996678,1,8
154,36,22,251,249,149,249,0.570281,0.498246,143,107
154,34,22,250,249,153,249,0.590361,0.503425,145,102
155,41,29,269,269,229,269,0.524164,0.524164,128,128
155,14,29,398,353,349,353,0.994334,0.985955,5,2
155,29,29,394,310,308,310,0.993548,1.000000,0,2
155,37,29,308,274,273,274,0.956204,0.929078,20,12
155,58,29,380,368,204,368,0.584239,1.000000,0,153
155,33,29,352,292,291,292,0.972603,0.962712,11,8
155,76,29,315,315,314,315,0.263492,0.528662,74,232
155,68,29,374,374,252,374,0.489305,1.000000,0,191
155,9,29,390,372,372,372,1.000000,1.000000,0,0
155,48,29,272,272,254,272,0.466912,0.514170,120,145
156,1,61,261,392,396,392,1.000000,0.987406,5,0
156,61,61,380,374,380,374,0.548128,1.000000,0,169
156,93,61,368,368,367,368,0.279891,1.000000,0,265
156,72,61,380,380,357,380,0.447368,1.000000,0,210
156,25,61,230,228,226,228,0.679825,0.484375,165,73
156,55,61,384,380,254,380,0.589474,1.000000,0,156
156,12,61,209,178,178,178,0.983146,0.483425,187,3
156,21,61,342,330,341,330,0.981818,0.972973,9,6
156,42,61,359,280,280,280,0.939286,0.988722,3,17
156,27,61,144,158,157,158,0.981013,0.493631,159,3
157,96,18,338,338,331,338,0.142012,0.516129,45,290
157,33,18,387,303,294,303,0.957096,0.983051,5,13
157,18,18,393,339,336,339,0.997050,0.985423,5,1
157,84,18,382,382,328,382,0.345550,1.000000,0,250
157,55,18,385,380,246,380,0.589474,1.000000,0,156
157,86,18,314,314,307,314,0.187898,0.472000,66,255
157,47,18,377,252,238,252,0.980159,0.988000,3,5
157,54,18,377,377,219,377,0.604775,1.000000,0,149
157,42,18,342,280,280,280,0.942857,0.992481,2,16
157,69,18,374,374,294,374,0.481283,1.000000,0,194
158,80,61,379,379,279,379,0.379947,1.000000,0,235
158,44,61,377,377,262,377,0.689655,1.000000,0,117
158,47,61,380,245,243,245,0.983673,0.964000,9,4
158,61,61,380,380,380,380,0.539474,1.000000,0,175
158,81,61,313,313,313,313,0.223642,0.496454,71,243
158,38,61,394,286,274,286,0.972028,0.996416,1,8
158,93,61,369,368,368,368,0.279891,1.000000,0,265
158,71,61,373,373,343,373,0.463807,1.000000,0,200
158,95,61,321,320,318,320,0.109375,0.364583,61,285
158,13,61,392,362,359,362,0.991713,1.000000,0,3
159,51,0,375,375,249,375,0.632000,1.000000,0,138
159,1,0,202,198,197,198,1.000000,0.498741,199,0
159,68,0,374,374,180,374,0.489305,1.000000,0,191
159,26,0,392,316,326,316,0.981013,0.977918,7,6
159,45,0,382,269,266,269,0.940520,0.988281,3,16
159,0,0,236,307,320,307,1.000000,0.767500,93,0
159,90,0,374,374,344,374,0.299465,1.000000,0,262
159,75,0,297,297,262,297,0.235690,0.437500,90,227
159,14,0,361,350,355,350,0.994286,0.977528,8,2
159,3,0,373,383,391,383,1.000000,0.979540,8,0
160,79,52,369,371,367,371,0.398922,1.000000,0,223
160,52,52,382,382,382,382,0.612565,1.000000,0,148
160,53,52,376,371,228,371,0.622642,1.000000,0,140
160,8,52,357,371,375,371,0.997305,0.986667,5,1
160,46,52,382,256,247,256,0.976562,0.988142,3,6
160,6,52,293,362,375,362,1.000000,0.950131,19,0
160,39,52,383,290,283,290,0.948276,0.996377,1,15
160,81,52,313,313,313,313,0.223642,0.496454,71,243
160,22,52,192,209,153,209,0.990431,0.627273,123,2
160,38,52,387,287,282,287,0.968641,0.996416,1,9
161,10,29,219,191,191,191,0.984293,0.510870,180,3
161,51,29,375,375,253,375,0.632000,1.000000,0,138
161,93,29,368,368,366,368,0.279891,1.000000,0,265
161,27,29,392,317,311,317,0.977918,0.987261,4,7
161,29,29,391,308,309,308,0.996753,0.996753,1,1
161,53,29,376,376,216,376,0.614362,1.000000,0,145
161,32,29,380,299,295,299,0.983278,0.986577,4,5
161,57,29,379,379,241,379,0.575198,1.000000,0,161
161,86,29,314,314,314,314,0.187898,0.472000,66,255
161,54,29,377,327,244,327,0.697248,1.000000,0,99
162,66,64,374,374,332,374,0.505348,1.000000,0,185
162,96,64,337,338,335,338,0.142012,0.516129,45,290
162,50,64,271,271,269,271,0.424354,0.479167,125,156
162,64,64,372,372,372,372,0.526882,1.000000,0,176
162,55,64,383,381,269,381,0.587927,1.000000,0,157
162,5,64,399,383,379,383,0.994778,0.992188,3,2
162,39,64,384,291,281,291,0.945017,0.996377,1,16
162,42,64,379,276,276,276,0.938406,0.973684,7,17
162,10,64,219,191,191,191,0.984293,0.510870,180,3
162,97,64,368,368,368,368,0.244565,1.000000,0,278
163,40,64,261,261,255,261,0.524904,0.503676,135,124
163,7,64,363,377,375,377,1.000000,0.997354,1,0
163,64,64,372,372,372,372,0.526882,1.000000,0,176
163,26,64,386,320,320,320,0.978125,0.987382,4,7
163,81,64,313,313,312,313,0.223642,0.496454,71,243
163,20,64,388,343,337,343,0.976676,0.997024,1,8
163,38,64,365,283,279,283,0.978799,0.992832,2,6
163,15,64,388,355,354,355,0.983099,0.991477,3,6
163,25,64,230,230,158,230,0.673913,0.484375,165,75
163,78,64,366,366,364,366,0.412568,1.000000,0,215
164,46,52,382,376,259,376,0.672872,1.000000,0,123
164,32,52,380,298,296,298,0.986577,0.986577,4,4
164,69,52,374,374,322,374,0.481283,1.000000,0,194
164,71,52,372,373,331,373,0.463807,1.000000,0,200
164,31,52,389,307,309,307,0.973941,0.993355,2,8
164,86,52,314,314,313,314,0.187898,0.472000,66,255
164,52,52,380,234,381,234,0.965812,0.965812,8,8
164,88,52,367,367,366,367,0.324251,1.000000,0,248
164,81,52,312,313,311,313,0.223642,0.496454,71,243
164,79,52,371,370,368,370,0.400000,1.000000,0,222
165,14,2,358,349,350,349,0.994269,0.974719,9,2
165,69,2,374,374,190,374,0.481283,1.000000,0,194
165,20,2,395,344,346,344,0.973837,0.997024,1,9
165,26,2,359,319,302,319,0.974922,0.981073,6,8
165,43,2,259,259,138,259,0.505792,0.498099,132,128
165,33,2,387,306,305,306,0.957516,0.993220,2,13
165,52,2,382,382,238,382,0.612565,1.000000,0,148
165,93,2,368,368,364,368,0.279891,1.000000,0,265
165,42,2,361,269,289,269,0.966543,0.977444,6,9
165,2,2,276,392,394,392,1.000000,0.994924,2,0
166,68,58,372,374,360,374,0.489305,1.000000,0,191
166,17,58,219,172,172,172,0.976744,0.485549,178,4
166,78,58,366,366,360,366,0.412568,1.000000,0,215
166,58,58,380,379,380,379,0.567282,1.000000,0,164
166,36,58,251,244,228,244,0.581967,0.498246,143,102
166,35,58,387,295,278,295,0.966102,0.989583,3,10
166,53,58,376,316,273,316,0.731013,1.000000,0,85
166,30,58,382,309,305,309,0.977346,0.993421,2,7
166,62,58,377,377,250,377,0.535809,1.000000,0,175
166,51,58,375,375,302,375,0.632000,1.000000,0,138
167,8,8,371,374,371,374,0.997326,0.994667,2,1
167,34,8,250,250,145,250,0.588000,0.503425,145,103
167,65,8,292,292,264,292,0.328767,0.500000,96,196
167,54,8,377,377,235,377,0.604775,1.000000,0,149
167,59,8,379,377,197,377,0.562334,1.000000,0,165
167,22,8,393,331,327,331,0.993958,0.996970,1,2
167,24,8,393,327,331,327,0.972477,0.981481,6,9
167,77,8,371,370,320,370,0.416216,1.000000,0,216
167,75,8,296,296,275,296,0.236486,0.437500,90,226
167,82,8,368,368,341,368,0.375000,1.000000,0,230
168,71,2,373,373,193,373,0.463807,1.000000,0,200
168,18,2,390,340,346,340,0.997059,0.988338,4,1
168,50,2,270,271,141,271,0.424354,0.479167,125,156
168,24,2,376,326,333,326,0.975460,0.981481,6,8
168,13,2,392,361,360,361,0.991690,0.997214,1,3
168,84,2,382,382,239,382,0.345550,1.000000,0,250
168,63,2,382,386,204,386,0.515544,1.000000,0,187
168,2,2,296,394,394,394,1.000000,1.000000,0,0
168,3,2,396,385,386,385,1.000000,0.984655,6,0
168,38,2,394,286,286,286,0.965035,0.989247,3,10
169,23,61,393,328,330,328,0.990854,0.993884,2,3
169,71,61,373,373,372,373,0.463807,1.000000,0,200
169,85,61,363,363,363,363,0.352617,1.000000,0,235
169,43,61,259,259,259,259,0.505792,0.498099,132,128
169,30,61,383,310,305,310,0.970968,0.990132,3,9
169,73,61,382,383,308,383,0.436031,1.000000,0,216
169,61,61,380,280,380,280,0.732143,1.000000,0,75
169,33,61,387,303,299,303,0.957096,0.983051,5,13
169,32,61,380,297,294,297,0.986532,0.983221,5,4
169,67,61,374,374,350,374,0.497326,1.000000,0,188
170,88,29,367,367,365,367,0.324251,1.000000,0,248
170,62,29,377,377,254,377,0.535809,1.000000,0,175
170,36,29,251,251,184,251,0.565737,0.498246,143,109
170,77,29,371,371,360,371,0.415094,1.000000,0,217
170,75,29,297,297,296,297,0.235690,0.437500,90,227
170,69,29,374,374,369,374,0.481283,1.000000,0,194
170,26,29,389,325,324,325,0.969231,0.993691,2,10
170,29,29,392,308,311,308,1.000000,1.000000,0,0
170,58,29,380,319,207,319,0.673981,1.000000,0,104
170,6,29,398,380,383,380,0.997368,0.994751,2,1
171,7,7,344,371,358,371,1.000000,0.981481,7,0
171,77,7,370,370,295,370,0.416216,1.000000,0,216
171,41,7,269,269,163,269,0.524164,0.524164,128,128
171,33,7,388,306,305,306,0.954248,0.989831,3,14
171,39,7,384,384,273,384,0.718750,1.000000,0,108
171,89,7,368,368,339,368,0.315217,1.000000,0,252
171,94,7,371,371,354,371,0.269542,1.000000,0,271
171,74,7,369,369,164,369,0.444444,1.000000,0,205
171,76,7,315,315,293,315,0.263492,0.528662,74,232
171,81,7,313,313,302,313,0.223642,0.496454,71,243
172,61,9,380,380,200,380,0.539474,1.000000,0,175
172,72,9,380,380,237,380,0.447368,1.000000,0,210
172,67,9,374,374,225,374,0.497326,1.000000,0,188
172,51,9,375,375,238,375,0.632000,1.000000,0,138
172,66,9,374,374,246,374,0.505348,1.000000,0,185
172,13,9,391,358,354,358,0.997207,0.994429,2,1
172,9,9,386,372,372,372,1.000000,1.000000,0,0
172,95,9,321,321,320,321,0.109034,0.364583,61,286
172,73,9,384,384,175,384,0.434896,1.000000,0,217
172,63,9,386,217,208,217,0.907834,0.989950,2,20
173,14,29,295,358,354,358,0.994413,1.000000,0,2
173,25,29,230,230,158,230,0.673913,0.484375,165,75
173,80,29,379,379,344,379,0.379947,1.000000,0,235
173,93,29,368,368,367,368,0.279891,1.000000,0,265
173,29,29,392,309,393,309,0.996764,1.000000,0,1
173,50,29,271,271,268,271,0.424354,0.479167,125,156
173,54,29,377,377,251,377,0.604775,1.000000,0,149
173,11,29,397,367,366,367,0.994550,1.000000,0,2
173,71,29,373,373,345,373,0.463807,1.000000,0,200
173,30,29,383,312,299,312,0.971154,0.996711,1,9
174,35,4,390,292,287,292,0.972603,0.986111,4,8
174,89,4,367,368,340,368,0.315217,1.000000,0,252
174,49,4,387,258,256,258,0.926357,0.979508,5,19
174,47,4,379,379,245,379,0.659631,1.000000,0,129
174,86,4,314,314,290,314,0.187898,0.472000,66,255
174,95,4,320,321,297,321,0.109034,0.364583,61,286
174,69,4,374,374,202,374,0.481283,1.000000,0,194
174,76,4,314,315,289,315,0.263492,0.528662,74,232
174,4,4,250,368,373,368,1.000000,0.948454,20,0
174,20,4,395,342,321,342,0.973684,0.991071,3,9
175,86,11,314,314,308,314,0.187898,0.472000,66,255
175,84,11,382,382,346,382,0.345550,1.000000,0,250
175,11,11,378,365,353,365,0.997260,0.997260,1,1
175,85,11,363,363,346,363,0.352617,1.000000,0,235
175,16,11,226,209,180,209,0.856459,0.512894,170,30
175,96,11,338,338,325,338,0.142012,0.516129,45,290
175,21,11,391,338,325,338,0.982249,0.996997,1,6
175,94,11,371,371,352,371,0.269542,1.000000,0,271
175,42,11,307,275,289,275,0.949091,0.981203,5,14
175,77,11,371,371,352,371,0.415094,1.000000,0,217
176,86,23,313,314,305,314,0.187898,0.472000,66,255
176,90,23,374,374,335,374,0.299465,1.000000,0,262
176,35,23,390,294,293,294,0.962585,0.982639,5,11
176,30,23,383,307,313,307,0.980456,0.990132,3,6
176,49,23,383,379,258,379,0.643799,1.000000,0,135
176,91,23,359,359,343,359,0.303621,1.000000,0,250
176,28,23,389,311,317,311,0.983923,0.983923,5,5
176,67,23,374,374,280,374,0.497326,1.000000,0,188
176,11,23,367,366,365,366,0.994536,0.997260,1,2
176,23,23,393,331,315,331,0.987915,1.000000,0,4
177,67,5,374,374,226,374,0.497326,1.000000,0,188
177,5,5,351,381,365,381,0.997375,0.989583,4,1
177,24,5,372,327,332,327,0.978593,0.987654,4,7
177,68,5,374,374,161,374,0.489305,1.000000,0,191
177,69,5,374,374,235,374,0.481283,1.000000,0,194
177,54,5,377,377,207,377,0.604775,1.000000,0,149
177,88,5,367,367,345,367,0.324251,1.000000,0,248
177,33,5,387,305,269,305,0.960656,0.993220,2,12
177,85,5,363,363,324,363,0.352617,1.000000,0,235
177,82,5,368,368,336,368,0.375000,1.000000,0,230
178,70,14,369,369,280,369,0.476965,1.000000,0,193
178,39,14,384,296,286,296,0.929054,0.996377,1,21
178,50,14,271,271,225,271,0.424354,0.479167,125,156
178,54,14,377,377,221,377,0.604775,1.000000,0,149
178,14,14,261,349,343,349,0.994269,0.974719,9,2
178,94,14,371,371,324,371,0.269542,1.000000,0,271
178,26,14,392,324,301,324,0.969136,0.990536,3,10
178,76,14,315,315,282,315,0.263492,0.528662,74,232
178,20,14,395,345,346,345,0.973913,1.000000,0,9
178,92,14,325,325,294,325,0.147692,0.452830,58,277
179,79,7,370,371,289,371,0.398922,1.000000,0,223
179,36,7,252,247,149,247,0.574899,0.498246,143,105
179,11,7,362,364,367,364,0.994505,0.991781,3,2
179,20,7,395,343,341,343,0.976676,0.997024,1,8
179,15,7,394,356,353,356,0.983146,0.994318,2,6
179,71,7,373,373,228,373,0.463807,1.000000,0,200
179,76,7,315,315,286,315,0.263492,0.528662,74,232
179,7,7,382,376,362,376,1.000000,0.994709,2,0
179,12,7,211,178,178,178,0.983146,0.483425,187,3
179,25,7,229,228,159,228,0.679825,0.484375,165,73
180,2,2,257,394,394,394,1.000000,1.000000,0,0
180,26,2,390,327,307,327,0.966361,0.996845,1,11
180,93,2,368,368,365,368,0.279891,1.000000,0,265
180,82,2,368,368,292,368,0.375000,1.000000,0,230
180,54,2,377,377,239,377,0.604775,1.000000,0,149
180,38,2,374,287,285,287,0.961672,0.989247,3,11
180,9,2,382,372,372,372,1.000000,1.000000,0,0
180,96,2,338,338,304,338,0.142012,0.516129,45,290
180,40,2,261,261,145,261,0.524904,0.503676,135,124
180,45,2,382,373,261,373,0.686327,1.000000,0,117
181,15,15,394,355,342,355,0.985915,0.994318,2,5
181,68,15,374,374,193,374,0.489305,1.000000,0,191
181,62,15,377,377,286,377,0.535809,1.000000,0,175
181,16,15,226,224,180,224,0.799107,0.512894,170,45
181,17,15,219,203,172,203,0.827586,0.485549,178,35
181,76,15,314,315,306,315,0.263492,0.528662,74,232
181,86,15,313,314,302,314,0.187898,0.472000,66,255
181,24,15,379,332,329,332,0.972892,0.996914,1,9
181,99,15,374,374,349,374,0.224599,1.000000,0,290
181,38,15,389,287,282,287,0.965157,0.992832,2,10
182,33,33,387,303,386,303,0.963696,0.989831,3,11
182,47,33,380,377,251,377,0.663130,1.000000,0,127
182,93,33,368,368,360,368,0.279891,1.000000,0,265
182,95,33,321,321,319,321,0.109034,0.364583,61,286
182,65,33,294,294,281,294,0.326531,0.500000,96,198
182,35,33,389,299,287,299,0.959866,0.996528,1,12
182,24,33,352,329,288,329,0.978723,0.993827,2,7
182,39,33,384,291,283,291,0.938144,0.989130,3,18
182,90,33,374,374,359,374,0.299465,1.000000,0,262
182,25,33,230,229,159,229,0.676856,0.484375,165,74
183,50,3,271,271,158,271,0.424354,0.479167,125,156
183,48,3,272,272,132,272,0.466912,0.514170,120,145
183,83,3,367,367,309,367,0.367847,1.000000,0,232
183,3,3,383,386,387,386,1.000000,0.987212,5,0
183,78,3,366,366,218,366,0.412568,1.000000,0,215
183,12,3,210,178,178,178,0.983146,0.483425,187,3
183,56,3,380,373,226,373,0.592493,1.000000,0,152
183,15,3,394,356,359,356,0.983146,0.994318,2,6
183,34,3,250,250,153,250,0.588000,0.503425,145,103
183,99,3,373,374,344,374,0.224599,1.000000,0,290
184,85,22,363,363,353,363,0.352617,1.000000,0,235
184,77,22,371,371,358,371,0.415094,1.000000,0,217
184,52,22,382,257,231,257,0.906615,0.995726,1,24
184,66,22,374,375,327,375,0.504000,1.000000,0,186
184,75,22,297,297,288,297,0.235690,0.437500,90,227
184,11,22,380,364,362,364,0.994505,0.991781,3,2
184,27,22,392,320,300,320,0.978125,0.996815,1,7
184,19,22,390,343,333,343,0.988338,0.997059,1,4
184,76,22,315,315,305,315,0.263492,0.528662,74,232
184,22,22,388,332,322,332,0.990964,0.996970,1,3
185,24,6,336,322,334,322,0.984472,0.978395,7,5
185,67,6,374,374,204,374,0.497326,1.000000,0,188
185,81,6,312,313,287,313,0.223642,0.496454,71,243
185,42,6,392,276,269,276,0.949275,0.984962,4,14
185,16,6,225,220,180,220,0.813636,0.512894,170,41
185,27,6,335,315,320,315,0.980952,0.984076,5,6
185,6,6,345,371,373,371,1.000000,0.973753,10,0
185,34,6,250,250,153,250,0.588000,0.503425,145,103
185,43,6,258,259,139,259,0.505792,0.498099,132,128
185,14,6,168,180,180,180,0.988889,0.500000,178,2
186,46,29,383,260,249,260,0.961538,0.988142,3,10
186,26,29,392,322,323,322,0.972050,0.987382,4,9
186,35,29,371,293,293,293,0.962457,0.979167,6,11
186,27,29,361,315,304,315,0.980952,0.984076,5,6
186,29,29,391,310,310,310,0.993548,1.000000,0,2
186,21,29,375,337,336,337,0.985163,0.996997,1,5
186,99,29,374,374,373,374,0.224599,1.000000,0,290
186,93,29,368,368,365,368,0.279891,1.000000,0,265
186,56,29,380,245,235,245,0.893878,0.990950,2,26
186,3,29,397,389,362,389,1.000000,0.994885,2,0
187,26,9,318,321,328,321,0.971963,0.984227,5,9
187,52,9,367,367,240,367,0.637602,1.000000,0,133
187,28,9,362,307,308,307,0.980456,0.967846,10,6
187,30,9,383,312,311,312,0.971154,0.996711,1,9
187,32,9,368,294,302,294,0.976190,0.963087,11,7
187,11,9,210,248,182,248,0.995968,0.676712,118,1
187,75,9,297,297,287,297,0.235690,0.437500,90,227
187,9,9,358,372,372,372,1.000000,1.000000,0,0
187,10,9,219,191,191,191,0.984293,0.510870,180,3
187,89,9,368,368,343,368,0.315217,1.000000,0,252
188,93,6,368,368,345,368,0.279891,1.000000,0,265
188,16,6,226,216,180,216,0.828704,0.512894,170,37
188,49,6,327,251,242,251,0.952191,0.979508,5,12
188,24,6,384,328,330,328,0.984756,0.996914,1,5
188,98,6,359,359,335,359,0.242340,1.000000,0,272
188,8,6,231,355,373,355,1.000000,0.946667,20,0
188,91,6,359,359,340,359,0.303621,1.000000,0,250
188,6,6,380,377,374,377,0.997347,0.986877,5,1
188,61,6,380,380,220,380,0.539474,1.000000,0,175
188,81,6,311,312,297,312,0.224359,0.496454,71,242
189,64,22,371,372,195,372,0.526882,1.000000,0,176
189,71,22,373,373,264,373,0.463807,1.000000,0,200
189,52,22,381,381,228,381,0.614173,1.000000,0,147
189,22,22,388,330,326,330,0.993939,0.993939,2,2
189,32,22,376,301,285,301,0.980066,0.989933,3,6
189,51,22,375,375,258,375,0.632000,1.000000,0,138
189,78,22,366,366,343,366,0.412568,1.000000,0,215
189,15,22,389,356,332,356,0.983146,0.994318,2,6
189,50,22,270,271,252,271,0.424354,0.479167,125,156
189,12,22,211,178,178,178,0.983146,0.483425,187,3
190,62,9,377,377,206,377,0.535809,1.000000,0,175
190,71,9,373,373,198,373,0.463807,1.000000,0,200
190,42,9,393,282,292,282,0.936170,0.992481,2,18
190,69,9,374,374,225,374,0.481283,1.000000,0,194
190,97,9,368,368,364,368,0.244565,1.000000,0,278
190,86,9,314,314,312,314,0.187898,0.472000,66,255
190,43,9,259,259,138,259,0.505792,0.498099,132,128
190,9,9,391,372,372,372,1.000000,1.000000,0,0
190,41,9,269,269,228,269,0.524164,0.524164,128,128
190,85,9,363,363,349,363,0.352617,1.000000,0,235
191,12,29,211,178,178,178,0.983146,0.483425,187,3
191,71,29,373,373,333,373,0.463807,1.000000,0,200
191,29,29,394,307,394,307,1.000000,0.996753,1,0
191,65,29,293,294,280,294,0.326531,0.500000,96,198
191,62,29,376,377,268,377,0.535809,1.000000,0,175
191,5,29,355,380,345,380,0.994737,0.984375,6,2
191,26,29,392,327,326,327,0.966361,0.996845,1,11
191,90,29,374,374,365,374,0.299465,1.000000,0,262
191,25,29,230,230,159,230,0.673913,0.484375,165,75
191,55,29,385,383,245,383,0.584856,1.000000,0,159
192,1,13,175,198,257,198,1.000000,0.498741,199,0
192,31,13,389,306,310,306,0.970588,0.986711,4,9
192,74,13,369,369,344,369,0.444444,1.000000,0,205
192,61,13,380,204,292,204,0.995098,0.990244,2,1
192,5,13,324,379,370,379,0.997361,0.984375,6,1
192,17,13,219,172,172,172,0.976744,0.485549,178,4
192,24,13,393,331,331,331,0.975831,0.996914,1,8
192,41,13,269,268,207,268,0.526119,0.524164,128,127
192,11,13,397,367,365,367,0.994550,1.000000,0,2
192,13,13,391,361,361,361,0.988920,0.994429,2,4
193,8,0,207,281,189,281,0.992883,0.744000,96,2
193,0,0,231,323,365,323,1.000000,0.807500,77,0
193,27,0,257,314,321,314,0.980892,0.980892,6,6
193,58,0,380,380,221,380,0.565789,1.000000,0,165
193,83,0,367,367,351,367,0.367847,1.000000,0,232
193,86,0,314,314,287,314,0.187898,0.472000,66,255
193,63,0,279,208,210,208,0.932692,0.974874,5,14
193,2,0,244,394,394,394,1.000000,1.000000,0,0
193,75,0,297,297,259,297,0.235690,0.437500,90,227
193,43,0,259,258,137,258,0.507752,0.498099,132,127
194,75,29,297,297,292,297,0.235690,0.437500,90,227
194,12,29,210,178,177,178,0.983146,0.483425,187,3
194,55,29,384,383,248,383,0.584856,1.000000,0,159
194,51,29,375,375,288,375,0.632000,1.000000,0,138
194,87,29,375,375,366,375,0.325333,1.000000,0,253
194,91,29,358,359,355,359,0.303621,1.000000,0,250
194,31,29,389,307,302,307,0.977199,0.996678,1,7
194,34,29,249,250,222,250,0.588000,0.503425,145,103
194,59,29,379,379,241,379,0.559367,1.000000,0,167
194,29,29,356,308,309,308,1.000000,1.000000,0,0
195,0,0,223,345,348,345,1.000000,0.862500,55,0
195,21,0,391,339,340,339,0.979351,0.996997,1,7
195,23,0,393,328,334,328,0.990854,0.993884,2,3
195,17,0,219,212,172,212,0.792453,0.485549,178,44
195,24,0,393,331,334,331,0.978852,1.000000,0,7
195,27,0,392,317,318,317,0.977918,0.987261,4,7
195,84,0,378,382,360,382,0.345550,1.000000,0,250
195,98,0,359,359,320,359,0.242340,1.000000,0,272
195,3,0,391,386,391,386,1.000000,0.987212,5,0
195,29,0,306,308,308,308,1.000000,1.000000,0,0
196,80,46,379,379,310,379,0.379947,1.000000,0,235
196,59,46,379,379,203,379,0.559367,1.000000,0,167
196,31,46,389,307,299,307,0.973941,0.993355,2,8
196,68,46,374,374,208,374,0.489305,1.000000,0,191
196,98,46,359,359,359,359,0.242340,1.000000,0,272
196,50,46,271,271,262,271,0.424354,0.479167,125,156
196,46,46,383,261,321,261,0.965517,0.996047,1,9
196,39,46,384,384,284,384,0.718750,1.000000,0,108
196,87,46,375,375,334,375,0.325333,1.000000,0,253
196,71,46,373,373,282,373,0.463807,1.000000,0,200
197,15,2,390,357,358,357,0.980392,0.994318,2,7
197,25,2,230,226,159,226,0.685841,0.484375,165,71
197,2,2,240,394,394,394,1.000000,1.000000,0,0
197,56,2,378,379,220,379,0.583113,1.000000,0,158
197,1,2,206,285,280,285,1.000000,0.717884,112,0
197,4,2,258,376,384,376,0.994681,0.963918,14,2
197,22,2,384,329,333,329,0.987842,0.984848,5,4
197,82,2,368,368,164,368,0.375000,1.000000,0,230
197,95,2,321,321,298,321,0.109034,0.364583,61,286
197,75,2,297,297,267,297,0.235690,0.437500,90,227
198,36,6,250,250,146,250,0.568000,0.498246,143,108
198,17,6,219,201,172,201,0.835821,0.485549,178,33
198,35,6,235,278,289,278,0.938849,0.906250,27,17
198,4,6,264,363,382,363,1.000000,0.935567,25,0
198,38,6,382,291,289,291,0.955326,0.996416,1,13
198,21,6,391,340,337,340,0.976471,0.996997,1,8
198,6,6,284,375,366,375,1.000000,0.984252,6,0
198,61,6,380,380,250,380,0.539474,1.000000,0,175
198,15,6,365,353,358,353,0.983003,0.985795,5,6
198,12,6,209,178,178,178,0.983146,0.483425,187,3
199,58,29,380,380,229,380,0.565789,1.000000,0,165
199,79,29,371,371,276,371,0.398922,1.000000,0,223
199,50,29,271,271,255,271,0.424354,0.479167,125,156
199,24,29,393,334,316,334,0.970060,1.000000,0,10
199,11,29,325,358,351,358,0.997207,0.978082,8,1
199,29,29,381,308,309,308,1.000000,1.000000,0,0
199,59,29,379,369,258,369,0.574526,1.000000,0,157
199,3,29,395,387,356,387,1.000000,0.989770,4,0
199,84,29,382,382,335,382,0.345550,1.000000,0,250
199,65,29,294,294,291,294,0.326531,0.500000,96,198
200,15,15,383,356,355,357,0.980392,0.994318,2,7
200,39,15,384,293,281,289,0.951557,0.996377,1,14
200,11,15,369,365,362,365,0.994521,0.994521,2,2
200,12,15,211,178,178,178,0.983146,0.483425,187,3
200,77,15,370,370,338,370,0.416216,1.000000,0,216
200,98,15,359,359,343,359,0.242340,1.000000,0,272
200,31,15,389,310,311,313,0.958466,0.996678,1,13
200,63,15,386,386,213,384,0.518229,1.000000,0,185
200,73,15,383,383,211,382,0.437173,1.000000,0,215
200,81,15,313,313,300,313,0.223642,0.496454,71,243
201,76,61,315,315,312,315,0.263492,0.528662,74,232
201,45,61,382,382,266,381,0.671916,1.000000,0,125
201,28,61,389,314,307,316,0.977848,0.993569,2,7
201,48,61,272,272,268,272,0.466912,0.514170,120,145
201,5,61,399,381,379,386,0.994819,1.000000,0,2
201,62,61,377,377,376,377,0.535809,1.000000,0,175
201,61,61,380,380,379,380,0.539474,1.000000,0,175
201,41,61,269,269,268,269,0.524164,0.524164,128,128
201,75,61,297,297,296,297,0.235690,0.437500,90,227
201,43,61,259,259,258,259,0.505792,0.498099,132,128
202,42,18,374,283,283,280,0.939286,0.988722,3,17
202,86,18,314,314,310,314,0.187898,0.472000,66,255
202,19,18,365,339,333,339,0.994100,0.991176,3,2
202,63,18,386,385,255,337,0.590504,1.000000,0,138
202,33,18,386,302,291,299,0.966555,0.979661,6,10
202,55,18,385,382,283,364,0.615385,1.000000,0,140
202,25,18,230,230,159,229,0.676856,0.484375,165,74
202,80,18,379,379,294,379,0.379947,1.000000,0,235
202,18,18,393,338,333,340,0.997059,0.988338,4,1
202,36,18,251,244,232,244,0.581967,0.498246,143,102
203,2,2,250,394,396,396,0.994949,1.000000,0,2
203,51,2,375,375,250,375,0.632000,1.000000,0,138
203,63,2,386,386,203,386,0.515544,1.000000,0,187
203,95,2,321,321,303,319,0.109718,0.364583,61,284
203,61,2,380,380,226,380,0.539474,1.000000,0,175
203,71,2,373,373,162,373,0.463807,1.000000,0,200
203,31,2,363,305,315,309,0.964401,0.990033,3,11
203,41,2,269,269,151,268,0.526119,0.524164,128,127
203,21,2,391,341,341,342,0.973684,1.000000,0,9
203,83,2,367,367,357,367,0.367847,1.000000,0,232
204,60,60,384,384,384,384,0.541667,1.000000,0,176
204,32,60,379,366,296,305,0.977049,1.000000,0,7
204,48,60,272,272,266,272,0.466912,0.514170,120,145
204,96,60,338,337,336,338,0.142012,0.516129,45,290
204,54,60,377,377,247,377,0.604775,1.000000,0,149
204,98,60,359,359,359,359,0.242340,1.000000,0,272
204,58,60,380,380,224,355,0.605634,1.000000,0,140
204,94,60,371,371,370,371,0.269542,1.000000,0,271
204,39,60,384,383,276,295,0.935593,1.000000,0,19
204,69,60,374,374,371,374,0.481283,1.000000,0,194
205,5,0,295,383,389,386,0.994819,1.000000,0,2
205,67,0,374,374,203,374,0.497326,1.000000,0,188
205,63,0,386,386,211,386,0.515544,1.000000,0,187
205,33,0,388,304,308,308,0.954545,0.996610,1,14
205,82,0,368,368,326,368,0.375000,1.000000,0,230
205,50,0,271,271,265,271,0.424354,0.479167,125,156
205,29,0,347,308,308,308,1.000000,1.000000,0,0
205,25,0,230,229,159,229,0.676856,0.484375,165,74
205,87,0,375,375,354,375,0.325333,1.000000,0,253
205,0,0,201,339,321,345,1.000000,0.862500,55,0
206,0,0,258,324,366,351,1.000000,0.877500,49,0
206,74,0,369,369,153,369,0.444444,1.000000,0,205
206,80,0,379,379,330,379,0.379947,1.000000,0,235
206,36,0,250,251,149,250,0.568000,0.498246,143,108
206,19,0,374,337,342,339,0.994100,0.991176,3,2
206,20,0,374,341,346,343,0.973761,0.994048,2,9
206,89,0,367,368,339,368,0.315217,1.000000,0,252
206,98,0,359,359,326,359,0.242340,1.000000,0,272
206,93,0,368,368,341,368,0.279891,1.000000,0,265
206,47,0,380,378,251,268,0.932836,1.000000,0,18
207,68,33,374,374,300,373,0.490617,1.000000,0,190
207,50,33,270,271,249,271,0.424354,0.479167,125,156
207,57,33,379,379,277,379,0.575198,1.000000,0,161
207,48,33,272,272,250,272,0.466912,0.514170,120,145
207,35,33,387,295,290,299,0.963211,1.000000,0,11
207,33,33,388,301,377,373,0.788204,0.996610,1,79
207,72,33,380,380,349,380,0.447368,1.000000,0,210
207,82,33,367,368,304,368,0.375000,1.000000,0,230
207,91,33,359,359,340,359,0.303621,1.000000,0,250
207,85,33,363,363,335,363,0.352617,1.000000,0,235
208,32,13,377,304,299,303,0.980198,0.996644,1,6
208,28,13,389,316,315,318,0.977987,1.000000,0,7
208,67,13,374,374,290,374,0.497326,1.000000,0,188
208,13,13,392,359,362,361,0.991690,0.997214,1,3
208,62,13,377,377,272,377,0.535809,1.000000,0,175
208,94,13,371,371,355,371,0.269542,1.000000,0,271
208,78,13,366,366,305,366,0.412568,1.000000,0,215
208,80,13,379,379,349,379,0.379947,1.000000,0,235
208,68,13,374,374,189,374,0.489305,1.000000,0,191
208,60,13,384,384,199,261,0.796935,1.000000,0,53
209,51,3,375,375,251,375,0.632000,1.000000,0,138
209,18,3,393,341,327,341,0.997067,0.991254,3,1
209,69,3,374,374,242,374,0.481283,1.000000,0,194
209,98,3,359,359,345,359,0.242340,1.000000,0,272
209,66,3,374,374,241,374,0.505348,1.000000,0,185
209,53,3,376,248,243,247,0.935223,1.000000,0,16
209,8,3,377,376,373,374,0.997326,0.994667,2,1
209,3,3,397,386,387,386,1.000000,0.987212,5,0
209,33,3,388,388,274,313,0.939297,0.996610,1,19
209,58,3,380,379,227,355,0.605634,1.000000,0,140
210,35,0,387,288,288,293,0.969283,0.986111,4,9
210,96,0,338,338,299,338,0.142012,0.516129,45,290
210,75,0,297,297,266,297,0.235690,0.437500,90,227
210,3,0,397,388,391,391,1.000000,1.000000,0,0
210,15,0,369,353,358,356,0.983146,0.994318,2,6
210,41,0,269,268,151,267,0.528090,0.524164,128,126
210,0,0,239,345,380,368,1.000000,0.920000,32,0
210,28,0,388,314,312,314,0.980892,0.990354,3,6
210,29,0,392,308,308,308,1.000000,1.000000,0,0
210,57,0,378,379,239,376,0.579787,1.000000,0,158
211,42,22,374,273,282,275,0.941818,0.973684,7,16
211,51,22,375,375,249,375,0.632000,1.000000,0,138
211,95,22,321,321,302,321,0.109034,0.364583,61,286
211,21,22,378,340,313,340,0.979412,1.000000,0,7
211,92,22,325,325,310,325,0.147692,0.452830,58,277
211,98,22,359,359,351,359,0.242340,1.000000,0,272
211,76,22,315,315,305,315,0.263492,0.528662,74,232
211,34,22,250,250,191,249,0.590361,0.503425,145,102
211,48,22,272,272,256,272,0.466912,0.514170,120,145
211,22,22,377,328,332,330,0.996970,0.996970,1,1
212,58,4,380,380,229,380,0.565789,1.000000,0,165
212,62,4,377,377,219,377,0.535809,1.000000,0,175
212,77,4,371,371,184,371,0.415094,1.000000,0,217
212,4,4,274,376,365,367,0.997275,0.943299,22,1
212,82,4,368,368,313,368,0.375000,1.000000,0,230
212,91,4,358,359,327,343,0.317784,1.000000,0,234
212,44,4,377,377,224,355,0.723944,0.988462,3,98
212,59,4,379,379,198,373,0.568365,1.000000,0,161
212,11,4,378,365,367,367,0.994550,1.000000,0,2
212,27,4,387,316,320,320,0.978125,0.996815,1,7
213,51,47,375,375,257,375,0.632000,1.000000,0,138
213,21,47,391,338,322,340,0.973529,0.993994,2,9
213,41,47,269,269,256,269,0.524164,0.524164,128,128
213,99,47,374,374,370,374,0.224599,1.000000,0,290
213,73,47,383,384,283,384,0.434896,1.000000,0,217
213,80,47,378,379,322,379,0.379947,1.000000,0,235
213,91,47,359,359,351,359,0.303621,1.000000,0,250
213,12,47,210,178,178,178,0.983146,0.483425,187,3
213,47,47,380,379,380,380,0.657895,1.000000,0,130
213,39,47,384,292,290,291,0.938144,0.989130,3,18
214,61,61,380,380,380,380,0.539474,1.000000,0,175
214,57,61,379,379,305,379,0.575198,1.000000,0,161
214,32,61,379,305,289,302,0.980132,0.993289,2,6
214,80,61,379,379,311,379,0.379947,1.000000,0,235
214,39,61,384,295,280,292,0.941781,0.996377,1,17
214,77,61,371,371,366,371,0.415094,1.000000,0,217
214,11,61,376,366,361,366,0.994536,0.997260,1,2
214,82,61,368,368,357,368,0.375000,1.000000,0,230
214,41,61,269,269,267,269,0.524164,0.524164,128,128
214,48,61,272,272,266,272,0.466912,0.514170,120,145
215,9,9,367,372,372,372,1.000000,1.000000,0,0
215,86,9,314,314,311,314,0.187898,0.472000,66,255
215,45,9,382,382,259,338,0.757396,1.000000,0,82
215,1,9,275,372,393,384,1.000000,0.967254,13,0
215,82,9,367,368,298,368,0.375000,1.000000,0,230
215,25,9,230,228,159,192,0.807292,0.484375,165,37
215,59,9,379,379,219,344,0.616279,1.000000,0,132
215,0,9,208,339,352,355,1.000000,0.887500,45,0
215,97,9,368,368,364,368,0.244565,1.000000,0,278
215,40,9,259,261,209,257,0.533074,0.503676,135,120
216,92,46,325,325,315,325,0.147692,0.452830,58,277
216,55,46,384,384,260,377,0.594164,1.000000,0,153
216,10,46,218,191,191,191,0.984293,0.510870,180,3
216,47,46,379,380,239,379,0.659631,1.000000,0,129
216,64,46,372,372,188,370,0.529730,1.000000,0,174
216,46,46,381,379,379,380,0.665789,1.000000,0,127
216,53,46,376,376,233,375,0.616000,1.000000,0,144
216,27,46,392,321,315,321,0.978193,1.000000,0,7
216,32,46,380,302,285,301,0.983389,0.993289,2,5
216,72,46,380,380,349,380,0.447368,1.000000,0,210
217,16,46,226,207,180,181,0.988950,0.512894,170,2
217,25,46,229,230,202,229,0.676856,0.484375,165,74
217,72,46,380,380,351,380,0.447368,1.000000,0,210
217,96,46,338,338,334,338,0.142012,0.516129,45,290
217,43,46,259,259,248,259,0.505792,0.498099,132,128
217,50,46,271,271,263,271,0.424354,0.479167,125,156
217,46,46,383,382,383,383,0.660574,1.000000,0,130
217,30,46,383,308,296,307,0.977199,0.986842,4,7
217,86,46,314,314,309,314,0.187898,0.472000,66,255
217,44,46,377,377,273,377,0.689655,1.000000,0,117
218,2,2,286,394,394,394,1.000000,1.000000,0,0
218,40,2,261,261,147,261,0.524904,0.503676,135,124
218,12,2,210,178,178,178,0.983146,0.483425,187,3
218,77,2,369,369,176,369,0.417344,1.000000,0,215
218,55,2,385,384,250,354,0.632768,1.000000,0,130
218,85,2,363,363,343,363,0.352617,1.000000,0,235
218,61,2,380,380,205,380,0.539474,1.000000,0,175
218,44,2,377,376,271,376,0.691489,1.000000,0,116
218,47,2,380,380,248,379,0.659631,1.000000,0,129
218,53,2,376,375,236,368,0.627717,1.000000,0,137
219,55,5,385,377,250,360,0.622222,1.000000,0,136
219,20,5,394,343,346,344,0.973837,0.997024,1,9
219,5,5,357,381,373,381,0.994751,0.986979,5,2
219,89,5,367,368,329,364,0.315934,0.991379,1,249
219,61,5,380,380,220,374,0.545455,0.995122,1,170
219,86,5,313,314,292,309,0.190939,0.472000,66,250
219,99,5,375,374,340,374,0.224599,1.000000,0,290
219,51,5,375,375,251,375,0.632000,1.000000,0,138
219,95,5,321,321,295,321,0.109034,0.364583,61,286
219,60,5,384,283,200,241,0.863071,1.000000,0,33
220,2,2,219,394,394,394,1.000000,1.000000,0,0
220,67,2,374,374,205,374,0.497326,1.000000,0,188
220,9,2,396,372,372,372,1.000000,1.000000,0,0
220,36,2,252,252,149,252,0.563492,0.498246,143,110
220,10,2,217,191,191,191,0.984293,0.510870,180,3
220,25,2,229,230,158,230,0.673913,0.484375,165,75
220,51,2,375,375,247,375,0.632000,1.000000,0,138
220,27,2,391,315,317,318,0.981132,0.993631,2,6
220,95,2,321,321,298,320,0.109375,0.364583,61,285
220,13,2,385,356,360,361,0.988920,0.994429,2,4
221,74,31,368,369,308,369,0.444444,1.000000,0,205
221,58,31,378,380,285,376,0.569149,0.995349,1,162
221,45,31,382,381,268,285,0.898246,1.000000,0,29
221,31,31,388,305,335,316,0.949367,0.996678,1,16
221,41,31,269,269,257,269,0.524164,0.524164,128,128
221,27,31,391,320,313,321,0.978193,1.000000,0,7
221,83,31,367,367,362,366,0.368852,1.000000,0,231
221,71,31,373,373,361,373,0.463807,1.000000,0,200
221,10,31,218,191,191,191,0.984293,0.510870,180,3
221,66,31,374,375,299,374,0.505348,1.000000,0,185
222,1,1,288,388,397,396,1.000000,0.997481,1,0
222,6,1,396,379,382,382,0.997382,1.000000,0,1
222,25,1,230,230,161,229,0.676856,0.484375,165,74
222,24,1,393,329,303,328,0.975610,0.987654,4,8
222,80,1,379,379,343,379,0.379947,1.000000,0,235
222,11,1,397,361,343,363,0.997245,0.991781,3,1
222,26,1,391,325,308,324,0.975309,0.996845,1,8
222,91,1,359,359,341,359,0.303621,1.000000,0,250
222,37,1,388,387,297,303,0.930693,1.000000,0,21
222,27,1,389,319,320,320,0.978125,0.996815,1,7
223,98,20,359,359,350,359,0.242340,1.000000,0,272
223,20,20,395,342,322,343,0.976676,0.997024,1,8
223,58,20,380,380,235,380,0.565789,1.000000,0,165
223,90,20,374,374,335,374,0.299465,1.000000,0,262
223,53,20,376,376,254,370,0.624324,1.000000,0,139
223,96,20,338,338,322,338,0.142012,0.516129,45,290
223,76,20,315,315,305,315,0.263492,0.528662,74,232
223,59,20,379,379,265,379,0.559367,1.000000,0,167
223,27,20,296,319,299,316,0.984177,0.990446,3,5
223,63,20,298,208,190,201,0.955224,0.964824,7,9
224,84,0,382,382,361,382,0.345550,1.000000,0,250
224,4,0,275,367,383,376,1.000000,0.969072,12,0
224,67,0,374,374,206,370,0.502703,1.000000,0,184
224,32,0,380,301,303,303,0.983498,1.000000,0,5
224,18,0,392,340,344,343,0.997085,0.997085,1,1
224,24,0,353,326,332,329,0.975684,0.990741,3,8
224,91,0,359,359,359,359,0.303621,1.000000,0,250
224,0,0,292,360,359,364,1.000000,0.910000,36,0
224,13,0,392,362,363,363,0.988981,1.000000,0,4
224,87,0,375,375,345,375,0.325333,1.000000,0,253
225,76,2,315,315,291,315,0.263492,0.528662,74,232
225,31,2,389,311,310,312,0.961538,0.996678,1,12
225,81,2,313,313,293,313,0.223642,0.496454,71,243
225,28,2,389,313,318,317,0.977918,0.996785,1,7
225,54,2,377,358,234,332,0.686747,1.000000,0,104
225,2,2,233,394,394,394,1.000000,1.000000,0,0
225,27,2,392,319,318,319,0.981191,0.996815,1,6
225,79,2,370,371,299,371,0.398922,1.000000,0,223
225,67,2,374,374,275,374,0.497326,1.000000,0,188
225,61,2,379,379,204,339,0.604720,1.000000,0,134
226,23,29,393,329,318,332,0.984940,1.000000,0,5
226,43,29,259,259,216,259,0.505792,0.498099,132,128
226,57,29,379,379,336,377,0.578249,1.000000,0,159
226,95,29,321,321,319,321,0.109034,0.364583,61,286
226,14,29,366,353,352,357,0.994398,0.997191,1,2
226,42,29,376,280,270,279,0.931900,0.977444,6,19
226,86,29,314,314,312,314,0.187898,0.472000,66,255
226,20,29,384,345,336,345,0.973913,1.000000,0,9
226,59,29,378,379,252,379,0.559367,1.000000,0,167
226,29,29,387,309,320,311,0.990354,1.000000,0,3
227,97,1,368,368,336,368,0.244565,1.000000,0,278
227,53,1,376,376,232,376,0.614362,1.000000,0,145
227,34,1,250,249,153,249,0.590361,0.503425,145,102
227,91,1,359,359,335,359,0.303621,1.000000,0,250
227,74,1,369,369,304,369,0.444444,1.000000,0,205
227,90,1,374,374,352,374,0.299465,1.000000,0,262
227,1,1,177,199,353,216,1.000000,0.544081,181,0
227,26,1,391,325,327,329,0.963526,1.000000,0,12
227,96,1,338,338,305,338,0.142012,0.516129,45,290
227,64,1,371,372,195,371,0.528302,1.000000,0,175
228,60,2,384,384,208,384,0.541667,1.000000,0,176
228,31,2,389,310,314,311,0.967846,1.000000,0,10
228,62,2,376,377,194,377,0.535809,1.000000,0,175
228,39,2,384,374,290,293,0.941980,1.000000,0,17
228,2,2,263,394,394,394,1.000000,1.000000,0,0
228,86,2,314,314,289,314,0.187898,0.472000,66,255
228,10,2,219,191,191,191,0.984293,0.510870,180,3
228,16,2,226,220,180,209,0.856459,0.512894,170,30
228,27,2,392,316,319,319,0.981191,0.996815,1,6
228,68,2,374,374,175,374,0.489305,1.000000,0,191
229,79,2,371,371,219,371,0.398922,1.000000,0,223
229,42,2,370,277,286,283,0.929329,0.988722,3,20
229,52,2,382,376,247,332,0.704819,1.000000,0,98
229,1,2,209,359,276,335,1.000000,0.843829,62,0
229,49,2,386,292,254,272,0.893382,0.995902,1,29
229,74,2,369,369,348,369,0.444444,1.000000,0,205
229,53,2,376,376,231,376,0.614362,1.000000,0,145
229,27,2,392,318,321,320,0.981250,1.000000,0,6
229,2,2,256,394,394,394,1.000000,1.000000,0,0
229,97,2,368,368,336,368,0.244565,1.000000,0,278
230,11,8,368,365,367,367,0.994550,1.000000,0,2
230,56,8,376,376,240,298,0.741611,1.000000,0,77
230,53,8,376,376,218,376,0.614362,1.000000,0,145
230,84,8,381,382,303,382,0.345550,1.000000,0,250
230,91,8,359,359,339,359,0.303621,1.000000,0,250
230,36,8,252,251,154,250,0.568000,0.498246,143,108
230,99,8,374,374,352,374,0.224599,1.000000,0,290
230,8,8,397,372,373,375,0.997333,0.997333,1,1
230,74,8,369,369,260,369,0.444444,1.000000,0,205
230,32,8,379,362,299,305,0.977049,1.000000,0,7
231,23,14,393,332,327,330,0.987879,0.996942,1,4
231,79,14,371,371,312,371,0.398922,1.000000,0,223
231,5,14,208,368,338,359,0.994429,0.929688,27,2
231,4,14,265,364,367,369,1.000000,0.951031,19,0
231,20,14,385,341,345,343,0.976676,0.997024,1,8
231,87,14,375,375,340,375,0.325333,1.000000,0,253
231,33,14,387,387,289,310,0.938710,0.986441,4,19
231,51,14,375,375,250,371,0.638814,1.000000,0,134
231,57,14,378,379,225,378,0.574074,0.995413,1,161
231,14,14,398,358,349,359,0.988858,0.997191,1,4
232,13,8,392,360,350,362,0.991713,1.000000,0,3
232,8,8,362,369,371,371,0.997305,0.986667,5,1
232,40,8,260,261,240,261,0.524904,0.503676,135,124
232,31,8,388,309,311,314,0.955414,0.996678,1,14
232,26,8,391,326,298,321,0.978193,0.990536,3,7
232,23,8,377,327,331,331,0.987915,1.000000,0,4
232,63,8,386,386,275,386,0.515544,1.000000,0,187
232,72,8,380,380,331,380,0.447368,1.000000,0,210
232,66,8,374,374,292,374,0.505348,1.000000,0,185
232,24,8,393,327,334,334,0.970060,1.000000,0,10
233,19,9,392,338,340,343,0.991254,1.000000,0,3
233,44,9,377,374,259,362,0.718232,1.000000,0,102
233,96,9,338,338,336,338,0.142012,0.516129,45,290
233,72,9,380,380,287,380,0.447368,1.000000,0,210
233,79,9,371,371,358,371,0.398922,1.000000,0,223
233,9,9,375,372,372,372,1.000000,1.000000,0,0
233,16,9,226,222,180,211,0.848341,0.512894,170,32
233,34,9,249,249,153,245,0.600000,0.503425,145,98
233,62,9,377,377,262,377,0.535809,1.000000,0,175
233,89,9,368,368,345,368,0.315217,1.000000,0,252
234,23,9,393,331,331,332,0.984940,1.000000,0,5
234,83,9,367,367,340,367,0.367847,1.000000,0,232
234,63,9,386,386,227,297,0.670034,1.000000,0,98
234,26,9,392,325,322,329,0.960486,0.996845,1,13
234,9,9,394,372,372,372,1.000000,1.000000,0,0
234,75,9,297,297,288,297,0.235690,0.437500,90,227
234,78,9,366,366,342,366,0.412568,1.000000,0,215
234,46,9,382,381,251,267,0.943820,0.996047,1,15
234,99,9,374,374,363,374,0.224599,1.000000,0,290
234,82,9,368,368,349,368,0.375000,1.000000,0,230
235,87,9,375,375,274,375,0.325333,1.000000,0,253
235,9,9,383,372,372,372,1.000000,1.000000,0,0
235,17,9,219,212,172,207,0.811594,0.485549,178,39
235,74,9,369,369,327,369,0.444444,1.000000,0,205
235,80,9,379,379,216,379,0.379947,1.000000,0,235
235,36,9,251,242,147,225,0.631111,0.498246,143,83
235,52,9,382,382,241,308,0.759740,1.000000,0,74
235,73,9,384,384,238,384,0.434896,1.000000,0,217
235,39,9,384,286,289,291,0.945017,0.996377,1,16
235,11,9,378,363,367,366,0.994536,0.997260,1,2
236,65,9,294,294,268,294,0.326531,0.500000,96,198
236,66,9,374,374,231,374,0.505348,1.000000,0,185
236,36,9,252,250,227,250,0.568000,0.498246,143,108
236,17,9,219,211,172,207,0.811594,0.485549,178,39
236,62,9,377,377,254,377,0.535809,1.000000,0,175
236,9,9,383,372,372,372,1.000000,1.000000,0,0
236,77,9,371,371,276,370,0.416216,1.000000,0,216
236,20,9,386,344,341,344,0.973837,0.997024,1,9
236,49,9,389,266,246,261,0.923372,0.987705,3,20
236,33,9,387,305,295,308,0.954545,0.996610,1,14
237,74,47,369,369,357,369,0.444444,1.000000,0,205
237,41,47,268,269,246,269,0.524164,0.524164,128,128
237,53,47,376,376,281,376,0.614362,1.000000,0,145
237,90,47,374,374,371,374,0.299465,1.000000,0,262
237,49,47,352,286,261,283,0.862191,1.000000,0,39
237,68,47,374,374,279,374,0.489305,1.000000,0,191
237,47,47,380,380,380,380,0.657895,1.000000,0,130
237,76,47,315,315,307,315,0.263492,0.528662,74,232
237,59,47,379,379,305,379,0.559367,1.000000,0,167
237,37,47,388,299,283,293,0.948805,0.985816,4,15
238,19,6,390,340,331,340,0.991176,0.991176,3,3
238,6,6,371,374,373,373,1.000000,0.979003,8,0
238,95,6,321,321,304,321,0.109034,0.364583,61,286
238,65,6,294,294,259,294,0.326531,0.500000,96,198
238,46,6,383,382,245,348,0.727011,1.000000,0,95
238,94,6,371,371,359,371,0.269542,1.000000,0,271
238,68,6,374,374,238,374,0.489305,1.000000,0,191
238,85,6,363,363,304,363,0.352617,1.000000,0,235
238,14,6,357,357,353,356,0.994382,0.994382,2,2
238,77,6,370,370,351,370,0.416216,1.000000,0,216
239,44,64,377,377,269,377,0.689655,1.000000,0,117
239,93,64,368,368,365,368,0.279891,1.000000,0,265
239,16,64,225,209,180,180,0.994444,0.512894,170,1
239,21,64,330,330,339,337,0.982196,0.993994,2,6
239,96,64,338,338,338,338,0.142012,0.516129,45,290
239,52,64,382,334,239,307,0.762215,1.000000,0,73
239,64,64,372,372,372,372,0.526882,1.000000,0,176
239,47,64,380,262,241,260,0.953846,0.992000,2,12
239,61,64,380,313,203,265,0.773585,1.000000,0,60
239,58,64,380,380,298,380,0.565789,1.000000,0,165
240,52,23,382,382,251,317,0.738170,1.000000,0,83
240,21,23,389,335,325,339,0.979351,0.996997,1,7
240,89,23,368,368,339,368,0.315217,1.000000,0,252
240,46,23,381,375,259,273,0.926740,1.000000,0,20
240,26,23,392,327,321,326,0.969325,0.996845,1,10
240,77,23,370,370,361,370,0.416216,1.000000,0,216
240,73,23,384,384,276,384,0.434896,1.000000,0,217
240,22,23,382,330,311,330,0.993939,0.993939,2,2
240,87,23,375,375,354,375,0.325333,1.000000,0,253
240,23,23,393,330,326,332,0.984940,1.000000,0,5
241,85,64,363,363,355,363,0.352617,1.000000,0,235
241,72,64,380,380,377,380,0.447368,1.000000,0,210
241,64,64,372,372,372,372,0.526882,1.000000,0,176
241,28,64,389,317,308,318,0.977987,1.000000,0,7
241,78,64,366,366,362,366,0.412568,1.000000,0,215
241,10,64,218,191,191,191,0.984293,0.510870,180,3
241,73,64,384,384,352,384,0.434896,1.000000,0,217
241,47,64,380,380,247,283,0.879859,0.996000,1,34
241,21,64,390,338,336,339,0.979351,0.996997,1,7
241,24,64,331,325,311,330,0.972727,0.990741,3,9
242,32,0,380,300,303,303,0.983498,1.000000,0,5
242,17,0,216,205,172,200,0.840000,0.485549,178,32
242,68,0,374,374,192,372,0.491935,1.000000,0,189
242,27,0,355,318,320,320,0.978125,0.996815,1,7
242,85,0,363,363,317,363,0.352617,1.000000,0,235
242,66,0,374,374,201,374,0.505348,1.000000,0,185
242,90,0,374,374,343,374,0.299465,1.000000,0,262
242,71,0,372,373,177,373,0.463807,1.000000,0,200
242,0,0,306,348,355,356,1.000000,0.890000,44,0
242,74,0,369,369,161,369,0.444444,1.000000,0,205
243,45,6,380,380,257,370,0.691892,1.000000,0,114
243,95,6,320,321,297,321,0.109034,0.364583,61,286
243,10,6,219,191,191,191,0.984293,0.510870,180,3
243,32,6,379,305,303,302,0.983444,0.996644,1,5
243,52,6,382,382,244,382,0.612565,1.000000,0,148
243,20,6,391,344,344,346,0.971098,1.000000,0,10
243,40,6,260,261,146,260,0.526923,0.503676,135,123
243,73,6,384,384,331,384,0.434896,1.000000,0,217
243,6,6,347,376,372,374,0.997326,0.979003,8,1
243,23,6,393,331,323,328,0.987805,0.990826,3,4
244,3,3,323,386,386,386,1.000000,0.987212,5,0
244,23,3,393,329,327,332,0.984940,1.000000,0,5
244,31,3,388,307,312,312,0.964744,1.000000,0,11
244,92,3,324,324,297,322,0.149068,0.452830,58,274
244,72,3,380,380,196,380,0.447368,1.000000,0,210
244,82,3,367,368,306,363,0.380165,1.000000,0,225
244,18,3,393,342,321,336,0.997024,0.976676,8,1
244,59,3,378,378,235,378,0.560847,1.000000,0,166
244,81,3,313,313,246,313,0.223642,0.496454,71,243
244,78,3,366,366,207,366,0.412568,1.000000,0,215
245,65,14,294,293,265,293,0.327645,0.500000,96,197
245,57,14,379,379,290,379,0.575198,1.000000,0,161
245,20,14,391,344,345,345,0.973913,1.000000,0,9
245,50,14,271,271,247,271,0.424354,0.479167,125,156
245,89,14,368,368,348,368,0.315217,1.000000,0,252
245,14,14,398,357,349,359,0.988858,0.997191,1,4
245,45,14,382,352,244,304,0.842105,1.000000,0,48
245,42,14,344,277,286,281,0.935943,0.988722,3,18
245,27,14,392,319,305,319,0.978056,0.993631,2,7
245,31,14,323,308,313,308,0.977273,1.000000,0,7
246,66,9,372,374,248,374,0.505348,1.000000,0,185
246,17,9,219,195,172,172,0.976744,0.485549,178,4
246,79,9,371,371,344,371,0.398922,1.000000,0,223
246,43,9,259,259,166,258,0.507752,0.498099,132,127
246,12,9,209,178,178,178,0.983146,0.483425,187,3
246,45,9,381,382,253,382,0.670157,1.000000,0,126
246,88,9,366,367,334,367,0.324251,1.000000,0,248
246,13,9,392,362,359,362,0.991713,1.000000,0,3
246,9,9,385,372,372,372,1.000000,1.000000,0,0
246,4,9,228,355,387,369,1.000000,0.951031,19,0
247,81,0,313,313,282,313,0.223642,0.496454,71,243
247,69,0,374,374,337,374,0.481283,1.000000,0,194
247,49,0,388,275,250,269,0.903346,0.995902,1,26
247,46,0,382,382,253,268,0.944030,1.000000,0,15
247,0,0,196,319,344,337,1.000000,0.842500,63,0
247,2,0,272,394,394,394,1.000000,1.000000,0,0
247,4,0,270,352,390,374,0.997326,0.961340,15,1
247,37,0,388,388,298,302,0.933775,1.000000,0,20
247,25,0,230,227,159,198,0.782828,0.484375,165,43
247,11,0,345,354,367,363,0.997245,0.991781,3,1
248,90,9,374,374,323,374,0.299465,1.000000,0,262
248,55,9,377,381,227,379,0.591029,1.000000,0,155
248,3,9,343,382,385,385,1.000000,0.984655,6,0
248,26,9,352,321,319,324,0.972222,0.993691,2,9
248,25,9,230,224,159,165,0.939394,0.484375,165,10
248,45,9,381,382,251,382,0.670157,1.000000,0,126
248,9,9,356,372,372,372,1.000000,1.000000,0,0
248,8,9,379,373,370,371,1.000000,0.989333,4,0
248,12,9,211,178,178,178,0.983146,0.483425,187,3
248,2,9,287,394,394,394,1.000000,1.000000,0,0
249,30,7,382,312,289,308,0.980519,0.993421,2,6
249,64,7,372,372,276,372,0.526882,1.000000,0,176
249,39,7,376,292,259,288,0.951389,0.992754,2,14
249,99,7,374,374,346,374,0.224599,1.000000,0,290
249,45,7,382,382,265,370,0.691892,1.000000,0,114
249,42,7,315,277,272,281,0.943060,0.996241,1,16
249,53,7,376,376,270,376,0.614362,1.000000,0,145
249,74,7,368,369,245,369,0.444444,1.000000,0,205
249,7,7,342,369,360,367,0.997275,0.968254,12,1
249,56,7,378,376,234,364,0.607143,1.000000,0,143
250,26,29,392,323,322,327,0.966361,0.996845,1,11
250,55,29,385,359,251,336,0.666667,1.000000,0,112
250,51,29,375,375,279,375,0.632000,1.000000,0,138
250,31,29,336,306,307,306,0.973856,0.990033,3,8
250,29,29,392,311,320,311,0.990354,1.000000,0,3
250,71,29,372,372,335,372,0.465054,1.000000,0,199
250,98,29,359,359,356,359,0.242340,1.000000,0,272
250,43,29,259,259,226,259,0.505792,0.498099,132,128
250,68,29,374,374,303,374,0.489305,1.000000,0,191
250,36,29,249,248,217,246,0.577236,0.498246,143,104
251,35,6,389,299,295,296,0.966216,0.993056,2,10
251,91,6,358,359,320,359,0.303621,1.000000,0,250
251,6,6,327,376,370,372,0.997312,0.973753,10,1
251,32,6,379,309,302,307,0.970684,1.000000,0,9
251,30,6,383,315,304,311,0.974277,0.996711,1,8
251,12,6,211,206,178,178,0.983146,0.483425,187,3
251,86,6,313,313,292,310,0.190323,0.472000,66,251
251,22,6,394,330,333,334,0.985030,0.996970,1,5
251,89,6,368,368,342,368,0.315217,1.000000,0,252
251,16,6,226,217,180,212,0.844340,0.512894,170,33
252,52,2,382,381,248,307,0.762215,1.000000,0,73
252,70,2,367,369,209,368,0.478261,1.000000,0,192
252,8,2,361,371,374,371,0.997305,0.986667,5,1
252,1,2,224,358,397,381,1.000000,0.959698,16,0
252,68,2,374,374,180,374,0.489305,1.000000,0,191
252,29,2,394,308,308,308,1.000000,1.000000,0,0
252,16,2,220,206,180,180,0.994444,0.512894,170,1
252,2,2,281,394,394,394,1.000000,1.000000,0,0
252,66,2,374,374,198,374,0.505348,1.000000,0,185
252,15,2,393,357,359,359,0.980501,1.000000,0,7
253,57,9,379,379,240,379,0.575198,1.000000,0,161
253,9,9,373,372,374,373,0.997319,1.000000,0,1
253,94,9,371,371,369,371,0.269542,1.000000,0,271
253,15,9,393,358,340,357,0.980392,0.994318,2,7
253,29,9,306,308,308,308,1.000000,1.000000,0,0
253,86,9,314,314,305,314,0.187898,0.472000,66,255
253,91,9,359,359,343,359,0.303621,1.000000,0,250
253,31,9,388,309,305,313,0.958466,0.996678,1,13
253,0,9,250,344,363,357,1.000000,0.892500,43,0
253,68,9,374,374,229,374,0.489305,1.000000,0,191
254,5,14,342,379,364,377,0.997347,0.979167,8,1
254,25,14,230,221,161,213,0.727700,0.484375,165,58
254,72,14,380,380,307,380,0.447368,1.000000,0,210
254,14,14,345,357,352,357,0.994398,0.997191,1,2
254,65,14,293,293,251,293,0.327645,0.500000,96,197
254,8,14,391,372,364,370,1.000000,0.986667,5,0
254,75,14,297,297,281,297,0.235690,0.437500,90,227
254,84,14,382,382,319,380,0.347368,1.000000,0,248
254,52,14,382,378,231,329,0.708207,0.995726,1,96
254,68,14,374,374,243,374,0.489305,1.000000,0,191
255,8,9,397,374,373,375,0.997333,0.997333,1,1
255,32,9,377,303,295,305,0.977049,1.000000,0,7
255,85,9,363,363,324,363,0.352617,1.000000,0,235
255,52,9,382,354,236,309,0.757282,1.000000,0,75
255,3,9,390,384,382,387,1.000000,0.989770,4,0
255,38,9,352,285,283,286,0.965035,0.989247,3,10
255,91,9,358,358,346,358,0.304469,1.000000,0,249
255,33,9,388,302,301,299,0.966555,0.979661,6,10
255,9,9,396,372,372,372,1.000000,1.000000,0,0
255,81,9,313,313,301,313,0.223642,0.496454,71,243
256,17,9,219,172,172,172,0.976744,0.485549,178,4
256,7,9,369,370,374,373,1.000000,0.986772,5,0
256,73,9,383,384,260,384,0.434896,1.000000,0,217
256,29,9,394,307,308,307,1.000000,0.996753,1,0
256,70,9,369,369,244,369,0.476965,1.000000,0,193
256,83,9,367,367,346,367,0.367847,1.000000,0,232
256,9,9,380,372,373,372,1.000000,1.000000,0,0
256,82,9,368,367,311,366,0.377049,1.000000,0,228
256,56,9,380,379,233,259,0.849421,0.995475,1,39
256,93,9,368,368,353,368,0.279891,1.000000,0,265
257,76,29,315,315,311,315,0.263492,0.528662,74,232
257,29,29,335,308,319,310,0.993548,1.000000,0,2
257,79,29,371,371,329,371,0.398922,1.000000,0,223
257,16,29,226,181,180,180,0.994444,0.512894,170,1
257,44,29,376,319,270,282,0.921986,1.000000,0,22
257,0,29,274,370,366,368,1.000000,0.920000,32,0
257,92,29,325,325,319,325,0.147692,0.452830,58,277
257,46,29,382,380,243,278,0.910072,1.000000,0,25
257,28,29,389,319,310,317,0.977918,0.996785,1,7
257,94,29,370,371,365,371,0.269542,1.000000,0,271
258,34,5,250,250,153,250,0.588000,0.503425,145,103
258,81,5,313,313,272,313,0.223642,0.496454,71,243
258,72,5,380,380,274,380,0.447368,1.000000,0,210
258,41,5,268,269,184,269,0.524164,0.524164,128,128
258,59,5,379,379,179,379,0.559367,1.000000,0,167
258,54,5,376,279,208,242,0.929752,0.986842,3,17
258,39,5,382,376,265,298,0.922819,0.996377,1,23
258,42,5,384,279,284,280,0.942857,0.992481,2,16
258,51,5,375,375,252,375,0.632000,1.000000,0,138
258,5,5,399,385,379,384,0.997396,0.997396,1,1
259,94,3,371,371,346,371,0.269542,1.000000,0,271
259,12,3,211,178,178,178,0.983146,0.483425,187,3
259,63,3,386,315,222,258,0.771318,1.000000,0,59
259,11,3,397,367,366,367,0.994550,1.000000,0,2
259,76,3,315,315,277,315,0.263492,0.528662,74,232
259,96,3,338,338,316,337,0.142433,0.516129,45,289
259,45,3,382,303,268,278,0.920863,1.000000,0,22
259,58,3,380,380,224,285,0.754386,1.000000,0,70
259,3,3,395,387,390,391,1.000000,1.000000,0,0
259,15,3,394,357,355,359,0.980501,1.000000,0,7
260,93,15,364,368,352,368,0.279891,1.000000,0,265
260,99,15,374,374,351,374,0.224599,1.000000,0,290
260,33,15,349,300,299,298,0.969799,0.979661,6,9
260,78,15,366,366,347,366,0.412568,1.000000,0,215
260,47,15,380,379,253,378,0.661376,1.000000,0,128
260,94,15,371,371,360,371,0.269542,1.000000,0,271
260,15,15,394,357,358,359,0.974930,0.994318,2,9
260,20,15,385,344,337,345,0.973913,1.000000,0,9
260,96,15,338,338,323,338,0.142012,0.516129,45,290
260,48,15,272,272,250,272,0.466912,0.514170,120,145
261,55,31,383,382,296,382,0.586387,1.000000,0,158
261,76,31,315,315,289,315,0.263492,0.528662,74,232
261,36,31,252,252,241,252,0.563492,0.498246,143,110
261,42,31,393,290,276,282,0.936170,0.992481,2,18
261,71,31,371,373,287,373,0.463807,1.000000,0,200
261,20,31,381,342,333,343,0.976676,0.997024,1,8
261,75,31,297,297,282,297,0.235690,0.437500,90,227
261,31,31,389,309,358,334,0.901198,1.000000,0,33
261,97,31,368,368,350,368,0.244565,1.000000,0,278
261,39,31,384,293,269,290,0.941379,0.989130,3,17
262,26,3,390,325,329,330,0.960606,1.000000,0,13
262,27,3,391,318,316,320,0.978125,0.996815,1,7
262,21,3,389,337,330,337,0.979228,0.990991,3,7
262,93,3,368,368,215,367,0.280654,1.000000,0,264
262,97,3,368,368,349,368,0.244565,1.000000,0,278
262,62,3,377,377,226,377,0.535809,1.000000,0,175
262,36,3,251,250,179,247,0.574899,0.498246,143,105
262,91,3,359,359,245,359,0.303621,1.000000,0,250
262,67,3,374,374,210,374,0.497326,1.000000,0,188
262,3,3,247,372,376,372,1.000000,0.951407,19,0
263,35,0,390,299,297,299,0.963211,1.000000,0,11
263,56,0,380,350,220,286,0.772727,1.000000,0,65
263,0,0,262,372,376,377,1.000000,0.942500,23,0
263,82,0,368,368,302,368,0.375000,1.000000,0,230
263,92,0,325,325,292,325,0.147692,0.452830,58,277
263,17,0,216,199,172,172,0.976744,0.485549,178,4
263,26,0,391,325,327,328,0.966463,1.000000,0,11
263,37,0,387,387,299,315,0.895238,1.000000,0,33
263,98,0,359,359,316,356,0.244382,1.000000,0,269
263,52,0,381,308,237,272,0.860294,1.000000,0,38
264,87,18,375,375,332,375,0.325333,1.000000,0,253
264,48,18,271,272,236,272,0.466912,0.514170,120,145
264,50,18,269,271,261,271,0.424354,0.479167,125,156
264,99,18,374,374,360,374,0.224599,1.000000,0,290
264,42,18,349,279,276,279,0.942652,0.988722,3,16
264,54,18,377,377,228,377,0.604775,1.000000,0,149
264,27,18,392,311,317,319,0.981191,0.996815,1,6
264,66,18,374,374,273,374,0.505348,1.000000,0,185
264,18,18,392,343,340,344,0.991279,0.994169,2,3
264,46,18,381,268,236,258,0.968992,0.988142,3,8
265,66,26,374,374,296,374,0.505348,1.000000,0,185
265,56,26,376,379,248,377,0.586207,1.000000,0,156
265,26,26,391,326,392,391,0.810742,1.000000,0,74
265,17,26,218,196,172,172,0.976744,0.485549,178,4
265,75,26,296,297,278,297,0.235690,0.437500,90,227
265,48,26,272,272,248,272,0.466912,0.514170,120,145
265,30,26,383,310,304,314,0.964968,0.996711,1,11
265,73,26,384,384,253,384,0.434896,1.000000,0,217
265,31,26,388,311,303,311,0.967846,1.000000,0,10
265,99,26,374,374,364,374,0.224599,1.000000,0,290
266,54,9,377,377,230,377,0.604775,1.000000,0,149
266,92,9,324,325,316,325,0.147692,0.452830,58,277
266,9,9,386,372,373,373,0.997319,1.000000,0,1
266,64,9,372,372,228,372,0.526882,1.000000,0,176
266,99,9,374,374,351,374,0.224599,1.000000,0,290
266,97,9,368,368,357,368,0.244565,1.000000,0,278
266,79,9,371,371,333,371,0.398922,1.000000,0,223
266,8,9,363,368,374,370,0.997297,0.984000,6,1
266,17,9,216,211,172,173,0.971098,0.485549,178,5
266,50,9,270,271,236,271,0.424354,0.479167,125,156
267,94,9,369,371,352,371,0.269542,1.000000,0,271
267,9,9,396,372,373,372,1.000000,1.000000,0,0
267,21,9,390,337,338,340,0.976471,0.996997,1,8
267,19,9,391,343,337,343,0.991254,1.000000,0,3
267,33,9,388,307,298,308,0.951299,0.993220,2,15
267,64,9,372,372,195,372,0.526882,1.000000,0,176
267,63,9,386,386,265,382,0.520942,1.000000,0,183
267,71,9,373,373,222,373,0.463807,1.000000,0,200
267,2,9,275,394,394,394,1.000000,1.000000,0,0
267,66,9,374,374,294,374,0.505348,1.000000,0,185
268,14,3,344,352,350,353,0.994334,0.985955,5,2
268,73,3,384,384,184,384,0.434896,1.000000,0,217
268,40,3,261,261,146,256,0.535156,0.503676,135,119
268,60,3,384,384,208,345,0.602899,1.000000,0,137
268,43,3,259,259,137,258,0.507752,0.498099,132,127
268,3,3,349,384,387,387,0.997416,0.987212,5,1
268,44,3,377,376,258,273,0.915751,0.961538,10,23
268,80,3,378,378,181,371,0.385445,0.993056,1,228
268,72,3,380,380,197,380,0.447368,1.000000,0,210
268,51,3,375,375,261,375,0.632000,1.000000,0,138
269,44,8,377,363,258,281,0.914591,0.988462,3,24
269,19,8,360,337,331,341,0.991202,0.994118,2,3
269,36,8,251,250,154,248,0.572581,0.498246,143,106
269,8,8,363,374,373,373,0.997319,0.992000,3,1
269,86,8,313,314,293,314,0.187898,0.472000,66,255
269,71,8,373,373,215,373,0.463807,1.000000,0,200
269,55,8,384,384,215,356,0.629213,1.000000,0,132
269,56,8,379,377,259,371,0.595687,1.000000,0,150
269,76,8,315,315,297,315,0.263492,0.528662,74,232
269,30,8,383,312,306,311,0.977492,1.000000,0,7
270,60,4,384,244,213,216,0.962963,1.000000,0,8
270,5,4,325,375,377,378,0.994709,0.979167,8,2
270,57,4,379,379,236,379,0.575198,1.000000,0,161
270,78,4,366,366,191,366,0.412568,1.000000,0,215
270,42,4,393,278,265,277,0.949458,0.988722,3,14
270,46,4,382,379,255,263,0.961977,1.000000,0,10
270,4,4,320,373,372,375,1.000000,0.966495,13,0
270,24,4,383,323,333,329,0.972644,0.987654,4,9
270,27,4,390,317,318,319,0.978056,0.993631,2,7
270,51,4,375,374,201,367,0.640327,0.991561,2,132
271,45,2,382,379,266,363,0.705234,1.000000,0,107
271,98,2,359,359,337,359,0.242340,1.000000,0,272
271,20,2,382,342,343,342,0.973684,0.991071,3,9
271,96,2,338,338,313,338,0.142012,0.516129,45,290
271,68,2,374,374,186,374,0.489305,1.000000,0,191
271,79,2,371,371,275,369,0.401084,1.000000,0,221
271,1,2,191,242,197,213,1.000000,0.536524,184,0
271,67,2,373,374,219,373,0.498660,1.000000,0,187
271,2,2,257,394,394,394,1.000000,1.000000,0,0
271,99,2,374,374,371,374,0.224599,1.000000,0,290
272,98,6,359,359,344,359,0.242340,1.000000,0,272
272,7,6,347,375,358,373,1.000000,0.986772,5,0
272,17,6,218,207,172,199,0.844221,0.485549,178,31
272,8,6,350,369,376,371,0.997305,0.986667,5,1
272,84,6,382,382,351,382,0.345550,1.000000,0,250
272,52,6,382,382,252,318,0.735849,1.000000,0,84
272,80,6,379,379,252,379,0.379947,1.000000,0,235
272,88,6,367,367,330,367,0.324251,1.000000,0,248
272,66,6,374,374,229,374,0.505348,1.000000,0,185
272,6,6,354,373,369,372,1.000000,0.976378,9,0
273,92,6,325,325,302,325,0.147692,0.452830,58,277
273,26,6,386,319,325,325,0.969231,0.993691,2,10
273,41,6,269,267,154,267,0.528090,0.524164,128,126
273,6,6,360,375,378,376,1.000000,0.986877,5,0
273,57,6,379,379,267,379,0.575198,1.000000,0,161
273,3,6,397,388,371,388,1.000000,0.992327,3,0
273,36,6,250,246,149,227,0.625551,0.498246,143,85
273,74,6,369,369,242,369,0.444444,1.000000,0,205
273,71,6,372,372,290,372,0.465054,1.000000,0,199
273,32,6,380,302,301,300,0.980000,0.986577,4,6
274,10,9,218,191,191,191,0.984293,0.510870,180,3
274,9,9,385,372,373,372,1.000000,1.000000,0,0
274,77,9,369,370,288,370,0.416216,1.000000,0,216
274,50,9,270,271,240,271,0.424354,0.479167,125,156
274,65,9,293,293,270,293,0.327645,0.500000,96,197
274,5,9,360,373,379,373,0.994638,0.966146,13,2
274,46,9,383,373,251,269,0.933086,0.992095,2,18
274,88,9,366,367,340,367,0.324251,1.000000,0,248
274,39,9,384,294,291,292,0.945205,1.000000,0,16
274,30,9,383,311,309,311,0.977492,1.000000,0,7
275,75,33,297,297,291,297,0.235690,0.437500,90,227
275,95,33,320,321,311,321,0.109034,0.364583,61,286
275,16,33,225,180,180,180,0.994444,0.512894,170,1
275,76,33,314,315,291,315,0.263492,0.528662,74,232
275,37,33,388,387,303,335,0.841791,1.000000,0,53
275,33,33,388,306,358,342,0.862573,1.000000,0,47
275,28,33,389,316,319,320,0.971875,1.000000,0,9
275,66,33,374,374,268,374,0.505348,1.000000,0,185
275,81,33,313,313,298,313,0.223642,0.496454,71,243
275,25,33,230,224,159,218,0.711009,0.484375,165,63
276,58,4,379,379,225,378,0.568783,1.000000,0,163
276,20,4,393,346,309,343,0.973761,0.994048,2,9
276,15,4,390,358,339,357,0.983193,0.997159,1,6
276,89,4,368,368,348,367,0.316076,1.000000,0,251
276,52,4,382,382,206,258,0.899225,0.991453,2,26
276,4,4,274,368,372,374,0.997326,0.961340,15,1
276,98,4,359,359,339,353,0.246459,1.000000,0,266
276,74,4,369,369,162,369,0.444444,1.000000,0,205
276,56,4,380,379,234,374,0.590909,1.000000,0,153
276,62,4,377,377,226,370,0.545946,1.000000,0,168
277,5,2,299,375,377,378,0.994709,0.979167,8,2
277,2,2,294,394,394,394,1.000000,1.000000,0,0
277,86,2,314,314,296,314,0.187898,0.472000,66,255
277,75,2,296,296,273,297,0.235690,0.437500,90,227
277,71,2,373,373,207,371,0.466307,1.000000,0,198
277,94,2,370,371,361,371,0.269542,1.000000,0,271
277,37,2,384,300,297,298,0.946309,1.000000,0,16
277,56,2,380,379,237,379,0.583113,1.000000,0,158
277,82,2,368,368,187,367,0.376022,1.000000,0,229
277,50,2,271,271,124,271,0.424354,0.479167,125,156
278,87,14,375,375,347,375,0.325333,1.000000,0,253
278,14,14,352,353,337,353,0.994334,0.985955,5,2
278,47,14,380,380,244,330,0.751515,0.992000,2,82
278,52,14,382,279,248,258,0.903101,0.995726,1,25
278,85,14,363,363,307,363,0.352617,1.000000,0,235
278,92,14,325,325,299,325,0.147692,0.452830,58,277
278,18,14,393,338,317,336,0.994048,0.973761,9,2
278,88,14,367,367,277,367,0.324251,1.000000,0,248
278,32,14,380,304,275,301,0.983389,0.993289,2,5
278,65,14,294,294,231,294,0.326531,0.500000,96,198
279,46,0,383,382,255,265,0.954717,1.000000,0,12
279,20,0,395,345,346,346,0.971098,1.000000,0,10
279,23,0,393,330,332,332,0.984940,1.000000,0,5
279,0,0,253,355,350,368,1.000000,0.920000,32,0
279,16,0,225,205,180,180,0.994444,0.512894,170,1
279,89,0,368,368,338,367,0.316076,1.000000,0,251
279,26,0,362,327,316,327,0.963303,0.993691,2,12
279,93,0,366,368,342,368,0.279891,1.000000,0,265
279,40,0,261,261,146,260,0.526923,0.503676,135,123
279,85,0,363,363,330,363,0.352617,1.000000,0,235
280,75,33,296,297,292,296,0.236486,0.437500,90,226
280,19,33,377,333,319,335,0.994030,0.979412,7,2
280,73,33,384,384,347,384,0.434896,1.000000,0,217
280,85,33,362,363,335,363,0.352617,1.000000,0,235
280,58,33,380,380,314,380,0.565789,1.000000,0,165
280,59,33,378,378,296,378,0.560847,1.000000,0,166
280,33,33,388,380,385,385,0.766234,1.000000,0,90
280,60,33,381,217,236,217,0.958525,1.000000,0,9
280,25,33,229,226,159,220,0.704545,0.484375,165,65
280,97,33,368,368,354,368,0.244565,1.000000,0,278
281,71,46,373,373,316,373,0.463807,1.000000,0,200
281,86,46,314,314,301,314,0.187898,0.472000,66,255
281,15,46,389,357,344,358,0.980447,0.997159,1,7
281,99,46,374,374,361,374,0.224599,1.000000,0,290
281,46,46,383,383,382,383,0.660574,1.000000,0,130
281,66,46,374,374,297,374,0.505348,1.000000,0,185
281,38,46,394,291,288,291,0.955326,0.996416,1,13
281,49,46,364,290,255,281,0.864769,0.995902,1,38
281,62,46,377,377,316,377,0.535809,1.000000,0,175
281,17,46,217,209,173,203,0.827586,0.485549,178,35
282,4,22,275,356,356,361,0.997230,0.927835,28,1
282,18,22,393,341,323,340,0.997059,0.988338,4,1
282,66,22,374,374,334,374,0.505348,1.000000,0,185
282,45,22,382,382,255,382,0.670157,1.000000,0,126
282,17,22,219,211,172,172,0.976744,0.485549,178,4
282,22,22,389,329,325,329,0.990881,0.987879,4,3
282,77,22,371,371,353,371,0.415094,1.000000,0,217
282,53,22,376,375,243,370,0.624324,1.000000,0,139
282,51,22,375,375,253,372,0.637097,1.000000,0,135
282,10,22,216,191,191,191,0.984293,0.510870,180,3
283,70,3,366,368,185,367,0.479564,1.000000,0,191
283,28,3,387,316,318,317,0.974763,0.993569,2,8
283,3,3,397,390,391,390,0.997436,0.994885,2,1
283,27,3,392,315,320,321,0.978193,1.000000,0,7
283,67,3,371,374,235,372,0.500000,1.000000,0,186
283,11,3,360,364,362,365,0.997260,0.997260,1,1
283,94,3,371,371,334,364,0.274725,1.000000,0,264
283,93,3,368,368,316,368,0.279891,1.000000,0,265
283,32,3,380,295,301,302,0.983444,0.996644,1,5
283,30,3,383,310,308,310,0.980645,1.000000,0,6
284,46,2,383,382,258,279,0.903226,0.996047,1,27
284,18,2,393,340,338,339,0.997050,0.985423,5,1
284,69,2,374,374,223,374,0.481283,1.000000,0,194
284,33,2,388,311,304,309,0.954693,1.000000,0,14
284,21,2,378,334,340,337,0.985163,0.996997,1,5
284,97,2,368,368,351,368,0.244565,1.000000,0,278
284,89,2,368,368,354,368,0.315217,1.000000,0,252
284,78,2,366,366,253,365,0.413699,1.000000,0,214
284,74,2,369,369,156,369,0.444444,1.000000,0,205
284,2,2,282,394,394,394,1.000000,1.000000,0,0
285,53,35,376,376,269,376,0.614362,1.000000,0,145
285,75,35,297,297,280,297,0.235690,0.437500,90,227
285,57,35,379,379,270,379,0.575198,1.000000,0,161
285,49,35,387,281,254,269,0.899628,0.991803,2,27
285,79,35,371,371,356,370,0.400000,1.000000,0,222
285,29,35,351,326,324,328,0.926829,0.987013,4,24
285,35,35,390,299,324,310,0.925806,0.996528,1,23
285,12,35,211,186,178,178,0.983146,0.483425,187,3
285,85,35,363,363,345,363,0.352617,1.000000,0,235
285,74,35,369,369,311,369,0.444444,1.000000,0,205
286,21,2,391,340,342,342,0.973684,1.000000,0,9
286,23,2,393,331,334,334,0.979042,1.000000,0,7
286,18,2,393,339,345,345,0.991304,0.997085,1,3
286,3,2,382,389,391,391,1.000000,1.000000,0,0
286,2,2,305,394,394,394,1.000000,1.000000,0,0
286,10,2,219,191,191,191,0.984293,0.510870,180,3
286,59,2,379,378,210,364,0.582418,1.000000,0,152
286,63,2,386,378,207,339,0.587021,1.000000,0,140
286,42,2,393,278,282,284,0.933099,0.996241,1,19
286,22,2,393,330,326,331,0.996979,1.000000,0,1
287,91,2,359,359,330,359,0.303621,1.000000,0,250
287,81,2,313,313,298,313,0.223642,0.496454,71,243
287,47,2,379,257,247,254,0.980315,0.996000,1,5
287,64,2,371,372,191,372,0.526882,1.000000,0,176
287,2,2,282,394,394,394,1.000000,1.000000,0,0
287,12,2,210,178,178,178,0.983146,0.483425,187,3
287,87,2,375,375,368,375,0.325333,1.000000,0,253
287,58,2,380,380,220,380,0.565789,1.000000,0,165
287,7,2,351,354,191,358,1.000000,0.947090,20,0
287,68,2,374,374,166,374,0.489305,1.000000,0,191
288,34,6,249,250,154,250,0.588000,0.503425,145,103
288,27,6,388,319,319,319,0.981191,0.996815,1,6
288,82,6,367,367,267,368,0.375000,1.000000,0,230
288,98,6,359,359,333,359,0.242340,1.000000,0,272
288,66,6,374,374,244,374,0.505348,1.000000,0,185
288,53,6,376,376,246,376,0.614362,1.000000,0,145
288,35,6,389,299,294,299,0.963211,1.000000,0,11
288,94,6,371,371,357,371,0.269542,1.000000,0,271
288,3,6,397,387,377,386,1.000000,0.987212,5,0
288,6,6,355,373,373,374,1.000000,0.981627,7,0
289,87,4,374,375,339,375,0.325333,1.000000,0,253
289,58,4,380,380,224,379,0.567282,1.000000,0,164
289,56,4,379,378,232,374,0.590909,1.000000,0,153
289,11,4,352,365,367,367,0.994550,1.000000,0,2
289,19,4,387,335,342,340,0.994118,0.994118,2,2
289,74,4,369,369,338,369,0.444444,1.000000,0,205
289,81,4,313,313,279,313,0.223642,0.496454,71,243
289,73,4,384,384,230,384,0.434896,1.000000,0,217
289,1,4,224,322,294,313,1.000000,0.788413,84,0
289,4,4,257,340,351,345,0.997101,0.886598,44,1
290,34,13,250,250,153,250,0.588000,0.503425,145,103
290,47,13,380,380,251,380,0.657895,1.000000,0,130
290,16,13,226,180,180,180,0.994444,0.512894,170,1
290,82,13,368,368,327,368,0.375000,1.000000,0,230
290,99,13,374,374,355,374,0.224599,1.000000,0,290
290,73,13,384,384,282,384,0.434896,1.000000,0,217
290,67,13,373,374,352,374,0.497326,1.000000,0,188
290,76,13,315,315,303,315,0.263492,0.528662,74,232
290,70,13,369,369,314,369,0.476965,1.000000,0,193
290,13,13,387,358,361,363,0.986226,0.997214,1,5
291,94,29,371,371,365,371,0.269542,1.000000,0,271
291,43,29,259,258,225,258,0.507752,0.498099,132,127
291,28,29,389,314,309,316,0.977848,0.993569,2,7
291,29,29,385,306,322,308,0.996753,0.996753,1,1
291,67,29,374,374,334,373,0.498660,1.000000,0,187
291,39,29,384,384,270,381,0.724409,1.000000,0,105
291,62,29,377,377,296,377,0.535809,1.000000,0,175
291,86,29,314,314,314,314,0.187898,0.472000,66,255
291,84,29,381,382,321,382,0.345550,1.000000,0,250
291,46,29,383,381,281,308,0.821429,1.000000,0,55
292,71,23,373,373,316,372,0.465054,1.000000,0,199
292,86,23,314,314,298,314,0.187898,0.472000,66,255
292,24,23,392,332,325,333,0.969970,0.996914,1,10
292,38,23,393,288,265,288,0.965278,0.996416,1,10
292,94,23,371,371,356,371,0.269542,1.000000,0,271
292,10,23,218,191,192,191,0.984293,0.510870,180,3
292,11,23,361,365,353,364,0.994505,0.991781,3,2
292,90,23,374,374,314,374,0.299465,1.000000,0,262
292,23,23,393,333,337,340,0.961765,1.000000,0,13
292,46,23,382,382,260,286,0.884615,1.000000,0,33
293,34,9,250,250,151,250,0.588000,0.503425,145,103
293,9,9,363,372,375,374,0.994652,1.000000,0,2
293,40,9,261,261,235,261,0.524904,0.503676,135,124
293,0,9,304,355,364,365,1.000000,0.912500,35,0
293,11,9,345,362,365,365,0.994521,0.994521,2,2
293,75,9,297,297,280,297,0.235690,0.437500,90,227
293,80,9,379,379,256,379,0.379947,1.000000,0,235
293,79,9,371,371,329,371,0.398922,1.000000,0,223
293,3,9,360,383,382,386,1.000000,0.987212,5,0
293,26,9,367,327,313,326,0.969325,0.996845,1,10
294,71,31,372,373,329,372,0.465054,1.000000,0,199
294,36,31,251,252,218,252,0.563492,0.498246,143,110
294,90,31,374,374,350,374,0.299465,1.000000,0,262
294,24,31,382,326,318,331,0.969789,0.990741,3,10
294,49,31,388,386,282,316,0.772152,1.000000,0,72
294,91,31,359,359,354,359,0.303621,1.000000,0,250
294,92,31,324,325,310,325,0.147692,0.452830,58,277
294,17,31,219,212,172,205,0.819512,0.485549,178,37
294,31,31,388,310,348,335,0.898507,1.000000,0,34
294,58,31,380,380,268,380,0.565789,1.000000,0,165
295,20,8,390,342,328,341,0.976540,0.991071,3,8
295,38,8,388,287,279,284,0.975352,0.992832,2,7
295,63,8,385,385,243,383,0.519582,1.000000,0,184
295,33,8,388,307,298,310,0.951613,1.000000,0,15
295,14,8,398,357,359,359,0.991643,1.000000,0,3
295,8,8,334,370,378,373,0.997319,0.992000,3,1
295,86,8,314,314,294,314,0.187898,0.472000,66,255
295,41,8,269,269,149,269,0.524164,0.524164,128,128
295,37,8,388,298,265,283,0.946996,0.950355,14,15
295,56,8,380,379,248,378,0.584656,1.000000,0,157
296,4,9,278,364,362,371,0.997305,0.953608,18,1
296,9,9,396,372,374,374,0.994652,1.000000,0,2
296,7,9,353,369,371,373,1.000000,0.986772,5,0
296,56,9,376,379,253,377,0.586207,1.000000,0,156
296,72,9,380,380,302,380,0.447368,1.000000,0,210
296,77,9,370,371,301,370,0.416216,1.000000,0,216
296,5,9,281,376,385,382,0.994764,0.989583,4,2
296,36,9,248,251,206,249,0.570281,0.498246,143,107
296,41,9,269,269,153,256,0.550781,0.524164,128,115
296,71,9,373,373,272,373,0.463807,1.000000,0,200
297,65,4,292,293,146,292,0.328767,0.500000,96,196
297,88,4,367,367,332,367,0.324251,1.000000,0,248
297,68,4,374,374,186,374,0.489305,1.000000,0,191
297,74,4,369,369,227,369,0.444444,1.000000,0,205
297,17,4,219,209,172,172,0.976744,0.485549,178,4
297,51,4,375,375,238,374,0.633690,1.000000,0,137
297,93,4,368,368,325,368,0.279891,1.000000,0,265
297,76,4,314,315,248,314,0.264331,0.528662,74,231
297,71,4,373,373,182,373,0.463807,1.000000,0,200
297,4,4,286,373,382,381,0.997375,0.979381,8,1
298,65,3,293,294,146,293,0.327645,0.500000,96,197
298,99,3,374,374,340,374,0.224599,1.000000,0,290
298,62,3,377,377,230,377,0.535809,1.000000,0,175
298,5,3,342,377,350,382,0.994764,0.989583,4,2
298,64,3,372,372,209,372,0.526882,1.000000,0,176
298,3,3,354,388,384,386,1.000000,0.987212,5,0
298,85,3,363,363,284,363,0.352617,1.000000,0,235
298,60,3,384,296,209,250,0.832000,1.000000,0,42
298,35,3,390,296,284,296,0.962838,0.989583,3,11
298,76,3,314,315,189,306,0.271242,0.528662,74,223
299,67,18,374,374,337,374,0.497326,1.000000,0,188
299,32,18,379,307,307,307,0.970684,1.000000,0,9
299,75,18,297,297,285,297,0.235690,0.437500,90,227
299,57,18,379,379,311,379,0.575198,1.000000,0,161
299,87,18,375,375,323,375,0.325333,1.000000,0,253
299,30,18,383,309,294,309,0.974110,0.990132,3,8
299,46,18,383,266,230,257,0.972763,0.988142,3,7
299,18,18,393,342,347,347,0.982709,0.994169,2,6
299,37,18,388,380,297,313,0.897764,0.996454,1,32
299,16,18,226,180,179,180,0.994444,0.512894,170,1
300,7,2,396,376,376,377,1.000000,0.997354,1,0
300,42,2,380,287,281,280,0.942857,0.992481,2,16
300,23,2,393,333,334,335,0.976119,1.000000,0,8
300,2,2,287,394,394,394,1.000000,1.000000,0,0
300,51,2,375,374,255,374,0.633690,1.000000,0,137
300,26,2,392,329,319,328,0.966463,1.000000,0,11
300,47,2,379,379,263,350,0.714286,1.000000,0,100
300,48,2,272,272,133,272,0.466912,0.514170,120,145
300,21,2,390,339,340,342,0.973684,1.000000,0,9
300,38,2,390,283,287,285,0.971930,0.992832,2,8
301,80,14,377,379,316,379,0.379947,1.000000,0,235
301,14,14,343,358,356,357,0.994398,0.997191,1,2
301,43,14,258,258,229,256,0.511719,0.498099,132,125
301,47,14,379,377,245,361,0.692521,1.000000,0,111
301,17,14,218,202,172,189,0.888889,0.485549,178,21
301,23,14,377,328,325,330,0.987879,0.996942,1,4
301,65,14,293,294,261,294,0.326531,0.500000,96,198
301,98,14,359,359,348,359,0.242340,1.000000,0,272
301,86,14,314,314,299,314,0.187898,0.472000,66,255
301,1,14,211,365,357,361,1.000000,0.909320,36,0
302,92,6,325,325,299,325,0.147692,0.452830,58,277
302,53,6,376,376,234,375,0.616000,1.000000,0,144
302,46,6,383,374,241,266,0.947368,0.996047,1,14
302,15,6,361,354,357,356,0.983146,0.994318,2,6
302,67,6,374,374,261,374,0.497326,1.000000,0,188
302,64,6,372,372,251,372,0.526882,1.000000,0,176
302,6,6,314,371,373,372,1.000000,0.976378,9,0
302,79,6,369,371,355,371,0.398922,1.000000,0,223
302,27,6,391,317,319,321,0.978193,1.000000,0,7
302,19,6,248,320,207,289,0.989619,0.841176,54,3
303,48,29,272,272,238,272,0.466912,0.514170,120,145
303,41,29,269,269,231,269,0.524164,0.524164,128,128
303,67,29,374,374,342,374,0.497326,1.000000,0,188
303,57,29,379,379,316,379,0.575198,1.000000,0,161
303,19,29,354,336,305,336,0.994048,0.982353,6,2
303,4,29,272,373,361,366,1.000000,0.943299,22,0
303,83,29,365,367,353,367,0.367847,1.000000,0,232
303,51,29,375,375,282,372,0.637097,1.000000,0,135
303,22,29,351,331,322,332,0.987952,0.993939,2,4
303,29,29,394,308,328,316,0.974684,1.000000,0,8
304,49,18,388,292,256,276,0.884058,1.000000,0,32
304,62,18,377,377,283,377,0.535809,1.000000,0,175
304,24,18,392,328,312,329,0.975684,0.990741,3,8
304,4,18,311,370,368,377,0.997347,0.969072,12,1
304,93,18,368,368,333,368,0.279891,1.000000,0,265
304,26,18,373,327,305,317,0.974763,0.974763,8,8
304,12,18,211,204,177,178,0.983146,0.483425,187,3
304,31,18,386,311,282,311,0.967846,1.000000,0,10
304,42,18,392,282,291,284,0.926056,0.988722,3,21
304,18,18,392,340,351,348,0.982759,0.997085,1,6
305,69,8,374,373,249,373,0.482574,1.000000,0,193
305,51,8,374,375,221,375,0.632000,1.000000,0,138
305,54,8,377,377,225,377,0.604775,1.000000,0,149
305,18,8,379,340,342,341,0.997067,0.991254,3,1
305,71,8,373,373,255,373,0.463807,1.000000,0,200
305,96,8,337,338,311,338,0.142012,0.516129,45,290
305,8,8,381,371,374,374,0.994652,0.992000,3,2
305,92,8,325,325,313,324,0.148148,0.452830,58,276
305,55,8,385,356,282,342,0.646199,0.986607,3,121
305,17,8,219,172,172,172,0.976744,0.485549,178,4
306,29,29,394,310,391,379,0.812665,1.000000,0,71
306,43,29,259,259,239,258,0.507752,0.498099,132,127
306,78,29,366,366,337,366,0.412568,1.000000,0,215
306,74,29,369,369,301,369,0.444444,1.000000,0,205
306,4,29,321,372,363,371,1.000000,0.956186,17,0
306,79,29,371,371,345,371,0.398922,1.000000,0,223
306,54,29,377,377,249,377,0.604775,1.000000,0,149
306,51,29,375,375,270,371,0.638814,1.000000,0,134
306,72,29,378,379,324,379,0.448549,1.000000,0,209
306,67,29,373,374,328,374,0.497326,1.000000,0,188
307,8,2,366,370,373,373,0.997319,0.992000,3,1
307,43,2,259,258,137,258,0.507752,0.498099,132,127
307,37,2,387,385,296,316,0.892405,1.000000,0,34
307,91,2,359,359,345,359,0.303621,1.000000,0,250
307,15,2,389,355,359,359,0.980501,1.000000,0,7
307,65,2,294,294,273,294,0.326531,0.500000,96,198
307,69,2,374,374,345,374,0.481283,1.000000,0,194
307,82,2,368,368,317,368,0.375000,1.000000,0,230
307,2,2,277,394,394,394,1.000000,1.000000,0,0
307,20,2,382,343,346,344,0.973837,0.997024,1,9
308,55,13,370,373,255,339,0.660767,1.000000,0,115
308,13,13,392,361,364,362,0.991713,1.000000,0,3
308,12,13,211,178,178,178,0.983146,0.483425,187,3
308,20,13,357,337,343,343,0.973761,0.994048,2,9
308,42,13,385,288,279,284,0.929577,0.992481,2,20
308,62,13,377,377,226,377,0.535809,1.000000,0,175
308,50,13,270,271,211,271,0.424354,0.479167,125,156
308,6,13,333,376,355,375,0.997333,0.981627,7,1
308,5,13,275,377,370,375,0.997333,0.973958,10,1
308,66,13,374,374,254,371,0.509434,1.000000,0,182
309,50,5,271,271,222,270,0.425926,0.479167,125,155
309,24,5,390,332,330,331,0.972810,0.993827,2,9
309,1,5,204,290,196,224,1.000000,0.564232,173,0
309,51,5,375,375,253,375,0.632000,1.000000,0,138
309,63,5,385,379,240,360,0.552778,1.000000,0,161
309,5,5,307,372,356,371,0.994609,0.960938,15,2
309,75,5,296,295,281,296,0.236486,0.437500,90,226
309,85,5,359,362,322,362,0.353591,1.000000,0,234
309,70,5,368,368,274,368,0.478261,1.000000,0,192
309,57,5,379,379,287,373,0.581769,0.995413,1,156
310,32,64,379,304,285,303,0.983498,1.000000,0,5
310,52,64,382,288,252,268,0.869403,0.995726,1,35
310,7,64,377,372,367,373,1.000000,0.986772,5,0
310,23,64,393,332,318,334,0.979042,1.000000,0,7
310,48,64,272,272,268,272,0.466912,0.514170,120,145
310,86,64,314,314,310,314,0.187898,0.472000,66,255
310,24,64,352,324,311,323,0.978328,0.975309,8,7
310,70,64,369,369,346,369,0.476965,1.000000,0,193
310,64,64,372,372,372,372,0.526882,1.000000,0,176
310,49,64,384,285,275,279,0.870968,0.995902,1,36
311,1,29,295,381,326,371,1.000000,0.934509,26,0
311,11,29,352,365,322,360,0.997222,0.983562,6,1
311,81,29,313,313,309,313,0.223642,0.496454,71,243
311,92,29,324,325,314,325,0.147692,0.452830,58,277
311,4,29,274,370,350,364,1.000000,0.938144,24,0
311,34,29,249,247,218,244,0.602459,0.503425,145,97
311,23,29,393,332,308,332,0.984940,1.000000,0,5
311,85,29,363,363,332,360,0.355556,1.000000,0,232
311,69,29,374,374,317,373,0.482574,1.000000,0,193
311,29,29,374,307,328,318,0.968553,1.000000,0,10
312,86,0,314,314,283,314,0.187898,0.472000,66,255
312,36,0,250,248,149,247,0.574899,0.498246,143,105
312,96,0,338,338,299,338,0.142012,0.516129,45,290
312,0,0,341,369,376,375,1.000000,0.937500,25,0
312,49,0,385,298,261,282,0.858156,0.991803,2,40
312,25,0,230,225,159,217,0.714286,0.484375,165,62
312,99,0,374,373,343,374,0.224599,1.000000,0,290
312,80,0,379,379,342,379,0.379947,1.000000,0,235
312,8,0,360,369,371,369,1.000000,0.984000,6,0
312,43,0,259,259,136,259,0.505792,0.498099,132,128
313,83,13,366,367,326,367,0.367847,1.000000,0,232
313,13,13,376,359,365,363,0.986226,0.997214,1,5
313,64,13,372,372,337,372,0.526882,1.000000,0,176
313,66,13,374,374,252,373,0.506702,1.000000,0,184
313,42,13,340,281,263,282,0.932624,0.988722,3,19
313,60,13,383,356,218,326,0.638037,1.000000,0,118
313,55,13,383,380,261,375,0.597333,1.000000,0,151
313,91,13,359,359,345,359,0.303621,1.000000,0,250
313,11,13,360,365,364,366,0.994536,0.997260,1,2
313,95,13,321,321,307,321,0.109034,0.364583,61,286
314,19,3,382,337,309,335,0.994030,0.979412,7,2
314,80,3,379,379,170,379,0.379947,1.000000,0,235
314,3,3,318,379,384,381,1.000000,0.974425,10,0
314,24,3,392,328,321,328,0.972561,0.984568,5,9
314,75,3,296,297,183,289,0.242215,0.437500,90,219
314,92,3,325,325,303,325,0.147692,0.452830,58,277
314,44,3,377,377,254,283,0.908127,0.988462,3,26
314,69,3,374,374,225,374,0.481283,1.000000,0,194
314,45,3,381,381,271,369,0.693767,1.000000,0,113
314,86,3,314,314,270,314,0.187898,0.472000,66,255
315,7,6,336,368,334,369,1.000000,0.976190,9,0
315,6,6,299,363,368,370,1.000000,0.971129,11,0
315,82,6,367,367,282,367,0.376022,1.000000,0,229
315,11,6,366,362,366,364,0.997253,0.994521,2,1
315,58,6,379,380,222,380,0.565789,1.000000,0,165
315,34,6,249,249,154,247,0.595142,0.503425,145,100
315,76,6,315,315,287,315,0.263492,0.528662,74,232
315,75,6,296,297,265,297,0.235690,0.437500,90,227
315,52,6,382,344,250,314,0.745223,1.000000,0,80
315,89,6,367,368,340,359,0.323120,1.000000,0,243
316,71,6,373,373,304,373,0.463807,1.000000,0,200
316,49,6,389,311,270,299,0.816054,1.000000,0,55
316,69,6,374,374,271,374,0.481283,1.000000,0,194
316,64,6,372,372,279,372,0.526882,1.000000,0,176
316,78,6,366,366,294,366,0.412568,1.000000,0,215
316,6,6,342,369,374,373,0.997319,0.976378,9,1
316,76,6,315,315,283,306,0.267974,0.522293,75,224
316,32,6,379,307,298,302,0.983444,0.996644,1,5
316,16,6,225,208,180,181,0.988950,0.512894,170,2
316,43,6,259,259,140,259,0.505792,0.498099,132,128
317,93,4,368,368,309,368,0.279891,1.000000,0,265
317,91,4,359,359,310,359,0.303621,1.000000,0,250
317,89,4,366,368,343,368,0.315217,1.000000,0,252
317,4,4,242,357,379,366,0.997268,0.940722,23,1
317,74,4,369,369,263,369,0.444444,1.000000,0,205
317,32,4,375,302,303,302,0.983444,0.996644,1,5
317,79,4,371,371,326,358,0.407821,0.986486,2,212
317,43,4,259,259,147,259,0.505792,0.498099,132,128
317,85,4,363,363,332,363,0.352617,1.000000,0,235
317,36,4,252,250,162,246,0.577236,0.498246,143,104
318,44,29,376,376,298,376,0.691489,1.000000,0,116
318,77,29,371,371,340,371,0.415094,1.000000,0,217
318,73,29,384,384,309,384,0.434896,1.000000,0,217
318,89,29,368,368,327,368,0.315217,1.000000,0,252
318,51,29,375,375,273,374,0.633690,1.000000,0,137
318,93,29,367,368,354,368,0.279891,1.000000,0,265
318,29,29,394,309,394,394,0.781726,1.000000,0,86
318,67,29,374,374,305,374,0.497326,1.000000,0,188
318,49,29,388,314,290,302,0.807947,1.000000,0,58
318,84,29,381,382,308,382,0.345550,1.000000,0,250
319,63,29,386,386,234,386,0.515544,1.000000,0,187
319,48,29,272,272,228,272,0.466912,0.514170,120,145
319,26,29,391,328,319,329,0.957447,0.993691,2,14
319,90,29,374,374,364,374,0.299465,1.000000,0,262
319,29,29,394,310,394,391,0.787724,1.000000,0,83
319,88,29,367,366,317,366,0.325137,1.000000,0,247
319,42,29,393,286,276,284,0.929577,0.992481,2,20
319,6,29,340,376,370,376,1.000000,0.986877,5,0
319,32,29,379,305,295,300,0.980000,0.986577,4,6
319,7,29,361,368,362,368,1.000000,0.973545,10,0
320,61,61,380,380,380,380,0.539474,1.000000,0,175
320,53,61,376,376,293,376,0.614362,1.000000,0,145
320,84,61,382,382,359,382,0.345550,1.000000,0,250
320,57,61,379,379,323,379,0.575198,1.000000,0,161
320,82,61,367,368,344,368,0.375000,1.000000,0,230
320,54,61,376,377,255,377,0.604775,1.000000,0,149
320,94,61,370,371,358,371,0.269542,1.000000,0,271
320,69,61,374,374,369,374,0.481283,1.000000,0,194
320,23,61,274,321,316,323,0.981424,0.969419,10,6
320,15,61,394,356,355,359,0.980501,1.000000,0,7
321,94,6,371,371,348,371,0.269542,1.000000,0,271
321,25,6,230,229,163,227,0.682819,0.484375,165,72
321,29,6,394,309,308,308,0.996753,0.996753,1,1
321,63,6,386,386,248,386,0.515544,1.000000,0,187
321,99,6,374,374,340,374,0.224599,1.000000,0,290
321,6,6,370,373,373,375,0.997333,0.981627,7,1
321,77,6,369,371,299,371,0.415094,1.000000,0,217
321,26,6,392,329,328,330,0.960606,1.000000,0,13
321,44,6,376,376,242,288,0.902778,1.000000,0,28
321,43,6,259,259,143,258,0.507752,0.498099,132,127
322,70,22,369,369,304,369,0.476965,1.000000,0,193
322,48,22,272,272,250,272,0.466912,0.514170,120,145
322,79,22,370,371,353,371,0.398922,1.000000,0,223
322,78,22,366,366,328,366,0.412568,1.000000,0,215
322,67,22,374,374,267,374,0.497326,1.000000,0,188
322,22,22,384,326,351,341,0.964809,0.996970,1,12
322,24,22,392,332,307,331,0.969789,0.990741,3,10
322,15,22,390,358,327,358,0.980447,0.997159,1,7
322,1,22,243,349,285,331,1.000000,0.833753,66,0
322,47,22,379,370,248,270,0.925926,1.000000,0,20
323,65,29,292,293,278,293,0.327645,0.500000,96,197
323,55,29,384,383,273,382,0.586387,1.000000,0,158
323,8,29,396,373,364,374,0.997326,0.994667,2,1
323,51,29,375,375,286,374,0.633690,1.000000,0,137
323,40,29,261,261,239,261,0.524904,0.503676,135,124
323,3,29,313,386,354,381,1.000000,0.974425,10,0
323,29,29,394,308,392,390,0.789744,1.000000,0,82
323,89,29,368,368,341,368,0.315217,1.000000,0,252
323,82,29,368,368,339,368,0.375000,1.000000,0,230
323,43,29,259,259,227,257,0.509728,0.498099,132,126
324,51,30,374,375,313,375,0.632000,1.000000,0,138
324,99,30,374,374,364,374,0.224599,1.000000,0,290
324,21,30,391,339,322,342,0.973684,1.000000,0,9
324,37,30,386,379,281,309,0.909385,0.996454,1,28
324,85,30,363,363,335,363,0.352617,1.000000,0,235
324,59,30,378,379,238,378,0.560847,1.000000,0,166
324,56,30,379,379,297,377,0.586207,1.000000,0,156
324,30,30,383,311,374,357,0.851541,1.000000,0,53
324,58,30,380,380,247,380,0.565789,1.000000,0,165
324,25,30,229,228,159,224,0.691964,0.484375,165,69
325,11,22,323,363,361,366,0.994536,0.997260,1,2
325,98,22,359,359,350,359,0.242340,1.000000,0,272
325,22,22,392,330,341,340,0.964706,0.993939,2,12
325,70,22,369,369,297,369,0.476965,1.000000,0,193
325,66,22,374,374,312,374,0.505348,1.000000,0,185
325,80,22,379,379,255,379,0.379947,1.000000,0,235
325,7,22,397,377,370,377,1.000000,0.997354,1,0
325,40,22,261,261,250,261,0.524904,0.503676,135,124
325,15,22,385,358,311,357,0.980392,0.994318,2,7
325,77,22,371,371,341,371,0.415094,1.000000,0,217
326,89,9,368,368,349,368,0.315217,1.000000,0,252
326,36,9,252,250,233,249,0.570281,0.498246,143,107
326,16,9,225,217,180,209,0.856459,0.512894,170,30
326,6,9,252,367,377,370,0.994595,0.965879,13,2
326,44,9,377,377,251,375,0.693333,1.000000,0,115
326,77,9,370,371,348,369,0.417344,1.000000,0,215
326,17,9,219,213,172,204,0.823529,0.485549,178,36
326,83,9,367,367,330,367,0.367847,1.000000,0,232
326,59,9,379,379,253,376,0.563830,1.000000,0,164
326,9,9,365,371,373,373,0.997319,1.000000,0,1
327,51,11,375,375,277,375,0.632000,1.000000,0,138
327,70,11,368,369,279,369,0.476965,1.000000,0,193
327,35,11,389,299,296,300,0.950000,0.989583,3,15
327,28,11,389,319,312,318,0.974843,0.996785,1,8
327,92,11,324,325,302,325,0.147692,0.452830,58,277
327,11,11,338,364,354,361,0.994460,0.983562,6,2
327,87,11,375,375,332,375,0.325333,1.000000,0,253
327,45,11,382,382,223,289,0.871972,0.984375,4,37
327,84,11,382,382,294,378,0.349206,1.000000,0,246
327,59,11,379,378,260,377,0.562334,1.000000,0,165
328,32,7,378,307,279,304,0.976974,0.996644,1,7
328,57,7,379,379,239,379,0.575198,1.000000,0,161
328,7,7,395,375,366,377,1.000000,0.997354,1,0
328,52,7,382,380,232,259,0.899614,0.995726,1,26
328,95,7,321,321,301,321,0.109034,0.364583,61,286
328,35,7,389,300,289,297,0.962963,0.993056,2,11
328,83,7,367,367,339,367,0.367847,1.000000,0,232
328,91,7,357,359,333,359,0.303621,1.000000,0,250
328,78,7,366,366,319,366,0.412568,1.000000,0,215
328,58,7,380,380,236,380,0.565789,1.000000,0,165
329,12,19,210,178,178,178,0.983146,0.483425,187,3
329,19,19,386,341,344,348,0.971264,0.994118,2,10
329,81,19,313,313,286,313,0.223642,0.496454,71,243
329,80,19,379,379,302,379,0.379947,1.000000,0,235
329,59,19,379,379,292,379,0.559367,1.000000,0,167
329,90,19,374,374,336,374,0.299465,1.000000,0,262
329,39,19,371,300,283,291,0.941581,0.992754,2,17
329,79,19,371,371,335,371,0.398922,1.000000,0,223
329,63,19,386,386,279,384,0.518229,1.000000,0,185
329,73,19,384,384,334,384,0.434896,1.000000,0,217
330,76,29,315,315,307,315,0.263492,0.528662,74,232
330,90,29,374,374,355,374,0.299465,1.000000,0,262
330,43,29,259,259,212,259,0.505792,0.498099,132,128
330,53,29,376,376,277,376,0.614362,1.000000,0,145
330,58,29,380,380,303,380,0.565789,1.000000,0,165
330,56,29,380,376,278,376,0.587766,1.000000,0,155
330,29,29,394,310,394,394,0.781726,1.000000,0,86
330,35,29,390,296,285,298,0.963087,0.996528,1,11
330,24,29,392,331,288,330,0.975758,0.993827,2,8
330,49,29,389,278,285,277,0.880866,1.000000,0,33
331,55,5,381,379,257,368,0.608696,1.000000,0,144
331,5,5,397,381,377,382,0.994764,0.989583,4,2
331,67,5,374,374,288,374,0.497326,1.000000,0,188
331,68,5,374,374,194,374,0.489305,1.000000,0,191
331,92,5,324,325,309,325,0.147692,0.452830,58,277
331,77,5,370,371,331,370,0.416216,1.000000,0,216
331,95,5,321,321,310,321,0.109034,0.364583,61,286
331,40,5,260,261,228,261,0.524904,0.503676,135,124
331,41,5,269,269,142,240,0.587500,0.524164,128,99
331,93,5,367,368,320,368,0.279891,1.000000,0,265
332,14,2,362,359,356,359,0.988858,0.997191,1,4
332,2,2,266,390,394,394,1.000000,1.000000,0,0
332,39,2,382,344,292,294,0.938776,1.000000,0,18
332,51,2,375,375,254,375,0.632000,1.000000,0,138
332,11,2,366,367,367,367,0.994550,1.000000,0,2
332,92,2,324,325,318,325,0.147692,0.452830,58,277
332,46,2,381,381,251,380,0.665789,1.000000,0,127
332,13,2,391,359,361,360,0.991667,0.994429,2,3
332,56,2,380,379,244,378,0.584656,1.000000,0,157
332,74,2,369,369,160,369,0.444444,1.000000,0,205
333,75,9,295,296,264,295,0.237288,0.437500,90,225
333,77,9,371,371,349,371,0.415094,1.000000,0,217
333,27,9,386,310,312,316,0.977848,0.984076,5,7
333,11,9,375,364,365,365,0.994521,0.994521,2,2
333,74,9,369,369,223,369,0.444444,1.000000,0,205
333,49,9,389,284,256,273,0.890110,0.995902,1,30
333,55,9,384,383,254,383,0.584856,1.000000,0,159
333,65,9,293,293,270,292,0.328767,0.500000,96,196
333,9,9,377,372,376,373,0.997319,1.000000,0,1
333,76,9,314,314,303,315,0.263492,0.528662,74,232
334,29,9,394,307,304,308,1.000000,1.000000,0,0
334,21,9,385,340,338,340,0.979412,1.000000,0,7
334,14,9,215,344,335,344,0.985465,0.952247,17,5
334,31,9,388,308,308,309,0.967638,0.993355,2,10
334,48,9,271,272,222,272,0.466912,0.514170,120,145
334,59,9,379,379,256,379,0.559367,1.000000,0,167
334,78,9,366,366,343,366,0.412568,1.000000,0,215
334,9,9,359,372,373,373,0.997319,1.000000,0,1
334,20,9,376,342,342,340,0.976471,0.988095,4,8
334,93,9,368,368,334,368,0.279891,1.000000,0,265
335,92,9,324,325,310,325,0.147692,0.452830,58,277
335,42,9,337,283,293,282,0.932624,0.988722,3,19
335,34,9,250,250,147,248,0.592742,0.503425,145,101
335,31,9,382,306,310,310,0.970968,1.000000,0,9
335,95,9,320,321,311,321,0.109034,0.364583,61,286
335,78,9,366,366,316,366,0.412568,1.000000,0,215
335,63,9,386,386,264,385,0.516883,1.000000,0,186
335,9,9,390,372,373,373,0.997319,1.000000,0,1
335,99,9,373,374,347,374,0.224599,1.000000,0,290
335,19,9,294,321,310,324,0.993827,0.947059,18,2
336,60,60,381,382,383,382,0.544503,1.000000,0,174
336,45,60,382,382,264,382,0.670157,1.000000,0,126
336,85,60,363,363,363,363,0.352617,1.000000,0,235
336,95,60,321,321,317,321,0.109034,0.364583,61,286
336,41,60,269,269,239,269,0.524164,0.524164,128,128
336,34,60,250,250,230,250,0.588000,0.503425,145,103
336,89,60,368,368,366,368,0.315217,1.000000,0,252
336,71,60,373,373,305,373,0.463807,1.000000,0,200
336,49,60,386,284,275,281,0.868327,1.000000,0,37
336,56,60,380,380,234,378,0.584656,1.000000,0,157
337,86,6,314,314,279,314,0.187898,0.472000,66,255
337,81,6,313,313,254,313,0.223642,0.496454,71,243
337,15,6,390,359,357,359,0.980501,1.000000,0,7
337,52,6,382,382,253,325,0.720000,1.000000,0,91
337,6,6,302,370,359,369,1.000000,0.968504,12,0
337,4,6,247,355,383,371,0.994609,0.951031,19,2
337,12,6,211,178,179,178,0.983146,0.483425,187,3
337,20,6,392,345,341,344,0.973837,0.997024,1,9
337,56,6,379,379,236,379,0.583113,1.000000,0,158
337,72,6,380,380,304,380,0.447368,1.000000,0,210
338,53,2,376,376,235,375,0.616000,1.000000,0,144
338,21,2,390,340,342,342,0.973684,1.000000,0,9
338,54,2,377,377,236,377,0.604775,1.000000,0,149
338,59,2,378,378,209,378,0.560847,1.000000,0,166
338,2,2,346,394,394,394,1.000000,1.000000,0,0
338,66,2,374,374,226,374,0.505348,1.000000,0,185
338,51,2,375,373,249,371,0.638814,1.000000,0,134
338,7,2,373,375,378,377,1.000000,0.997354,1,0
338,22,2,394,331,331,332,0.987952,0.993939,2,4
338,24,2,387,330,332,333,0.969970,0.996914,1,10
339,24,6,390,329,316,328,0.978659,0.990741,3,7
339,61,6,379,380,268,380,0.539474,1.000000,0,175
339,5,6,271,377,308,351,0.994302,0.908854,35,2
339,12,6,210,178,178,178,0.983146,0.483425,187,3
339,31,6,378,308,286,308,0.974026,0.996678,1,8
339,23,6,374,328,322,330,0.990909,1.000000,0,3
339,84,6,382,382,349,381,0.346457,1.000000,0,249
339,99,6,374,374,334,374,0.224599,1.000000,0,290
339,6,6,329,376,379,376,1.000000,0.986877,5,0
339,72,6,380,380,308,378,0.449735,1.000000,0,208
340,34,61,250,250,232,249,0.590361,0.503425,145,102
340,82,61,368,368,314,368,0.375000,1.000000,0,230
340,69,61,374,374,331,373,0.482574,1.000000,0,193
340,61,61,380,380,380,380,0.539474,1.000000,0,175
340,62,61,377,376,340,377,0.535809,1.000000,0,175
340,47,61,379,374,252,284,0.876761,0.996000,1,35
340,96,61,337,336,336,337,0.142433,0.516129,45,289
340,83,61,366,366,341,366,0.368852,1.000000,0,231
340,22,61,377,331,324,331,0.987915,0.990909,3,4
340,73,61,384,384,339,384,0.434896,1.000000,0,217
341,40,47,261,261,244,261,0.524904,0.503676,135,124
341,83,47,367,367,344,367,0.367847,1.000000,0,232
341,57,47,378,379,326,379,0.575198,1.000000,0,161
341,20,47,392,342,340,344,0.970930,0.994048,2,10
341,44,47,377,377,290,374,0.695187,1.000000,0,114
341,93,47,368,368,365,368,0.279891,1.000000,0,265
341,63,47,385,385,290,379,0.525066,1.000000,0,180
341,31,47,386,305,288,304,0.973684,0.983389,5,8
341,47,47,380,289,380,344,0.726744,1.000000,0,94
341,35,47,390,294,272,298,0.959732,0.993056,2,12
342,99,2,374,374,363,374,0.224599,1.000000,0,290
342,70,2,369,369,197,369,0.476965,1.000000,0,193
342,2,2,306,394,394,394,1.000000,1.000000,0,0
342,62,2,377,377,202,377,0.535809,1.000000,0,175
342,54,2,377,377,237,377,0.604775,1.000000,0,149
342,79,2,371,371,306,371,0.398922,1.000000,0,223
342,68,2,374,374,184,374,0.489305,1.000000,0,191
342,81,2,313,313,298,313,0.223642,0.496454,71,243
342,92,2,325,325,312,325,0.147692,0.452830,58,277
342,61,2,380,380,204,380,0.539474,1.000000,0,175
343,34,29,250,250,207,250,0.588000,0.503425,145,103
343,53,29,376,376,305,376,0.614362,1.000000,0,145
343,95,29,321,321,313,321,0.109034,0.364583,61,286
343,8,29,387,368,368,372,0.997312,0.989333,4,1
343,31,29,389,305,302,310,0.970968,1.000000,0,9
343,41,29,269,269,227,269,0.524164,0.524164,128,128
343,29,29,362,309,335,310,0.993548,1.000000,0,2
343,50,29,270,271,260,271,0.424354,0.479167,125,156
343,35,29,390,301,285,302,0.950331,0.996528,1,15
343,20,29,387,344,339,344,0.973837,0.997024,1,9
344,58,9,380,380,248,380,0.565789,1.000000,0,165
344,11,9,318,360,367,363,0.997245,0.991781,3,1
344,35,9,386,296,293,296,0.969595,0.996528,1,9
344,90,9,374,374,313,374,0.299465,1.000000,0,262
344,37,9,386,388,290,385,0.732468,1.000000,0,103
344,43,9,259,259,213,259,0.505792,0.498099,132,128
344,36,9,251,251,167,250,0.568000,0.498246,143,108
344,9,9,371,372,373,372,1.000000,1.000000,0,0
344,73,9,384,384,290,384,0.434896,1.000000,0,217
344,63,9,386,386,259,385,0.516883,1.000000,0,186
345,45,13,382,382,256,381,0.671916,1.000000,0,125
345,8,13,367,371,365,370,0.997297,0.984000,6,1
345,73,13,384,384,304,384,0.434896,1.000000,0,217
345,94,13,370,371,353,371,0.269542,1.000000,0,271
345,99,13,374,374,350,374,0.224599,1.000000,0,290
345,88,13,367,367,306,367,0.324251,1.000000,0,248
345,59,13,379,379,262,379,0.559367,1.000000,0,167
345,7,13,360,372,374,374,1.000000,0.989418,4,0
345,13,13,390,361,366,365,0.978082,0.994429,2,8
345,67,13,374,373,316,373,0.498660,1.000000,0,187
346,47,3,380,347,241,284,0.880282,1.000000,0,34
346,86,3,314,314,219,314,0.187898,0.472000,66,255
346,92,3,325,325,291,325,0.147692,0.452830,58,277
346,30,3,383,308,306,310,0.977419,0.996711,1,7
346,98,3,358,359,337,359,0.242340,1.000000,0,272
346,33,3,388,314,278,306,0.950980,0.986441,4,15
346,22,3,394,337,332,336,0.982143,1.000000,0,6
346,3,3,373,382,388,386,1.000000,0.987212,5,0
346,52,3,380,299,234,274,0.854015,1.000000,0,40
346,36,3,252,252,148,248,0.572581,0.498246,143,106
347,24,5,393,328,332,332,0.975904,1.000000,0,8
347,70,5,369,369,290,369,0.476965,1.000000,0,193
347,77,5,371,371,314,371,0.415094,1.000000,0,217
347,5,5,365,378,379,382,0.994764,0.989583,4,2
347,22,5,354,333,319,325,0.996923,0.981818,6,1
347,63,5,386,386,236,386,0.515544,1.000000,0,187
347,81,5,312,313,277,313,0.223642,0.496454,71,243
347,27,5,378,312,310,315,0.977778,0.980892,6,7
347,37,5,388,388,297,327,0.862385,1.000000,0,45
347,7,5,364,375,360,374,1.000000,0.989418,4,0
348,69,0,374,374,239,374,0.481283,1.000000,0,194
348,14,0,157,178,180,180,0.988889,0.500000,178,2
348,56,0,378,379,240,377,0.586207,1.000000,0,156
348,88,0,366,367,338,367,0.324251,1.000000,0,248
348,18,0,347,337,344,337,0.997033,0.979592,7,1
348,3,0,360,381,391,385,1.000000,0.984655,6,0
348,0,0,338,392,346,385,1.000000,0.962500,15,0
348,61,0,380,380,217,365,0.561644,1.000000,0,160
348,93,0,368,368,341,368,0.279891,1.000000,0,265
348,67,0,374,374,205,366,0.508197,1.000000,0,180
349,33,6,387,307,266,302,0.956954,0.979661,6,13
349,1,6,223,368,377,371,1.000000,0.934509,26,0
349,14,6,305,353,362,361,0.986150,1.000000,0,5
349,6,6,277,368,367,367,1.000000,0.963255,14,0
349,18,6,393,341,320,338,0.997041,0.982507,6,1
349,3,6,372,383,374,383,1.000000,0.979540,8,0
349,65,6,294,294,256,293,0.327645,0.500000,96,197
349,93,6,368,368,329,368,0.279891,1.000000,0,265
349,34,6,250,250,154,250,0.588000,0.503425,145,103
349,83,6,367,366,299,365,0.369863,1.000000,0,230
350,9,9,396,372,376,374,0.994652,1.000000,0,2
350,71,9,372,373,265,373,0.463807,1.000000,0,200
350,97,9,368,368,334,367,0.245232,1.000000,0,277
350,31,9,382,307,311,308,0.964286,0.986711,4,11
350,3,9,355,382,377,384,1.000000,0.982097,7,0
350,44,9,375,362,259,339,0.766962,1.000000,0,79
350,18,9,358,343,338,342,0.997076,0.994169,2,1
350,39,9,384,297,286,291,0.948454,1.000000,0,15
350,90,9,374,374,267,371,0.301887,1.000000,0,259
350,80,9,379,378,287,376,0.380319,0.993056,1,233
351,6,3,371,375,362,372,1.000000,0.976378,9,0
351,20,3,395,341,341,346,0.968208,0.997024,1,11
351,41,3,267,269,152,269,0.524164,0.524164,128,128
351,74,3,369,369,210,369,0.444444,1.000000,0,205
351,3,3,374,384,388,388,1.000000,0.992327,3,0
351,90,3,374,374,272,359,0.311978,1.000000,0,247
351,75,3,296,297,233,297,0.235690,0.437500,90,227
351,17,3,219,194,172,172,0.976744,0.485549,178,4
351,11,3,324,357,349,361,0.997230,0.986301,5,1
351,18,3,339,342,333,336,1.000000,0.979592,7,0
352,80,31,379,379,287,379,0.379947,1.000000,0,235
352,54,31,376,377,227,373,0.611260,1.000000,0,145
352,47,31,380,378,274,372,0.672043,1.000000,0,122
352,31,31,386,310,355,329,0.914894,1.000000,0,28
352,96,31,337,338,323,338,0.142012,0.516129,45,290
352,34,31,249,250,207,250,0.588000,0.503425,145,103
352,88,31,367,367,335,367,0.324251,1.000000,0,248
352,98,31,359,359,337,359,0.242340,1.000000,0,272
352,39,31,382,288,281,288,0.951389,0.992754,2,14
352,25,31,230,229,201,228,0.679825,0.484375,165,73
353,93,6,368,368,330,368,0.279891,1.000000,0,265
353,6,6,360,374,378,377,0.994695,0.984252,6,2
353,77,6,370,371,286,371,0.415094,1.000000,0,217
353,91,6,359,359,283,359,0.303621,1.000000,0,250
353,42,6,388,279,263,282,0.929078,0.984962,4,20
353,67,6,374,374,231,367,0.504087,0.994624,1,182
353,85,6,363,363,275,363,0.352617,1.000000,0,235
353,58,6,380,380,233,380,0.565789,1.000000,0,165
353,28,6,389,317,317,320,0.968750,0.996785,1,10
353,34,6,250,250,153,250,0.588000,0.503425,145,103
354,16,31,225,180,178,180,0.994444,0.512894,170,1
354,36,31,249,249,209,249,0.570281,0.498246,143,107
354,26,31,389,327,294,326,0.966258,0.993691,2,11
354,85,31,363,363,333,363,0.352617,1.000000,0,235
354,45,31,382,382,299,369,0.693767,1.000000,0,113
354,71,31,373,373,328,373,0.463807,1.000000,0,200
354,31,31,378,310,338,317,0.946372,0.996678,1,17
354,33,31,388,368,304,321,0.915888,0.996610,1,27
354,98,31,359,359,343,359,0.242340,1.000000,0,272
354,90,31,374,374,347,374,0.299465,1.000000,0,262
355,18,18,393,341,361,356,0.963483,1.000000,0,13
355,26,18,391,327,290,320,0.971875,0.981073,6,9
355,23,18,392,330,316,328,0.990854,0.993884,2,3
355,69,18,374,374,291,374,0.481283,1.000000,0,194
355,38,18,379,292,290,293,0.948805,0.996416,1,15
355,5,18,337,376,374,376,1.000000,0.979167,8,0
355,62,18,377,377,283,377,0.535809,1.000000,0,175
355,76,18,315,315,290,315,0.263492,0.528662,74,232
355,81,18,313,313,293,313,0.223642,0.496454,71,243
355,86,18,314,314,285,314,0.187898,0.472000,66,255
356,89,60,368,368,367,368,0.315217,1.000000,0,252
356,12,60,210,178,178,178,0.983146,0.483425,187,3
356,69,60,374,374,354,374,0.481283,1.000000,0,194
356,21,60,390,341,338,343,0.970845,1.000000,0,10
356,19,60,381,334,327,337,0.991098,0.982353,6,3
356,47,60,378,377,249,374,0.668449,1.000000,0,124
356,16,60,225,209,180,182,0.983516,0.512894,170,3
356,60,60,383,383,384,384,0.541667,1.000000,0,176
356,37,60,388,387,296,384,0.734375,1.000000,0,102
356,15,60,394,358,334,358,0.980447,0.997159,1,7
357,23,14,359,329,321,327,0.996942,0.996942,1,1
357,14,14,351,354,359,357,0.988796,0.991573,3,4
357,17,14,218,173,172,172,0.976744,0.485549,178,4
357,61,14,380,380,298,380,0.539474,1.000000,0,175
357,46,14,380,268,243,260,0.969231,0.996047,1,8
357,16,14,225,212,180,208,0.860577,0.512894,170,29
357,22,14,367,327,325,331,0.987915,0.990909,3,4
357,96,14,337,338,314,338,0.142012,0.516129,45,290
357,79,14,371,371,336,371,0.398922,1.000000,0,223
357,86,14,313,313,293,313,0.188498,0.472000,66,254
358,76,9,315,315,308,315,0.263492,0.528662,74,232
358,10,9,218,191,191,191,0.984293,0.510870,180,3
358,59,9,376,378,221,377,0.562334,1.000000,0,165
358,9,9,395,372,374,373,0.997319,1.000000,0,1
358,50,9,271,271,243,271,0.424354,0.479167,125,156
358,54,9,377,377,227,376,0.606383,1.000000,0,148
358,69,9,374,374,305,374,0.481283,1.000000,0,194
358,64,9,371,372,247,372,0.526882,1.000000,0,176
358,30,9,383,314,307,313,0.971246,1.000000,0,9
358,71,9,373,373,258,373,0.463807,1.000000,0,200
359,72,3,380,380,207,380,0.447368,1.000000,0,210
359,55,3,385,384,262,379,0.591029,1.000000,0,155
359,49,3,389,320,267,290,0.841379,1.000000,0,46
359,3,3,395,387,397,397,0.984887,1.000000,0,6
359,77,3,369,369,160,363,0.424242,1.000000,0,209
359,31,3,384,309,309,312,0.961538,0.996678,1,12
359,28,3,388,313,312,317,0.974763,0.993569,2,8
359,22,3,388,331,327,332,0.987952,0.993939,2,4
359,69,3,374,374,237,371,0.485175,1.000000,0,191
359,47,3,377,376,250,313,0.798722,1.000000,0,63
360,62,21,377,377,294,377,0.535809,1.000000,0,175
360,93,21,368,368,344,368,0.279891,1.000000,0,265
360,78,21,366,366,327,365,0.413699,1.000000,0,214
360,77,21,371,371,299,371,0.415094,1.000000,0,217
360,83,21,367,365,353,366,0.368852,1.000000,0,231
360,63,21,386,385,271,379,0.525066,1.000000,0,180
360,76,21,315,315,259,315,0.263492,0.528662,74,232
360,21,21,386,342,368,364,0.914835,1.000000,0,31
360,82,21,368,368,333,368,0.375000,1.000000,0,230
360,36,21,251,246,148,243,0.584362,0.498246,143,101
361,97,9,368,368,341,368,0.244565,1.000000,0,278
361,87,9,375,375,304,375,0.325333,1.000000,0,253
361,66,9,374,374,284,373,0.506702,1.000000,0,184
361,9,9,372,372,377,374,0.994652,1.000000,0,2
361,2,9,274,394,394,394,1.000000,1.000000,0,0
361,52,9,382,381,248,353,0.662890,1.000000,0,119
361,85,9,363,363,327,363,0.352617,1.000000,0,235
361,3,9,397,388,385,390,1.000000,0.997442,1,0
361,51,9,375,375,280,374,0.633690,1.000000,0,137
361,49,9,389,383,270,329,0.741641,1.000000,0,85
362,89,0,368,368,335,368,0.315217,1.000000,0,252
362,66,0,374,374,199,374,0.505348,1.000000,0,185
362,0,0,242,351,356,366,1.000000,0.915000,34,0
362,28,0,388,317,317,317,0.981073,1.000000,0,6
362,44,0,377,376,267,374,0.695187,1.000000,0,114
362,47,0,380,379,258,375,0.666667,1.000000,0,125
362,25,0,230,224,159,219,0.707763,0.484375,165,64
362,72,0,380,380,205,380,0.447368,1.000000,0,210
362,19,0,393,335,343,342,0.991228,0.997059,1,3
362,86,0,314,314,289,314,0.187898,0.472000,66,255
363,98,64,359,359,358,359,0.242340,1.000000,0,272
363,58,64,380,379,292,379,0.567282,1.000000,0,164
363,86,64,314,314,305,314,0.187898,0.472000,66,255
363,26,64,391,323,310,323,0.969040,0.987382,4,10
363,52,64,381,374,249,370,0.632432,1.000000,0,136
363,44,64,375,375,301,358,0.726257,1.000000,0,98
363,76,64,315,315,312,315,0.263492,0.528662,74,232
363,32,64,379,302,286,302,0.983444,0.996644,1,5
363,45,64,382,382,261,382,0.670157,1.000000,0,126
363,64,64,372,372,369,372,0.526882,1.000000,0,176
364,30,30,383,367,364,367,0.828338,1.000000,0,63
364,76,30,315,315,307,315,0.263492,0.528662,74,232
364,12,30,210,178,178,178,0.983146,0.483425,187,3
364,92,30,324,325,309,325,0.147692,0.452830,58,277
364,35,30,389,296,276,293,0.969283,0.986111,4,9
364,56,30,379,377,262,377,0.586207,1.000000,0,156
364,71,30,373,372,309,372,0.465054,1.000000,0,199
364,58,30,380,380,300,380,0.565789,1.000000,0,165
364,81,30,313,313,304,312,0.224359,0.496454,71,242
364,55,30,385,385,271,385,0.581818,1.000000,0,161
365,14,14,398,358,360,361,0.983380,0.997191,1,6
365,87,14,374,375,316,375,0.325333,1.000000,0,253
365,82,14,368,368,300,368,0.375000,1.000000,0,230
365,25,14,230,229,159,227,0.682819,0.484375,165,72
365,37,14,388,332,290,317,0.889590,1.000000,0,35
365,27,14,387,324,290,321,0.975078,0.996815,1,8
365,13,14,392,363,341,359,0.994429,0.994429,2,2
365,47,14,379,379,237,361,0.692521,1.000000,0,111
365,43,14,258,259,225,259,0.505792,0.498099,132,128
365,90,14,373,373,335,374,0.299465,1.000000,0,262
366,73,13,384,384,243,384,0.434896,1.000000,0,217
366,43,13,259,259,195,257,0.509728,0.498099,132,126
366,94,13,371,371,349,371,0.269542,1.000000,0,271
366,89,13,367,368,309,368,0.315217,1.000000,0,252
366,84,13,378,382,346,382,0.345550,1.000000,0,250
366,67,13,373,373,317,373,0.498660,1.000000,0,187
366,13,13,389,359,365,364,0.986264,1.000000,0,5
366,70,13,369,369,305,369,0.476965,1.000000,0,193
366,25,13,230,229,160,229,0.676856,0.484375,165,74
366,83,13,366,366,318,366,0.368852,1.000000,0,231
367,57,14,379,379,299,379,0.575198,1.000000,0,161
367,22,14,381,333,314,331,0.984894,0.987879,4,5
367,55,14,385,385,297,385,0.581818,1.000000,0,161
367,69,14,374,374,295,374,0.481283,1.000000,0,194
367,86,14,314,314,293,314,0.187898,0.472000,66,255
367,43,14,259,259,229,258,0.507752,0.498099,132,127
367,13,14,375,358,353,358,0.991620,0.988858,4,3
367,14,14,329,353,357,356,0.985955,0.985955,5,5
367,49,14,388,335,265,312,0.782051,1.000000,0,68
367,28,14,387,318,316,319,0.968652,0.993569,2,10
368,16,9,225,215,180,210,0.852381,0.512894,170,31
368,9,9,373,372,378,375,0.992000,1.000000,0,3
368,33,9,386,311,302,309,0.944984,0.989831,3,17
368,81,9,313,313,282,312,0.224359,0.496454,71,242
368,31,9,389,308,310,311,0.964630,0.996678,1,11
368,40,9,260,259,214,258,0.531008,0.503676,135,121
368,93,9,368,368,328,368,0.279891,1.000000,0,265
368,34,9,250,250,149,248,0.592742,0.503425,145,101
368,95,9,321,321,311,321,0.109034,0.364583,61,286
368,18,9,393,339,338,342,0.997076,0.994169,2,1
369,58,31,380,380,270,380,0.565789,1.000000,0,165
369,42,31,373,281,277,280,0.942857,0.992481,2,16
369,17,31,218,172,172,172,0.976744,0.485549,178,4
369,69,31,374,374,311,374,0.481283,1.000000,0,194
369,11,31,362,364,327,363,0.994490,0.989041,4,2
369,31,31,328,307,316,309,0.964401,0.990033,3,11
369,93,31,368,368,362,368,0.279891,1.000000,0,265
369,79,31,371,371,337,371,0.398922,1.000000,0,223
369,99,31,374,374,335,374,0.224599,1.000000,0,290
369,95,31,321,321,308,321,0.109034,0.364583,61,286
370,7,3,358,372,376,374,1.000000,0.989418,4,0
370,57,3,379,379,254,379,0.575198,1.000000,0,161
370,34,3,249,250,154,249,0.590361,0.503425,145,102
370,65,3,293,293,164,292,0.328767,0.500000,96,196
370,44,3,377,377,238,376,0.691489,1.000000,0,116
370,12,3,210,178,178,178,0.983146,0.483425,187,3
370,3,3,341,386,390,388,1.000000,0.992327,3,0
370,88,3,367,367,149,367,0.324251,1.000000,0,248
370,79,3,371,371,189,361,0.407202,0.993243,1,214
370,48,3,272,272,131,272,0.466912,0.514170,120,145
371,72,3,380,380,227,380,0.447368,1.000000,0,210
371,17,3,219,172,172,172,0.976744,0.485549,178,4
371,39,3,384,383,252,302,0.910596,0.996377,1,27
371,3,3,397,388,389,390,0.997436,0.994885,2,1
371,96,3,336,338,292,331,0.145015,0.516129,45,283
371,27,3,391,319,318,320,0.975000,0.993631,2,8
371,20,3,395,342,344,345,0.973913,1.000000,0,9
371,60,3,384,382,210,221,0.941176,1.000000,0,13
371,95,3,321,321,287,317,0.110410,0.364583,61,282
371,30,3,382,313,309,313,0.971246,1.000000,0,9
372,21,14,380,336,322,340,0.976471,0.996997,1,8
372,33,14,387,306,286,305,0.950820,0.983051,5,15
372,77,14,371,371,265,370,0.416216,1.000000,0,216
372,73,14,384,384,305,384,0.434896,1.000000,0,217
372,57,14,379,379,308,379,0.575198,1.000000,0,161
372,14,14,332,354,365,360,0.983333,0.994382,2,6
372,64,14,372,372,249,372,0.526882,1.000000,0,176
372,46,14,383,304,228,269,0.933086,0.992095,2,18
372,97,14,368,368,333,368,0.244565,1.000000,0,278
372,84,14,382,382,327,382,0.345550,1.000000,0,250
373,71,2,372,373,171,372,0.465054,1.000000,0,199
373,27,2,385,318,318,318,0.977987,0.990446,3,7
373,69,2,374,374,292,374,0.481283,1.000000,0,194
373,2,2,303,394,394,394,1.000000,1.000000,0,0
373,90,2,374,374,352,374,0.299465,1.000000,0,262
373,38,2,393,293,283,290,0.962069,1.000000,0,11
373,11,2,270,356,367,364,0.994505,0.991781,3,2
373,80,2,379,379,158,379,0.379947,1.000000,0,235
373,61,2,376,376,206,312,0.657051,1.000000,0,107
373,7,2,349,371,377,374,1.000000,0.989418,4,0
374,39,9,384,380,288,299,0.923077,1.000000,0,23
374,19,9,392,338,325,341,0.994135,0.997059,1,2
374,57,9,379,379,267,379,0.575198,1.000000,0,161
374,26,9,390,327,305,328,0.963415,0.996845,1,12
374,9,9,378,372,374,373,0.997319,1.000000,0,1
374,40,9,260,261,183,259,0.528958,0.503676,135,122
374,59,9,378,378,266,378,0.560847,1.000000,0,166
374,63,9,386,386,270,386,0.515544,1.000000,0,187
374,73,9,384,384,277,384,0.434896,1.000000,0,217
374,70,9,369,369,247,369,0.476965,1.000000,0,193
375,75,14,297,297,286,297,0.235690,0.437500,90,227
375,96,14,337,338,313,338,0.142012,0.516129,45,290
375,36,14,252,251,164,249,0.570281,0.498246,143,107
375,54,14,377,377,226,377,0.604775,1.000000,0,149
375,74,14,369,369,296,369,0.444444,1.000000,0,205
375,80,14,379,379,242,379,0.379947,1.000000,0,235
375,14,14,398,356,359,361,0.983380,0.997191,1,6
375,91,14,358,359,331,359,0.303621,1.000000,0,250
375,93,14,368,368,345,368,0.279891,1.000000,0,265
375,63,14,386,386,299,386,0.515544,1.000000,0,187
376,62,35,377,377,309,377,0.535809,1.000000,0,175
376,35,35,389,295,388,309,0.925566,0.993056,2,23
376,34,35,250,250,208,249,0.590361,0.503425,145,102
376,73,35,384,384,315,384,0.434896,1.000000,0,217
376,94,35,371,371,353,371,0.269542,1.000000,0,271
376,56,35,378,377,265,376,0.587766,1.000000,0,155
376,78,35,366,366,313,366,0.412568,1.000000,0,215
376,82,35,368,368,330,368,0.375000,1.000000,0,230
376,98,35,359,359,339,359,0.242340,1.000000,0,272
376,95,35,321,321,312,321,0.109034,0.364583,61,286
377,51,8,374,375,272,375,0.632000,1.000000,0,138
377,13,8,392,359,354,363,0.988981,1.000000,0,4
377,95,8,321,321,307,321,0.109034,0.364583,61,286
377,25,8,230,228,158,222,0.698198,0.484375,165,67
377,4,8,257,357,365,364,1.000000,0.938144,24,0
377,91,8,359,359,326,359,0.303621,1.000000,0,250
377,8,8,366,369,380,377,0.986737,0.992000,3,5
377,42,8,392,288,253,282,0.936170,0.992481,2,18
377,11,8,342,359,360,362,0.994475,0.986301,5,2
377,78,8,366,366,300,366,0.412568,1.000000,0,215
378,40,7,261,261,149,260,0.526923,0.503676,135,123
378,25,7,224,223,159,217,0.714286,0.484375,165,62
378,76,7,315,315,280,315,0.263492,0.528662,74,232
378,67,7,374,374,249,374,0.497326,1.000000,0,188
378,31,7,389,312,287,309,0.970874,0.996678,1,9
378,44,7,376,374,272,324,0.802469,1.000000,0,64
378,83,7,367,366,328,364,0.370879,1.000000,0,229
378,81,7,313,313,300,313,0.223642,0.496454,71,243
378,19,7,384,333,339,339,0.994100,0.991176,3,2
378,7,7,395,377,377,379,0.997361,1.000000,0,1
379,17,5,219,210,172,204,0.823529,0.485549,178,36
379,5,5,356,374,366,371,0.994609,0.960938,15,2
379,81,5,313,313,267,313,0.223642,0.496454,71,243
379,93,5,368,368,340,368,0.279891,1.000000,0,265
379,53,5,376,376,202,376,0.614362,1.000000,0,145
379,80,5,379,379,318,379,0.379947,1.000000,0,235
379,83,5,367,367,328,367,0.367847,1.000000,0,232
379,49,5,384,281,264,274,0.890511,1.000000,0,30
379,12,5,208,178,178,178,0.983146,0.483425,187,3
379,28,5,388,316,309,317,0.974763,0.993569,2,8
380,7,9,344,373,373,375,1.000000,0.992063,3,0
380,61,9,379,378,201,352,0.582386,1.000000,0,147
380,69,9,373,374,273,374,0.481283,1.000000,0,194
380,33,9,387,309,295,305,0.947541,0.979661,6,16
380,78,9,366,366,302,366,0.412568,1.000000,0,215
380,92,9,325,324,306,325,0.147692,0.452830,58,277
380,4,9,249,353,334,356,1.000000,0.917526,32,0
380,22,9,371,332,317,327,0.993884,0.984848,5,2
380,77,9,371,368,302,368,0.418478,1.000000,0,214
380,9,9,396,372,378,378,0.984127,1.000000,0,6
381,81,8,313,313,291,313,0.223642,0.496454,71,243
381,35,8,390,299,278,297,0.962963,0.993056,2,11
381,37,8,388,388,279,316,0.889241,0.996454,1,35
381,41,8,269,269,148,269,0.524164,0.524164,128,128
381,77,8,370,370,290,370,0.416216,1.000000,0,216
381,26,8,392,323,296,320,0.978125,0.987382,4,7
381,39,8,384,295,288,296,0.925676,0.992754,2,22
381,7,8,381,370,360,372,1.000000,0.984127,6,0
381,8,8,397,373,377,379,0.986807,0.997333,1,5
381,94,8,371,371,321,366,0.273224,1.000000,0,266
382,35,7,347,292,286,292,0.972603,0.986111,4,8
382,75,7,296,297,274,297,0.235690,0.437500,90,227
382,7,7,375,376,372,376,0.997340,0.992063,3,1
382,27,7,378,318,313,319,0.974922,0.990446,3,8
382,16,7,225,211,180,180,0.988889,0.510029,171,2
382,36,7,252,251,174,250,0.568000,0.498246,143,108
382,49,7,380,284,269,278,0.877698,1.000000,0,34
382,79,7,368,370,339,370,0.400000,1.000000,0,222
382,25,7,226,225,159,221,0.701357,0.484375,165,66
382,90,7,372,374,326,374,0.299465,1.000000,0,262
383,92,14,325,325,303,325,0.147692,0.452830,58,277
383,90,14,373,374,327,374,0.299465,1.000000,0,262
383,14,14,309,350,349,350,0.994286,0.977528,8,2
383,36,14,250,251,151,250,0.568000,0.498246,143,108
383,96,14,338,338,309,338,0.142012,0.516129,45,290
383,28,14,389,314,312,318,0.974843,0.996785,1,8
383,54,14,377,377,228,299,0.762542,1.000000,0,71
383,98,14,359,359,334,359,0.242340,1.000000,0,272
383,52,14,382,373,237,331,0.706949,1.000000,0,97
383,12,14,211,178,178,178,0.983146,0.483425,187,3
384,49,4,385,325,253,303,0.805281,1.000000,0,59
384,74,4,369,369,262,369,0.444444,1.000000,0,205
384,82,4,367,368,332,367,0.376022,1.000000,0,229
384,50,4,271,271,147,271,0.424354,0.479167,125,156
384,23,4,393,330,331,332,0.984940,1.000000,0,5
384,77,4,370,371,282,371,0.415094,1.000000,0,217
384,52,4,379,379,215,374,0.625668,1.000000,0,140
384,70,4,369,369,247,368,0.478261,1.000000,0,192
384,4,4,303,349,373,360,1.000000,0.927835,28,0
384,17,4,219,208,172,202,0.831683,0.485549,178,34
385,58,2,380,380,232,379,0.567282,1.000000,0,164
385,91,2,357,359,330,359,0.303621,1.000000,0,250
385,84,2,381,382,330,382,0.345550,1.000000,0,250
385,28,2,388,310,318,317,0.977918,0.996785,1,7
385,5,2,292,375,384,381,0.994751,0.986979,5,2
385,2,2,263,394,394,394,1.000000,1.000000,0,0
385,76,2,315,315,285,314,0.264331,0.528662,74,231
385,26,2,369,326,308,324,0.972222,0.993691,2,9
385,49,2,389,312,262,289,0.844291,1.000000,0,45
385,98,2,359,359,354,359,0.242340,1.000000,0,272
386,95,2,321,321,296,321,0.109034,0.364583,61,286
386,52,2,381,382,240,381,0.614173,1.000000,0,147
386,55,2,384,368,247,332,0.674699,1.000000,0,108
386,62,2,377,377,200,377,0.535809,1.000000,0,175
386,87,2,375,375,374,375,0.325333,1.000000,0,253
386,72,2,380,380,304,380,0.447368,1.000000,0,210
386,26,2,332,321,319,319,0.971787,0.977918,7,9
386,4,2,303,364,365,369,1.000000,0.951031,19,0
386,2,2,359,394,394,394,1.000000,1.000000,0,0
386,73,2,384,384,262,384,0.434896,1.000000,0,217
387,66,18,372,374,261,374,0.505348,1.000000,0,185
387,80,18,378,379,241,379,0.379947,1.000000,0,235
387,41,18,269,269,200,269,0.524164,0.524164,128,128
387,68,18,369,372,243,372,0.491935,1.000000,0,189
387,74,18,369,369,342,369,0.444444,1.000000,0,205
387,72,18,380,380,316,380,0.447368,1.000000,0,210
387,23,18,393,337,313,336,0.973214,1.000000,0,9
387,18,18,389,341,351,349,0.979943,0.997085,1,7
387,37,18,383,344,300,326,0.865031,1.000000,0,44
387,95,18,320,321,313,321,0.109034,0.364583,61,286
388,78,38,365,366,356,366,0.412568,1.000000,0,215
388,38,38,385,283,366,296,0.935811,0.992832,2,19
388,75,38,296,297,285,297,0.235690,0.437500,90,227
388,68,38,373,373,296,373,0.490617,1.000000,0,190
388,69,38,374,374,356,374,0.481283,1.000000,0,194
388,95,38,321,321,310,321,0.109034,0.364583,61,286
388,36,38,251,251,150,249,0.570281,0.498246,143,107
388,83,38,366,367,346,367,0.367847,1.000000,0,232
388,43,38,258,259,249,259,0.505792,0.498099,132,128
388,66,38,374,374,343,374,0.505348,1.000000,0,185
389,40,46,261,261,247,261,0.524904,0.503676,135,124
389,96,46,338,338,321,337,0.142433,0.516129,45,289
389,52,46,382,382,307,382,0.612565,1.000000,0,148
389,7,46,369,372,354,374,1.000000,0.989418,4,0
389,16,46,226,209,182,183,0.978142,0.512894,170,4
389,28,46,387,315,319,320,0.971875,1.000000,0,9
389,59,46,379,379,261,378,0.560847,1.000000,0,166
389,46,46,381,381,364,376,0.672872,1.000000,0,123
389,70,46,369,369,331,369,0.476965,1.000000,0,193
389,82,46,366,367,328,366,0.377049,1.000000,0,228
390,29,29,389,309,373,336,0.916667,1.000000,0,28
390,15,29,376,357,356,358,0.980447,0.997159,1,7
390,47,29,380,379,271,377,0.663130,1.000000,0,127
390,30,29,383,313,289,310,0.977419,0.996711,1,7
390,93,29,368,368,337,368,0.279891,1.000000,0,265
390,75,29,297,297,290,297,0.235690,0.437500,90,227
390,14,29,362,357,340,354,0.991525,0.985955,5,3
390,19,29,389,336,317,339,0.994100,0.991176,3,2
390,85,29,363,363,346,363,0.352617,1.000000,0,235
390,33,29,387,308,287,304,0.957237,0.986441,4,13
391,66,1,374,374,154,374,0.505348,1.000000,0,185
391,1,1,238,371,388,389,1.000000,0.979849,8,0
391,12,1,206,177,180,177,0.983051,0.480663,188,3
391,6,1,303,357,379,365,0.997260,0.955381,17,1
391,37,1,388,388,298,388,0.726804,1.000000,0,106
391,34,1,250,247,153,244,0.602459,0.503425,145,97
391,11,1,198,183,181,182,0.994505,0.495890,184,1
391,47,1,380,379,250,337,0.741840,1.000000,0,87
391,92,1,322,325,290,325,0.147692,0.452830,58,277
391,13,1,364,359,352,360,0.994444,0.997214,1,2
392,25,3,230,228,164,226,0.685841,0.484375,165,71
392,54,3,377,377,234,353,0.645892,1.000000,0,125
392,42,3,336,269,266,274,0.948905,0.977444,6,14
392,58,3,378,380,236,377,0.570292,1.000000,0,162
392,92,3,325,325,234,325,0.147692,0.452830,58,277
392,84,3,381,382,248,382,0.345550,1.000000,0,250
392,80,3,379,379,171,379,0.379947,1.000000,0,235
392,78,3,366,366,239,366,0.412568,1.000000,0,215
392,49,3,386,289,270,278,0.874101,0.995902,1,35
392,3,3,397,383,390,391,0.994885,0.994885,2,2
393,39,8,378,293,283,289,0.937716,0.981884,5,18
393,93,8,368,368,329,368,0.279891,1.000000,0,265
393,97,8,366,368,318,368,0.244565,1.000000,0,278
393,8,8,286,368,372,371,0.997305,0.986667,5,1
393,52,8,382,380,212,329,0.711246,1.000000,0,95
393,28,8,387,315,296,316,0.981013,0.996785,1,6
393,5,8,244,361,281,336,0.991071,0.867188,51,3
393,90,8,374,374,326,374,0.299465,1.000000,0,262
393,77,8,371,371,315,371,0.415094,1.000000,0,217
393,55,8,382,383,217,358,0.625698,1.000000,0,134
394,21,18,391,339,321,339,0.976401,0.993994,2,8
394,50,18,271,271,231,271,0.424354,0.479167,125,156
394,66,18,374,374,277,374,0.505348,1.000000,0,185
394,76,18,315,315,266,315,0.263492,0.528662,74,232
394,56,18,379,380,270,379,0.583113,1.000000,0,158
394,78,18,366,366,332,366,0.412568,1.000000,0,215
394,11,18,353,344,320,358,0.994413,0.975342,9,2
394,45,18,382,348,281,326,0.785276,1.000000,0,70
394,40,18,261,260,223,259,0.528958,0.503676,135,122
394,18,18,393,339,391,390,0.879487,1.000000,0,47
395,31,6,385,306,295,309,0.974110,1.000000,0,8
395,39,6,384,376,291,302,0.913907,1.000000,0,26
395,15,6,362,349,358,354,0.983051,0.988636,4,6
395,22,6,353,324,323,323,0.993808,0.972727,9,2
395,96,6,337,338,303,338,0.142012,0.516129,45,290
395,77,6,371,371,311,370,0.416216,1.000000,0,216
395,94,6,371,371,344,371,0.269542,1.000000,0,271
395,79,6,370,371,329,370,0.400000,1.000000,0,222
395,80,6,373,379,285,379,0.379947,1.000000,0,235
395,6,6,316,373,378,376,0.994681,0.981627,7,2
396,2,2,241,394,394,394,1.000000,1.000000,0,0
396,7,2,363,373,376,377,1.000000,0.997354,1,0
396,36,2,251,251,179,246,0.577236,0.498246,143,104
396,30,2,382,313,305,315,0.965079,1.000000,0,11
396,44,2,376,376,263,374,0.695187,1.000000,0,114
396,84,2,382,382,317,382,0.345550,1.000000,0,250
396,39,2,383,381,292,300,0.920000,1.000000,0,24
396,29,2,390,310,308,308,1.000000,1.000000,0,0
396,1,2,241,370,355,366,1.000000,0.921914,31,0
396,48,2,272,272,132,270,0.470370,0.514170,120,143
397,88,3,367,367,124,367,0.324251,1.000000,0,248
397,6,3,316,366,362,368,1.000000,0.965879,13,0
397,61,3,378,379,152,375,0.546667,1.000000,0,170
