epoch,target_client,best_net2_client,scoreA_count,fedrn_clean_count,bestnet2_clean_count,final_clean_count,final_precision,final_recall,missed_clean,false_clean
100,98,0,145,184,158,184,0.326087,0.689655,27,124
100,68,0,142,203,206,203,0.886700,0.983607,3,23
100,67,0,154,216,215,216,0.810185,0.940860,11,41
100,37,0,242,286,299,286,0.954545,0.968085,9,13
100,72,0,228,229,196,229,0.733624,0.988235,2,61
100,59,0,201,177,214,177,0.819209,0.683962,67,32
100,0,0,284,345,320,345,1.000000,0.862500,55,0
100,58,0,246,216,223,216,0.898148,0.902326,21,22
100,4,0,247,355,390,355,0.997183,0.912371,34,1
100,6,0,190,190,190,190,0.994737,0.496063,192,1
101,72,60,173,241,265,241,0.688797,0.976471,4,75
101,41,60,139,140,151,140,0.957143,0.498141,135,6
101,60,60,215,208,264,208,1.000000,1.000000,0,0
101,94,60,186,229,263,229,0.388646,0.890000,11,140
101,11,60,226,359,361,359,0.997214,0.980822,7,1
101,88,60,162,183,169,183,0.612022,0.941176,7,71
101,39,60,211,279,265,279,0.924731,0.934783,18,21
101,70,60,136,177,175,177,0.870056,0.875000,22,23
101,62,60,229,192,187,192,0.963542,0.915842,17,7
101,47,60,235,245,245,245,0.971429,0.952000,12,7
102,18,62,324,322,323,322,1.000000,0.938776,21,0
102,85,62,247,263,281,263,0.479087,0.984375,2,137
102,68,62,271,184,228,184,0.945652,0.950820,9,10
102,84,62,244,209,250,209,0.622010,0.984848,2,79
102,79,62,207,188,231,188,0.771277,0.979730,3,43
102,8,62,329,366,356,366,1.000000,0.976000,9,0
102,62,62,250,194,198,194,0.974227,0.935644,13,5
102,44,62,212,228,267,228,0.969298,0.850000,39,7
102,99,62,229,232,265,232,0.362069,1.000000,0,148
102,70,62,248,175,236,175,0.960000,0.954545,8,7
103,0,0,238,363,354,363,1.000000,0.907500,37,0
103,14,0,297,344,357,344,1.000000,0.966292,12,0
103,90,0,177,170,146,170,0.658824,1.000000,0,58
103,42,0,181,141,148,141,0.921986,0.488722,136,11
103,38,0,157,143,150,143,0.979021,0.501792,139,3
103,24,0,184,158,163,158,0.968354,0.472222,171,5
103,28,0,160,160,162,160,0.981250,0.504823,154,3
103,77,0,161,170,88,170,0.552941,0.610390,60,76
103,8,0,371,367,369,367,1.000000,0.978667,8,0
103,56,0,169,158,114,158,0.772152,0.552036,99,36
104,91,9,255,257,274,257,0.412451,0.972477,3,151
104,9,9,250,372,372,372,1.000000,1.000000,0,0
104,75,9,179,196,217,196,0.357143,0.437500,90,126
104,79,9,229,227,206,227,0.621145,0.952703,7,86
104,48,9,103,212,208,212,0.514151,0.441296,138,103
104,0,9,202,321,318,321,1.000000,0.802500,79,0
104,70,9,222,173,179,173,0.953757,0.937500,11,8
104,86,9,162,230,242,230,0.252174,0.464000,67,172
104,67,9,128,99,103,99,0.878788,0.467742,99,12
104,84,9,241,229,255,229,0.572052,0.992424,1,98
105,84,9,273,253,228,253,0.517787,0.992424,1,122
105,13,9,330,346,352,346,0.994220,0.958217,15,2
105,58,9,263,262,177,262,0.690840,0.841860,34,81
105,9,9,280,372,372,372,1.000000,1.000000,0,0
105,71,9,245,217,184,217,0.760369,0.953757,8,52
105,45,9,178,126,130,126,0.976190,0.480469,133,3
105,78,9,251,223,280,223,0.448430,0.662252,51,123
105,48,9,192,197,168,197,0.644670,0.514170,120,70
105,41,9,231,146,151,146,0.965753,0.524164,128,5
105,56,9,314,224,227,224,0.968750,0.981900,4,7
106,38,31,312,260,284,260,0.976923,0.910394,25,6
106,32,31,332,298,286,298,0.986577,0.986577,4,4
106,11,31,171,180,181,180,0.994444,0.490411,186,1
106,72,31,287,232,199,232,0.728448,0.994118,1,63
106,31,31,339,301,284,301,0.976744,0.976744,7,7
106,91,31,301,305,172,305,0.350820,0.981651,2,198
106,44,31,287,257,260,257,0.953307,0.942308,15,12
106,99,31,261,279,283,279,0.293907,0.976190,2,197
106,66,31,311,254,197,254,0.744094,1.000000,0,65
106,62,31,310,203,260,203,0.960591,0.965347,7,8
107,61,61,304,279,197,279,0.716846,0.975610,5,79
107,22,61,313,319,323,319,1.000000,0.966667,11,0
107,99,61,286,303,347,303,0.273927,0.988095,1,220
107,88,61,252,173,158,173,0.687861,1.000000,0,54
107,66,61,272,272,168,272,0.694853,1.000000,0,83
107,70,61,308,248,170,248,0.697581,0.982955,3,75
107,3,61,314,359,367,359,1.000000,0.918159,32,0
107,19,61,291,314,339,314,0.993631,0.917647,28,2
107,21,61,340,327,337,327,0.978593,0.960961,13,7
107,37,61,322,282,294,282,0.968085,0.968085,9,9
108,96,64,295,313,334,313,0.153355,0.516129,45,265
108,42,64,298,253,273,253,0.960474,0.913534,23,10
108,93,64,232,210,246,210,0.490476,1.000000,0,107
108,38,64,280,275,280,275,0.981818,0.967742,9,5
108,64,64,318,227,193,227,0.850220,0.984694,3,34
108,36,64,224,150,148,150,0.946667,0.498246,143,8
108,58,64,313,228,203,228,0.903509,0.958140,9,22
108,81,64,203,237,158,237,0.282700,0.475177,74,170
108,0,64,261,363,317,363,1.000000,0.907500,37,0
108,59,64,281,197,214,197,0.979695,0.910377,19,4
109,16,64,215,181,180,181,0.988950,0.512894,170,2
109,99,64,299,320,341,320,0.259375,0.988095,1,237
109,92,64,262,288,302,288,0.166667,0.452830,58,240
109,67,64,259,181,183,181,0.889503,0.865591,25,20
109,48,64,253,222,190,222,0.572072,0.514170,120,95
109,44,64,296,251,256,251,0.980080,0.946154,14,5
109,45,64,248,259,260,259,0.938224,0.949219,13,16
109,64,64,260,191,198,191,0.984293,0.959184,8,3
109,82,64,278,269,210,269,0.509294,0.992754,1,132
109,10,64,205,189,191,189,0.984127,0.505435,182,3
110,66,0,323,220,194,220,0.854545,0.994709,1,32
110,39,0,280,274,292,274,0.945255,0.938406,17,15
110,0,0,232,357,350,357,1.000000,0.892500,43,0
110,21,0,334,324,336,324,0.984568,0.957958,14,5
110,35,0,328,276,277,276,0.989130,0.947917,15,3
110,26,0,179,299,164,299,0.949833,0.895899,33,15
110,33,0,320,284,302,284,0.975352,0.938983,18,7
110,46,0,330,246,249,246,0.987805,0.960474,10,3
110,63,0,317,202,207,202,0.925743,0.939698,12,15
110,87,0,324,304,319,304,0.398026,0.991803,1,183
111,75,60,274,273,276,273,0.256410,0.437500,90,203
111,60,60,276,208,209,208,1.000000,1.000000,0,0
111,84,60,322,350,211,350,0.371429,0.984848,2,220
111,7,60,310,369,378,369,1.000000,0.976190,9,0
111,96,60,317,313,327,313,0.153355,0.516129,45,265
111,38,60,278,270,278,270,0.985185,0.953405,13,4
111,62,60,313,192,227,192,0.973958,0.925743,15,5
111,69,60,292,230,238,230,0.769565,0.983333,3,53
111,72,60,346,286,234,286,0.587413,0.988235,2,118
111,99,60,332,347,351,347,0.242075,1.000000,0,263
112,36,2,235,189,148,189,0.751323,0.498246,143,47
112,58,2,343,221,217,221,0.927602,0.953488,10,16
112,75,2,287,278,256,278,0.251799,0.437500,90,208
112,89,2,306,312,169,312,0.371795,1.000000,0,196
112,77,2,364,366,187,366,0.420765,1.000000,0,212
112,2,2,284,394,394,394,1.000000,1.000000,0,0
112,32,2,352,272,307,272,0.981618,0.895973,31,5
112,83,2,308,312,231,312,0.432692,1.000000,0,177
112,8,2,296,365,371,365,1.000000,0.973333,10,0
112,42,2,278,253,290,253,0.964427,0.917293,22,9
113,8,8,360,371,367,371,0.997305,0.986667,5,1
113,92,8,296,309,297,309,0.155340,0.452830,58,261
113,11,8,327,363,364,363,0.997245,0.991781,3,1
113,14,8,213,197,182,197,0.979695,0.542135,163,4
113,74,8,352,301,211,301,0.534884,0.981707,3,140
113,39,8,332,286,280,286,0.933566,0.967391,9,19
113,57,8,343,255,244,255,0.831373,0.972477,6,43
113,48,8,259,249,180,249,0.510040,0.514170,120,122
113,93,8,293,333,324,333,0.309309,1.000000,0,230
113,97,8,348,362,315,362,0.248619,1.000000,0,272
114,33,0,333,289,301,289,0.972318,0.952542,14,8
114,82,0,332,361,197,361,0.382271,1.000000,0,223
114,25,0,223,157,159,157,0.987261,0.484375,165,2
114,38,0,257,272,294,272,0.974265,0.949821,14,7
114,0,0,253,353,313,353,1.000000,0.882500,47,0
114,93,0,347,352,338,352,0.292614,1.000000,0,249
114,31,0,377,299,308,299,0.983278,0.976744,7,5
114,3,0,258,372,391,372,0.997312,0.948849,20,1
114,26,0,346,311,326,311,0.977492,0.958991,13,7
114,68,0,360,328,170,328,0.548780,0.983607,3,148
115,60,60,355,208,291,208,1.000000,1.000000,0,0
115,30,60,366,306,294,306,0.970588,0.976974,7,9
115,91,60,354,356,356,356,0.306180,1.000000,0,247
115,1,60,182,197,197,197,1.000000,0.496222,200,0
115,14,60,331,346,359,346,0.997110,0.969101,11,1
115,9,60,339,372,372,372,1.000000,1.000000,0,0
115,82,60,360,366,304,366,0.377049,1.000000,0,228
115,24,60,328,321,327,321,0.968847,0.959877,13,10
115,71,60,362,189,356,189,0.888889,0.971098,5,21
115,6,60,213,339,316,339,0.997050,0.887139,43,1
116,32,2,376,297,297,297,0.986532,0.983221,5,4
116,57,2,372,245,224,245,0.873469,0.981651,4,31
116,98,2,356,357,329,357,0.243697,1.000000,0,270
116,59,2,355,231,200,231,0.870130,0.948113,11,30
116,54,2,341,225,235,225,0.982222,0.969298,7,4
116,25,2,228,160,159,160,0.968750,0.484375,165,5
116,45,2,360,252,261,252,0.976190,0.960938,10,6
116,36,2,243,215,148,215,0.660465,0.498246,143,73
116,2,2,275,394,394,394,1.000000,1.000000,0,0
116,71,2,269,173,175,173,0.971098,0.971098,5,5
117,50,3,270,271,170,271,0.424354,0.479167,125,156
117,80,3,372,374,247,374,0.385027,1.000000,0,230
117,55,3,377,261,247,261,0.839080,0.977679,5,42
117,90,3,314,343,340,343,0.326531,1.000000,0,231
117,1,3,253,369,342,369,1.000000,0.929471,28,0
117,4,3,272,360,363,360,1.000000,0.927835,28,0
117,95,3,319,321,287,321,0.109034,0.364583,61,286
117,3,3,362,386,387,386,1.000000,0.987212,5,0
117,38,3,332,273,287,273,0.981685,0.960573,11,5
117,54,3,294,221,202,221,0.990950,0.960526,9,2
118,83,8,358,356,324,356,0.379213,1.000000,0,221
118,99,8,361,363,338,363,0.231405,1.000000,0,279
118,62,8,375,298,219,298,0.674497,0.995050,1,97
118,95,8,321,321,292,321,0.109034,0.364583,61,286
118,8,8,363,372,373,372,1.000000,0.992000,3,0
118,10,8,216,191,189,191,0.984293,0.510870,180,3
118,44,8,361,267,249,267,0.958801,0.984615,4,11
118,56,8,369,276,236,276,0.800725,1.000000,0,55
118,59,8,331,208,195,208,0.966346,0.948113,11,7
118,97,8,359,367,328,367,0.245232,1.000000,0,277
119,76,62,310,309,307,309,0.268608,0.528662,74,226
119,78,62,361,366,352,366,0.412568,1.000000,0,215
119,42,62,313,271,279,271,0.944649,0.962406,10,15
119,38,62,158,148,151,148,0.972973,0.516129,135,4
119,21,62,354,328,331,328,0.984756,0.969970,10,5
119,15,62,173,192,192,192,0.979167,0.534091,164,4
119,62,62,293,202,271,202,0.970297,0.970297,6,6
119,85,62,359,362,346,362,0.353591,1.000000,0,234
119,25,62,227,160,160,160,0.968750,0.484375,165,5
119,63,62,367,244,228,244,0.807377,0.989950,2,47
120,24,70,369,329,323,329,0.975684,0.990741,3,8
120,32,70,380,297,298,297,0.993266,0.989933,3,2
120,77,70,371,371,370,371,0.415094,1.000000,0,217
120,55,70,378,312,261,312,0.717949,1.000000,0,88
120,33,70,353,282,295,282,0.978723,0.935593,19,6
120,49,70,314,249,260,249,0.959839,0.979508,5,10
120,12,70,211,178,178,178,0.983146,0.483425,187,3
120,53,70,331,232,239,232,0.956897,0.961039,9,10
120,70,70,369,368,369,368,0.478261,1.000000,0,192
120,86,70,312,313,310,313,0.188498,0.472000,66,254
121,91,1,358,359,326,359,0.303621,1.000000,0,250
121,41,1,269,257,144,257,0.548638,0.524164,128,116
121,77,1,371,371,237,371,0.415094,1.000000,0,217
121,54,1,375,225,226,225,0.982222,0.969298,7,4
121,27,1,322,317,319,317,0.977918,0.987261,4,7
121,1,1,306,372,372,372,1.000000,0.937028,25,0
121,62,1,363,199,192,199,0.974874,0.960396,8,5
121,86,1,311,313,276,313,0.188498,0.472000,66,254
121,45,1,365,258,229,258,0.972868,0.980469,5,7
121,75,1,296,296,280,296,0.236486,0.437500,90,226
122,42,9,342,267,283,267,0.955056,0.958647,11,12
122,78,9,366,366,192,366,0.412568,1.000000,0,215
122,9,9,355,372,372,372,1.000000,1.000000,0,0
122,40,9,260,259,186,259,0.528958,0.503676,135,122
122,95,9,320,321,322,321,0.109034,0.364583,61,286
122,60,9,381,212,208,212,0.976415,0.995192,1,5
122,30,9,377,304,306,304,0.976974,0.976974,7,7
122,20,9,361,337,346,337,0.979228,0.982143,6,7
122,38,9,379,279,288,279,0.978495,0.978495,6,6
122,39,9,383,287,287,287,0.947735,0.985507,4,15
123,20,61,284,304,332,304,0.983553,0.889881,37,5
123,61,61,380,217,204,217,0.935484,0.990244,2,14
123,81,61,313,312,313,312,0.224359,0.496454,71,242
123,69,61,353,212,257,212,0.844340,0.994444,1,33
123,95,61,321,321,321,321,0.109034,0.364583,61,286
123,3,61,173,194,194,194,1.000000,0.496164,197,0
123,18,61,315,330,332,330,0.996970,0.959184,14,1
123,82,61,366,368,348,368,0.375000,1.000000,0,230
123,77,61,369,368,351,368,0.418478,1.000000,0,214
123,96,61,338,338,338,338,0.142012,0.516129,45,290
124,86,29,314,314,311,314,0.187898,0.472000,66,255
124,79,29,371,370,207,370,0.400000,1.000000,0,222
124,29,29,366,307,307,307,1.000000,0.996753,1,0
124,78,29,366,366,225,366,0.412568,1.000000,0,215
124,19,29,214,318,313,318,0.990566,0.926471,25,3
124,12,29,210,178,178,178,0.983146,0.483425,187,3
124,0,29,309,339,336,339,1.000000,0.847500,61,0
124,32,29,380,295,297,295,0.989831,0.979866,6,3
124,44,29,376,265,269,265,0.962264,0.980769,5,10
124,95,29,321,321,320,321,0.109034,0.364583,61,286
125,19,46,360,337,317,337,0.994065,0.985294,5,2
125,21,46,375,334,342,334,0.979042,0.981982,6,7
125,46,46,332,257,244,257,0.980545,0.996047,1,5
125,58,46,376,244,258,244,0.872951,0.990698,2,31
125,45,46,382,269,258,269,0.944238,0.992188,2,15
125,11,46,272,350,364,350,1.000000,0.958904,15,0
125,78,46,366,366,345,366,0.412568,1.000000,0,215
125,68,46,373,373,178,373,0.490617,1.000000,0,190
125,4,46,249,365,370,365,1.000000,0.940722,23,0
125,80,46,374,332,337,332,0.433735,1.000000,0,188
126,79,56,357,369,360,369,0.401084,1.000000,0,221
126,66,56,373,233,237,233,0.811159,1.000000,0,44
126,56,56,376,258,219,258,0.848837,0.990950,2,39
126,21,56,241,317,321,317,0.981073,0.933934,22,6
126,91,56,358,359,359,359,0.303621,1.000000,0,250
126,48,56,272,272,260,272,0.466912,0.514170,120,145
126,5,56,243,308,209,308,0.993506,0.796875,78,2
126,72,56,380,380,353,380,0.447368,1.000000,0,210
126,45,56,313,258,256,258,0.968992,0.976562,6,8
126,35,56,370,293,276,293,0.965870,0.982639,5,10
127,19,29,357,324,333,324,0.993827,0.947059,18,2
127,61,29,380,380,221,380,0.539474,1.000000,0,175
127,66,29,374,353,204,353,0.535411,1.000000,0,164
127,62,29,377,303,198,303,0.666667,1.000000,0,101
127,29,29,374,304,305,304,1.000000,0.987013,4,0
127,17,29,218,172,172,172,0.976744,0.485549,178,4
127,52,29,382,232,232,232,0.974138,0.965812,8,6
127,92,29,326,325,321,325,0.147692,0.452830,58,277
127,77,29,370,371,357,371,0.415094,1.000000,0,217
127,83,29,367,367,364,367,0.367847,1.000000,0,232
128,81,26,309,313,308,313,0.223642,0.496454,71,243
128,25,26,230,216,160,216,0.717593,0.484375,165,61
128,16,26,226,180,180,180,0.994444,0.512894,170,1
128,36,26,251,223,231,223,0.636771,0.498246,143,81
128,56,26,379,231,220,231,0.943723,0.986425,3,13
128,26,26,378,321,308,321,0.975078,0.987382,4,8
128,43,26,259,259,222,259,0.505792,0.498099,132,128
128,35,26,375,287,287,287,0.979094,0.975694,7,6
128,78,26,366,366,298,366,0.412568,1.000000,0,215
128,95,26,321,321,313,321,0.109034,0.364583,61,286
129,99,14,374,374,364,374,0.224599,1.000000,0,290
129,26,14,362,317,307,317,0.971609,0.971609,9,9
129,62,14,377,375,202,375,0.538667,1.000000,0,173
129,14,14,259,352,318,352,0.991477,0.980337,7,3
129,87,14,372,375,357,375,0.325333,1.000000,0,253
129,73,14,384,358,203,358,0.466480,1.000000,0,191
129,13,14,192,183,185,183,0.989071,0.504178,178,2
129,84,14,327,358,274,358,0.368715,1.000000,0,226
129,68,14,374,372,185,372,0.491935,1.000000,0,189
129,53,14,376,252,234,252,0.908730,0.991342,2,23
130,18,2,393,338,344,338,0.997041,0.982507,6,1
130,95,2,321,321,298,321,0.109034,0.364583,61,286
130,33,2,372,298,302,298,0.963087,0.972881,8,11
130,54,2,376,232,235,232,0.948276,0.964912,8,12
130,19,2,382,338,343,338,0.994083,0.988235,4,2
130,41,2,268,269,151,269,0.524164,0.524164,128,128
130,75,2,297,297,271,297,0.235690,0.437500,90,227
130,8,2,379,374,370,374,0.997326,0.994667,2,1
130,40,2,261,261,146,261,0.524904,0.503676,135,124
130,2,2,267,394,394,394,1.000000,1.000000,0,0
131,48,0,272,272,250,272,0.466912,0.514170,120,145
131,26,0,370,319,322,319,0.981191,0.987382,4,6
131,23,0,365,330,334,330,0.990909,1.000000,0,3
131,52,0,371,226,237,226,0.982301,0.948718,12,4
131,70,0,369,369,267,369,0.476965,1.000000,0,193
131,71,0,373,367,173,367,0.471390,1.000000,0,194
131,86,0,314,314,289,314,0.187898,0.472000,66,255
131,50,0,271,271,265,271,0.424354,0.479167,125,156
131,96,0,337,338,306,338,0.142012,0.516129,45,290
131,0,0,207,357,296,357,1.000000,0.892500,43,0
132,86,2,313,314,287,314,0.187898,0.472000,66,255
132,78,2,366,366,205,366,0.412568,1.000000,0,215
132,12,2,210,178,178,178,0.983146,0.483425,187,3
132,46,2,382,259,246,259,0.976834,1.000000,0,6
132,65,2,293,293,272,293,0.327645,0.500000,96,197
132,93,2,368,368,364,368,0.279891,1.000000,0,265
132,35,2,373,293,297,293,0.965870,0.982639,5,10
132,82,2,368,368,272,368,0.375000,1.000000,0,230
132,87,2,374,375,364,375,0.325333,1.000000,0,253
132,2,2,288,394,394,394,1.000000,1.000000,0,0
133,0,0,269,316,317,316,1.000000,0.790000,84,0
133,26,0,187,206,166,206,0.966019,0.627760,118,7
133,73,0,384,384,165,384,0.434896,1.000000,0,217
133,33,0,386,301,304,301,0.963455,0.983051,5,11
133,45,0,382,265,265,265,0.950943,0.984375,4,13
133,78,0,366,366,366,366,0.412568,1.000000,0,215
133,79,0,370,371,290,371,0.398922,1.000000,0,223
133,9,0,373,372,372,372,1.000000,1.000000,0,0
133,83,0,364,366,365,366,0.368852,1.000000,0,231
133,88,0,365,367,277,367,0.324251,1.000000,0,248
134,97,6,367,368,332,368,0.244565,1.000000,0,278
134,73,6,384,381,181,381,0.438320,1.000000,0,214
134,6,6,354,372,372,372,0.997312,0.973753,10,1
134,76,6,314,315,280,315,0.263492,0.528662,74,232
134,51,6,374,374,252,374,0.633690,1.000000,0,137
134,8,6,397,375,367,375,0.997333,0.997333,1,1
134,17,6,217,172,172,172,0.976744,0.485549,178,4
134,30,6,381,308,306,308,0.974026,0.986842,4,8
134,61,6,379,380,194,380,0.539474,1.000000,0,175
134,86,6,314,314,289,314,0.187898,0.472000,66,255
135,56,47,380,379,218,379,0.583113,1.000000,0,158
135,89,47,368,368,362,368,0.315217,1.000000,0,252
135,46,47,383,257,248,257,0.984436,1.000000,0,4
135,43,47,259,259,138,259,0.505792,0.498099,132,128
135,65,47,294,294,287,294,0.326531,0.500000,96,198
135,25,47,230,227,159,227,0.682819,0.484375,165,72
135,74,47,369,369,150,369,0.444444,1.000000,0,205
135,28,47,389,316,317,316,0.977848,0.993569,2,7
135,44,47,377,366,266,366,0.710383,1.000000,0,106
135,47,47,380,255,235,255,0.968627,0.988000,3,8
136,99,38,374,374,364,374,0.224599,1.000000,0,290
136,70,38,369,369,336,369,0.476965,1.000000,0,193
136,67,38,374,374,316,374,0.497326,1.000000,0,188
136,90,38,374,374,362,374,0.299465,1.000000,0,262
136,38,38,368,283,269,283,0.971731,0.985663,4,8
136,51,38,375,375,218,375,0.632000,1.000000,0,138
136,11,38,330,367,364,367,0.994550,1.000000,0,2
136,81,38,312,313,309,313,0.223642,0.496454,71,243
136,83,38,367,367,361,367,0.367847,1.000000,0,232
136,58,38,380,223,246,223,0.937220,0.972093,6,14
137,70,60,369,369,328,369,0.476965,1.000000,0,193
137,3,60,366,387,383,387,1.000000,0.989770,4,0
137,71,60,373,372,311,372,0.465054,1.000000,0,199
137,68,60,374,374,196,374,0.489305,1.000000,0,191
137,39,60,384,291,280,291,0.941581,0.992754,2,17
137,62,60,377,377,229,377,0.535809,1.000000,0,175
137,33,60,387,302,303,302,0.960265,0.983051,5,12
137,67,60,373,374,349,374,0.497326,1.000000,0,188
137,66,60,374,374,282,374,0.505348,1.000000,0,185
137,60,60,384,209,383,209,0.980861,0.985577,3,4
138,0,0,253,316,337,316,1.000000,0.790000,84,0
138,90,0,374,374,346,374,0.299465,1.000000,0,262
138,77,0,371,371,342,371,0.415094,1.000000,0,217
138,83,0,367,367,368,367,0.367847,1.000000,0,232
138,49,0,389,276,254,276,0.884058,1.000000,0,32
138,85,0,363,363,280,363,0.352617,1.000000,0,235
138,54,0,377,373,232,373,0.611260,1.000000,0,145
138,1,0,181,197,197,197,1.000000,0.496222,200,0
138,34,0,250,250,153,250,0.588000,0.503425,145,103
138,42,0,393,277,281,277,0.942238,0.981203,5,16
139,81,29,313,313,313,313,0.223642,0.496454,71,243
139,38,29,320,285,287,285,0.964912,0.985663,4,10
139,89,29,368,368,363,368,0.315217,1.000000,0,252
139,16,29,226,186,180,186,0.962366,0.512894,170,7
139,85,29,363,363,354,363,0.352617,1.000000,0,235
139,45,29,382,263,261,263,0.961977,0.988281,3,10
139,57,29,379,379,233,379,0.575198,1.000000,0,161
139,29,29,388,308,308,308,1.000000,1.000000,0,0
139,13,29,377,354,345,354,0.994350,0.980501,7,2
139,75,29,297,297,296,297,0.235690,0.437500,90,227
140,16,9,226,212,180,212,0.844340,0.512894,170,33
140,54,9,377,376,237,376,0.606383,1.000000,0,148
140,97,9,368,368,365,368,0.244565,1.000000,0,278
140,37,9,388,296,291,296,0.949324,0.996454,1,15
140,68,9,374,374,198,374,0.489305,1.000000,0,191
140,60,9,384,214,205,214,0.962617,0.990385,2,8
140,7,9,394,378,368,378,1.000000,1.000000,0,0
140,9,9,391,372,372,372,1.000000,1.000000,0,0
140,0,9,232,324,320,324,1.000000,0.810000,76,0
140,2,9,274,394,394,394,1.000000,1.000000,0,0
141,43,52,259,259,237,259,0.505792,0.498099,132,128
141,47,52,379,255,247,255,0.972549,0.992000,2,7
141,75,52,296,297,297,297,0.235690,0.437500,90,227
141,33,52,384,303,287,303,0.963696,0.989831,3,11
141,82,52,368,368,362,368,0.375000,1.000000,0,230
141,73,52,384,384,230,384,0.434896,1.000000,0,217
141,99,52,373,374,373,374,0.224599,1.000000,0,290
141,52,52,382,234,307,234,0.965812,0.965812,8,8
141,17,52,219,172,172,172,0.976744,0.485549,178,4
141,86,52,314,314,314,314,0.187898,0.472000,66,255
142,10,4,219,191,189,191,0.984293,0.510870,180,3
142,93,4,368,368,335,368,0.279891,1.000000,0,265
142,5,4,295,371,381,371,1.000000,0.966146,13,0
142,12,4,211,178,178,178,0.983146,0.483425,187,3
142,4,4,296,366,369,366,1.000000,0.943299,22,0
142,34,4,250,249,150,249,0.590361,0.503425,145,102
142,77,4,371,371,287,371,0.415094,1.000000,0,217
142,63,4,373,283,211,283,0.703180,1.000000,0,84
142,11,4,397,365,367,365,0.994521,0.994521,2,2
142,56,4,380,244,227,244,0.901639,0.995475,1,24
143,18,2,392,341,343,341,0.997067,0.991254,3,1
143,69,2,374,374,199,374,0.481283,1.000000,0,194
143,51,2,375,375,246,375,0.632000,1.000000,0,138
143,1,2,285,397,397,397,1.000000,1.000000,0,0
143,43,2,259,259,186,259,0.505792,0.498099,132,128
143,2,2,297,394,394,394,1.000000,1.000000,0,0
143,3,2,386,389,391,389,1.000000,0.994885,2,0
143,86,2,314,314,288,314,0.187898,0.472000,66,255
143,12,2,211,178,178,178,0.983146,0.483425,187,3
143,44,2,375,260,261,260,0.965385,0.965385,9,9
144,65,52,294,294,290,294,0.326531,0.500000,96,198
144,14,52,236,345,353,345,0.982609,0.952247,17,6
144,52,52,341,236,237,236,0.966102,0.974359,6,8
144,13,52,365,354,352,354,0.994350,0.980501,7,2
144,4,52,260,351,334,351,1.000000,0.904639,37,0
144,53,52,376,347,221,347,0.665706,1.000000,0,116
144,81,52,313,313,312,313,0.223642,0.496454,71,243
144,97,52,367,367,365,367,0.245232,1.000000,0,277
144,82,52,368,368,348,368,0.375000,1.000000,0,230
144,66,52,374,374,319,374,0.505348,1.000000,0,185
145,73,29,384,384,209,384,0.434896,1.000000,0,217
145,29,29,361,308,307,308,1.000000,1.000000,0,0
145,41,29,269,269,218,269,0.524164,0.524164,128,128
145,60,29,383,207,211,207,0.980676,0.975962,5,4
145,88,29,366,367,345,367,0.324251,1.000000,0,248
145,12,29,211,178,178,178,0.983146,0.483425,187,3
145,66,29,374,374,256,374,0.505348,1.000000,0,185
145,64,29,372,250,261,250,0.784000,1.000000,0,54
145,72,29,380,380,335,380,0.447368,1.000000,0,210
145,84,29,382,382,332,382,0.345550,1.000000,0,250
146,44,64,377,262,262,262,0.965649,0.973077,7,9
146,48,64,272,272,273,272,0.466912,0.514170,120,145
146,69,64,374,374,318,374,0.481283,1.000000,0,194
146,59,64,379,377,217,377,0.562334,1.000000,0,165
146,64,64,372,372,372,372,0.526882,1.000000,0,176
146,92,64,325,325,325,325,0.147692,0.452830,58,277
146,73,64,384,384,238,384,0.434896,1.000000,0,217
146,90,64,374,374,373,374,0.299465,1.000000,0,262
146,22,64,394,331,331,331,0.996979,1.000000,0,1
146,43,64,259,259,257,259,0.505792,0.498099,132,128
147,45,14,382,381,246,381,0.671916,1.000000,0,125
147,28,14,389,313,318,313,0.984026,0.990354,3,5
147,51,14,375,375,253,375,0.632000,1.000000,0,138
147,43,14,259,259,172,259,0.505792,0.498099,132,128
147,44,14,377,267,264,267,0.962547,0.988462,3,10
147,41,14,269,269,147,269,0.524164,0.524164,128,128
147,81,14,313,313,301,313,0.223642,0.496454,71,243
147,79,14,371,371,308,371,0.398922,1.000000,0,223
147,14,14,364,356,346,356,0.988764,0.988764,4,4
147,4,14,260,373,383,373,1.000000,0.961340,15,0
148,50,23,271,271,262,271,0.424354,0.479167,125,156
148,68,23,374,374,225,374,0.489305,1.000000,0,191
148,34,23,251,249,153,249,0.590361,0.503425,145,102
148,49,23,378,262,260,262,0.919847,0.987705,3,21
148,75,23,297,297,287,297,0.235690,0.437500,90,227
148,76,23,315,315,296,315,0.263492,0.528662,74,232
148,57,23,379,291,233,291,0.745704,0.995413,1,74
148,58,23,380,380,221,380,0.565789,1.000000,0,165
148,73,23,384,384,205,384,0.434896,1.000000,0,217
148,23,23,393,329,321,329,0.987842,0.993884,2,4
149,31,0,389,308,311,308,0.967532,0.990033,3,10
149,20,0,366,336,346,336,0.979167,0.979167,7,7
149,19,0,393,338,342,338,0.994083,0.988235,4,2
149,8,0,362,369,375,369,1.000000,0.984000,6,0
149,40,0,261,261,146,261,0.524904,0.503676,135,124
149,27,0,388,319,320,319,0.981191,0.996815,1,6
149,0,0,259,351,357,351,1.000000,0.877500,49,0
149,81,0,312,312,283,312,0.224359,0.496454,71,242
149,42,0,393,280,285,280,0.942857,0.992481,2,16
149,97,0,368,368,326,368,0.244565,1.000000,0,278
150,51,4,375,375,235,375,0.632000,1.000000,0,138
150,4,4,340,374,374,374,1.000000,0.963918,14,0
150,76,4,315,314,280,314,0.264331,0.528662,74,231
150,47,4,380,250,250,250,0.984000,0.984000,4,4
150,86,4,314,314,284,314,0.187898,0.472000,66,255
150,99,4,373,373,352,373,0.225201,1.000000,0,289
150,66,4,374,374,192,374,0.505348,1.000000,0,185
150,80,4,379,379,332,379,0.379947,1.000000,0,235
150,72,4,380,380,314,380,0.447368,1.000000,0,210
150,87,4,375,375,349,375,0.325333,1.000000,0,253
151,69,61,374,374,243,374,0.481283,1.000000,0,194
151,51,61,375,375,250,375,0.632000,1.000000,0,138
151,8,61,380,373,365,373,0.997319,0.992000,3,1
151,59,61,378,282,219,282,0.751773,1.000000,0,70
151,91,61,359,359,359,359,0.303621,1.000000,0,250
151,25,61,230,226,200,226,0.685841,0.484375,165,71
151,61,61,380,380,380,380,0.539474,1.000000,0,175
151,53,61,376,345,242,345,0.669565,1.000000,0,114
151,56,61,380,379,288,379,0.583113,1.000000,0,158
151,76,61,315,315,312,315,0.263492,0.528662,74,232
152,12,64,211,178,178,178,0.983146,0.483425,187,3
152,24,64,391,330,329,330,0.975758,0.993827,2,8
152,72,64,380,380,378,380,0.447368,1.000000,0,210
152,62,64,377,377,342,377,0.535809,1.000000,0,175
152,56,64,380,380,219,380,0.581579,1.000000,0,159
152,64,64,372,372,372,372,0.526882,1.000000,0,176
152,39,64,383,287,279,287,0.947735,0.985507,4,15
152,46,64,381,378,248,378,0.669312,1.000000,0,125
152,74,64,369,369,368,369,0.444444,1.000000,0,205
152,63,64,386,234,209,234,0.841880,0.989950,2,37
153,17,1,218,172,171,172,0.976744,0.485549,178,4
153,86,1,314,314,278,314,0.187898,0.472000,66,255
153,92,1,325,325,299,325,0.147692,0.452830,58,277
153,1,1,294,397,387,397,1.000000,1.000000,0,0
153,43,1,259,259,134,259,0.505792,0.498099,132,128
153,85,1,362,363,302,363,0.352617,1.000000,0,235
153,64,1,372,372,200,372,0.526882,1.000000,0,176
153,84,1,382,381,357,381,0.346457,1.000000,0,249
153,18,1,393,339,336,339,0.997050,0.985423,5,1
153,91,1,359,359,281,359,0.303621,1.000000,0,250
154,19,47,388,336,332,336,0.994048,0.982353,6,2
154,22,47,381,330,326,330,0.990909,0.990909,3,3
154,21,47,391,341,328,341,0.973607,0.996997,1,9
154,71,47,372,373,238,373,0.463807,1.000000,0,200
154,59,47,379,285,211,285,0.743860,1.000000,0,73
154,12,47,211,201,177,201,0.870647,0.483425,187,26
154,47,47,380,378,380,378,0.661376,1.000000,0,128
154,31,47,389,310,298,310,0.967742,0.996678,1,10
154,36,47,252,252,225,252,0.563492,0.498246,143,110
154,34,47,250,250,224,250,0.588000,0.503425,145,103
155,41,29,269,269,200,269,0.524164,0.524164,128,128
155,14,29,309,349,353,349,0.997135,0.977528,8,1
155,29,29,387,309,306,309,0.996764,1.000000,0,1
155,37,29,384,303,286,303,0.924092,0.992908,2,23
155,58,29,380,380,223,380,0.565789,1.000000,0,165
155,33,29,381,305,291,305,0.960656,0.993220,2,12
155,76,29,315,315,311,315,0.263492,0.528662,74,232
155,68,29,374,374,228,374,0.489305,1.000000,0,191
155,9,29,394,372,372,372,1.000000,1.000000,0,0
155,48,29,272,272,259,272,0.466912,0.514170,120,145
156,1,61,245,378,376,378,1.000000,0.952141,19,0
156,61,61,380,380,323,380,0.539474,1.000000,0,175
156,93,61,368,368,367,368,0.279891,1.000000,0,265
156,72,61,380,380,365,380,0.447368,1.000000,0,210
156,25,61,230,230,224,230,0.673913,0.484375,165,75
156,55,61,385,385,252,385,0.581818,1.000000,0,161
156,12,61,209,190,178,190,0.921053,0.483425,187,15
156,21,61,391,338,342,338,0.976331,0.990991,3,8
156,42,61,388,283,282,283,0.936396,0.996241,1,18
156,27,61,166,157,157,157,0.980892,0.490446,160,3
157,96,18,338,337,331,337,0.142433,0.516129,45,289
157,33,18,388,305,298,305,0.957377,0.989831,3,13
157,18,18,391,341,329,341,0.997067,0.991254,3,1
157,84,18,381,381,334,381,0.346457,1.000000,0,249
157,55,18,385,346,254,346,0.647399,1.000000,0,122
157,86,18,314,314,305,314,0.187898,0.472000,66,255
157,47,18,378,253,245,253,0.976285,0.988000,3,6
157,54,18,375,375,219,375,0.608000,1.000000,0,147
157,42,18,354,295,284,295,0.891525,0.988722,3,32
157,69,18,374,374,317,374,0.481283,1.000000,0,194
158,80,13,379,379,290,379,0.379947,1.000000,0,235
158,44,13,377,362,230,362,0.718232,1.000000,0,102
158,47,13,380,250,253,250,0.984000,0.984000,4,4
158,61,13,380,373,244,373,0.549598,1.000000,0,168
158,81,13,313,313,296,313,0.223642,0.496454,71,243
158,38,13,394,290,279,290,0.958621,0.996416,1,12
158,93,13,368,368,343,368,0.279891,1.000000,0,265
158,71,13,373,373,178,373,0.463807,1.000000,0,200
158,95,13,321,321,294,321,0.109034,0.364583,61,286
158,13,13,392,356,355,356,0.994382,0.986072,5,2
159,51,0,375,375,252,375,0.632000,1.000000,0,138
159,1,0,214,237,197,237,1.000000,0.596977,160,0
159,68,0,374,374,179,374,0.489305,1.000000,0,191
159,26,0,392,324,324,324,0.972222,0.993691,2,9
159,45,0,382,265,264,265,0.950943,0.984375,4,13
159,0,0,236,331,351,331,1.000000,0.827500,69,0
159,90,0,374,374,349,374,0.299465,1.000000,0,262
159,75,0,296,296,266,296,0.236486,0.437500,90,226
159,14,0,338,353,353,353,0.994334,0.985955,5,2
159,3,0,360,384,391,384,1.000000,0.982097,7,0
160,79,52,368,371,368,371,0.398922,1.000000,0,223
160,52,52,382,382,382,382,0.612565,1.000000,0,148
160,53,52,376,376,221,376,0.614362,1.000000,0,145
160,8,52,362,369,375,369,0.997290,0.981333,7,1
160,46,52,382,380,242,380,0.665789,1.000000,0,127
160,6,52,278,362,373,362,1.000000,0.950131,19,0
160,39,52,383,288,266,288,0.944444,0.985507,4,16
160,81,52,312,313,310,313,0.223642,0.496454,71,243
160,22,52,322,325,325,325,0.993846,0.978788,7,2
160,38,52,381,287,274,287,0.968641,0.996416,1,9
161,10,29,219,191,191,191,0.984293,0.510870,180,3
161,51,29,375,375,249,375,0.632000,1.000000,0,138
161,93,29,368,368,366,368,0.279891,1.000000,0,265
161,27,29,389,319,312,319,0.978056,0.993631,2,7
161,29,29,394,308,307,308,1.000000,1.000000,0,0
161,53,29,376,375,220,375,0.616000,1.000000,0,144
161,32,29,380,300,293,300,0.990000,0.996644,1,3
161,57,29,379,379,238,379,0.575198,1.000000,0,161
161,86,29,314,314,313,314,0.187898,0.472000,66,255
161,54,29,376,235,248,235,0.948936,0.978070,5,12
162,66,64,374,374,336,374,0.505348,1.000000,0,185
162,96,64,338,338,334,338,0.142012,0.516129,45,290
162,50,64,271,271,271,271,0.424354,0.479167,125,156
162,64,64,372,372,372,372,0.526882,1.000000,0,176
162,55,64,385,385,300,385,0.581818,1.000000,0,161
162,5,64,399,381,375,381,0.997375,0.989583,4,1
162,39,64,384,285,275,285,0.950877,0.981884,5,14
162,42,64,378,283,285,283,0.932862,0.992481,2,19
162,10,64,218,191,191,191,0.984293,0.510870,180,3
162,97,64,368,368,366,368,0.244565,1.000000,0,278
163,40,64,261,261,250,261,0.524904,0.503676,135,124
163,7,64,367,377,359,377,1.000000,0.997354,1,0
163,64,64,372,372,372,372,0.526882,1.000000,0,176
163,26,64,392,322,316,322,0.975155,0.990536,3,8
163,81,64,313,313,312,313,0.223642,0.496454,71,243
163,20,64,395,343,343,343,0.976676,0.997024,1,8
163,38,64,376,280,286,280,0.978571,0.982079,5,6
163,15,64,392,357,354,357,0.980392,0.994318,2,7
163,25,64,230,230,158,230,0.673913,0.484375,165,75
163,78,64,365,366,363,366,0.412568,1.000000,0,215
164,46,52,383,260,251,260,0.973077,1.000000,0,7
164,32,52,378,300,299,300,0.983333,0.989933,3,5
164,69,52,374,374,363,374,0.481283,1.000000,0,194
164,71,52,373,373,315,373,0.463807,1.000000,0,200
164,31,52,388,307,307,307,0.973941,0.993355,2,8
164,86,52,314,314,314,314,0.187898,0.472000,66,255
164,52,52,378,236,382,236,0.961864,0.970085,7,9
164,88,52,367,367,367,367,0.324251,1.000000,0,248
164,81,52,311,313,312,313,0.223642,0.496454,71,243
164,79,52,371,370,368,370,0.400000,1.000000,0,222
165,14,2,330,352,345,352,0.994318,0.983146,6,2
165,69,2,374,374,194,374,0.481283,1.000000,0,194
165,20,2,395,340,346,340,0.976471,0.988095,4,8
165,26,2,392,318,320,318,0.977987,0.981073,6,7
165,43,2,259,259,136,259,0.505792,0.498099,132,128
165,33,2,388,306,304,306,0.960784,0.996610,1,12
165,52,2,382,382,237,382,0.612565,1.000000,0,148
165,93,2,368,368,358,368,0.279891,1.000000,0,265
165,42,2,393,279,285,279,0.935484,0.981203,5,18
165,2,2,295,388,394,388,1.000000,0.984772,6,0
166,68,35,374,374,315,374,0.489305,1.000000,0,191
166,17,35,218,172,172,172,0.976744,0.485549,178,4
166,78,35,365,366,364,366,0.412568,1.000000,0,215
166,58,35,373,225,225,225,0.924444,0.967442,7,17
166,36,35,252,252,182,252,0.563492,0.498246,143,110
166,35,35,390,299,388,299,0.959866,0.996528,1,12
166,53,35,376,375,228,375,0.616000,1.000000,0,144
166,30,35,381,311,299,311,0.974277,0.996711,1,8
166,62,35,377,377,260,377,0.535809,1.000000,0,175
166,51,35,375,375,246,375,0.632000,1.000000,0,138
167,8,8,374,374,372,374,0.997326,0.994667,2,1
167,34,8,250,250,148,250,0.588000,0.503425,145,103
167,65,8,294,294,264,294,0.326531,0.500000,96,198
167,54,8,376,376,232,376,0.606383,1.000000,0,148
167,59,8,379,379,199,379,0.559367,1.000000,0,167
167,22,8,393,332,328,332,0.993976,1.000000,0,2
167,24,8,393,329,331,329,0.972644,0.987654,4,9
167,77,8,371,371,301,371,0.415094,1.000000,0,217
167,75,8,297,297,277,297,0.235690,0.437500,90,227
167,82,8,368,368,335,368,0.375000,1.000000,0,230
168,71,2,373,373,164,373,0.463807,1.000000,0,200
168,18,2,393,344,343,344,0.997093,1.000000,0,1
168,50,2,271,271,125,271,0.424354,0.479167,125,156
168,24,2,393,332,334,332,0.972892,0.996914,1,9
168,13,2,392,357,356,357,0.991597,0.986072,5,3
168,84,2,382,382,147,382,0.345550,1.000000,0,250
168,63,2,358,207,211,207,0.922705,0.959799,8,16
168,2,2,230,394,394,394,1.000000,1.000000,0,0
168,3,2,279,379,391,379,1.000000,0.969309,12,0
168,38,2,315,281,282,281,0.975089,0.982079,5,7
169,23,23,393,330,319,330,0.987879,0.996942,1,4
169,71,23,373,373,305,373,0.463807,1.000000,0,200
169,85,23,363,363,347,363,0.352617,1.000000,0,235
169,43,23,259,258,226,258,0.507752,0.498099,132,127
169,30,23,383,311,307,311,0.974277,0.996711,1,8
169,73,23,383,383,220,383,0.436031,1.000000,0,216
169,61,23,371,318,205,318,0.644654,1.000000,0,113
169,33,23,334,299,287,299,0.966555,0.979661,6,10
169,32,23,380,298,300,298,0.989933,0.989933,3,3
169,67,23,373,373,323,373,0.498660,1.000000,0,187
170,88,29,367,367,365,367,0.324251,1.000000,0,248
170,62,29,377,377,235,377,0.535809,1.000000,0,175
170,36,29,252,251,149,251,0.565737,0.498246,143,109
170,77,29,370,371,365,371,0.415094,1.000000,0,217
170,75,29,297,297,295,297,0.235690,0.437500,90,227
170,69,29,374,374,363,374,0.481283,1.000000,0,194
170,26,29,380,325,320,325,0.966154,0.990536,3,11
170,29,29,389,307,308,307,1.000000,0.996753,1,0
170,58,29,380,256,211,256,0.839844,1.000000,0,41
170,6,29,354,371,382,371,1.000000,0.973753,10,0
171,7,33,357,376,364,376,1.000000,0.994709,2,0
171,77,33,371,371,363,371,0.415094,1.000000,0,217
171,41,33,269,269,197,269,0.524164,0.524164,128,128
171,33,33,388,300,310,300,0.960000,0.976271,7,12
171,39,33,380,292,289,292,0.934932,0.989130,3,19
171,89,33,368,368,364,368,0.315217,1.000000,0,252
171,94,33,370,371,357,371,0.269542,1.000000,0,271
171,74,33,369,369,341,369,0.444444,1.000000,0,205
171,76,33,314,315,300,315,0.263492,0.528662,74,232
171,81,33,313,313,304,313,0.223642,0.496454,71,243
172,61,9,380,371,201,371,0.552561,1.000000,0,166
172,72,9,380,380,230,380,0.447368,1.000000,0,210
172,67,9,374,374,215,374,0.497326,1.000000,0,188
172,51,9,375,375,246,375,0.632000,1.000000,0,138
172,66,9,374,374,244,374,0.505348,1.000000,0,185
172,13,9,389,357,355,357,0.997199,0.991643,3,1
172,9,9,396,372,372,372,1.000000,1.000000,0,0
172,95,9,321,321,321,321,0.109034,0.364583,61,286
172,73,9,384,383,179,383,0.436031,1.000000,0,216
172,63,9,386,217,216,217,0.898618,0.979899,4,22
173,14,80,264,357,348,357,0.991597,0.994382,2,3
173,25,80,230,230,229,230,0.673913,0.484375,165,75
173,80,80,379,379,379,379,0.379947,1.000000,0,235
173,93,80,368,368,368,368,0.279891,1.000000,0,265
173,29,80,394,309,307,309,0.996764,1.000000,0,1
173,50,80,271,271,271,271,0.424354,0.479167,125,156
173,54,80,377,257,221,257,0.887160,1.000000,0,29
173,11,80,371,364,357,364,0.997253,0.994521,2,1
173,71,80,373,373,316,373,0.463807,1.000000,0,200
173,30,80,383,310,298,310,0.980645,1.000000,0,6
174,35,4,390,299,276,299,0.963211,1.000000,0,11
174,89,4,368,368,339,368,0.315217,1.000000,0,252
174,49,4,385,259,249,259,0.922780,0.979508,5,20
174,47,4,380,249,249,249,0.979920,0.976000,6,5
174,86,4,314,314,288,314,0.187898,0.472000,66,255
174,95,4,321,321,297,321,0.109034,0.364583,61,286
174,69,4,374,374,198,374,0.481283,1.000000,0,194
174,76,4,315,315,269,315,0.263492,0.528662,74,232
174,4,4,238,365,371,365,0.997260,0.938144,24,1
174,20,4,395,341,331,341,0.979472,0.994048,2,7
175,86,42,314,314,312,314,0.187898,0.472000,66,255
175,84,42,380,381,363,381,0.346457,1.000000,0,249
175,11,42,396,365,361,365,0.997260,0.997260,1,1
175,85,42,363,363,357,363,0.352617,1.000000,0,235
175,16,42,225,218,180,218,0.821101,0.512894,170,39
175,96,42,338,338,336,338,0.142012,0.516129,45,290
175,21,42,385,336,327,336,0.982143,0.990991,3,6
175,94,42,371,371,363,371,0.269542,1.000000,0,271
175,42,42,344,273,301,273,0.948718,0.973684,7,14
175,77,42,371,371,362,371,0.415094,1.000000,0,217
176,86,23,314,314,305,314,0.187898,0.472000,66,255
176,90,23,374,374,343,374,0.299465,1.000000,0,262
176,35,23,390,298,295,298,0.956376,0.989583,3,13
176,30,23,383,310,308,310,0.980645,1.000000,0,6
176,49,23,373,260,254,260,0.919231,0.979508,5,21
176,91,23,359,359,347,359,0.303621,1.000000,0,250
176,28,23,389,310,316,310,0.983871,0.980707,6,5
176,67,23,372,374,241,374,0.497326,1.000000,0,188
176,11,23,374,367,367,367,0.994550,1.000000,0,2
176,23,23,393,330,321,330,0.987879,0.996942,1,4
177,67,5,374,374,201,374,0.497326,1.000000,0,188
177,5,5,290,375,359,375,1.000000,0.976562,9,0
177,24,5,367,329,334,329,0.978723,0.993827,2,7
177,68,5,374,374,156,374,0.489305,1.000000,0,191
177,69,5,374,374,216,374,0.481283,1.000000,0,194
177,54,5,373,376,216,376,0.606383,1.000000,0,148
177,88,5,367,367,344,367,0.324251,1.000000,0,248
177,33,5,388,301,291,301,0.966777,0.986441,4,10
177,85,5,363,363,334,363,0.352617,1.000000,0,235
177,82,5,368,368,332,368,0.375000,1.000000,0,230
178,70,14,369,369,287,369,0.476965,1.000000,0,193
178,39,14,384,291,286,291,0.945017,0.996377,1,16
178,50,14,271,271,258,271,0.424354,0.479167,125,156
178,54,14,377,377,225,377,0.604775,1.000000,0,149
178,14,14,398,358,353,358,0.991620,0.997191,1,3
178,94,14,371,371,336,371,0.269542,1.000000,0,271
178,26,14,392,327,310,327,0.969419,1.000000,0,10
178,76,14,315,315,276,315,0.263492,0.528662,74,232
178,20,14,395,345,346,345,0.973913,1.000000,0,9
178,92,14,325,325,297,325,0.147692,0.452830,58,277
179,79,7,371,371,193,371,0.398922,1.000000,0,223
179,36,7,252,251,144,251,0.565737,0.498246,143,109
179,11,7,345,361,367,361,1.000000,0.989041,4,0
179,20,7,388,341,341,341,0.979472,0.994048,2,7
179,15,7,394,357,357,357,0.980392,0.994318,2,7
179,71,7,373,373,242,373,0.463807,1.000000,0,200
179,76,7,315,315,294,315,0.263492,0.528662,74,232
179,7,7,378,375,369,375,1.000000,0.992063,3,0
179,12,7,210,178,178,178,0.983146,0.483425,187,3
179,25,7,230,230,159,230,0.673913,0.484375,165,75
180,2,2,276,394,394,394,1.000000,1.000000,0,0
180,26,2,392,325,313,325,0.969231,0.993691,2,10
180,93,2,368,368,365,368,0.279891,1.000000,0,265
180,82,2,368,368,239,368,0.375000,1.000000,0,230
180,54,2,377,242,228,242,0.925620,0.982456,4,18
180,38,2,379,285,286,285,0.968421,0.989247,3,9
180,9,2,381,372,372,372,1.000000,1.000000,0,0
180,96,2,338,338,310,338,0.142012,0.516129,45,290
180,40,2,261,261,146,261,0.524904,0.503676,135,124
180,45,2,382,378,262,378,0.677249,1.000000,0,122
181,15,15,383,354,344,354,0.985876,0.991477,3,5
181,68,15,374,374,192,374,0.489305,1.000000,0,191
181,62,15,377,377,300,377,0.535809,1.000000,0,175
181,16,15,226,224,180,224,0.799107,0.512894,170,45
181,17,15,219,195,172,195,0.861538,0.485549,178,27
181,76,15,315,315,309,315,0.263492,0.528662,74,232
181,86,15,314,314,305,314,0.187898,0.472000,66,255
181,24,15,374,329,328,329,0.975684,0.990741,3,8
181,99,15,374,374,351,374,0.224599,1.000000,0,290
181,38,15,392,281,278,281,0.971530,0.978495,6,8
182,33,47,388,303,296,303,0.963696,0.989831,3,11
182,47,47,380,257,380,257,0.964981,0.992000,2,9
182,93,47,368,368,368,368,0.279891,1.000000,0,265
182,95,47,321,321,319,321,0.109034,0.364583,61,286
182,65,47,294,294,289,294,0.326531,0.500000,96,198
182,35,47,390,300,289,300,0.956667,0.996528,1,13
182,24,47,356,330,308,330,0.975758,0.993827,2,8
182,39,47,384,289,287,289,0.941176,0.985507,4,17
182,90,47,374,374,367,374,0.299465,1.000000,0,262
182,25,47,230,230,203,230,0.673913,0.484375,165,75
183,50,3,270,271,166,271,0.424354,0.479167,125,156
183,48,3,272,272,133,272,0.466912,0.514170,120,145
183,83,3,367,367,325,367,0.367847,1.000000,0,232
183,3,3,396,389,389,389,1.000000,0.994885,2,0
183,78,3,366,366,217,366,0.412568,1.000000,0,215
183,12,3,211,178,178,178,0.983146,0.483425,187,3
183,56,3,380,380,232,380,0.581579,1.000000,0,159
183,15,3,222,333,358,333,0.984985,0.931818,24,5
183,34,3,250,250,153,250,0.588000,0.503425,145,103
183,99,3,374,374,322,374,0.224599,1.000000,0,290
184,85,22,363,363,354,363,0.352617,1.000000,0,235
184,77,22,371,371,362,371,0.415094,1.000000,0,217
184,52,22,382,382,239,382,0.612565,1.000000,0,148
184,66,22,374,374,278,374,0.505348,1.000000,0,185
184,75,22,297,297,290,297,0.235690,0.437500,90,227
184,11,22,374,364,361,364,0.997253,0.994521,2,1
184,27,22,392,319,297,319,0.978056,0.993631,2,7
184,19,22,383,337,332,337,0.994065,0.985294,5,2
184,76,22,315,315,302,315,0.263492,0.528662,74,232
184,22,22,393,329,331,329,0.996960,0.993939,2,1
185,24,6,325,322,334,322,0.987578,0.981481,6,4
185,67,6,374,374,195,374,0.497326,1.000000,0,188
185,81,6,312,313,282,313,0.223642,0.496454,71,243
185,42,6,390,277,261,277,0.945848,0.984962,4,15
185,16,6,225,215,180,215,0.832558,0.512894,170,36
185,27,6,335,320,321,320,0.978125,0.996815,1,7
185,6,6,370,376,374,376,1.000000,0.986877,5,0
185,34,6,250,250,153,250,0.588000,0.503425,145,103
185,43,6,259,259,140,259,0.505792,0.498099,132,128
185,14,6,162,180,180,180,0.988889,0.500000,178,2
186,46,29,383,262,251,262,0.961832,0.996047,1,10
186,26,29,391,326,316,326,0.969325,0.996845,1,10
186,35,29,390,300,288,300,0.953333,0.993056,2,14
186,27,29,328,316,319,316,0.977848,0.984076,5,7
186,29,29,393,310,308,310,0.993548,1.000000,0,2
186,21,29,361,333,341,333,0.981982,0.981982,6,6
186,99,29,374,374,374,374,0.224599,1.000000,0,290
186,93,29,368,368,363,368,0.279891,1.000000,0,265
186,56,29,380,380,225,380,0.581579,1.000000,0,159
186,3,29,397,387,370,387,1.000000,0.989770,4,0
187,26,9,326,319,327,319,0.978056,0.984227,5,7
187,52,9,382,382,233,382,0.612565,1.000000,0,148
187,28,9,389,313,308,313,0.977636,0.983923,5,7
187,30,9,383,309,311,309,0.977346,0.993421,2,7
187,32,9,380,298,299,298,0.989933,0.989933,3,3
187,11,9,195,182,181,182,0.994505,0.495890,184,1
187,75,9,297,297,281,297,0.235690,0.437500,90,227
187,9,9,360,372,372,372,1.000000,1.000000,0,0
187,10,9,219,191,191,191,0.984293,0.510870,180,3
187,89,9,368,368,346,368,0.315217,1.000000,0,252
188,93,6,368,368,343,368,0.279891,1.000000,0,265
188,16,6,225,220,180,220,0.813636,0.512894,170,41
188,49,6,290,241,254,241,0.979253,0.967213,8,5
188,24,6,334,327,332,327,0.978593,0.987654,4,7
188,98,6,357,359,333,359,0.242340,1.000000,0,272
188,8,6,245,358,371,358,1.000000,0.954667,17,0
188,91,6,359,359,316,359,0.303621,1.000000,0,250
188,6,6,363,375,370,375,0.997333,0.981627,7,1
188,61,6,380,380,201,380,0.539474,1.000000,0,175
188,81,6,312,312,288,312,0.224359,0.496454,71,242
189,64,64,372,372,372,372,0.526882,1.000000,0,176
189,71,64,373,373,247,373,0.463807,1.000000,0,200
189,52,64,382,382,231,382,0.612565,1.000000,0,148
189,22,64,394,331,322,331,0.996979,1.000000,0,1
189,32,64,380,300,285,300,0.983333,0.989933,3,5
189,51,64,375,375,316,375,0.632000,1.000000,0,138
189,78,64,366,366,362,366,0.412568,1.000000,0,215
189,15,64,386,355,358,355,0.980282,0.988636,4,7
189,50,64,271,271,270,271,0.424354,0.479167,125,156
189,12,64,211,178,178,178,0.983146,0.483425,187,3
190,62,9,377,377,205,377,0.535809,1.000000,0,175
190,71,9,373,373,223,373,0.463807,1.000000,0,200
190,42,9,391,293,294,293,0.907850,1.000000,0,27
190,69,9,374,374,238,374,0.481283,1.000000,0,194
190,97,9,368,368,361,368,0.244565,1.000000,0,278
190,86,9,313,314,314,314,0.187898,0.472000,66,255
190,43,9,259,259,136,259,0.505792,0.498099,132,128
190,9,9,396,372,372,372,1.000000,1.000000,0,0
190,41,9,269,269,252,269,0.524164,0.524164,128,128
190,85,9,362,363,355,363,0.352617,1.000000,0,235
191,12,29,211,199,178,199,0.879397,0.483425,187,24
191,71,29,373,373,314,373,0.463807,1.000000,0,200
191,29,29,387,308,310,308,1.000000,1.000000,0,0
191,65,29,294,294,287,294,0.326531,0.500000,96,198
191,62,29,377,377,276,377,0.535809,1.000000,0,175
191,5,29,312,378,349,378,0.997354,0.981771,7,1
191,26,29,392,328,324,328,0.960366,0.993691,2,13
191,90,29,374,374,358,374,0.299465,1.000000,0,262
191,25,29,230,229,159,229,0.676856,0.484375,165,74
191,55,29,385,385,248,385,0.581818,1.000000,0,161
192,1,13,283,357,372,357,1.000000,0.899244,40,0
192,31,13,389,305,306,305,0.977049,0.990033,3,7
192,74,13,369,369,250,369,0.444444,1.000000,0,205
192,61,13,380,284,244,284,0.721831,1.000000,0,79
192,5,13,363,376,363,376,1.000000,0.979167,8,0
192,17,13,219,172,172,172,0.976744,0.485549,178,4
192,24,13,393,333,334,333,0.969970,0.996914,1,10
192,41,13,269,269,149,269,0.524164,0.524164,128,128
192,11,13,397,366,366,366,0.994536,0.997260,1,2
192,13,13,392,359,359,359,0.997214,0.997214,1,1
193,8,0,266,362,377,362,0.997238,0.962667,14,1
193,0,0,250,327,367,327,1.000000,0.817500,73,0
193,27,0,312,313,321,313,0.980831,0.977707,7,6
193,58,0,379,365,217,365,0.589041,1.000000,0,150
193,83,0,367,367,363,367,0.367847,1.000000,0,232
193,86,0,314,314,293,314,0.187898,0.472000,66,255
193,63,0,255,210,211,210,0.933333,0.984925,3,14
193,2,0,243,394,394,394,1.000000,1.000000,0,0
193,75,0,297,297,270,297,0.235690,0.437500,90,227
193,43,0,259,258,135,258,0.507752,0.498099,132,127
194,75,29,297,297,294,297,0.235690,0.437500,90,227
194,12,29,211,192,178,192,0.911458,0.483425,187,17
194,55,29,385,385,260,385,0.581818,1.000000,0,161
194,51,29,375,375,277,375,0.632000,1.000000,0,138
194,87,29,373,375,365,375,0.325333,1.000000,0,253
194,91,29,359,359,349,359,0.303621,1.000000,0,250
194,31,29,389,307,290,307,0.973941,0.993355,2,8
194,34,29,250,250,184,250,0.588000,0.503425,145,103
194,59,29,379,379,239,379,0.559367,1.000000,0,167
194,29,29,362,308,313,308,1.000000,1.000000,0,0
195,0,0,220,349,323,349,1.000000,0.872500,51,0
195,21,0,391,337,341,337,0.979228,0.990991,3,7
195,23,0,392,329,335,329,0.993921,1.000000,0,2
195,17,0,219,209,172,209,0.803828,0.485549,178,41
195,24,0,393,333,334,333,0.972973,1.000000,0,9
195,27,0,392,319,321,319,0.974922,0.990446,3,8
195,84,0,381,382,361,382,0.345550,1.000000,0,250
195,98,0,359,359,328,359,0.242340,1.000000,0,272
195,3,0,397,389,391,389,1.000000,0.994885,2,0
195,29,0,310,308,308,308,1.000000,1.000000,0,0
196,80,46,379,379,338,379,0.379947,1.000000,0,235
196,59,46,379,379,212,379,0.559367,1.000000,0,167
196,31,46,389,308,301,308,0.967532,0.990033,3,10
196,68,46,374,374,205,374,0.489305,1.000000,0,191
196,98,46,359,359,358,359,0.242340,1.000000,0,272
196,50,46,271,271,265,271,0.424354,0.479167,125,156
196,46,46,382,382,383,382,0.662304,1.000000,0,129
196,39,46,384,287,289,287,0.951220,0.989130,3,14
196,87,46,375,375,350,375,0.325333,1.000000,0,253
196,71,46,373,373,278,373,0.463807,1.000000,0,200
197,15,2,387,355,359,355,0.983099,0.991477,3,6
197,25,2,229,229,159,229,0.676856,0.484375,165,74
197,2,2,267,394,394,394,1.000000,1.000000,0,0
197,56,2,380,380,230,380,0.581579,1.000000,0,159
197,1,2,238,329,342,329,1.000000,0.828715,68,0
197,4,2,256,372,390,372,1.000000,0.958763,16,0
197,22,2,393,332,331,332,0.990964,0.996970,1,3
197,82,2,368,368,170,368,0.375000,1.000000,0,230
197,95,2,321,321,293,321,0.109034,0.364583,61,286
197,75,2,297,297,270,297,0.235690,0.437500,90,227
198,36,6,251,251,160,251,0.565737,0.498246,143,109
198,17,6,219,213,172,213,0.788732,0.485549,178,45
198,35,6,173,160,160,160,0.950000,0.527778,136,8
198,4,6,269,368,390,368,1.000000,0.948454,20,0
198,38,6,365,282,286,282,0.975177,0.985663,4,7
198,21,6,391,339,343,339,0.979351,0.996997,1,7
198,6,6,359,375,373,375,0.997333,0.981627,7,1
198,61,6,380,380,256,380,0.539474,1.000000,0,175
198,15,6,394,359,359,359,0.977716,0.997159,1,8
198,12,6,210,178,178,178,0.983146,0.483425,187,3
199,58,29,380,380,212,380,0.565789,1.000000,0,165
199,79,29,371,371,300,371,0.398922,1.000000,0,223
199,50,29,271,271,260,271,0.424354,0.479167,125,156
199,24,29,393,330,305,330,0.975758,0.993827,2,8
199,11,29,370,363,355,363,0.997245,0.991781,3,1
199,29,29,371,308,312,308,1.000000,1.000000,0,0
199,59,29,379,374,249,374,0.566845,1.000000,0,162
199,3,29,356,383,373,383,1.000000,0.979540,8,0
199,84,29,382,382,317,382,0.345550,1.000000,0,250
199,65,29,293,293,291,293,0.327645,0.500000,96,197
200,15,15,394,356,348,358,0.980447,0.997159,1,7
200,39,15,384,295,290,292,0.945205,1.000000,0,16
200,11,15,369,365,364,365,0.997260,0.997260,1,1
200,12,15,211,178,178,178,0.983146,0.483425,187,3
200,77,15,371,371,365,371,0.415094,1.000000,0,217
200,98,15,359,359,341,359,0.242340,1.000000,0,272
200,31,15,389,310,296,312,0.958333,0.993355,2,13
200,63,15,386,386,198,381,0.522310,1.000000,0,182
200,73,15,384,384,218,384,0.434896,1.000000,0,217
200,81,15,313,313,303,313,0.223642,0.496454,71,243
201,76,61,314,315,311,315,0.263492,0.528662,74,232
201,45,61,382,382,277,382,0.670157,1.000000,0,126
201,28,61,389,312,311,316,0.977848,0.993569,2,7
201,48,61,272,272,270,272,0.466912,0.514170,120,145
201,5,61,272,373,382,375,1.000000,0.976562,9,0
201,62,61,377,376,376,377,0.535809,1.000000,0,175
201,61,61,380,380,380,380,0.539474,1.000000,0,175
201,41,61,269,269,269,269,0.524164,0.524164,128,128
201,75,61,297,297,296,297,0.235690,0.437500,90,227
201,43,61,259,259,258,259,0.505792,0.498099,132,128
202,42,18,393,292,276,286,0.926573,0.996241,1,21
202,86,18,314,314,306,314,0.187898,0.472000,66,255
202,19,18,394,339,339,341,0.994135,0.997059,1,2
202,63,18,386,386,237,348,0.571839,1.000000,0,149
202,33,18,388,305,292,300,0.966667,0.983051,5,10
202,55,18,385,385,274,364,0.615385,1.000000,0,140
202,25,18,230,230,159,229,0.676856,0.484375,165,74
202,80,18,378,379,351,379,0.379947,1.000000,0,235
202,18,18,393,341,334,342,0.994152,0.991254,3,2
202,36,18,250,252,186,251,0.565737,0.498246,143,109
203,2,2,271,394,394,394,1.000000,1.000000,0,0
203,51,2,375,375,248,375,0.632000,1.000000,0,138
203,63,2,386,386,203,357,0.557423,1.000000,0,158
203,95,2,321,321,308,320,0.109375,0.364583,61,285
203,61,2,380,380,197,380,0.539474,1.000000,0,175
203,71,2,373,373,165,373,0.463807,1.000000,0,200
203,31,2,388,384,312,314,0.958599,1.000000,0,13
203,41,2,269,269,151,269,0.524164,0.524164,128,128
203,21,2,391,340,342,342,0.973684,1.000000,0,9
203,83,2,367,367,349,366,0.368852,1.000000,0,231
204,60,60,384,384,384,384,0.541667,1.000000,0,176
204,32,60,378,356,296,306,0.973856,1.000000,0,8
204,48,60,272,272,270,272,0.466912,0.514170,120,145
204,96,60,338,338,338,338,0.142012,0.516129,45,290
204,54,60,377,377,251,377,0.604775,1.000000,0,149
204,98,60,359,359,359,359,0.242340,1.000000,0,272
204,58,60,380,380,231,380,0.565789,1.000000,0,165
204,94,60,371,371,371,371,0.269542,1.000000,0,271
204,39,60,384,288,284,289,0.955017,1.000000,0,13
204,69,60,374,374,369,374,0.481283,1.000000,0,194
205,5,29,188,202,195,197,0.989848,0.507812,189,2
205,67,29,374,374,324,374,0.497326,1.000000,0,188
205,63,29,386,386,266,370,0.537838,1.000000,0,171
205,33,29,388,307,290,304,0.960526,0.989831,3,12
205,82,29,368,368,366,368,0.375000,1.000000,0,230
205,50,29,271,271,268,271,0.424354,0.479167,125,156
205,29,29,364,308,312,309,0.996764,1.000000,0,1
205,25,29,230,229,159,227,0.682819,0.484375,165,72
205,87,29,375,375,370,375,0.325333,1.000000,0,253
205,0,29,249,350,353,368,1.000000,0.920000,32,0
206,0,0,247,335,347,345,1.000000,0.862500,55,0
206,74,0,369,369,157,369,0.444444,1.000000,0,205
206,80,0,379,379,299,379,0.379947,1.000000,0,235
206,36,0,252,252,148,252,0.563492,0.498246,143,110
206,19,0,394,341,343,343,0.991254,1.000000,0,3
206,20,0,355,338,344,342,0.976608,0.994048,2,8
206,89,0,368,368,339,368,0.315217,1.000000,0,252
206,98,0,359,359,325,359,0.242340,1.000000,0,272
206,93,0,368,368,341,368,0.279891,1.000000,0,265
206,47,0,380,380,259,265,0.943396,1.000000,0,15
207,68,35,374,374,308,374,0.489305,1.000000,0,191
207,50,35,271,271,260,271,0.424354,0.479167,125,156
207,57,35,379,379,260,379,0.575198,1.000000,0,161
207,48,35,272,272,271,272,0.466912,0.514170,120,145
207,35,35,390,296,345,297,0.969697,1.000000,0,9
207,33,35,388,302,298,304,0.960526,0.989831,3,12
207,72,35,380,380,328,380,0.447368,1.000000,0,210
207,82,35,368,368,333,368,0.375000,1.000000,0,230
207,91,35,359,359,353,359,0.303621,1.000000,0,250
207,85,35,362,363,344,363,0.352617,1.000000,0,235
208,32,13,380,301,294,304,0.980263,1.000000,0,6
208,28,13,389,316,314,317,0.977918,0.996785,1,7
208,67,13,374,374,239,374,0.497326,1.000000,0,188
208,13,13,392,359,360,362,0.988950,0.997214,1,4
208,62,13,377,377,219,377,0.535809,1.000000,0,175
208,94,13,371,371,351,371,0.269542,1.000000,0,271
208,78,13,366,366,303,366,0.412568,1.000000,0,215
208,80,13,379,379,344,379,0.379947,1.000000,0,235
208,68,13,374,374,206,374,0.489305,1.000000,0,191
208,60,13,384,384,206,384,0.541667,1.000000,0,176
209,51,3,375,375,258,375,0.632000,1.000000,0,138
209,18,3,391,342,322,339,0.997050,0.985423,5,1
209,69,3,374,374,235,374,0.481283,1.000000,0,194
209,98,3,359,359,344,358,0.243017,1.000000,0,271
209,66,3,374,374,252,374,0.505348,1.000000,0,185
209,53,3,376,376,231,376,0.614362,1.000000,0,145
209,8,3,397,375,366,374,0.997326,0.994667,2,1
209,3,3,388,386,387,386,1.000000,0.987212,5,0
209,33,3,388,303,275,287,0.975610,0.949153,15,7
209,58,3,380,380,230,324,0.663580,1.000000,0,109
210,35,0,389,289,292,293,0.972696,0.989583,3,8
210,96,0,338,338,304,338,0.142012,0.516129,45,290
210,75,0,297,297,267,297,0.235690,0.437500,90,227
210,3,0,397,389,391,391,1.000000,1.000000,0,0
210,15,0,372,356,359,357,0.980392,0.994318,2,7
210,41,0,269,268,151,268,0.526119,0.524164,128,127
210,0,0,241,339,320,340,1.000000,0.850000,60,0
210,28,0,389,314,313,315,0.984127,0.996785,1,5
210,29,0,392,308,308,308,1.000000,1.000000,0,0
210,57,0,378,379,232,378,0.576720,1.000000,0,160
211,42,22,389,289,285,286,0.926573,0.996241,1,21
211,51,22,375,375,244,375,0.632000,1.000000,0,138
211,95,22,321,321,299,321,0.109034,0.364583,61,286
211,21,22,372,341,316,340,0.976471,0.996997,1,8
211,92,22,325,325,315,325,0.147692,0.452830,58,277
211,98,22,359,359,356,359,0.242340,1.000000,0,272
211,76,22,315,315,303,315,0.263492,0.528662,74,232
211,34,22,250,250,195,250,0.588000,0.503425,145,103
211,48,22,272,272,256,272,0.466912,0.514170,120,145
211,22,22,394,332,337,337,0.979228,1.000000,0,7
212,58,4,380,380,223,380,0.565789,1.000000,0,165
212,62,4,377,377,189,377,0.535809,1.000000,0,175
212,77,4,371,371,326,371,0.415094,1.000000,0,217
212,4,4,289,366,373,371,1.000000,0.956186,17,0
212,82,4,368,368,313,368,0.375000,1.000000,0,230
212,91,4,359,359,331,359,0.303621,1.000000,0,250
212,44,4,377,370,232,350,0.734286,0.988462,3,93
212,59,4,379,379,197,379,0.559367,1.000000,0,167
212,11,4,375,367,367,367,0.994550,1.000000,0,2
212,27,4,392,316,319,319,0.978056,0.993631,2,7
213,51,47,375,375,254,375,0.632000,1.000000,0,138
213,21,47,389,336,328,339,0.973451,0.990991,3,9
213,41,47,269,269,249,269,0.524164,0.524164,128,128
213,99,47,374,374,368,374,0.224599,1.000000,0,290
213,73,47,384,384,278,384,0.434896,1.000000,0,217
213,80,47,379,379,322,379,0.379947,1.000000,0,235
213,91,47,359,359,354,359,0.303621,1.000000,0,250
213,12,47,211,186,177,178,0.983146,0.483425,187,3
213,47,47,380,259,380,270,0.925926,1.000000,0,20
213,39,47,384,290,285,289,0.941176,0.985507,4,17
214,61,32,379,380,216,380,0.539474,1.000000,0,175
214,57,32,379,379,280,379,0.575198,1.000000,0,161
214,32,32,380,376,378,378,0.788360,1.000000,0,80
214,80,32,379,379,350,379,0.379947,1.000000,0,235
214,39,32,382,287,276,286,0.944056,0.978261,6,16
214,77,32,371,371,368,371,0.415094,1.000000,0,217
214,11,32,351,364,297,361,0.994460,0.983562,6,2
214,82,32,368,368,365,368,0.375000,1.000000,0,230
214,41,32,269,269,262,269,0.524164,0.524164,128,128
214,48,32,272,272,260,272,0.466912,0.514170,120,145
215,9,9,373,372,372,372,1.000000,1.000000,0,0
215,86,9,314,314,313,314,0.187898,0.472000,66,255
215,45,9,382,329,255,287,0.891986,1.000000,0,31
215,1,9,290,371,375,378,1.000000,0.952141,19,0
215,82,9,368,368,253,368,0.375000,1.000000,0,230
215,25,9,230,230,159,227,0.682819,0.484375,165,72
215,59,9,379,379,224,377,0.562334,1.000000,0,165
215,0,9,254,353,361,363,1.000000,0.907500,37,0
215,97,9,368,368,357,368,0.244565,1.000000,0,278
215,40,9,261,261,223,261,0.524904,0.503676,135,124
216,92,64,325,325,323,325,0.147692,0.452830,58,277
216,55,64,384,372,272,353,0.634561,1.000000,0,129
216,10,64,219,191,191,191,0.984293,0.510870,180,3
216,47,64,378,378,245,276,0.902174,0.996000,1,27
216,64,64,372,372,372,372,0.526882,1.000000,0,176
216,46,64,382,382,260,281,0.900356,1.000000,0,28
216,53,64,376,376,248,376,0.614362,1.000000,0,145
216,27,64,392,320,312,320,0.978125,0.996815,1,7
216,32,64,380,304,288,301,0.983389,0.993289,2,5
216,72,64,380,380,372,380,0.447368,1.000000,0,210
217,16,46,226,218,180,211,0.848341,0.512894,170,32
217,25,46,230,226,181,224,0.691964,0.484375,165,69
217,72,46,380,380,325,380,0.447368,1.000000,0,210
217,96,46,338,338,334,338,0.142012,0.516129,45,290
217,43,46,259,259,252,259,0.505792,0.498099,132,128
217,50,46,271,271,264,271,0.424354,0.479167,125,156
217,46,46,383,374,382,383,0.660574,1.000000,0,130
217,30,46,383,309,298,307,0.977199,0.986842,4,7
217,86,46,314,314,309,314,0.187898,0.472000,66,255
217,44,46,377,377,272,377,0.689655,1.000000,0,117
218,2,2,250,394,394,394,1.000000,1.000000,0,0
218,40,2,261,261,146,261,0.524904,0.503676,135,124
218,12,2,210,191,178,178,0.983146,0.483425,187,3
218,77,2,370,370,252,370,0.416216,1.000000,0,216
218,55,2,385,382,245,335,0.668657,1.000000,0,111
218,85,2,363,363,342,363,0.352617,1.000000,0,235
218,61,2,380,380,205,380,0.539474,1.000000,0,175
218,44,2,377,377,269,377,0.689655,1.000000,0,117
218,47,2,379,277,254,259,0.965251,1.000000,0,9
218,53,2,376,376,237,376,0.614362,1.000000,0,145
219,55,60,385,384,243,376,0.595745,1.000000,0,152
219,20,60,395,345,335,344,0.973837,0.997024,1,9
219,5,60,325,379,376,380,0.997368,0.986979,5,1
219,89,60,368,368,367,368,0.315217,1.000000,0,252
219,61,60,380,380,341,380,0.539474,1.000000,0,175
219,86,60,314,314,314,314,0.187898,0.472000,66,255
219,99,60,374,374,374,374,0.224599,1.000000,0,290
219,51,60,375,375,290,375,0.632000,1.000000,0,138
219,95,60,321,321,321,321,0.109034,0.364583,61,286
219,60,60,384,384,384,384,0.541667,1.000000,0,176
220,2,2,258,394,394,394,1.000000,1.000000,0,0
220,67,2,374,374,207,373,0.498660,1.000000,0,187
220,9,2,396,372,372,372,1.000000,1.000000,0,0
220,36,2,252,252,149,252,0.563492,0.498246,143,110
220,10,2,218,191,191,191,0.984293,0.510870,180,3
220,25,2,230,230,159,229,0.676856,0.484375,165,74
220,51,2,375,375,246,375,0.632000,1.000000,0,138
220,27,2,392,321,321,321,0.978193,1.000000,0,7
220,95,2,321,321,288,321,0.109034,0.364583,61,286
220,13,2,392,358,351,354,0.994350,0.980501,7,2
221,74,31,369,369,294,369,0.444444,1.000000,0,205
221,58,31,380,380,272,350,0.614286,1.000000,0,135
221,45,31,382,269,265,269,0.947955,0.996094,1,14
221,31,31,389,308,318,309,0.964401,0.990033,3,11
221,41,31,269,269,260,269,0.524164,0.524164,128,128
221,27,31,392,320,317,319,0.978056,0.993631,2,7
221,83,31,367,367,357,367,0.367847,1.000000,0,232
221,71,31,373,373,357,373,0.463807,1.000000,0,200
221,10,31,219,192,191,191,0.984293,0.510870,180,3
221,66,31,374,374,355,374,0.505348,1.000000,0,185
222,1,1,245,372,372,375,1.000000,0.944584,22,0
222,6,1,398,382,376,380,0.997368,0.994751,2,1
222,25,1,229,230,160,230,0.673913,0.484375,165,75
222,24,1,393,330,322,329,0.972644,0.987654,4,9
222,80,1,379,379,355,379,0.379947,1.000000,0,235
222,11,1,374,360,353,358,0.997207,0.978082,8,1
222,26,1,388,322,310,318,0.984277,0.987382,4,5
222,91,1,359,359,344,359,0.303621,1.000000,0,250
222,37,1,388,388,300,310,0.909677,1.000000,0,28
222,27,1,384,319,320,320,0.978125,0.996815,1,7
223,98,20,359,359,348,359,0.242340,1.000000,0,272
223,20,20,376,340,336,341,0.979472,0.994048,2,7
223,58,20,380,380,175,380,0.565789,1.000000,0,165
223,90,20,374,374,359,374,0.299465,1.000000,0,262
223,53,20,376,376,209,376,0.614362,1.000000,0,145
223,96,20,338,338,336,338,0.142012,0.516129,45,290
223,76,20,315,315,309,315,0.263492,0.528662,74,232
223,59,20,379,379,249,379,0.559367,1.000000,0,167
223,27,20,344,320,309,320,0.978125,0.996815,1,7
223,63,20,237,201,198,204,0.950980,0.974874,5,10
224,84,0,382,382,352,382,0.345550,1.000000,0,250
224,4,0,252,361,378,371,1.000000,0.956186,17,0
224,67,0,373,374,208,373,0.498660,1.000000,0,187
224,32,0,380,361,302,304,0.980263,1.000000,0,6
224,18,0,393,344,343,343,0.994169,0.994169,2,2
224,24,0,366,329,334,332,0.972892,0.996914,1,9
224,91,0,359,359,359,359,0.303621,1.000000,0,250
224,0,0,306,355,352,363,1.000000,0.907500,37,0
224,13,0,392,361,359,363,0.988981,1.000000,0,4
224,87,0,375,375,351,375,0.325333,1.000000,0,253
225,76,2,315,315,291,315,0.263492,0.528662,74,232
225,31,2,389,308,311,310,0.967742,0.996678,1,10
225,81,2,313,313,291,313,0.223642,0.496454,71,243
225,28,2,389,315,317,317,0.981073,1.000000,0,6
225,54,2,377,375,237,347,0.657061,1.000000,0,119
225,2,2,231,394,394,394,1.000000,1.000000,0,0
225,27,2,386,321,321,321,0.978193,1.000000,0,7
225,79,2,371,371,317,371,0.398922,1.000000,0,223
225,67,2,374,374,315,373,0.498660,1.000000,0,187
225,61,2,379,379,202,356,0.575843,1.000000,0,151
226,23,29,391,330,325,329,0.987842,0.993884,2,4
226,43,29,259,259,215,259,0.505792,0.498099,132,128
226,57,29,379,379,322,379,0.575198,1.000000,0,161
226,95,29,321,321,321,321,0.109034,0.364583,61,286
226,14,29,359,353,342,357,0.991597,0.994382,2,3
226,42,29,392,287,273,286,0.926573,0.996241,1,21
226,86,29,314,314,313,314,0.187898,0.472000,66,255
226,20,29,375,341,340,344,0.973837,0.997024,1,9
226,59,29,379,379,246,379,0.559367,1.000000,0,167
226,29,29,393,309,387,377,0.816976,1.000000,0,69
227,97,1,368,368,336,368,0.244565,1.000000,0,278
227,53,1,376,376,233,376,0.614362,1.000000,0,145
227,34,1,250,250,153,250,0.588000,0.503425,145,103
227,91,1,359,359,346,359,0.303621,1.000000,0,250
227,74,1,369,369,282,369,0.444444,1.000000,0,205
227,90,1,374,374,355,374,0.299465,1.000000,0,262
227,1,1,220,321,374,350,1.000000,0.881612,47,0
227,26,1,392,315,327,324,0.972222,0.993691,2,9
227,96,1,337,338,314,338,0.142012,0.516129,45,290
227,64,1,372,372,197,372,0.526882,1.000000,0,176
228,60,2,384,384,209,220,0.945455,1.000000,0,12
228,31,2,389,309,314,313,0.961661,1.000000,0,12
228,62,2,377,377,190,377,0.535809,1.000000,0,175
228,39,2,384,374,287,296,0.932432,1.000000,0,20
228,2,2,291,394,394,394,1.000000,1.000000,0,0
228,86,2,314,314,291,314,0.187898,0.472000,66,255
228,10,2,219,191,191,191,0.984293,0.510870,180,3
228,16,2,226,223,180,220,0.813636,0.512894,170,41
228,27,2,392,322,321,321,0.978193,1.000000,0,7
228,68,2,374,374,178,374,0.489305,1.000000,0,191
229,79,2,371,371,217,371,0.398922,1.000000,0,223
229,42,2,348,281,288,283,0.932862,0.992481,2,19
229,52,2,382,382,246,311,0.752412,1.000000,0,77
229,1,2,245,363,397,379,1.000000,0.954660,18,0
229,49,2,389,286,256,270,0.903704,1.000000,0,26
229,74,2,369,369,348,369,0.444444,1.000000,0,205
229,53,2,376,376,232,376,0.614362,1.000000,0,145
229,27,2,392,316,321,321,0.978193,1.000000,0,7
229,2,2,293,394,394,394,1.000000,1.000000,0,0
229,97,2,368,368,343,368,0.244565,1.000000,0,278
230,11,8,352,362,365,365,0.997260,0.997260,1,1
230,56,8,380,380,235,373,0.592493,1.000000,0,152
230,53,8,376,376,214,376,0.614362,1.000000,0,145
230,84,8,382,382,353,382,0.345550,1.000000,0,250
230,91,8,359,359,330,359,0.303621,1.000000,0,250
230,36,8,252,252,158,252,0.563492,0.498246,143,110
230,99,8,374,374,338,374,0.224599,1.000000,0,290
230,8,8,353,369,354,367,1.000000,0.978667,8,0
230,74,8,369,369,330,369,0.444444,1.000000,0,205
230,32,8,380,378,294,373,0.798928,1.000000,0,75
231,23,4,393,328,323,329,0.993921,1.000000,0,2
231,79,4,371,371,316,371,0.398922,1.000000,0,223
231,5,4,324,379,382,379,1.000000,0.986979,5,0
231,4,4,275,370,377,376,1.000000,0.969072,12,0
231,20,4,377,343,315,328,0.981707,0.958333,14,6
231,87,4,374,375,353,375,0.325333,1.000000,0,253
231,33,4,386,297,298,301,0.963455,0.983051,5,11
231,51,4,375,375,256,375,0.632000,1.000000,0,138
231,57,4,379,379,247,379,0.575198,1.000000,0,161
231,14,4,357,352,356,359,0.986072,0.994382,2,5
232,13,8,392,361,352,360,0.994444,0.997214,1,2
232,8,8,397,373,376,378,0.992063,1.000000,0,3
232,40,8,261,261,239,261,0.524904,0.503676,135,124
232,31,8,389,310,310,314,0.958599,1.000000,0,13
232,26,8,392,325,306,321,0.978193,0.990536,3,7
232,23,8,371,327,335,330,0.987879,0.996942,1,4
232,63,8,379,386,208,386,0.515544,1.000000,0,187
232,72,8,380,380,328,380,0.447368,1.000000,0,210
232,66,8,373,374,203,374,0.505348,1.000000,0,185
232,24,8,393,328,329,333,0.972973,1.000000,0,9
233,19,9,368,332,325,337,0.994065,0.985294,5,2
233,44,9,377,377,250,280,0.928571,1.000000,0,20
233,96,9,338,338,336,338,0.142012,0.516129,45,290
233,72,9,380,379,277,379,0.448549,1.000000,0,209
233,79,9,371,371,292,371,0.398922,1.000000,0,223
233,9,9,375,372,372,372,1.000000,1.000000,0,0
233,16,9,226,225,180,225,0.795556,0.512894,170,46
233,34,9,250,250,152,250,0.588000,0.503425,145,103
233,62,9,377,377,261,377,0.535809,1.000000,0,175
233,89,9,368,368,344,368,0.315217,1.000000,0,252
234,23,9,393,331,325,330,0.987879,0.996942,1,4
234,83,9,366,367,313,367,0.367847,1.000000,0,232
234,63,9,386,386,235,360,0.552778,1.000000,0,161
234,26,9,392,324,319,325,0.969231,0.993691,2,10
234,9,9,391,372,372,372,1.000000,1.000000,0,0
234,75,9,297,297,288,297,0.235690,0.437500,90,227
234,78,9,366,366,330,366,0.412568,1.000000,0,215
234,46,9,383,383,249,274,0.923358,1.000000,0,21
234,99,9,374,374,354,374,0.224599,1.000000,0,290
234,82,9,368,368,324,368,0.375000,1.000000,0,230
235,87,9,375,375,308,375,0.325333,1.000000,0,253
235,9,9,380,372,372,372,1.000000,1.000000,0,0
235,17,9,219,218,172,215,0.781395,0.485549,178,47
235,74,9,369,369,297,369,0.444444,1.000000,0,205
235,80,9,379,379,221,379,0.379947,1.000000,0,235
235,36,9,252,252,242,251,0.565737,0.498246,143,109
235,52,9,382,374,234,322,0.726708,1.000000,0,88
235,73,9,384,384,217,384,0.434896,1.000000,0,217
235,39,9,384,288,287,290,0.948276,0.996377,1,15
235,11,9,363,358,366,364,0.994505,0.991781,3,2
236,65,9,294,294,265,294,0.326531,0.500000,96,198
236,66,9,374,374,276,374,0.505348,1.000000,0,185
236,36,9,252,252,245,252,0.563492,0.498246,143,110
236,17,9,219,217,172,215,0.781395,0.485549,178,47
236,62,9,377,377,249,377,0.535809,1.000000,0,175
236,9,9,380,372,372,372,1.000000,1.000000,0,0
236,77,9,370,371,335,371,0.415094,1.000000,0,217
236,20,9,386,338,342,341,0.976540,0.991071,3,8
236,49,9,389,280,255,267,0.913858,1.000000,0,23
236,33,9,388,306,302,307,0.954397,0.993220,2,14
237,74,47,369,369,360,369,0.444444,1.000000,0,205
237,41,47,269,269,258,269,0.524164,0.524164,128,128
237,53,47,376,376,242,376,0.614362,1.000000,0,145
237,90,47,374,374,366,374,0.299465,1.000000,0,262
237,49,47,343,257,252,256,0.949219,0.995902,1,13
237,68,47,374,374,328,374,0.489305,1.000000,0,191
237,47,47,380,380,380,380,0.657895,1.000000,0,130
237,76,47,315,315,311,315,0.263492,0.528662,74,232
237,59,47,379,379,280,379,0.559367,1.000000,0,167
237,37,47,388,297,301,301,0.933555,0.996454,1,20
238,19,14,389,339,310,342,0.988304,0.994118,2,4
238,6,14,355,376,364,378,0.997354,0.989501,4,1
238,95,14,321,321,299,321,0.109034,0.364583,61,286
238,65,14,294,294,250,294,0.326531,0.500000,96,198
238,46,14,383,381,229,267,0.947566,1.000000,0,14
238,94,14,371,371,338,371,0.269542,1.000000,0,271
238,68,14,374,374,198,372,0.491935,1.000000,0,189
238,85,14,363,363,310,362,0.353591,1.000000,0,234
238,14,14,305,357,343,353,0.991501,0.983146,6,3
238,77,14,371,371,332,371,0.415094,1.000000,0,217
239,44,64,377,377,265,283,0.911661,0.992308,2,25
239,93,64,368,368,366,368,0.279891,1.000000,0,265
239,16,64,226,224,180,220,0.813636,0.512894,170,41
239,21,64,318,329,337,336,0.973214,0.981982,6,9
239,96,64,338,338,337,338,0.142012,0.516129,45,290
239,52,64,382,320,237,287,0.815331,1.000000,0,53
239,64,64,372,372,372,372,0.526882,1.000000,0,176
239,47,64,380,253,238,255,0.972549,0.992000,2,7
239,61,64,380,334,201,277,0.740072,1.000000,0,72
239,58,64,380,380,261,379,0.567282,1.000000,0,164
240,52,46,382,382,229,382,0.612565,1.000000,0,148
240,21,46,387,342,338,342,0.973684,1.000000,0,9
240,89,46,368,368,357,368,0.315217,1.000000,0,252
240,46,46,383,383,378,379,0.667546,1.000000,0,126
240,26,46,392,324,293,322,0.972050,0.987382,4,9
240,77,46,371,371,332,371,0.415094,1.000000,0,217
240,73,46,384,384,312,384,0.434896,1.000000,0,217
240,22,46,367,326,318,327,0.996942,0.987879,4,1
240,87,46,375,375,345,375,0.325333,1.000000,0,253
240,23,46,393,332,323,334,0.979042,1.000000,0,7
241,85,64,363,363,358,363,0.352617,1.000000,0,235
241,72,64,380,380,366,380,0.447368,1.000000,0,210
241,64,64,372,372,372,372,0.526882,1.000000,0,176
241,28,64,389,319,314,319,0.974922,1.000000,0,8
241,78,64,366,366,363,366,0.412568,1.000000,0,215
241,10,64,218,191,191,191,0.984293,0.510870,180,3
241,73,64,384,384,353,384,0.434896,1.000000,0,217
241,47,64,380,380,245,379,0.659631,1.000000,0,129
241,21,64,380,340,324,339,0.973451,0.990991,3,9
241,24,64,241,312,257,293,0.976109,0.882716,38,7
242,32,0,379,304,304,304,0.980263,1.000000,0,6
242,17,0,219,215,172,199,0.844221,0.485549,178,31
242,68,0,374,374,189,374,0.489305,1.000000,0,191
242,27,0,338,319,321,320,0.978125,0.996815,1,7
242,85,0,363,363,322,363,0.352617,1.000000,0,235
242,66,0,374,374,203,373,0.506702,1.000000,0,184
242,90,0,374,374,348,374,0.299465,1.000000,0,262
242,71,0,373,373,174,373,0.463807,1.000000,0,200
242,0,0,287,336,334,340,1.000000,0.850000,60,0
242,74,0,369,369,162,369,0.444444,1.000000,0,205
243,45,6,382,283,256,270,0.940741,0.992188,2,16
243,95,6,321,321,299,321,0.109034,0.364583,61,286
243,10,6,219,200,191,191,0.984293,0.510870,180,3
243,32,6,379,298,301,303,0.983498,1.000000,0,5
243,52,6,382,382,250,382,0.612565,1.000000,0,148
243,20,6,356,343,345,346,0.971098,1.000000,0,10
243,40,6,261,261,235,261,0.524904,0.503676,135,124
243,73,6,384,384,238,384,0.434896,1.000000,0,217
243,6,6,346,366,376,376,0.997340,0.984252,6,1
243,23,6,393,328,326,328,0.987805,0.990826,3,4
244,3,3,396,388,389,390,1.000000,0.997442,1,0
244,23,3,393,330,330,330,0.990909,1.000000,0,3
244,31,3,388,307,311,311,0.967846,1.000000,0,10
244,92,3,325,325,310,325,0.147692,0.452830,58,277
244,72,3,380,380,201,380,0.447368,1.000000,0,210
244,82,3,368,368,271,355,0.388732,1.000000,0,217
244,18,3,389,342,330,334,0.997006,0.970845,10,1
244,59,3,379,379,235,372,0.569892,1.000000,0,160
244,81,3,313,313,249,313,0.223642,0.496454,71,243
244,78,3,366,366,206,366,0.412568,1.000000,0,215
245,65,14,294,294,280,294,0.326531,0.500000,96,198
245,57,14,379,379,263,355,0.614085,1.000000,0,137
245,20,14,393,341,346,346,0.971098,1.000000,0,10
245,50,14,271,271,245,271,0.424354,0.479167,125,156
245,89,14,368,368,345,368,0.315217,1.000000,0,252
245,14,14,342,350,346,349,0.994269,0.974719,9,2
245,45,14,382,290,254,277,0.920578,0.996094,1,22
245,42,14,353,274,286,283,0.929329,0.988722,3,20
245,27,14,392,322,301,319,0.981191,0.996815,1,6
245,31,14,389,306,296,307,0.970684,0.990033,3,9
246,66,9,374,374,277,374,0.505348,1.000000,0,185
246,17,9,218,213,172,210,0.800000,0.485549,178,42
246,79,9,371,371,337,371,0.398922,1.000000,0,223
246,43,9,259,259,169,259,0.505792,0.498099,132,128
246,12,9,211,188,178,178,0.983146,0.483425,187,3
246,45,9,382,382,265,382,0.670157,1.000000,0,126
246,88,9,367,367,323,367,0.324251,1.000000,0,248
246,13,9,392,358,354,359,0.997214,0.997214,1,1
246,9,9,391,372,374,374,0.994652,1.000000,0,2
246,4,9,250,365,390,377,1.000000,0.971649,11,0
247,81,0,313,313,290,313,0.223642,0.496454,71,243
247,69,0,374,374,321,374,0.481283,1.000000,0,194
247,49,0,389,279,256,266,0.917293,1.000000,0,22
247,46,0,383,269,260,266,0.951128,1.000000,0,13
247,0,0,275,347,335,347,1.000000,0.867500,53,0
247,2,0,255,394,394,394,1.000000,1.000000,0,0
247,4,0,265,355,390,370,1.000000,0.953608,18,0
247,37,0,388,298,299,298,0.942953,0.996454,1,17
247,25,0,230,228,159,188,0.824468,0.484375,165,33
247,11,0,363,359,367,365,0.994521,0.994521,2,2
248,90,9,374,374,301,374,0.299465,1.000000,0,262
248,55,9,384,375,241,361,0.620499,1.000000,0,137
248,3,9,332,387,375,383,1.000000,0.979540,8,0
248,26,9,342,321,314,323,0.975232,0.993691,2,8
248,25,9,230,224,159,196,0.790816,0.484375,165,41
248,45,9,381,382,255,380,0.673684,1.000000,0,124
248,9,9,339,372,373,372,1.000000,1.000000,0,0
248,8,9,374,372,369,373,1.000000,0.994667,2,0
248,12,9,211,189,178,178,0.983146,0.483425,187,3
248,2,9,272,394,394,394,1.000000,1.000000,0,0
249,30,42,381,314,290,313,0.968051,0.996711,1,10
249,64,42,372,372,340,372,0.526882,1.000000,0,176
249,39,42,371,287,283,288,0.944444,0.985507,4,16
249,99,42,374,374,350,374,0.224599,1.000000,0,290
249,45,42,382,366,278,301,0.850498,1.000000,0,45
249,42,42,326,282,298,285,0.933333,1.000000,0,19
249,53,42,376,376,279,376,0.614362,1.000000,0,145
249,74,42,369,369,302,369,0.444444,1.000000,0,205
249,7,42,345,370,356,371,1.000000,0.981481,7,0
249,56,42,380,375,303,357,0.619048,1.000000,0,136
250,26,29,380,327,321,327,0.966361,0.996845,1,11
250,55,29,385,374,249,343,0.653061,1.000000,0,119
250,51,29,375,375,269,375,0.632000,1.000000,0,138
250,31,29,337,309,300,308,0.967532,0.990033,3,10
250,29,29,394,308,316,316,0.974684,1.000000,0,8
250,71,29,372,373,363,373,0.463807,1.000000,0,200
250,98,29,359,359,358,359,0.242340,1.000000,0,272
250,43,29,258,259,244,259,0.505792,0.498099,132,128
250,68,29,374,374,296,374,0.489305,1.000000,0,191
250,36,29,252,247,233,246,0.577236,0.498246,143,104
251,35,6,389,294,296,297,0.962963,0.993056,2,11
251,91,6,359,359,329,359,0.303621,1.000000,0,250
251,6,6,339,375,375,373,1.000000,0.979003,8,0
251,32,6,371,302,301,303,0.980198,0.996644,1,6
251,30,6,383,307,305,309,0.977346,0.993421,2,7
251,12,6,211,205,178,200,0.875000,0.483425,187,25
251,86,6,314,314,285,314,0.187898,0.472000,66,255
251,22,6,393,334,332,333,0.987988,0.996970,1,4
251,89,6,367,368,346,368,0.315217,1.000000,0,252
251,16,6,226,224,180,223,0.802691,0.512894,170,44
252,52,2,382,382,241,382,0.612565,1.000000,0,148
252,70,2,368,369,191,369,0.476965,1.000000,0,193
252,8,2,397,376,373,374,1.000000,0.997333,1,0
252,1,2,230,372,397,385,1.000000,0.969773,12,0
252,68,2,374,374,185,374,0.489305,1.000000,0,191
252,29,2,373,309,308,308,1.000000,1.000000,0,0
252,16,2,223,220,180,218,0.821101,0.512894,170,39
252,2,2,263,394,394,394,1.000000,1.000000,0,0
252,66,2,374,374,177,374,0.505348,1.000000,0,185
252,15,2,389,357,359,359,0.980501,1.000000,0,7
253,57,9,379,379,244,378,0.576720,1.000000,0,160
253,9,9,374,372,372,372,1.000000,1.000000,0,0
253,94,9,371,371,365,371,0.269542,1.000000,0,271
253,15,9,394,359,354,358,0.980447,0.997159,1,7
253,29,9,326,308,308,308,1.000000,1.000000,0,0
253,86,9,314,314,312,314,0.187898,0.472000,66,255
253,91,9,359,359,348,359,0.303621,1.000000,0,250
253,31,9,389,310,306,312,0.964744,1.000000,0,11
253,0,9,240,339,318,333,1.000000,0.832500,67,0
253,68,9,374,374,228,374,0.489305,1.000000,0,191
254,5,8,360,372,383,378,0.997354,0.981771,7,1
254,25,8,230,228,156,225,0.688889,0.484375,165,70
254,72,8,380,380,276,380,0.447368,1.000000,0,210
254,14,8,359,352,360,356,0.991573,0.991573,3,3
254,65,8,294,294,264,294,0.326531,0.500000,96,198
254,8,8,395,373,375,377,0.992042,0.997333,1,3
254,75,8,296,297,279,297,0.235690,0.437500,90,227
254,84,8,381,382,341,382,0.345550,1.000000,0,250
254,52,8,382,381,211,297,0.774411,0.982906,4,67
254,68,8,374,374,225,374,0.489305,1.000000,0,191
255,8,9,397,375,370,375,0.997333,0.997333,1,1
255,32,9,380,298,294,300,0.986667,0.993289,2,4
255,85,9,362,363,291,363,0.352617,1.000000,0,235
255,52,9,382,382,235,345,0.678261,1.000000,0,111
255,3,9,381,386,383,387,1.000000,0.989770,4,0
255,38,9,369,276,285,281,0.971530,0.978495,6,8
255,91,9,359,359,347,359,0.303621,1.000000,0,250
255,33,9,387,302,286,298,0.966443,0.976271,7,10
255,9,9,356,372,377,375,0.992000,1.000000,0,3
255,81,9,313,313,300,313,0.223642,0.496454,71,243
256,17,9,219,210,172,200,0.840000,0.485549,178,32
256,7,9,397,377,377,378,1.000000,1.000000,0,0
256,73,9,384,384,204,378,0.441799,1.000000,0,211
256,29,9,394,308,308,307,1.000000,0.996753,1,0
256,70,9,369,369,289,369,0.476965,1.000000,0,193
256,83,9,367,367,332,367,0.367847,1.000000,0,232
256,9,9,367,372,374,374,0.994652,1.000000,0,2
256,82,9,368,368,293,368,0.375000,1.000000,0,230
256,56,9,380,380,241,329,0.671733,1.000000,0,108
256,93,9,368,368,349,368,0.279891,1.000000,0,265
257,76,29,314,315,313,315,0.263492,0.528662,74,232
257,29,29,349,308,314,308,1.000000,1.000000,0,0
257,79,29,370,371,310,370,0.400000,1.000000,0,222
257,16,29,226,218,180,216,0.828704,0.512894,170,37
257,44,29,376,376,273,301,0.860465,0.996154,1,42
257,0,29,234,361,356,374,1.000000,0.935000,26,0
257,92,29,325,325,317,325,0.147692,0.452830,58,277
257,46,29,383,257,235,254,0.972441,0.976285,6,7
257,28,29,389,318,314,317,0.981073,1.000000,0,6
257,94,29,370,371,360,371,0.269542,1.000000,0,271
258,34,5,250,250,153,249,0.590361,0.503425,145,102
258,81,5,313,313,288,313,0.223642,0.496454,71,243
258,72,5,380,380,276,380,0.447368,1.000000,0,210
258,41,5,269,269,140,269,0.524164,0.524164,128,128
258,59,5,379,379,172,379,0.559367,1.000000,0,167
258,54,5,376,374,215,242,0.933884,0.991228,2,16
258,39,5,384,290,258,288,0.944444,0.985507,4,16
258,42,5,387,282,290,283,0.936396,0.996241,1,18
258,51,5,375,375,250,375,0.632000,1.000000,0,138
258,5,5,339,371,379,374,1.000000,0.973958,10,0
259,94,3,371,371,342,371,0.269542,1.000000,0,271
259,12,3,211,193,178,178,0.983146,0.483425,187,3
259,63,3,384,386,221,385,0.516883,1.000000,0,186
259,11,3,367,364,365,366,0.997268,1.000000,0,1
259,76,3,315,315,277,314,0.264331,0.528662,74,231
259,96,3,338,338,316,338,0.142012,0.516129,45,290
259,45,3,382,380,269,314,0.815287,1.000000,0,58
259,58,3,380,380,233,245,0.877551,1.000000,0,30
259,3,3,376,389,390,390,1.000000,0.997442,1,0
259,15,3,389,356,357,357,0.980392,0.994318,2,7
260,93,47,368,368,366,368,0.279891,1.000000,0,265
260,99,47,374,374,373,374,0.224599,1.000000,0,290
260,33,47,387,301,289,305,0.957377,0.989831,3,13
260,78,47,366,366,365,366,0.412568,1.000000,0,215
260,47,47,379,377,380,379,0.659631,1.000000,0,129
260,94,47,371,371,359,371,0.269542,1.000000,0,271
260,15,47,392,356,345,356,0.983146,0.994318,2,6
260,20,47,381,344,335,344,0.973837,0.997024,1,9
260,96,47,337,338,331,338,0.142012,0.516129,45,290
260,48,47,272,272,262,272,0.466912,0.514170,120,145
261,55,20,384,385,270,384,0.583333,1.000000,0,160
261,76,20,315,315,301,315,0.263492,0.528662,74,232
261,36,20,252,252,235,252,0.563492,0.498246,143,110
261,42,20,393,292,273,285,0.926316,0.992481,2,21
261,71,20,373,373,310,373,0.463807,1.000000,0,200
261,20,20,389,342,346,346,0.965318,0.994048,2,12
261,75,20,297,297,288,297,0.235690,0.437500,90,227
261,31,20,389,308,310,313,0.958466,0.996678,1,13
261,97,20,368,368,352,368,0.244565,1.000000,0,278
261,39,20,384,291,273,287,0.944251,0.981884,5,16
262,26,3,392,326,317,323,0.978328,0.996845,1,7
262,27,3,390,321,321,322,0.975155,1.000000,0,8
262,21,3,391,341,343,343,0.970845,1.000000,0,10
262,93,3,368,368,300,368,0.279891,1.000000,0,265
262,97,3,368,368,343,368,0.244565,1.000000,0,278
262,62,3,377,377,207,377,0.535809,1.000000,0,175
262,36,3,252,251,150,250,0.568000,0.498246,143,108
262,91,3,359,359,286,359,0.303621,1.000000,0,250
262,67,3,374,374,207,374,0.497326,1.000000,0,188
262,3,3,324,387,390,389,1.000000,0.994885,2,0
263,35,0,390,301,298,299,0.963211,1.000000,0,11
263,56,0,380,380,222,379,0.583113,1.000000,0,158
263,0,0,239,350,306,337,1.000000,0.842500,63,0
263,82,0,368,368,341,368,0.375000,1.000000,0,230
263,92,0,325,325,294,325,0.147692,0.452830,58,277
263,17,0,219,211,172,172,0.976744,0.485549,178,4
263,26,0,392,319,324,323,0.981424,1.000000,0,6
263,37,0,388,387,297,304,0.927632,1.000000,0,22
263,98,0,359,359,322,359,0.242340,1.000000,0,272
263,52,0,381,382,240,381,0.614173,1.000000,0,147
264,87,18,375,375,340,375,0.325333,1.000000,0,253
264,48,18,272,272,244,272,0.466912,0.514170,120,145
264,50,18,271,271,257,271,0.424354,0.479167,125,156
264,99,18,374,374,367,374,0.224599,1.000000,0,290
264,42,18,393,302,280,292,0.910959,1.000000,0,26
264,54,18,377,377,219,375,0.608000,1.000000,0,147
264,27,18,392,321,315,319,0.984326,1.000000,0,5
264,66,18,374,374,281,374,0.505348,1.000000,0,185
264,18,18,391,342,343,345,0.988406,0.994169,2,4
264,46,18,378,260,236,254,0.984252,0.988142,3,4
265,66,30,374,374,330,374,0.505348,1.000000,0,185
265,56,30,380,380,237,379,0.583113,1.000000,0,158
265,26,30,392,327,322,326,0.969325,0.996845,1,10
265,17,30,219,215,172,212,0.792453,0.485549,178,44
265,75,30,297,297,285,297,0.235690,0.437500,90,227
265,48,30,272,272,253,272,0.466912,0.514170,120,145
265,30,30,383,309,349,322,0.937888,0.993421,2,20
265,73,30,384,384,260,384,0.434896,1.000000,0,217
265,31,30,387,306,286,307,0.960912,0.980066,6,12
265,99,30,373,374,365,374,0.224599,1.000000,0,290
266,54,9,377,376,262,375,0.608000,1.000000,0,147
266,92,9,324,325,318,325,0.147692,0.452830,58,277
266,9,9,377,372,373,372,1.000000,1.000000,0,0
266,64,9,372,372,200,372,0.526882,1.000000,0,176
266,99,9,374,374,347,374,0.224599,1.000000,0,290
266,97,9,368,368,358,368,0.244565,1.000000,0,278
266,79,9,371,371,315,371,0.398922,1.000000,0,223
266,8,9,393,372,372,374,1.000000,0.997333,1,0
266,17,9,218,212,172,207,0.811594,0.485549,178,39
266,50,9,271,271,262,271,0.424354,0.479167,125,156
267,94,9,370,371,363,371,0.269542,1.000000,0,271
267,9,9,368,372,374,372,1.000000,1.000000,0,0
267,21,9,391,341,341,342,0.973684,1.000000,0,9
267,19,9,392,335,333,342,0.994152,1.000000,0,2
267,33,9,388,307,300,303,0.960396,0.986441,4,12
267,64,9,372,372,194,372,0.526882,1.000000,0,176
267,63,9,383,386,247,385,0.516883,1.000000,0,186
267,71,9,373,373,317,373,0.463807,1.000000,0,200
267,2,9,239,394,394,394,1.000000,1.000000,0,0
267,66,9,374,374,287,374,0.505348,1.000000,0,185
268,14,14,362,352,354,354,0.994350,0.988764,4,2
268,73,14,384,384,232,384,0.434896,1.000000,0,217
268,40,14,261,261,228,261,0.524904,0.503676,135,124
268,60,14,384,383,210,270,0.770370,1.000000,0,62
268,43,14,259,259,176,259,0.505792,0.498099,132,128
268,3,14,369,384,380,385,1.000000,0.984655,6,0
268,44,14,377,377,250,360,0.722222,1.000000,0,100
268,80,14,379,379,344,377,0.381963,1.000000,0,233
268,72,14,380,380,322,380,0.447368,1.000000,0,210
268,51,14,375,375,252,375,0.632000,1.000000,0,138
269,44,8,377,375,262,365,0.712329,1.000000,0,105
269,19,8,374,339,334,341,0.991202,0.994118,2,3
269,36,8,252,252,154,252,0.563492,0.498246,143,110
269,8,8,378,372,375,375,0.997333,0.997333,1,1
269,86,8,314,314,296,314,0.187898,0.472000,66,255
269,71,8,373,373,250,373,0.463807,1.000000,0,200
269,55,8,385,384,245,383,0.584856,1.000000,0,159
269,56,8,380,378,265,375,0.589333,1.000000,0,154
269,76,8,314,315,296,315,0.263492,0.528662,74,232
269,30,8,383,315,301,312,0.971154,0.996711,1,9
270,60,5,384,384,201,383,0.543081,1.000000,0,175
270,5,5,344,380,374,380,1.000000,0.989583,4,0
270,57,5,379,379,260,372,0.586022,1.000000,0,154
270,78,5,366,366,282,366,0.412568,1.000000,0,215
270,42,5,392,287,286,289,0.916955,0.996241,1,24
270,46,5,383,383,245,383,0.660574,1.000000,0,130
270,4,5,324,373,386,379,1.000000,0.976804,9,0
270,24,5,385,330,333,333,0.972973,1.000000,0,9
270,27,5,392,318,317,320,0.978125,0.996815,1,7
270,51,5,375,375,245,375,0.632000,1.000000,0,138
271,45,2,381,278,265,271,0.944649,1.000000,0,15
271,98,2,359,359,331,359,0.242340,1.000000,0,272
271,20,2,393,344,345,345,0.973913,1.000000,0,9
271,96,2,337,338,315,338,0.142012,0.516129,45,290
271,68,2,373,374,192,374,0.489305,1.000000,0,191
271,79,2,371,371,247,370,0.400000,1.000000,0,222
271,1,2,265,378,397,397,1.000000,1.000000,0,0
271,67,2,373,373,224,373,0.498660,1.000000,0,187
271,2,2,237,394,394,394,1.000000,1.000000,0,0
271,99,2,374,374,372,374,0.224599,1.000000,0,290
272,98,8,359,359,340,359,0.242340,1.000000,0,272
272,7,8,360,373,366,375,1.000000,0.992063,3,0
272,17,8,219,213,172,208,0.807692,0.485549,178,40
272,8,8,348,363,375,370,0.994595,0.981333,7,2
272,84,8,382,382,352,382,0.345550,1.000000,0,250
272,52,8,382,382,220,303,0.759076,0.982906,4,73
272,80,8,379,379,282,379,0.379947,1.000000,0,235
272,88,8,366,367,299,367,0.324251,1.000000,0,248
272,66,8,374,374,252,374,0.505348,1.000000,0,185
272,6,8,362,371,371,375,0.997333,0.981627,7,1
273,92,6,325,325,296,325,0.147692,0.452830,58,277
273,26,6,390,325,328,326,0.972393,1.000000,0,9
273,41,6,269,269,155,269,0.524164,0.524164,128,128
273,6,6,360,377,377,379,0.997361,0.992126,3,1
273,57,6,379,379,268,377,0.578249,1.000000,0,159
273,3,6,393,389,370,382,1.000000,0.976982,9,0
273,36,6,252,251,138,251,0.565737,0.498246,143,109
273,74,6,369,369,278,364,0.450549,1.000000,0,200
273,71,6,373,373,305,373,0.463807,1.000000,0,200
273,32,6,380,303,300,304,0.980263,1.000000,0,6
274,10,9,219,192,191,191,0.984293,0.510870,180,3
274,9,9,380,372,375,374,0.994652,1.000000,0,2
274,77,9,370,371,326,370,0.416216,1.000000,0,216
274,50,9,271,271,238,271,0.424354,0.479167,125,156
274,65,9,294,294,285,294,0.326531,0.500000,96,198
274,5,9,318,372,385,379,0.997361,0.984375,6,1
274,46,9,383,327,245,270,0.937037,1.000000,0,17
274,88,9,367,367,314,365,0.326027,1.000000,0,246
274,39,9,384,295,291,293,0.938567,0.996377,1,18
274,30,9,382,317,304,316,0.962025,1.000000,0,12
275,75,33,297,297,290,297,0.235690,0.437500,90,227
275,95,33,321,321,316,321,0.109034,0.364583,61,286
275,16,33,225,222,180,217,0.824885,0.512894,170,38
275,76,33,315,315,298,315,0.263492,0.528662,74,232
275,37,33,388,308,298,303,0.930693,1.000000,0,21
275,33,33,386,299,388,385,0.761039,0.993220,2,92
275,28,33,388,312,306,318,0.974843,0.996785,1,8
275,66,33,374,374,299,374,0.505348,1.000000,0,185
275,81,33,312,313,306,313,0.223642,0.496454,71,243
275,25,33,230,229,159,226,0.685841,0.484375,165,71
276,58,4,380,351,220,292,0.736301,1.000000,0,77
276,20,4,392,344,327,344,0.973837,0.997024,1,9
276,15,4,394,355,322,353,0.983003,0.985795,5,6
276,89,4,368,368,339,368,0.315217,1.000000,0,252
276,52,4,382,381,205,363,0.644628,1.000000,0,129
276,4,4,319,373,384,378,0.997354,0.971649,11,1
276,98,4,359,359,330,359,0.242340,1.000000,0,272
276,74,4,369,369,166,369,0.444444,1.000000,0,205
276,56,4,380,380,237,376,0.587766,1.000000,0,155
276,62,4,377,377,184,377,0.535809,1.000000,0,175
277,5,2,335,373,376,376,1.000000,0.979167,8,0
277,2,2,244,394,394,394,1.000000,1.000000,0,0
277,86,2,314,314,302,314,0.187898,0.472000,66,255
277,75,2,297,297,285,297,0.235690,0.437500,90,227
277,71,2,373,373,205,373,0.463807,1.000000,0,200
277,94,2,371,371,360,371,0.269542,1.000000,0,271
277,37,2,366,294,297,297,0.946128,0.996454,1,16
277,56,2,380,380,233,380,0.581579,1.000000,0,159
277,82,2,368,368,241,366,0.377049,1.000000,0,228
277,50,2,271,271,123,271,0.424354,0.479167,125,156
278,87,14,375,375,327,375,0.325333,1.000000,0,253
278,14,14,363,353,351,354,0.991525,0.985955,5,3
278,47,14,380,257,224,245,0.983673,0.964000,9,4
278,52,14,382,382,247,382,0.612565,1.000000,0,148
278,85,14,363,363,327,363,0.352617,1.000000,0,235
278,92,14,325,325,295,325,0.147692,0.452830,58,277
278,18,14,391,340,322,335,0.997015,0.973761,9,1
278,88,14,367,367,334,367,0.324251,1.000000,0,248
278,32,14,380,375,283,308,0.964286,0.996644,1,11
278,65,14,294,294,269,294,0.326531,0.500000,96,198
279,46,0,383,383,253,383,0.660574,1.000000,0,130
279,20,0,395,342,346,346,0.971098,1.000000,0,10
279,23,0,366,330,333,332,0.984940,1.000000,0,5
279,0,0,227,346,324,346,1.000000,0.865000,54,0
279,16,0,225,220,180,213,0.840376,0.512894,170,34
279,89,0,368,368,341,368,0.315217,1.000000,0,252
279,26,0,344,328,328,328,0.966463,1.000000,0,11
279,93,0,368,368,341,368,0.279891,1.000000,0,265
279,40,0,261,261,146,261,0.524904,0.503676,135,124
279,85,0,363,363,332,363,0.352617,1.000000,0,235
280,75,60,297,297,297,297,0.235690,0.437500,90,227
280,19,60,378,336,323,338,0.994083,0.988235,4,2
280,73,60,384,384,383,384,0.434896,1.000000,0,217
280,85,60,363,363,362,363,0.352617,1.000000,0,235
280,58,60,380,380,279,360,0.597222,1.000000,0,145
280,59,60,379,379,257,379,0.559367,1.000000,0,167
280,33,60,388,388,288,314,0.936306,0.996610,1,20
280,60,60,384,214,384,384,0.541667,1.000000,0,176
280,25,60,230,230,206,228,0.679825,0.484375,165,73
280,97,60,368,368,368,368,0.244565,1.000000,0,278
281,71,46,373,373,318,373,0.463807,1.000000,0,200
281,86,46,314,314,305,314,0.187898,0.472000,66,255
281,15,46,377,356,345,356,0.980337,0.991477,3,7
281,99,46,374,374,361,374,0.224599,1.000000,0,290
281,46,46,383,383,382,383,0.660574,1.000000,0,130
281,66,46,374,374,298,374,0.505348,1.000000,0,185
281,38,46,394,392,296,314,0.888535,1.000000,0,35
281,49,46,388,285,277,281,0.868327,1.000000,0,37
281,62,46,377,377,299,377,0.535809,1.000000,0,175
281,17,46,219,213,172,208,0.807692,0.485549,178,40
282,4,4,290,365,373,371,0.997305,0.953608,18,1
282,18,4,393,342,342,343,0.997085,0.997085,1,1
282,66,4,374,374,198,374,0.505348,1.000000,0,185
282,45,4,382,382,265,361,0.709141,1.000000,0,105
282,17,4,219,216,172,207,0.811594,0.485549,178,39
282,22,4,394,333,329,333,0.987988,0.996970,1,4
282,77,4,371,371,322,366,0.418033,0.993506,1,213
282,53,4,376,376,220,351,0.655271,0.995671,1,121
282,51,4,374,374,233,370,0.640541,1.000000,0,133
282,10,4,217,191,189,189,0.989418,0.508152,181,2
283,70,3,368,369,182,369,0.476965,1.000000,0,193
283,28,3,243,325,163,288,0.961806,0.890675,34,11
283,3,3,374,387,389,390,0.997436,0.994885,2,1
283,27,3,392,316,319,318,0.977987,0.990446,3,7
283,67,3,372,372,224,372,0.500000,1.000000,0,186
283,11,3,370,363,366,364,0.997253,0.994521,2,1
283,94,3,371,371,323,371,0.269542,1.000000,0,271
283,93,3,368,368,310,368,0.279891,1.000000,0,265
283,32,3,379,304,303,304,0.980263,1.000000,0,6
283,30,3,382,317,305,315,0.965079,1.000000,0,11
284,46,2,383,265,246,256,0.980469,0.992095,2,5
284,18,2,391,342,342,343,0.997085,0.997085,1,1
284,69,2,374,374,197,374,0.481283,1.000000,0,194
284,33,2,387,305,303,305,0.957377,0.989831,3,13
284,21,2,386,336,342,342,0.973684,1.000000,0,9
284,97,2,368,368,357,368,0.244565,1.000000,0,278
284,89,2,368,368,364,368,0.315217,1.000000,0,252
284,78,2,366,366,226,366,0.412568,1.000000,0,215
284,74,2,369,369,166,369,0.444444,1.000000,0,205
284,2,2,241,394,394,394,1.000000,1.000000,0,0
285,53,29,376,376,260,376,0.614362,1.000000,0,145
285,75,29,297,297,287,297,0.235690,0.437500,90,227
285,57,29,379,379,290,379,0.575198,1.000000,0,161
285,49,29,387,266,264,262,0.927481,0.995902,1,19
285,79,29,371,370,328,370,0.400000,1.000000,0,222
285,29,29,331,308,312,309,0.996764,1.000000,0,1
285,35,29,389,295,288,299,0.959866,0.996528,1,12
285,12,29,211,196,179,178,0.983146,0.483425,187,3
285,85,29,363,363,357,363,0.352617,1.000000,0,235
285,74,29,369,369,310,369,0.444444,1.000000,0,205
286,21,2,391,340,342,342,0.973684,1.000000,0,9
286,23,2,393,332,333,334,0.979042,1.000000,0,7
286,18,2,391,341,345,344,0.994186,0.997085,1,2
286,3,2,369,385,391,389,1.000000,0.994885,2,0
286,2,2,335,394,394,394,1.000000,1.000000,0,0
286,10,2,219,191,191,191,0.984293,0.510870,180,3
286,59,2,379,379,218,379,0.559367,1.000000,0,167
286,63,2,386,386,215,347,0.573487,1.000000,0,148
286,42,2,393,297,289,292,0.910959,1.000000,0,26
286,22,2,394,331,330,330,0.996970,0.996970,1,1
287,91,2,359,359,310,359,0.303621,1.000000,0,250
287,81,2,313,313,296,313,0.223642,0.496454,71,243
287,47,2,380,289,254,265,0.943396,1.000000,0,15
287,64,2,372,372,199,372,0.526882,1.000000,0,176
287,2,2,270,394,394,394,1.000000,1.000000,0,0
287,12,2,211,177,178,178,0.983146,0.483425,187,3
287,87,2,375,375,355,375,0.325333,1.000000,0,253
287,58,2,380,375,222,365,0.589041,1.000000,0,150
287,7,2,362,375,378,378,1.000000,1.000000,0,0
287,68,2,374,374,199,374,0.489305,1.000000,0,191
288,34,6,250,250,177,250,0.588000,0.503425,145,103
288,27,6,391,318,320,321,0.978193,1.000000,0,7
288,82,6,366,367,260,367,0.376022,1.000000,0,229
288,98,6,359,359,330,359,0.242340,1.000000,0,272
288,66,6,374,374,240,374,0.505348,1.000000,0,185
288,53,6,376,376,241,376,0.614362,1.000000,0,145
288,35,6,389,296,291,298,0.963087,0.996528,1,11
288,94,6,370,371,347,371,0.269542,1.000000,0,271
288,3,6,360,386,384,387,1.000000,0.989770,4,0
288,6,6,326,368,371,372,1.000000,0.976378,9,0
289,87,4,375,375,351,375,0.325333,1.000000,0,253
289,58,4,380,380,224,379,0.567282,1.000000,0,164
289,56,4,380,380,235,380,0.581579,1.000000,0,159
289,11,4,346,356,367,364,0.994505,0.991781,3,2
289,19,4,374,335,341,340,0.994118,0.994118,2,2
289,74,4,369,369,328,369,0.444444,1.000000,0,205
289,81,4,313,313,281,313,0.223642,0.496454,71,243
289,73,4,384,384,253,384,0.434896,1.000000,0,217
289,1,4,234,339,346,342,1.000000,0.861461,55,0
289,4,4,227,333,362,355,0.997183,0.912371,34,1
290,34,13,250,250,176,250,0.588000,0.503425,145,103
290,47,13,380,380,259,379,0.659631,1.000000,0,129
290,16,13,226,213,180,180,0.994444,0.512894,170,1
290,82,13,368,368,314,368,0.375000,1.000000,0,230
290,99,13,374,374,354,374,0.224599,1.000000,0,290
290,73,13,384,384,268,384,0.434896,1.000000,0,217
290,67,13,373,374,341,373,0.498660,1.000000,0,187
290,76,13,315,315,302,315,0.263492,0.528662,74,232
290,70,13,368,369,286,369,0.476965,1.000000,0,193
290,13,13,390,357,359,361,0.986150,0.991643,3,5
291,94,29,371,371,363,371,0.269542,1.000000,0,271
291,43,29,259,259,222,259,0.505792,0.498099,132,128
291,28,29,388,315,311,317,0.981073,1.000000,0,6
291,29,29,394,308,320,316,0.974684,1.000000,0,8
291,67,29,373,373,327,373,0.498660,1.000000,0,187
291,39,29,384,292,279,294,0.938776,1.000000,0,18
291,62,29,377,377,300,377,0.535809,1.000000,0,175
291,86,29,314,314,308,314,0.187898,0.472000,66,255
291,84,29,382,382,322,382,0.345550,1.000000,0,250
291,46,29,383,383,253,382,0.662304,1.000000,0,129
292,71,23,372,373,303,373,0.463807,1.000000,0,200
292,86,23,314,314,301,314,0.187898,0.472000,66,255
292,24,23,391,331,309,329,0.972644,0.987654,4,9
292,38,23,387,290,266,287,0.965157,0.992832,2,10
292,94,23,371,371,357,370,0.270270,1.000000,0,270
292,10,23,219,208,192,192,0.979167,0.510870,180,4
292,11,23,397,365,356,365,0.994521,0.994521,2,2
292,90,23,372,374,312,374,0.299465,1.000000,0,262
292,23,23,393,333,341,336,0.973214,1.000000,0,9
292,46,23,383,383,275,303,0.834983,1.000000,0,50
293,34,0,250,250,153,250,0.588000,0.503425,145,103
293,9,0,395,372,372,372,1.000000,1.000000,0,0
293,40,0,261,261,146,261,0.524904,0.503676,135,124
293,0,0,260,366,343,370,1.000000,0.925000,30,0
293,11,0,372,365,367,367,0.994550,1.000000,0,2
293,75,0,297,297,274,297,0.235690,0.437500,90,227
293,80,0,379,379,209,379,0.379947,1.000000,0,235
293,79,0,371,371,325,370,0.400000,1.000000,0,222
293,3,0,397,389,391,391,1.000000,1.000000,0,0
293,26,0,369,324,328,327,0.969419,1.000000,0,10
294,71,31,371,373,319,371,0.466307,1.000000,0,198
294,36,31,252,252,242,252,0.563492,0.498246,143,110
294,90,31,374,374,359,374,0.299465,1.000000,0,262
294,24,31,369,327,324,331,0.972810,0.993827,2,9
294,49,31,388,385,268,314,0.777070,1.000000,0,70
294,91,31,359,359,352,359,0.303621,1.000000,0,250
294,92,31,325,325,310,325,0.147692,0.452830,58,277
294,17,31,219,213,172,206,0.815534,0.485549,178,38
294,31,31,389,307,336,324,0.922840,0.993355,2,25
294,58,31,380,380,280,379,0.567282,1.000000,0,164
295,20,8,388,342,326,344,0.970930,0.994048,2,10
295,38,8,392,286,262,287,0.961672,0.989247,3,11
295,63,8,386,384,252,380,0.523684,1.000000,0,181
295,33,8,388,307,295,307,0.954397,0.993220,2,14
295,14,8,347,354,360,358,0.991620,0.997191,1,3
295,8,8,376,370,377,375,0.989333,0.989333,4,4
295,86,8,314,314,294,314,0.187898,0.472000,66,255
295,41,8,269,269,146,269,0.524164,0.524164,128,128
295,37,8,387,302,271,287,0.944251,0.960993,11,16
295,56,8,380,377,245,376,0.587766,1.000000,0,155
296,4,9,309,372,388,380,0.997368,0.976804,9,1
296,9,9,385,372,375,374,0.994652,1.000000,0,2
296,7,9,375,369,372,374,0.997326,0.986772,5,1
296,56,9,380,380,249,380,0.581579,1.000000,0,159
296,72,9,380,380,290,380,0.447368,1.000000,0,210
296,77,9,371,371,294,370,0.416216,1.000000,0,216
296,5,9,319,382,381,383,0.997389,0.994792,2,1
296,36,9,251,252,150,252,0.563492,0.498246,143,110
296,41,9,269,267,199,260,0.542308,0.524164,128,119
296,71,9,373,373,338,373,0.463807,1.000000,0,200
297,65,4,294,294,194,294,0.326531,0.500000,96,198
297,88,4,367,367,329,367,0.324251,1.000000,0,248
297,68,4,374,374,184,374,0.489305,1.000000,0,191
297,74,4,369,369,161,369,0.444444,1.000000,0,205
297,17,4,219,211,172,206,0.815534,0.485549,178,38
297,51,4,375,375,244,375,0.632000,1.000000,0,138
297,93,4,368,368,327,368,0.279891,1.000000,0,265
297,76,4,315,315,242,315,0.263492,0.528662,74,232
297,71,4,373,373,231,373,0.463807,1.000000,0,200
297,4,4,322,378,381,379,1.000000,0.976804,9,0
298,65,3,294,294,163,294,0.326531,0.500000,96,198
298,99,3,374,374,346,374,0.224599,1.000000,0,290
298,62,3,377,377,219,377,0.535809,1.000000,0,175
298,5,3,326,383,372,380,1.000000,0.989583,4,0
298,64,3,372,372,206,372,0.526882,1.000000,0,176
298,3,3,357,385,391,388,0.997423,0.989770,4,1
298,85,3,363,363,234,363,0.352617,1.000000,0,235
298,60,3,384,307,209,263,0.790875,1.000000,0,55
298,35,3,390,299,283,299,0.963211,1.000000,0,11
298,76,3,315,315,192,315,0.263492,0.528662,74,232
299,67,18,374,374,313,374,0.497326,1.000000,0,188
299,32,18,380,302,296,304,0.976974,0.996644,1,7
299,75,18,297,297,284,297,0.235690,0.437500,90,227
299,57,18,379,379,317,379,0.575198,1.000000,0,161
299,87,18,375,375,313,375,0.325333,1.000000,0,253
299,30,18,383,313,282,312,0.971154,0.996711,1,9
299,46,18,383,263,244,256,0.972656,0.984190,4,7
299,18,18,393,340,389,382,0.897906,1.000000,0,39
299,37,18,388,386,292,314,0.898089,1.000000,0,32
299,16,18,226,217,180,181,0.988950,0.512894,170,2
300,7,2,397,375,377,378,1.000000,1.000000,0,0
300,42,2,393,302,288,296,0.898649,1.000000,0,30
300,23,2,393,332,334,334,0.979042,1.000000,0,7
300,2,2,294,394,394,394,1.000000,1.000000,0,0
300,51,2,375,375,250,375,0.632000,1.000000,0,138
300,26,2,392,327,310,324,0.975309,0.996845,1,8
300,47,2,380,380,255,376,0.664894,1.000000,0,126
300,48,2,272,272,175,271,0.468635,0.514170,120,144
300,21,2,390,341,340,341,0.973607,0.996997,1,9
300,38,2,392,289,289,290,0.962069,1.000000,0,11
301,80,14,379,379,329,379,0.379947,1.000000,0,235
301,14,14,365,354,356,356,0.994382,0.994382,2,2
301,43,14,259,259,192,259,0.505792,0.498099,132,128
301,47,14,378,377,234,331,0.752266,0.996000,1,82
301,17,14,219,214,172,209,0.803828,0.485549,178,41
301,23,14,356,330,322,330,0.990909,1.000000,0,3
301,65,14,294,294,275,294,0.326531,0.500000,96,198
301,98,14,359,359,347,359,0.242340,1.000000,0,272
301,86,14,314,314,296,314,0.187898,0.472000,66,255
301,1,14,218,387,368,384,1.000000,0.967254,13,0
302,92,6,325,325,294,325,0.147692,0.452830,58,277
302,53,6,376,376,237,376,0.614362,1.000000,0,145
302,46,6,383,382,237,382,0.662304,1.000000,0,129
302,15,6,359,356,359,358,0.980447,0.997159,1,7
302,67,6,373,374,216,374,0.497326,1.000000,0,188
302,64,6,372,372,297,372,0.526882,1.000000,0,176
302,6,6,254,370,369,372,0.997312,0.973753,10,1
302,79,6,371,371,342,371,0.398922,1.000000,0,223
302,27,6,328,315,319,318,0.977987,0.990446,3,7
302,19,6,294,328,267,325,0.990769,0.947059,18,3
303,48,4,272,272,134,271,0.468635,0.514170,120,144
303,41,4,269,269,156,269,0.524164,0.524164,128,128
303,67,4,374,373,174,373,0.498660,1.000000,0,187
303,57,4,378,379,254,379,0.575198,1.000000,0,161
303,19,4,394,341,340,343,0.991254,1.000000,0,3
303,4,4,268,369,377,370,1.000000,0.953608,18,0
303,83,4,365,366,317,365,0.369863,1.000000,0,230
303,51,4,375,375,234,373,0.635389,1.000000,0,136
303,22,4,328,319,332,329,0.996960,0.993939,2,1
303,29,4,383,308,308,308,0.996753,0.996753,1,1
304,49,4,379,379,215,279,0.874552,1.000000,0,35
304,62,4,377,377,183,377,0.535809,1.000000,0,175
304,24,4,371,325,331,329,0.978723,0.993827,2,7
304,4,4,305,369,376,373,1.000000,0.961340,15,0
304,93,4,368,368,328,368,0.279891,1.000000,0,265
304,26,4,392,323,294,305,0.986885,0.949527,16,4
304,12,4,211,204,178,199,0.879397,0.483425,187,24
304,31,4,389,306,307,309,0.970874,0.996678,1,9
304,42,4,393,287,265,282,0.932624,0.988722,3,19
304,18,4,391,338,335,343,0.997085,0.997085,1,1
305,69,8,374,374,260,373,0.482574,1.000000,0,193
305,51,8,375,375,215,375,0.632000,1.000000,0,138
305,54,8,377,377,240,376,0.606383,1.000000,0,148
305,18,8,391,340,336,344,0.997093,1.000000,0,1
305,71,8,373,373,272,373,0.463807,1.000000,0,200
305,96,8,338,338,309,338,0.142012,0.516129,45,290
305,8,8,372,372,377,375,0.992000,0.992000,3,3
305,92,8,325,325,301,320,0.150000,0.452830,58,272
305,55,8,383,383,305,381,0.587927,1.000000,0,157
305,17,8,219,215,172,205,0.819512,0.485549,178,37
306,29,29,394,308,328,314,0.980892,1.000000,0,6
306,43,29,259,259,210,259,0.505792,0.498099,132,128
306,78,29,365,366,359,366,0.412568,1.000000,0,215
306,74,29,368,369,344,369,0.444444,1.000000,0,205
306,4,29,314,374,373,376,1.000000,0.969072,12,0
306,79,29,371,371,331,369,0.401084,1.000000,0,221
306,54,29,377,377,252,376,0.606383,1.000000,0,148
306,51,29,375,375,303,374,0.633690,1.000000,0,137
306,72,29,380,380,367,380,0.447368,1.000000,0,210
306,67,29,374,374,329,374,0.497326,1.000000,0,188
307,8,2,396,373,374,375,0.997333,0.997333,1,1
307,43,2,259,259,138,259,0.505792,0.498099,132,128
307,37,2,387,387,297,314,0.898089,1.000000,0,32
307,91,2,359,359,328,359,0.303621,1.000000,0,250
307,15,2,394,358,358,358,0.980447,0.997159,1,7
307,65,2,294,294,270,294,0.326531,0.500000,96,198
307,69,2,374,374,209,374,0.481283,1.000000,0,194
307,82,2,367,368,153,368,0.375000,1.000000,0,230
307,2,2,289,394,394,394,1.000000,1.000000,0,0
307,20,2,375,342,346,343,0.976676,0.997024,1,8
308,55,13,384,345,250,333,0.672673,1.000000,0,109
308,13,13,390,359,363,363,0.988981,1.000000,0,4
308,12,13,211,188,178,178,0.983146,0.483425,187,3
308,20,13,376,342,338,343,0.973761,0.994048,2,9
308,42,13,372,290,274,288,0.920139,0.996241,1,23
308,62,13,377,377,226,377,0.535809,1.000000,0,175
308,50,13,271,271,250,271,0.424354,0.479167,125,156
308,6,13,333,371,357,366,0.997268,0.958005,16,1
308,5,13,311,375,371,376,1.000000,0.979167,8,0
308,66,13,374,374,231,374,0.505348,1.000000,0,185
309,50,5,271,271,236,271,0.424354,0.479167,125,156
309,24,5,373,327,331,330,0.972727,0.990741,3,9
309,1,5,234,340,197,251,1.000000,0.632242,146,0
309,51,5,375,375,251,375,0.632000,1.000000,0,138
309,63,5,384,369,215,317,0.627760,1.000000,0,118
309,5,5,341,373,376,376,1.000000,0.979167,8,0
309,75,5,297,297,285,297,0.235690,0.437500,90,227
309,85,5,361,363,296,363,0.352617,1.000000,0,235
309,70,5,369,369,198,368,0.478261,1.000000,0,192
309,57,5,377,378,241,370,0.589189,1.000000,0,152
310,32,23,379,305,289,303,0.976898,0.993289,2,7
310,52,23,382,382,252,340,0.688235,1.000000,0,106
310,7,23,309,372,361,366,1.000000,0.968254,12,0
310,23,23,393,333,383,380,0.860526,1.000000,0,53
310,48,23,272,272,249,272,0.466912,0.514170,120,145
310,86,23,314,314,294,314,0.187898,0.472000,66,255
310,24,23,339,329,310,330,0.972727,0.990741,3,9
310,70,23,369,369,306,368,0.478261,1.000000,0,192
310,64,23,372,372,297,358,0.547486,1.000000,0,162
310,49,23,386,268,286,273,0.893773,1.000000,0,29
311,1,4,266,370,365,371,1.000000,0.934509,26,0
311,11,4,340,345,364,357,0.997199,0.975342,9,1
311,81,4,313,313,280,313,0.223642,0.496454,71,243
311,92,4,323,325,288,322,0.149068,0.452830,58,274
311,4,4,267,369,376,375,1.000000,0.966495,13,0
311,34,4,250,250,146,232,0.633621,0.503425,145,85
311,23,4,390,332,334,335,0.976119,1.000000,0,8
311,85,4,363,363,331,358,0.357542,1.000000,0,230
311,69,4,374,374,220,372,0.483871,1.000000,0,192
311,29,4,392,308,308,308,1.000000,1.000000,0,0
312,86,0,314,314,289,314,0.187898,0.472000,66,255
312,36,0,252,252,149,251,0.565737,0.498246,143,109
312,96,0,337,338,304,338,0.142012,0.516129,45,290
312,0,0,278,356,355,361,1.000000,0.902500,39,0
312,49,0,381,335,252,295,0.827119,1.000000,0,51
312,25,0,230,228,159,225,0.688889,0.484375,165,70
312,99,0,374,374,345,374,0.224599,1.000000,0,290
312,80,0,378,379,279,379,0.379947,1.000000,0,235
312,8,0,381,369,372,371,1.000000,0.989333,4,0
312,43,0,259,259,164,259,0.505792,0.498099,132,128
313,83,13,366,366,337,366,0.368852,1.000000,0,231
313,13,13,387,359,361,363,0.986226,0.997214,1,5
313,64,13,372,372,322,372,0.526882,1.000000,0,176
313,66,13,374,374,231,374,0.505348,1.000000,0,185
313,42,13,381,284,283,287,0.923345,0.996241,1,22
313,60,13,384,383,217,383,0.543081,1.000000,0,175
313,55,13,385,384,251,365,0.613699,1.000000,0,141
313,91,13,359,359,347,359,0.303621,1.000000,0,250
313,11,13,356,357,362,362,0.997238,0.989041,4,1
313,95,13,321,321,305,321,0.109034,0.364583,61,286
314,19,3,386,338,282,336,0.994048,0.982353,6,2
314,80,3,379,379,165,379,0.379947,1.000000,0,235
314,3,3,392,389,391,390,1.000000,0.997442,1,0
314,24,3,368,329,333,331,0.972810,0.993827,2,9
314,75,3,297,297,209,297,0.235690,0.437500,90,227
314,92,3,325,325,292,325,0.147692,0.452830,58,277
314,44,3,377,377,263,274,0.905109,0.953846,12,26
314,69,3,374,374,219,374,0.481283,1.000000,0,194
314,45,3,382,288,272,278,0.920863,1.000000,0,22
314,86,3,314,314,275,314,0.187898,0.472000,66,255
315,7,7,326,370,370,370,1.000000,0.978836,8,0
315,6,7,228,270,199,222,0.995495,0.580052,160,1
315,82,7,367,368,341,368,0.375000,1.000000,0,230
315,11,7,351,296,364,355,0.997183,0.969863,11,1
315,58,7,377,379,219,376,0.571809,1.000000,0,161
315,34,7,250,250,154,248,0.592742,0.503425,145,101
315,76,7,315,315,296,315,0.263492,0.528662,74,232
315,75,7,297,297,279,297,0.235690,0.437500,90,227
315,52,7,382,382,232,382,0.612565,1.000000,0,148
315,89,7,368,368,325,368,0.315217,1.000000,0,252
316,71,6,373,373,313,373,0.463807,1.000000,0,200
316,49,6,387,386,263,324,0.753086,1.000000,0,80
316,69,6,374,374,235,374,0.481283,1.000000,0,194
316,64,6,371,372,197,372,0.526882,1.000000,0,176
316,78,6,366,366,276,366,0.412568,1.000000,0,215
316,6,6,398,379,378,380,0.997368,0.994751,2,1
316,76,6,315,315,276,315,0.263492,0.528662,74,232
316,32,6,380,302,302,305,0.973770,0.996644,1,8
316,16,6,224,218,180,216,0.828704,0.512894,170,37
316,43,6,259,259,140,259,0.505792,0.498099,132,128
317,93,4,368,368,328,368,0.279891,1.000000,0,265
317,91,4,359,359,326,359,0.303621,1.000000,0,250
317,89,4,368,368,339,368,0.315217,1.000000,0,252
317,4,4,245,363,380,370,1.000000,0.953608,18,0
317,74,4,369,369,250,369,0.444444,1.000000,0,205
317,32,4,379,304,300,305,0.977049,1.000000,0,7
317,79,4,371,371,309,371,0.398922,1.000000,0,223
317,43,4,259,259,132,259,0.505792,0.498099,132,128
317,85,4,363,363,339,363,0.352617,1.000000,0,235
317,36,4,252,252,156,252,0.563492,0.498246,143,110
318,44,29,377,332,261,286,0.905594,0.996154,1,27
318,77,29,369,371,333,371,0.415094,1.000000,0,217
318,73,29,384,384,270,384,0.434896,1.000000,0,217
318,89,29,368,368,319,368,0.315217,1.000000,0,252
318,51,29,375,375,256,374,0.633690,1.000000,0,137
318,93,29,368,368,354,368,0.279891,1.000000,0,265
318,29,29,364,308,324,310,0.993548,1.000000,0,2
318,67,29,374,374,302,374,0.497326,1.000000,0,188
318,49,29,389,295,288,286,0.853147,1.000000,0,42
318,84,29,382,382,290,382,0.345550,1.000000,0,250
319,63,29,386,383,243,375,0.530667,1.000000,0,176
319,48,29,271,271,252,271,0.468635,0.514170,120,144
319,26,29,392,326,310,328,0.963415,0.996845,1,12
319,90,29,374,374,358,374,0.299465,1.000000,0,262
319,29,29,357,309,327,310,0.993548,1.000000,0,2
319,88,29,367,367,333,367,0.324251,1.000000,0,248
319,42,29,380,286,279,285,0.926316,0.992481,2,21
319,6,29,324,371,357,372,0.997312,0.973753,10,1
319,32,29,380,307,299,306,0.970588,0.996644,1,9
319,7,29,375,372,361,376,1.000000,0.994709,2,0
320,61,23,380,380,208,380,0.539474,1.000000,0,175
320,53,23,376,376,283,376,0.614362,1.000000,0,145
320,84,23,381,382,308,382,0.345550,1.000000,0,250
320,57,23,379,379,244,379,0.575198,1.000000,0,161
320,82,23,368,368,312,368,0.375000,1.000000,0,230
320,54,23,374,306,232,255,0.890196,0.995614,1,28
320,94,23,371,371,334,371,0.269542,1.000000,0,271
320,69,23,374,374,278,373,0.482574,1.000000,0,193
320,23,23,344,331,348,335,0.976119,1.000000,0,8
320,15,23,372,357,322,354,0.980226,0.985795,5,7
321,94,6,371,371,349,371,0.269542,1.000000,0,271
321,25,6,230,228,161,228,0.679825,0.484375,165,73
321,29,6,385,308,309,309,0.996764,1.000000,0,1
321,63,6,384,385,218,384,0.518229,1.000000,0,185
321,99,6,374,374,349,374,0.224599,1.000000,0,290
321,6,6,361,375,374,375,0.997333,0.981627,7,1
321,77,6,365,371,328,370,0.416216,1.000000,0,216
321,26,6,380,325,327,328,0.966463,1.000000,0,11
321,44,6,377,377,243,376,0.691489,1.000000,0,116
321,43,6,259,259,142,259,0.505792,0.498099,132,128
322,70,1,369,369,183,369,0.476965,1.000000,0,193
322,48,1,272,272,124,272,0.466912,0.514170,120,145
322,79,1,371,371,351,371,0.398922,1.000000,0,223
322,78,1,366,366,173,366,0.412568,1.000000,0,215
322,67,1,373,373,216,373,0.498660,1.000000,0,187
322,22,1,394,329,329,331,0.993958,0.996970,1,2
322,24,1,369,326,319,328,0.972561,0.984568,5,9
322,15,1,382,353,359,357,0.980392,0.994318,2,7
322,1,1,269,376,387,380,1.000000,0.957179,17,0
322,47,1,378,379,264,379,0.659631,1.000000,0,129
323,65,8,294,294,248,294,0.326531,0.500000,96,198
323,55,8,385,385,287,383,0.584856,1.000000,0,159
323,8,8,396,373,397,396,0.946970,1.000000,0,21
323,51,8,375,375,292,374,0.633690,1.000000,0,137
323,40,8,261,261,220,261,0.524904,0.503676,135,124
323,3,8,241,389,388,389,1.000000,0.994885,2,0
323,29,8,393,308,306,308,1.000000,1.000000,0,0
323,89,8,368,368,339,368,0.315217,1.000000,0,252
323,82,8,368,368,307,368,0.375000,1.000000,0,230
323,43,8,259,259,204,251,0.521912,0.498099,132,120
324,51,30,375,375,258,375,0.632000,1.000000,0,138
324,99,30,374,374,364,374,0.224599,1.000000,0,290
324,21,30,391,339,332,343,0.970845,1.000000,0,10
324,37,30,387,308,275,304,0.921053,0.992908,2,24
324,85,30,363,363,341,363,0.352617,1.000000,0,235
324,59,30,378,379,247,379,0.559367,1.000000,0,167
324,56,30,376,375,289,372,0.594086,1.000000,0,151
324,30,30,383,316,367,355,0.856338,1.000000,0,51
324,58,30,380,380,262,380,0.565789,1.000000,0,165
324,25,30,230,226,157,223,0.695067,0.484375,165,68
325,11,22,361,366,351,365,0.994521,0.994521,2,2
325,98,22,359,359,352,359,0.242340,1.000000,0,272
325,22,22,393,333,391,390,0.846154,1.000000,0,60
325,70,22,369,369,248,365,0.482192,1.000000,0,189
325,66,22,374,374,273,374,0.505348,1.000000,0,185
325,80,22,379,379,286,379,0.379947,1.000000,0,235
325,7,22,343,375,357,374,1.000000,0.989418,4,0
325,40,22,261,261,254,261,0.524904,0.503676,135,124
325,15,22,394,359,323,359,0.980501,1.000000,0,7
325,77,22,370,371,353,371,0.415094,1.000000,0,217
326,89,9,368,368,330,368,0.315217,1.000000,0,252
326,36,9,252,252,223,252,0.563492,0.498246,143,110
326,16,9,226,218,180,214,0.836449,0.512894,170,35
326,6,9,274,363,382,374,0.997326,0.979003,8,1
326,44,9,377,377,262,373,0.697051,1.000000,0,113
326,77,9,371,371,327,371,0.415094,1.000000,0,217
326,17,9,219,217,172,214,0.785047,0.485549,178,46
326,83,9,366,366,301,365,0.369863,1.000000,0,230
326,59,9,379,379,232,379,0.559367,1.000000,0,167
326,9,9,384,372,375,374,0.994652,1.000000,0,2
327,51,35,375,375,258,375,0.632000,1.000000,0,138
327,70,35,369,369,327,369,0.476965,1.000000,0,193
327,35,35,385,296,352,317,0.902208,0.993056,2,31
327,28,35,389,314,305,318,0.977987,1.000000,0,7
327,92,35,324,325,311,325,0.147692,0.452830,58,277
327,11,35,360,361,367,365,0.994521,0.994521,2,2
327,87,35,374,375,333,375,0.325333,1.000000,0,253
327,45,35,382,382,253,276,0.923913,0.996094,1,21
327,84,35,382,382,294,382,0.345550,1.000000,0,250
327,59,35,379,379,271,379,0.559367,1.000000,0,167
328,32,32,380,301,380,379,0.786280,1.000000,0,81
328,57,32,379,379,291,379,0.575198,1.000000,0,161
328,7,32,358,371,359,368,1.000000,0.973545,10,0
328,52,32,382,382,258,351,0.666667,1.000000,0,117
328,95,32,321,321,311,321,0.109034,0.364583,61,286
328,35,32,390,298,283,300,0.950000,0.989583,3,15
328,83,32,367,367,334,366,0.368852,1.000000,0,231
328,91,32,359,359,348,358,0.304469,1.000000,0,249
328,78,32,366,366,342,366,0.412568,1.000000,0,215
328,58,32,380,380,281,380,0.565789,1.000000,0,165
329,12,19,210,178,178,178,0.983146,0.483425,187,3
329,19,19,386,336,350,347,0.974063,0.994118,2,9
329,81,19,312,313,296,313,0.223642,0.496454,71,243
329,80,19,379,379,298,379,0.379947,1.000000,0,235
329,59,19,379,379,262,379,0.559367,1.000000,0,167
329,90,19,374,374,345,374,0.299465,1.000000,0,262
329,39,19,384,287,279,288,0.947917,0.989130,3,15
329,79,19,371,371,324,371,0.398922,1.000000,0,223
329,63,19,385,386,246,386,0.515544,1.000000,0,187
329,73,19,384,384,332,384,0.434896,1.000000,0,217
330,76,29,315,315,298,315,0.263492,0.528662,74,232
330,90,29,374,374,350,374,0.299465,1.000000,0,262
330,43,29,259,259,188,259,0.505792,0.498099,132,128
330,53,29,376,376,263,376,0.614362,1.000000,0,145
330,58,29,380,380,289,380,0.565789,1.000000,0,165
330,56,29,379,380,285,379,0.583113,1.000000,0,158
330,29,29,394,308,394,394,0.781726,1.000000,0,86
330,35,29,390,292,283,299,0.956522,0.993056,2,13
330,24,29,393,330,307,333,0.966967,0.993827,2,11
330,49,29,389,294,279,284,0.855634,0.995902,1,41
331,55,5,382,378,251,337,0.664688,1.000000,0,113
331,5,5,316,377,374,378,0.997354,0.981771,7,1
331,67,5,372,373,233,372,0.500000,1.000000,0,186
331,68,5,374,374,159,374,0.489305,1.000000,0,191
331,92,5,325,325,303,325,0.147692,0.452830,58,277
331,77,5,371,370,343,370,0.416216,1.000000,0,216
331,95,5,321,321,301,321,0.109034,0.364583,61,286
331,40,5,261,260,190,260,0.526923,0.503676,135,123
331,41,5,269,269,186,252,0.559524,0.524164,128,111
331,93,5,367,368,330,368,0.279891,1.000000,0,265
332,14,2,378,359,362,360,0.983333,0.994382,2,6
332,2,2,261,391,394,394,1.000000,1.000000,0,0
332,39,2,380,294,292,293,0.941980,1.000000,0,17
332,51,2,375,375,253,375,0.632000,1.000000,0,138
332,11,2,397,368,367,367,0.994550,1.000000,0,2
332,92,2,325,325,313,325,0.147692,0.452830,58,277
332,46,2,383,382,248,264,0.954545,0.996047,1,12
332,13,2,392,357,352,359,0.994429,0.994429,2,2
332,56,2,380,380,234,379,0.583113,1.000000,0,158
332,74,2,369,369,162,369,0.444444,1.000000,0,205
333,75,9,297,297,263,297,0.235690,0.437500,90,227
333,77,9,369,371,304,371,0.415094,1.000000,0,217
333,27,9,354,311,314,317,0.977918,0.987261,4,7
333,11,9,367,365,366,367,0.994550,1.000000,0,2
333,74,9,369,369,257,369,0.444444,1.000000,0,205
333,49,9,386,384,255,312,0.782051,1.000000,0,68
333,55,9,384,381,236,365,0.613699,1.000000,0,141
333,65,9,294,294,280,294,0.326531,0.500000,96,198
333,9,9,358,372,376,372,1.000000,1.000000,0,0
333,76,9,311,313,304,314,0.264331,0.528662,74,231
334,29,9,384,306,306,307,1.000000,0.996753,1,0
334,21,9,391,342,339,341,0.976540,1.000000,0,8
334,14,9,318,359,347,357,0.985994,0.988764,4,5
334,31,9,389,306,311,312,0.961538,0.996678,1,12
334,48,9,272,272,238,272,0.466912,0.514170,120,145
334,59,9,379,379,256,379,0.559367,1.000000,0,167
334,78,9,366,366,322,366,0.412568,1.000000,0,215
334,9,9,372,372,375,373,0.997319,1.000000,0,1
334,20,9,395,345,335,344,0.970930,0.994048,2,10
334,93,9,366,368,320,368,0.279891,1.000000,0,265
335,92,9,325,325,318,325,0.147692,0.452830,58,277
335,42,9,339,280,273,279,0.942652,0.988722,3,16
335,34,9,250,250,187,249,0.590361,0.503425,145,102
