epoch,target_client,best_net2_client,scoreA_count,fedrn_clean_count,bestnet2_clean_count,final_clean_count,final_precision,final_recall,missed_clean,false_clean
100,98,-1,239,216,216,216,0.402778,1.000000,0,129
100,68,-1,189,196,196,196,0.928571,0.994536,1,14
100,67,-1,243,191,191,191,0.931937,0.956989,8,13
100,37,-1,271,279,279,279,0.978495,0.968085,9,6
100,72,-1,233,197,197,197,0.857868,0.994118,1,28
100,59,-1,228,216,216,216,0.958333,0.976415,5,9
100,0,-1,354,367,367,367,1.000000,0.917500,33,0
100,58,-1,223,216,216,216,0.953704,0.958140,9,10
100,4,-1,371,370,370,370,1.000000,0.953608,18,0
100,6,-1,361,368,368,368,0.997283,0.963255,14,1
101,11,-1,308,342,342,342,0.991228,0.928767,26,3
101,41,-1,256,255,255,255,0.988235,0.936803,17,3
101,44,-1,247,269,269,269,0.966543,1.000000,0,9
101,16,-1,314,313,313,313,0.996805,0.893983,37,1
101,42,-1,267,272,272,272,0.963235,0.984962,4,10
101,99,-1,279,252,252,252,0.305556,0.916667,7,175
101,76,-1,179,169,169,169,0.923077,0.993631,1,13
101,72,-1,196,197,197,197,0.862944,1.000000,0,27
101,94,-1,201,204,204,204,0.455882,0.930000,7,111
101,51,-1,256,244,244,244,0.930328,0.957806,10,17
102,29,-1,307,308,308,308,1.000000,1.000000,0,0
102,62,-1,217,208,208,208,0.951923,0.980198,4,10
102,11,-1,342,355,355,355,0.988732,0.961644,14,4
102,4,-1,377,377,377,377,1.000000,0.971649,11,0
102,59,-1,217,214,214,214,0.957944,0.966981,7,9
102,85,-1,230,170,170,170,0.676471,0.898438,13,55
102,71,-1,262,176,176,176,0.954545,0.971098,5,8
102,95,-1,233,197,197,197,0.487310,1.000000,0,101
102,66,-1,225,184,184,184,0.945652,0.920635,15,10
102,41,-1,257,247,247,247,0.995951,0.914498,23,1
103,46,-1,236,248,248,248,0.995968,0.976285,6,1
103,47,-1,256,247,247,247,0.983806,0.972000,7,4
103,87,-1,262,169,169,169,0.650888,0.901639,12,59
103,44,-1,260,260,260,260,0.980769,0.980769,5,5
103,66,-1,189,190,190,190,0.963158,0.968254,6,7
103,72,-1,196,197,197,197,0.862944,1.000000,0,27
103,97,-1,226,199,199,199,0.412060,0.911111,8,117
103,84,-1,240,192,192,192,0.677083,0.984848,2,62
103,39,-1,276,277,277,277,0.974729,0.978261,6,7
103,82,-1,231,132,132,132,0.962121,0.920290,11,5
104,64,-1,206,196,196,196,1.000000,1.000000,0,0
104,80,-1,263,151,151,151,0.894040,0.937500,9,16
104,31,-1,297,302,302,302,0.986755,0.990033,3,4
104,23,-1,320,326,326,326,0.990798,0.987768,4,3
104,20,-1,304,333,333,333,0.993994,0.985119,5,2
104,60,-1,214,208,208,208,1.000000,1.000000,0,0
104,68,-1,190,193,193,193,0.937824,0.989071,2,12
104,25,-1,315,315,315,315,0.990476,0.975000,8,3
104,98,-1,232,187,187,187,0.465241,1.000000,0,100
104,24,-1,300,309,309,309,0.980583,0.935185,21,6
105,15,-1,314,329,329,329,0.984802,0.920455,28,5
105,5,-1,369,369,369,369,1.000000,0.960938,15,0
105,48,-1,240,250,250,250,0.952000,0.963563,9,12
105,26,-1,294,321,321,321,0.981308,0.993691,2,6
105,91,-1,185,147,147,147,0.714286,0.963303,4,42
105,65,-1,222,207,207,207,0.903382,0.973958,5,20
105,19,-1,321,322,322,322,1.000000,0.947059,18,0
105,59,-1,213,221,221,221,0.950226,0.990566,2,11
105,11,-1,347,352,352,352,0.991477,0.956164,16,3
105,55,-1,238,228,228,228,0.929825,0.946429,12,16
106,35,-1,275,287,287,287,0.975610,0.972222,8,7
106,71,-1,182,180,180,180,0.955556,0.994220,1,8
106,4,-1,373,376,376,376,1.000000,0.969072,12,0
106,26,-1,315,314,314,314,0.993631,0.984227,5,2
106,59,-1,221,217,217,217,0.963134,0.985849,3,8
106,13,-1,348,351,351,351,0.997151,0.974930,9,1
106,39,-1,279,279,279,279,0.967742,0.978261,6,9
106,24,-1,299,311,311,311,0.980707,0.941358,19,6
106,66,-1,190,201,201,201,0.925373,0.984127,3,15
106,54,-1,219,234,234,234,0.965812,0.991228,2,8
107,83,-1,209,156,156,156,0.814103,0.940741,8,29
107,8,-1,361,368,368,368,1.000000,0.981333,7,0
107,68,-1,191,189,189,189,0.952381,0.983607,3,9
107,31,-1,252,288,288,288,0.989583,0.946844,16,3
107,9,-1,370,372,372,372,1.000000,1.000000,0,0
107,57,-1,252,215,215,215,0.920930,0.908257,20,17
107,72,-1,198,199,199,199,0.854271,1.000000,0,29
107,75,-1,195,159,159,159,0.981132,0.975000,4,3
107,6,-1,371,368,368,368,0.997283,0.963255,14,1
107,91,-1,147,132,132,132,0.818182,0.990826,1,24
108,71,-1,180,177,177,177,0.966102,0.988439,2,6
108,70,-1,277,171,171,171,0.959064,0.931818,12,7
108,72,-1,198,199,199,199,0.854271,1.000000,0,29
108,44,-1,261,256,256,256,0.984375,0.969231,8,4
108,67,-1,199,202,202,202,0.920792,1.000000,0,16
108,73,-1,239,165,165,165,0.957576,0.946108,9,7
108,93,-1,240,147,147,147,0.646259,0.922330,8,52
108,65,-1,207,211,211,211,0.905213,0.994792,1,20
108,39,-1,283,285,285,285,0.968421,1.000000,0,9
108,10,-1,337,350,350,350,0.994286,0.945652,20,2
109,74,-1,216,160,160,160,0.981250,0.957317,7,3
109,83,-1,143,166,166,166,0.813253,1.000000,0,31
109,6,-1,367,371,371,371,0.997305,0.971129,11,1
109,85,-1,176,144,144,144,0.861111,0.968750,4,20
109,38,-1,276,285,285,285,0.975439,0.996416,1,7
109,56,-1,248,225,225,225,0.964444,0.981900,4,8
109,94,-1,210,149,149,149,0.671141,1.000000,0,49
109,91,-1,134,134,134,134,0.813433,1.000000,0,25
109,63,-1,243,199,199,199,0.959799,0.959799,8,8
109,0,-1,317,383,383,383,1.000000,0.957500,17,0
110,47,-1,249,249,249,249,0.979920,0.976000,6,5
110,53,-1,250,223,223,223,0.991031,0.956710,10,2
110,62,-1,208,206,206,206,0.970874,0.990099,2,6
110,41,-1,254,256,256,256,0.996094,0.947955,14,1
110,55,-1,235,228,228,228,0.951754,0.968750,7,11
110,90,-1,224,114,114,114,0.947368,0.964286,4,6
110,35,-1,290,288,288,288,0.982639,0.982639,5,5
110,1,-1,373,384,384,384,1.000000,0.967254,13,0
110,8,-1,372,370,370,370,1.000000,0.986667,5,0
110,50,-1,253,258,258,258,0.922481,0.991667,2,20
111,42,-1,271,262,262,262,0.984733,0.969925,8,4
111,73,-1,170,171,171,171,0.964912,0.988024,2,6
111,62,-1,204,195,195,195,0.979487,0.945545,11,4
111,4,-1,376,375,375,375,1.000000,0.966495,13,0
111,16,-1,320,323,323,323,0.996904,0.922636,27,1
111,27,-1,298,310,310,310,0.987097,0.974522,8,4
111,21,-1,311,319,319,319,0.984326,0.942943,19,5
111,61,-1,277,205,205,205,1.000000,1.000000,0,0
111,22,-1,318,323,323,323,0.981424,0.960606,13,6
111,25,-1,312,312,312,312,0.993590,0.968750,10,2
112,47,-1,248,244,244,244,0.991803,0.968000,8,2
112,35,-1,286,286,286,286,0.982517,0.975694,7,5
112,99,-1,272,254,254,254,0.299213,0.904762,8,178
112,9,-1,372,372,372,372,1.000000,1.000000,0,0
112,27,-1,300,304,304,304,0.986842,0.955414,14,4
112,12,-1,329,330,330,330,1.000000,0.911602,32,0
112,30,-1,292,305,305,305,0.980328,0.983553,5,6
112,11,-1,320,344,344,344,0.991279,0.934247,24,3
112,13,-1,325,348,348,348,1.000000,0.969359,11,0
112,37,-1,278,277,277,277,0.985560,0.968085,9,4
113,69,-1,219,204,204,204,0.882353,1.000000,0,24
113,87,-1,178,158,158,158,0.759494,0.983607,2,38
113,23,-1,329,327,327,327,0.990826,0.990826,3,3
113,88,-1,233,119,119,119,0.991597,0.991597,1,1
113,60,-1,208,208,208,208,1.000000,1.000000,0,0
113,94,-1,151,120,120,120,0.825000,0.990000,1,21
113,6,-1,372,374,374,374,0.997326,0.979003,8,1
113,65,-1,211,210,210,210,0.904762,0.989583,2,20
113,7,-1,348,362,362,362,1.000000,0.957672,16,0
113,24,-1,308,311,311,311,0.983923,0.944444,18,5
114,8,-1,370,370,370,370,1.000000,0.986667,5,0
114,38,-1,272,281,281,281,0.978648,0.985663,4,6
114,34,-1,280,281,281,281,0.975089,0.938356,18,7
114,26,-1,309,312,312,312,0.990385,0.974763,8,3
114,36,-1,276,284,284,284,0.989437,0.985965,4,3
114,61,-1,205,205,205,205,1.000000,1.000000,0,0
114,13,-1,353,352,352,352,0.997159,0.977716,8,1
114,63,-1,199,198,198,198,0.964646,0.959799,8,7
114,11,-1,357,349,349,349,0.991404,0.947945,19,3
114,28,-1,303,303,303,303,0.980198,0.954984,14,6
115,24,-1,305,308,308,308,0.983766,0.935185,21,5
115,34,-1,285,283,283,283,0.982332,0.952055,14,5
115,85,-1,147,144,144,144,0.888889,1.000000,0,16
115,62,-1,199,202,202,202,0.975248,0.975248,5,5
115,73,-1,170,173,173,173,0.965318,1.000000,0,6
115,88,-1,120,119,119,119,1.000000,1.000000,0,0
115,41,-1,256,253,253,253,0.996047,0.936803,17,1
115,94,-1,127,111,111,111,0.891892,0.990000,1,12
115,15,-1,333,326,326,326,0.987730,0.914773,30,4
115,77,-1,192,154,154,154,0.915584,0.915584,13,13
116,47,-1,245,246,246,246,0.991870,0.976000,6,2
116,59,-1,218,214,214,214,0.967290,0.976415,5,7
116,43,-1,283,248,248,248,0.991935,0.935361,17,2
116,33,-1,286,290,290,290,0.986207,0.969492,9,4
116,4,-1,377,377,377,377,1.000000,0.971649,11,0
116,99,-1,270,246,246,246,0.313008,0.916667,7,169
116,61,-1,205,205,205,205,1.000000,1.000000,0,0
116,27,-1,307,309,309,309,0.993528,0.977707,7,2
116,12,-1,344,351,351,351,1.000000,0.969613,11,0
116,57,-1,220,224,224,224,0.928571,0.954128,10,16
117,73,-1,170,171,171,171,0.964912,0.988024,2,6
117,31,-1,291,295,295,295,0.986441,0.966777,10,4
117,29,-1,308,308,308,308,1.000000,1.000000,0,0
117,19,-1,323,332,332,332,0.993976,0.970588,10,2
117,26,-1,306,313,313,313,0.990415,0.977918,7,3
117,15,-1,335,328,328,328,0.984756,0.917614,29,5
117,44,-1,259,253,253,253,0.976285,0.950000,13,6
117,0,-1,357,393,393,393,1.000000,0.982500,7,0
117,48,-1,254,254,254,254,0.952756,0.979757,5,12
117,94,-1,112,113,113,113,0.876106,0.990000,1,14
118,6,-1,374,374,374,374,0.997326,0.979003,8,1
118,32,-1,280,297,297,297,0.986532,0.983221,5,4
118,24,-1,314,319,319,319,0.984326,0.969136,10,5
118,89,-1,267,195,195,195,0.584615,0.982759,2,81
118,52,-1,263,224,224,224,1.000000,0.957265,10,0
118,1,-1,387,386,386,386,1.000000,0.972292,11,0
118,45,-1,246,244,244,244,0.963115,0.917969,21,9
118,99,-1,257,257,257,257,0.311284,0.952381,4,177
118,17,-1,325,342,342,342,0.982456,0.971098,10,6
118,31,-1,294,295,295,295,0.986441,0.966777,10,4
119,97,-1,213,199,199,199,0.427136,0.944444,5,114
119,36,-1,288,283,283,283,0.989399,0.982456,5,3
119,64,-1,196,196,196,196,1.000000,1.000000,0,0
119,81,-1,198,154,154,154,0.902597,0.985816,2,15
119,82,-1,141,136,136,136,0.970588,0.956522,6,4
119,68,-1,190,187,187,187,0.957219,0.978142,4,8
119,59,-1,219,216,216,216,0.958333,0.976415,5,9
119,61,-1,205,205,205,205,1.000000,1.000000,0,0
119,17,-1,339,348,348,348,0.982759,0.988439,4,6
119,25,-1,314,317,317,317,0.987382,0.978125,7,4
120,12,-1,313,336,336,336,1.000000,0.928177,26,0
120,47,-1,246,247,247,247,0.991903,0.980000,5,2
120,2,-1,394,394,394,394,1.000000,1.000000,0,0
120,38,-1,282,282,282,282,0.982270,0.992832,2,5
120,88,-1,119,119,119,119,1.000000,1.000000,0,0
120,5,-1,375,373,373,373,1.000000,0.971354,11,0
120,92,-1,249,163,163,163,0.650307,1.000000,0,57
120,71,-1,178,175,175,175,0.977143,0.988439,2,4
120,7,-1,366,370,370,370,1.000000,0.978836,8,0
120,74,-1,167,165,165,165,0.993939,1.000000,0,1
121,66,-1,180,185,185,185,0.972973,0.952381,9,5
121,80,-1,153,143,143,143,1.000000,0.993056,1,0
121,92,-1,148,105,105,105,0.961905,0.952830,5,4
121,51,-1,251,233,233,233,0.939914,0.924051,18,14
121,46,-1,254,252,252,252,0.996032,0.992095,2,1
121,56,-1,225,228,228,228,0.964912,0.995475,1,8
121,21,-1,315,328,328,328,0.984756,0.969970,10,5
121,55,-1,232,232,232,232,0.943966,0.977679,5,13
121,26,-1,310,310,310,310,0.990323,0.968454,10,3
121,7,-1,369,365,365,365,1.000000,0.965608,13,0
122,94,-1,114,115,115,115,0.860870,0.990000,1,16
122,15,-1,326,328,328,328,0.984756,0.917614,29,5
122,34,-1,287,289,289,289,0.975779,0.965753,10,7
122,4,-1,376,380,380,380,1.000000,0.979381,8,0
122,43,-1,253,252,252,252,0.988095,0.946768,14,3
122,79,-1,224,152,152,152,0.881579,0.905405,14,18
122,39,-1,285,278,278,278,0.967626,0.974638,7,9
122,96,-1,210,236,236,236,0.389831,0.989247,1,144
122,84,-1,189,145,145,145,0.903448,0.992424,1,14
122,56,-1,226,230,230,230,0.952174,0.990950,2,11
123,84,-1,142,144,144,144,0.909722,0.992424,1,13
123,60,-1,208,208,208,208,1.000000,1.000000,0,0
123,5,-1,377,375,375,375,1.000000,0.976562,9,0
123,17,-1,339,339,339,339,0.985251,0.965318,12,5
123,32,-1,297,298,298,298,0.993289,0.993289,2,2
123,45,-1,247,245,245,245,0.971429,0.929688,18,7
123,21,-1,317,314,314,314,0.990446,0.933934,22,3
123,10,-1,348,345,345,345,0.994203,0.932065,25,2
123,51,-1,246,237,237,237,0.940928,0.940928,14,14
123,0,-1,356,391,391,391,1.000000,0.977500,9,0
124,8,-1,370,367,367,367,1.000000,0.978667,8,0
124,69,-1,195,196,196,196,0.882653,0.961111,7,23
124,19,-1,330,319,319,319,0.993730,0.932353,23,2
124,88,-1,119,119,119,119,1.000000,1.000000,0,0
124,25,-1,317,318,318,318,0.987421,0.981250,6,4
124,93,-1,148,127,127,127,0.811024,1.000000,0,24
124,13,-1,230,319,319,319,0.996865,0.885794,41,1
124,71,-1,177,176,176,176,0.977273,0.994220,1,4
124,94,-1,113,114,114,114,0.868421,0.990000,1,15
124,91,-1,132,133,133,133,0.819549,1.000000,0,24
125,66,-1,190,188,188,188,0.973404,0.968254,6,5
125,48,-1,224,230,230,230,0.969565,0.902834,24,7
125,85,-1,139,134,134,134,0.955224,1.000000,0,6
125,61,-1,205,205,205,205,1.000000,1.000000,0,0
125,93,-1,130,128,128,128,0.804688,1.000000,0,25
125,56,-1,224,227,227,227,0.955947,0.981900,4,10
125,87,-1,174,155,155,155,0.787097,1.000000,0,33
125,86,-1,211,180,180,180,0.694444,1.000000,0,55
125,10,-1,350,342,342,342,0.997076,0.926630,27,1
125,80,-1,144,143,143,143,1.000000,0.993056,1,0
126,46,-1,208,237,237,237,1.000000,0.936759,16,0
126,81,-1,145,145,145,145,0.917241,0.943262,8,12
126,51,-1,241,232,232,232,0.948276,0.928270,17,12
126,93,-1,134,125,125,125,0.824000,1.000000,0,22
126,20,-1,333,338,338,338,0.994083,1.000000,0,2
126,19,-1,326,328,328,328,0.996951,0.961765,13,1
126,54,-1,237,233,233,233,0.974249,0.995614,1,6
126,9,-1,372,372,372,372,1.000000,1.000000,0,0
126,23,-1,329,325,325,325,0.990769,0.984709,5,3
126,4,-1,382,381,381,381,1.000000,0.981959,7,0
127,95,-1,208,158,158,158,0.588608,0.968750,3,65
127,75,-1,160,156,156,156,0.993590,0.968750,5,1
127,25,-1,316,316,316,316,0.987342,0.975000,8,4
127,96,-1,247,192,192,192,0.479167,0.989247,1,100
127,78,-1,263,189,189,189,0.772487,0.966887,5,43
127,14,-1,333,346,346,346,1.000000,0.971910,10,0
127,23,-1,330,329,329,329,0.987842,0.993884,2,4
127,70,-1,177,171,171,171,1.000000,0.971591,5,0
127,32,-1,294,295,295,295,0.993220,0.983221,5,2
127,9,-1,372,372,372,372,1.000000,1.000000,0,0
128,32,-1,295,295,295,295,0.993220,0.983221,5,2
128,9,-1,372,372,372,372,1.000000,1.000000,0,0
128,19,-1,323,316,316,316,1.000000,0.929412,24,0
128,13,-1,350,353,353,353,0.997167,0.980501,7,1
128,56,-1,228,229,229,229,0.956332,0.990950,2,10
128,59,-1,217,217,217,217,0.967742,0.990566,2,7
128,68,-1,189,188,188,188,0.952128,0.978142,4,9
128,79,-1,155,155,155,155,0.903226,0.945946,8,15
128,39,-1,275,272,272,272,0.970588,0.956522,12,8
128,36,-1,286,285,285,285,0.989474,0.989474,3,3
129,6,-1,374,375,375,375,0.997333,0.981627,7,1
129,67,-1,202,198,198,198,0.934343,0.994624,1,13
129,82,-1,138,139,139,139,0.964029,0.971014,4,5
129,31,-1,296,295,295,295,0.989831,0.970100,9,3
129,54,-1,234,232,232,232,0.982759,1.000000,0,4
129,22,-1,327,328,328,328,0.981707,0.975758,8,6
129,78,-1,185,179,179,179,0.837989,0.993377,1,29
129,64,-1,196,196,196,196,1.000000,1.000000,0,0
129,14,-1,349,347,347,347,0.997118,0.971910,10,1
129,90,-1,118,113,113,113,0.973451,0.982143,2,3
130,18,-1,328,338,338,338,0.985207,0.970845,10,5
130,49,-1,243,243,243,243,0.967078,0.963115,9,8
130,94,-1,111,114,114,114,0.859649,0.980000,2,16
130,22,-1,328,324,324,324,0.990741,0.972727,9,3
130,7,-1,371,371,371,371,1.000000,0.981481,7,0
130,40,-1,282,280,280,280,0.946429,0.974265,7,15
130,82,-1,139,135,135,135,0.970370,0.949275,7,4
130,75,-1,157,154,154,154,0.993506,0.956250,7,1
130,46,-1,244,248,248,248,0.995968,0.976285,6,1
130,84,-1,144,139,139,139,0.935252,0.984848,2,9
131,20,-1,332,337,337,337,0.994065,0.997024,1,2
131,26,-1,313,311,311,311,0.990354,0.971609,9,3
131,54,-1,233,231,231,231,0.982684,0.995614,1,4
131,53,-1,224,228,228,228,0.991228,0.978355,5,2
131,71,-1,176,176,176,176,0.977273,0.994220,1,4
131,75,-1,157,155,155,155,0.993548,0.962500,6,1
131,95,-1,204,181,181,181,0.524862,0.989583,1,86
131,94,-1,109,116,116,116,0.853448,0.990000,1,17
131,2,-1,394,394,394,394,1.000000,1.000000,0,0
131,7,-1,369,368,368,368,0.997283,0.970899,11,1
132,19,-1,316,312,312,312,1.000000,0.917647,28,0
132,61,-1,205,205,205,205,1.000000,1.000000,0,0
132,66,-1,190,190,190,190,0.978947,0.984127,3,4
132,62,-1,204,197,197,197,0.974619,0.950495,10,5
132,29,-1,308,308,308,308,1.000000,1.000000,0,0
132,17,-1,338,332,332,332,0.984940,0.945087,19,5
132,52,-1,228,227,227,227,1.000000,0.970085,7,0
132,93,-1,134,123,123,123,0.837398,1.000000,0,20
132,77,-1,155,161,161,161,0.931677,0.974026,4,11
132,83,-1,168,167,167,167,0.808383,1.000000,0,32
133,99,-1,266,249,249,249,0.325301,0.964286,3,168
133,64,-1,196,196,196,196,1.000000,1.000000,0,0
133,85,-1,134,132,132,132,0.969697,1.000000,0,4
133,2,-1,394,394,394,394,1.000000,1.000000,0,0
133,98,-1,189,160,160,160,0.537500,0.988506,1,74
133,5,-1,363,366,366,366,1.000000,0.953125,18,0
133,92,-1,105,107,107,107,0.934579,0.943396,6,7
133,24,-1,318,319,319,319,0.981191,0.966049,11,6
133,22,-1,328,327,327,327,0.984709,0.975758,8,5
133,66,-1,189,190,190,190,0.973684,0.978836,4,5
134,39,-1,282,274,274,274,0.967153,0.960145,11,9
134,98,-1,152,144,144,144,0.583333,0.965517,3,60
134,99,-1,247,237,237,237,0.329114,0.928571,6,159
134,31,-1,293,294,294,294,0.989796,0.966777,10,3
134,80,-1,144,143,143,143,1.000000,0.993056,1,0
134,91,-1,132,130,130,130,0.838462,1.000000,0,21
134,94,-1,116,117,117,117,0.846154,0.990000,1,18
134,67,-1,197,197,197,197,0.934010,0.989247,2,13
134,64,-1,196,196,196,196,1.000000,1.000000,0,0
134,52,-1,230,228,228,228,1.000000,0.974359,6,0
135,0,-1,361,393,393,393,1.000000,0.982500,7,0
135,42,-1,263,265,265,265,0.992453,0.988722,3,2
135,68,-1,185,186,186,186,0.962366,0.978142,4,7
135,29,-1,308,308,308,308,1.000000,1.000000,0,0
135,55,-1,237,234,234,234,0.948718,0.991071,2,12
135,81,-1,150,144,144,144,0.937500,0.957447,6,9
135,64,-1,196,196,196,196,1.000000,1.000000,0,0
135,84,-1,140,138,138,138,0.942029,0.984848,2,8
135,3,-1,376,385,385,385,1.000000,0.984655,6,0
135,59,-1,217,215,215,215,0.967442,0.981132,4,7
136,68,-1,190,185,185,185,0.967568,0.978142,4,6
136,44,-1,250,252,252,252,0.992063,0.961538,10,2
136,64,-1,196,196,196,196,1.000000,1.000000,0,0
136,95,-1,187,162,162,162,0.586420,0.989583,1,67
136,75,-1,152,153,153,153,0.967320,0.925000,12,5
136,30,-1,311,307,307,307,0.977199,0.986842,4,7
136,93,-1,127,125,125,125,0.824000,1.000000,0,22
136,31,-1,294,294,294,294,0.989796,0.966777,10,3
136,37,-1,274,270,270,270,0.985185,0.943262,16,4
136,66,-1,192,189,189,189,0.973545,0.973545,5,5
137,92,-1,107,108,108,108,0.944444,0.962264,4,6
137,84,-1,134,136,136,136,0.955882,0.984848,2,6
137,87,-1,154,157,157,157,0.777070,1.000000,0,35
137,14,-1,352,353,353,353,0.997167,0.988764,4,1
137,76,-1,171,163,163,163,0.938650,0.974522,4,10
137,1,-1,390,388,388,388,1.000000,0.977330,9,0
137,62,-1,201,195,195,195,0.979487,0.945545,11,4
137,71,-1,175,177,177,177,0.971751,0.994220,1,5
137,58,-1,214,215,215,215,0.976744,0.976744,5,5
137,54,-1,232,231,231,231,0.982684,0.995614,1,4
138,90,-1,113,112,112,112,0.982143,0.982143,2,2
138,12,-1,351,355,355,355,1.000000,0.980663,7,0
138,20,-1,331,333,333,333,0.993994,0.985119,5,2
138,86,-1,169,129,129,129,0.968992,1.000000,0,4
138,2,-1,394,394,394,394,1.000000,1.000000,0,0
138,94,-1,117,117,117,117,0.846154,0.990000,1,18
138,49,-1,242,249,249,249,0.971888,0.991803,2,7
138,92,-1,110,109,109,109,0.954128,0.981132,2,5
138,36,-1,287,286,286,286,0.993007,0.996491,1,2
138,67,-1,194,192,192,192,0.953125,0.983871,3,9
139,99,-1,250,256,256,256,0.308594,0.940476,5,177
139,12,-1,353,357,357,357,1.000000,0.986188,5,0
139,94,-1,114,115,115,115,0.860870,0.990000,1,16
139,49,-1,249,250,250,250,0.968000,0.991803,2,8
139,0,-1,361,387,387,387,1.000000,0.967500,13,0
139,6,-1,373,374,374,374,1.000000,0.981627,7,0
139,90,-1,113,112,112,112,0.973214,0.973214,3,3
139,66,-1,193,194,194,194,0.958763,0.984127,3,8
139,27,-1,293,307,307,307,0.990228,0.968153,10,3
139,97,-1,185,178,178,178,0.494382,0.977778,2,90
140,66,-1,194,191,191,191,0.968586,0.978836,4,6
140,18,-1,341,335,335,335,0.994030,0.970845,10,2
140,17,-1,325,331,331,331,0.984894,0.942197,20,5
140,22,-1,328,329,329,329,0.987842,0.984848,5,4
140,89,-1,206,159,159,159,0.698113,0.956897,5,48
140,72,-1,199,199,199,199,0.854271,1.000000,0,29
140,24,-1,313,320,320,320,0.981250,0.969136,10,6
140,39,-1,278,270,270,270,0.977778,0.956522,12,6
140,3,-1,389,385,385,385,1.000000,0.984655,6,0
140,91,-1,129,130,130,130,0.838462,1.000000,0,21
141,78,-1,174,178,178,178,0.848315,1.000000,0,27
141,56,-1,227,228,228,228,0.960526,0.990950,2,9
141,19,-1,310,318,318,318,0.996855,0.932353,23,1
141,57,-1,233,231,231,231,0.935065,0.990826,2,15
141,31,-1,295,297,297,297,0.989899,0.976744,7,3
141,39,-1,274,276,276,276,0.978261,0.978261,6,6
141,99,-1,254,212,212,212,0.382075,0.964286,3,131
141,81,-1,150,148,148,148,0.918919,0.964539,5,12
141,91,-1,128,128,128,128,0.843750,0.990826,1,20
141,71,-1,179,175,175,175,0.971429,0.982659,3,5
142,7,-1,366,368,368,368,1.000000,0.973545,10,0
142,39,-1,280,279,279,279,0.971326,0.981884,5,8
142,29,-1,308,308,308,308,1.000000,1.000000,0,0
142,70,-1,174,171,171,171,1.000000,0.971591,5,0
142,50,-1,229,258,258,258,0.922481,0.991667,2,20
142,4,-1,379,382,382,382,1.000000,0.984536,6,0
142,76,-1,164,161,161,161,0.944099,0.968153,5,9
142,37,-1,270,273,273,273,0.985348,0.953901,13,4
142,51,-1,234,240,240,240,0.945833,0.957806,10,13
142,14,-1,354,353,353,353,0.997167,0.988764,4,1
143,67,-1,190,190,190,190,0.963158,0.983871,3,7
143,94,-1,112,111,111,111,0.873874,0.970000,3,14
143,60,-1,208,208,208,208,1.000000,1.000000,0,0
143,76,-1,159,157,157,157,0.955414,0.955414,7,7
143,36,-1,287,284,284,284,0.989437,0.985965,4,3
143,42,-1,266,266,266,266,0.992481,0.992481,2,2
143,84,-1,135,136,136,136,0.948529,0.977273,3,7
143,53,-1,230,229,229,229,0.982533,0.974026,6,4
143,75,-1,157,156,156,156,0.974359,0.950000,8,4
143,34,-1,287,280,280,280,0.985714,0.945205,16,4
144,30,-1,297,299,299,299,0.979933,0.963816,11,6
144,59,-1,214,215,215,215,0.967442,0.981132,4,7
144,38,-1,282,280,280,280,0.985714,0.989247,3,4
144,81,-1,148,144,144,144,0.916667,0.936170,9,12
144,68,-1,186,183,183,183,0.972678,0.972678,5,5
144,42,-1,265,263,263,263,0.996198,0.984962,4,1
144,86,-1,127,128,128,128,0.976562,1.000000,0,3
144,85,-1,132,132,132,132,0.969697,1.000000,0,4
144,11,-1,353,346,346,346,0.997110,0.945205,20,1
144,93,-1,125,114,114,114,0.903509,1.000000,0,11
145,86,-1,128,126,126,126,0.984127,0.992000,1,2
145,49,-1,251,247,247,247,0.971660,0.983607,4,7
145,14,-1,344,352,352,352,0.997159,0.985955,5,1
145,65,-1,204,205,205,205,0.917073,0.979167,4,17
145,0,-1,374,389,389,389,1.000000,0.972500,11,0
145,15,-1,341,329,329,329,0.990881,0.926136,26,3
145,9,-1,372,372,372,372,1.000000,1.000000,0,0
145,68,-1,187,188,188,188,0.962766,0.989071,2,7
145,34,-1,281,275,275,275,0.989091,0.931507,20,3
145,64,-1,196,196,196,196,1.000000,1.000000,0,0
146,82,-1,137,135,135,135,0.970370,0.949275,7,4
146,9,-1,372,372,372,372,1.000000,1.000000,0,0
146,38,-1,278,280,280,280,0.982143,0.985663,4,5
146,95,-1,170,167,167,167,0.568862,0.989583,1,72
146,12,-1,353,356,356,356,1.000000,0.983425,6,0
146,71,-1,178,176,176,176,0.977273,0.994220,1,4
146,88,-1,119,119,119,119,1.000000,1.000000,0,0
146,51,-1,243,242,242,242,0.942149,0.962025,9,14
146,56,-1,229,228,228,228,0.960526,0.990950,2,9
146,29,-1,308,308,308,308,1.000000,1.000000,0,0
147,12,-1,344,354,354,354,1.000000,0.977901,8,0
147,57,-1,235,223,223,223,0.932735,0.954128,10,15
147,63,-1,199,197,197,197,0.949239,0.939698,12,10
147,98,-1,136,134,134,134,0.649254,1.000000,0,47
147,9,-1,372,372,372,372,1.000000,1.000000,0,0
147,46,-1,250,251,251,251,1.000000,0.992095,2,0
147,26,-1,312,312,312,312,0.993590,0.977918,7,2
147,96,-1,222,203,203,203,0.428571,0.935484,6,116
147,25,-1,316,310,310,310,0.990323,0.959375,13,3
147,42,-1,260,260,260,260,0.996154,0.973684,7,1
148,68,-1,188,183,183,183,0.983607,0.983607,3,3
148,27,-1,300,306,306,306,0.993464,0.968153,10,2
148,69,-1,206,200,200,200,0.885000,0.983333,3,23
148,41,-1,257,251,251,251,0.992032,0.925651,20,2
148,49,-1,247,243,243,243,0.983539,0.979508,5,4
148,47,-1,249,247,247,247,0.991903,0.980000,5,2
148,78,-1,180,180,180,180,0.838889,1.000000,0,29
148,36,-1,286,287,287,287,0.989547,0.996491,1,3
148,54,-1,232,231,231,231,0.982684,0.995614,1,4
148,51,-1,240,244,244,244,0.934426,0.962025,9,16
149,49,-1,246,243,243,243,0.979424,0.975410,6,5
149,72,-1,194,195,195,195,0.866667,0.994118,1,26
149,65,-1,202,202,202,202,0.930693,0.979167,4,14
149,34,-1,279,275,275,275,0.985455,0.928082,21,4
149,6,-1,376,376,376,376,1.000000,0.986877,5,0
149,64,-1,196,196,196,196,1.000000,1.000000,0,0
149,90,-1,114,110,110,110,0.981818,0.964286,4,2
149,8,-1,369,370,370,370,1.000000,0.986667,5,0
149,99,-1,239,235,235,235,0.340426,0.952381,4,155
149,88,-1,119,119,119,119,1.000000,1.000000,0,0
150,7,-1,372,372,372,372,1.000000,0.984127,6,0
150,72,-1,186,195,195,195,0.866667,0.994118,1,26
150,50,-1,258,257,257,257,0.933852,1.000000,0,17
150,78,-1,180,178,178,178,0.842697,0.993377,1,28
150,99,-1,243,245,245,245,0.326531,0.952381,4,165
150,95,-1,171,162,162,162,0.561728,0.947917,5,71
150,41,-1,246,253,253,253,0.996047,0.936803,17,1
150,91,-1,128,129,129,129,0.844961,1.000000,0,20
150,30,-1,301,302,302,302,0.976821,0.970395,9,7
150,69,-1,203,202,202,202,0.886139,0.994444,1,23
151,96,-1,230,192,192,192,0.473958,0.978495,2,101
151,27,-1,298,308,308,308,0.990260,0.971338,9,3
151,63,-1,200,194,194,194,0.953608,0.929648,14,9
151,20,-1,329,334,334,334,0.991018,0.985119,5,3
151,16,-1,327,331,331,331,0.996979,0.945559,19,1
151,56,-1,229,229,229,229,0.960699,0.995475,1,9
151,82,-1,140,139,139,139,0.971223,0.978261,3,4
151,45,-1,243,245,245,245,0.979592,0.937500,16,5
151,41,-1,243,256,256,256,0.992188,0.944238,15,2
151,62,-1,201,202,202,202,0.980198,0.980198,4,4
152,21,-1,309,314,314,314,0.990446,0.933934,22,3
152,53,-1,234,228,228,228,0.986842,0.974026,6,3
152,68,-1,186,184,184,184,0.978261,0.983607,3,4
152,14,-1,350,349,349,349,0.997135,0.977528,8,1
152,52,-1,227,231,231,231,0.995671,0.982906,4,1
152,4,-1,382,382,382,382,1.000000,0.984536,6,0
152,71,-1,177,174,174,174,0.988506,0.994220,1,2
152,41,-1,256,253,253,253,0.992095,0.933086,18,2
152,16,-1,335,333,333,333,0.996997,0.951289,17,1
152,7,-1,367,373,373,373,1.000000,0.986772,5,0
153,27,-1,303,310,310,310,0.990323,0.977707,7,3
153,52,-1,231,229,229,229,0.995633,0.974359,6,1
153,64,-1,196,196,196,196,1.000000,1.000000,0,0
153,94,-1,109,113,113,113,0.876106,0.990000,1,14
153,60,-1,208,208,208,208,1.000000,1.000000,0,0
153,32,-1,295,297,297,297,0.993266,0.989933,3,2
153,36,-1,287,286,286,286,0.989510,0.992982,2,3
153,0,-1,357,388,388,388,1.000000,0.970000,12,0
153,99,-1,226,238,238,238,0.315126,0.892857,9,163
153,18,-1,336,336,336,336,0.994048,0.973761,9,2
154,71,-1,177,177,177,177,0.971751,0.994220,1,5
154,33,-1,288,291,291,291,0.982818,0.969492,9,5
154,48,-1,236,245,245,245,0.967347,0.959514,10,8
154,1,-1,390,389,389,389,1.000000,0.979849,8,0
154,36,-1,288,285,285,285,0.989474,0.989474,3,3
154,30,-1,292,291,291,291,0.982818,0.940789,18,5
154,20,-1,331,329,329,329,0.990881,0.970238,10,3
154,54,-1,231,231,231,231,0.982684,0.995614,1,4
154,89,-1,132,126,126,126,0.904762,0.982759,2,12
154,59,-1,217,215,215,215,0.972093,0.985849,3,6
155,72,-1,195,197,197,197,0.862944,1.000000,0,27
155,81,-1,148,143,143,143,0.937063,0.950355,7,9
155,73,-1,171,169,169,169,0.970414,0.982036,3,5
155,99,-1,249,252,252,252,0.309524,0.928571,6,174
155,4,-1,380,382,382,382,1.000000,0.984536,6,0
155,76,-1,161,160,160,160,0.956250,0.974522,4,7
155,96,-1,196,198,198,198,0.464646,0.989247,1,106
155,92,-1,111,110,110,110,0.936364,0.971698,3,7
155,20,-1,332,331,331,331,0.993958,0.979167,7,2
155,18,-1,335,332,332,332,0.993976,0.962099,13,2
156,43,-1,233,250,250,250,0.996000,0.946768,14,1
156,97,-1,174,153,153,153,0.575163,0.977778,2,65
156,15,-1,336,330,330,330,0.987879,0.926136,26,4
156,29,-1,308,308,308,308,1.000000,1.000000,0,0
156,40,-1,273,281,281,281,0.946619,0.977941,6,15
156,28,-1,284,298,298,298,0.983221,0.942122,18,5
156,30,-1,291,298,298,298,0.983221,0.963816,11,5
156,52,-1,230,230,230,230,0.995652,0.978632,5,1
156,36,-1,287,283,283,283,0.992933,0.985965,4,2
156,51,-1,245,227,227,227,0.951542,0.911392,21,11
157,44,-1,257,242,242,242,1.000000,0.930769,18,0
157,74,-1,165,165,165,165,0.993939,1.000000,0,1
157,63,-1,200,195,195,195,0.958974,0.939698,12,8
157,98,-1,137,130,130,130,0.661538,0.988506,1,44
157,72,-1,195,197,197,197,0.862944,1.000000,0,27
157,23,-1,330,327,327,327,0.990826,0.990826,3,3
157,30,-1,299,302,302,302,0.983444,0.976974,7,5
157,47,-1,248,247,247,247,0.991903,0.980000,5,2
157,17,-1,334,332,332,332,0.984940,0.945087,19,5
157,27,-1,304,308,308,308,0.990260,0.971338,9,3
158,15,-1,336,321,321,321,0.987539,0.900568,35,4
158,93,-1,119,115,115,115,0.895652,1.000000,0,12
158,59,-1,215,208,208,208,0.980769,0.962264,8,4
158,29,-1,308,308,308,308,1.000000,1.000000,0,0
158,43,-1,259,253,253,253,0.996047,0.958175,11,1
158,25,-1,311,311,311,311,0.996785,0.968750,10,1
158,45,-1,250,246,246,246,0.979675,0.941406,15,5
158,88,-1,119,119,119,119,1.000000,1.000000,0,0
158,56,-1,227,226,226,226,0.964602,0.986425,3,8
158,53,-1,229,228,228,228,0.982456,0.969697,7,4
159,88,-1,119,119,119,119,1.000000,1.000000,0,0
159,45,-1,249,246,246,246,0.983740,0.945312,14,4
159,21,-1,311,294,294,294,0.993197,0.876877,41,2
159,8,-1,370,370,370,370,1.000000,0.986667,5,0
159,63,-1,203,204,204,204,0.950980,0.974874,5,10
159,23,-1,326,327,327,327,0.993884,0.993884,2,2
159,4,-1,384,383,383,383,1.000000,0.987113,5,0
159,66,-1,194,194,194,194,0.963918,0.989418,2,7
159,44,-1,257,259,259,259,0.992278,0.988462,3,2
159,32,-1,297,298,298,298,0.993289,0.993289,2,2
160,51,-1,241,231,231,231,0.948052,0.924051,18,12
160,8,-1,371,369,369,369,1.000000,0.984000,6,0
160,58,-1,209,214,214,214,0.990654,0.986047,3,2
160,31,-1,299,294,294,294,0.989796,0.966777,10,3
160,67,-1,190,191,191,191,0.963351,0.989247,2,7
160,62,-1,204,204,204,204,0.985294,0.995050,1,3
160,18,-1,339,339,339,339,0.991150,0.979592,7,3
160,3,-1,388,384,384,384,1.000000,0.982097,7,0
160,26,-1,312,305,305,305,0.996721,0.958991,13,1
160,73,-1,171,170,170,170,0.964706,0.982036,3,6
161,56,-1,229,229,229,229,0.965066,1.000000,0,8
161,87,-1,155,142,142,142,0.838028,0.975410,3,23
161,1,-1,390,391,391,391,1.000000,0.984887,6,0
161,21,-1,296,305,305,305,0.990164,0.906907,31,3
161,53,-1,231,229,229,229,0.986900,0.978355,5,3
161,46,-1,244,245,245,245,0.991837,0.960474,10,2
161,49,-1,244,245,245,245,0.975510,0.979508,5,6
161,99,-1,240,260,260,260,0.300000,0.928571,6,182
161,44,-1,252,258,258,258,0.992248,0.984615,4,2
161,92,-1,111,109,109,109,0.944954,0.971698,3,6
162,83,-1,168,164,164,164,0.823171,1.000000,0,29
162,9,-1,372,372,372,372,1.000000,1.000000,0,0
162,30,-1,252,299,299,299,0.979933,0.963816,11,6
162,91,-1,128,129,129,129,0.844961,1.000000,0,20
162,59,-1,207,206,206,206,0.980583,0.952830,10,4
162,77,-1,157,157,157,157,0.949045,0.967532,5,8
162,47,-1,248,247,247,247,0.991903,0.980000,5,2
162,1,-1,391,390,390,390,1.000000,0.982368,7,0
162,81,-1,143,141,141,141,0.936170,0.936170,9,9
162,44,-1,260,259,259,259,0.992278,0.988462,3,2
163,0,-1,361,389,389,389,1.000000,0.972500,11,0
163,2,-1,394,394,394,394,1.000000,1.000000,0,0
163,37,-1,265,271,271,271,0.988930,0.950355,14,3
163,92,-1,109,108,108,108,0.944444,0.962264,4,6
163,78,-1,177,179,179,179,0.843575,1.000000,0,28
163,73,-1,171,171,171,171,0.964912,0.988024,2,6
163,1,-1,390,388,388,388,1.000000,0.977330,9,0
163,74,-1,165,165,165,165,0.993939,1.000000,0,1
163,42,-1,265,264,264,264,0.988636,0.981203,5,3
163,16,-1,333,335,335,335,1.000000,0.959885,14,0
164,47,-1,248,246,246,246,0.991870,0.976000,6,2
164,29,-1,308,308,308,308,1.000000,1.000000,0,0
164,99,-1,279,257,257,257,0.315175,0.964286,3,176
164,30,-1,308,303,303,303,0.980198,0.976974,7,6
164,53,-1,231,228,228,228,0.986842,0.974026,6,3
164,71,-1,179,177,177,177,0.971751,0.994220,1,5
164,68,-1,184,184,184,184,0.983696,0.989071,2,3
164,22,-1,331,329,329,329,0.984802,0.981818,6,5
164,96,-1,195,187,187,187,0.491979,0.989247,1,95
164,31,-1,297,297,297,297,0.989899,0.976744,7,3
165,37,-1,275,267,267,267,0.988764,0.936170,18,3
165,71,-1,178,175,175,175,0.982857,0.994220,1,3
165,49,-1,242,239,239,239,0.987448,0.967213,8,3
165,14,-1,351,352,352,352,0.997159,0.985955,5,1
165,18,-1,336,335,335,335,0.991045,0.967930,11,3
165,32,-1,297,292,292,292,0.993151,0.973154,8,2
165,50,-1,238,255,255,255,0.917647,0.975000,6,21
165,60,-1,208,208,208,208,1.000000,1.000000,0,0
165,39,-1,279,276,276,276,0.974638,0.974638,7,7
165,9,-1,372,372,372,372,1.000000,1.000000,0,0
166,75,-1,158,154,154,154,0.980519,0.943750,9,3
166,28,-1,301,306,306,306,0.986928,0.971061,9,4
166,59,-1,205,208,208,208,0.975962,0.957547,9,5
166,81,-1,142,142,142,142,0.936620,0.943262,8,9
166,2,-1,394,394,394,394,1.000000,1.000000,0,0
166,42,-1,263,266,266,266,0.988722,0.988722,3,3
166,99,-1,253,265,265,265,0.286792,0.904762,8,189
166,88,-1,119,119,119,119,1.000000,1.000000,0,0
166,98,-1,138,123,123,123,0.699187,0.988506,1,37
166,72,-1,192,199,199,199,0.854271,1.000000,0,29
167,98,-1,125,112,112,112,0.767857,0.988506,1,26
167,7,-1,371,373,373,373,1.000000,0.986772,5,0
167,47,-1,246,246,246,246,0.995935,0.980000,5,1
167,94,-1,112,108,108,108,0.916667,0.990000,1,9
167,5,-1,372,378,378,378,1.000000,0.984375,6,0
167,45,-1,250,247,247,247,0.975709,0.941406,15,6
167,39,-1,280,281,281,281,0.975089,0.992754,2,7
167,2,-1,394,394,394,394,1.000000,1.000000,0,0
167,88,-1,119,119,119,119,1.000000,1.000000,0,0
167,90,-1,115,114,114,114,0.973684,0.991071,1,3
168,71,-1,176,173,173,173,0.994220,0.994220,1,1
168,26,-1,310,308,308,308,0.996753,0.968454,10,1
168,32,-1,295,295,295,295,0.996610,0.986577,4,1
168,7,-1,366,372,372,372,1.000000,0.984127,6,0
168,29,-1,308,308,308,308,1.000000,1.000000,0,0
168,45,-1,249,248,248,248,0.979839,0.949219,13,5
168,51,-1,236,228,228,228,0.947368,0.911392,21,12
168,0,-1,360,393,393,393,1.000000,0.982500,7,0
168,90,-1,115,113,113,113,0.982301,0.991071,1,2
168,42,-1,262,264,264,264,0.996212,0.988722,3,1
169,99,-1,262,268,268,268,0.294776,0.940476,5,189
169,88,-1,119,119,119,119,1.000000,1.000000,0,0
169,79,-1,155,153,153,153,0.934641,0.966216,5,10
169,11,-1,351,340,340,340,0.991176,0.923288,28,3
169,18,-1,338,340,340,340,0.988235,0.979592,7,4
169,66,-1,192,191,191,191,0.968586,0.978836,4,6
169,54,-1,233,231,231,231,0.982684,0.995614,1,4
169,57,-1,227,227,227,227,0.942731,0.981651,4,13
169,0,-1,350,388,388,388,1.000000,0.970000,12,0
169,22,-1,329,327,327,327,0.987768,0.978788,7,4
170,96,-1,193,184,184,184,0.505435,1.000000,0,91
170,1,-1,389,386,386,386,1.000000,0.972292,11,0
170,73,-1,170,172,172,172,0.965116,0.994012,1,6
170,26,-1,311,310,310,310,0.996774,0.974763,8,1
170,44,-1,257,256,256,256,0.992188,0.976923,6,2
170,0,-1,357,391,391,391,1.000000,0.977500,9,0
170,88,-1,119,119,119,119,1.000000,1.000000,0,0
170,42,-1,263,264,264,264,0.992424,0.984962,4,2
170,14,-1,352,347,347,347,1.000000,0.974719,9,0
170,3,-1,386,382,382,382,1.000000,0.976982,9,0
171,10,-1,345,333,333,333,0.996997,0.902174,36,1
171,22,-1,328,326,326,326,0.987730,0.975758,8,4
171,92,-1,108,109,109,109,0.944954,0.971698,3,6
171,40,-1,282,286,286,286,0.947552,0.996324,1,15
171,60,-1,208,208,208,208,1.000000,1.000000,0,0
171,49,-1,244,241,241,241,0.979253,0.967213,8,5
171,98,-1,115,101,101,101,0.821782,0.954023,4,18
171,79,-1,154,149,149,149,0.946309,0.952703,7,8
171,85,-1,131,131,131,131,0.969466,0.992188,1,4
171,87,-1,141,138,138,138,0.833333,0.942623,7,23
172,17,-1,332,337,337,337,0.985163,0.959538,14,5
172,98,-1,95,95,95,95,0.863158,0.942529,5,13
172,76,-1,158,160,160,160,0.962500,0.980892,3,6
172,73,-1,172,170,170,170,0.970588,0.988024,2,5
172,88,-1,119,119,119,119,1.000000,1.000000,0,0
172,48,-1,246,249,249,249,0.971888,0.979757,5,7
172,9,-1,372,372,372,372,1.000000,1.000000,0,0
172,60,-1,208,208,208,208,1.000000,1.000000,0,0
172,61,-1,205,205,205,205,1.000000,1.000000,0,0
172,50,-1,258,259,259,259,0.922780,0.995833,1,20
173,2,-1,394,394,394,394,1.000000,1.000000,0,0
173,44,-1,258,259,259,259,0.992278,0.988462,3,2
173,13,-1,308,353,353,353,0.997167,0.980501,7,1
173,28,-1,299,303,303,303,0.990099,0.964630,11,3
173,19,-1,331,325,325,325,1.000000,0.955882,15,0
173,94,-1,107,113,113,113,0.876106,0.990000,1,14
173,60,-1,208,208,208,208,1.000000,1.000000,0,0
173,0,-1,347,394,394,394,1.000000,0.985000,6,0
173,56,-1,227,224,224,224,0.973214,0.986425,3,6
173,58,-1,217,217,217,217,0.981567,0.990698,2,4
174,34,-1,281,278,278,278,0.985612,0.938356,18,4
174,8,-1,369,370,370,370,1.000000,0.986667,5,0
174,6,-1,376,380,380,380,0.997368,0.994751,2,1
174,93,-1,118,112,112,112,0.919643,1.000000,0,9
174,88,-1,119,119,119,119,1.000000,1.000000,0,0
174,3,-1,386,386,386,386,1.000000,0.987212,5,0
174,26,-1,311,313,313,313,0.993610,0.981073,6,2
174,61,-1,205,205,205,205,1.000000,1.000000,0,0
174,94,-1,109,107,107,107,0.925234,0.990000,1,8
174,33,-1,290,286,286,286,0.982517,0.952542,14,5
175,15,-1,335,326,326,326,0.990798,0.917614,29,3
175,43,-1,258,255,255,255,0.988235,0.958175,11,3
175,90,-1,113,113,113,113,0.982301,0.991071,1,2
175,68,-1,184,185,185,185,0.978378,0.989071,2,4
175,17,-1,330,337,337,337,0.985163,0.959538,14,5
175,76,-1,161,162,162,162,0.962963,0.993631,1,6
175,58,-1,210,210,210,210,0.990476,0.967442,7,2
175,60,-1,208,208,208,208,1.000000,1.000000,0,0
175,69,-1,202,201,201,201,0.890547,0.994444,1,22
175,30,-1,287,298,298,298,0.983221,0.963816,11,5
176,36,-1,287,286,286,286,0.989510,0.992982,2,3
176,67,-1,192,191,191,191,0.968586,0.994624,1,6
176,84,-1,136,138,138,138,0.942029,0.984848,2,8
176,22,-1,330,331,331,331,0.987915,0.990909,3,4
176,51,-1,228,232,232,232,0.948276,0.928270,17,12
176,16,-1,334,336,336,336,0.997024,0.959885,14,1
176,19,-1,323,310,310,310,0.996774,0.908824,31,1
176,15,-1,337,328,328,328,0.990854,0.923295,27,3
176,4,-1,383,382,382,382,1.000000,0.984536,6,0
176,35,-1,286,286,286,286,0.982517,0.975694,7,5
177,37,-1,272,270,270,270,0.985185,0.943262,16,4
177,85,-1,131,132,132,132,0.969697,1.000000,0,4
177,88,-1,119,119,119,119,1.000000,1.000000,0,0
177,39,-1,277,279,279,279,0.978495,0.989130,3,6
177,70,-1,174,172,172,172,1.000000,0.977273,4,0
177,32,-1,294,296,296,296,0.996622,0.989933,3,1
177,65,-1,169,197,197,197,0.934010,0.958333,8,13
177,2,-1,394,394,394,394,1.000000,1.000000,0,0
177,30,-1,303,298,298,298,0.983221,0.963816,11,5
177,63,-1,199,201,201,201,0.965174,0.974874,5,7
178,83,-1,166,157,157,157,0.853503,0.992593,1,23
178,72,-1,195,196,196,196,0.867347,1.000000,0,26
178,42,-1,264,266,266,266,0.992481,0.992481,2,2
178,67,-1,189,189,189,189,0.978836,0.994624,1,4
178,3,-1,388,388,388,388,1.000000,0.992327,3,0
178,88,-1,119,119,119,119,1.000000,1.000000,0,0
178,18,-1,341,337,337,337,0.994065,0.976676,8,2
178,90,-1,113,112,112,112,0.982143,0.982143,2,2
178,45,-1,251,220,220,220,0.972727,0.835938,42,6
178,11,-1,352,350,350,350,0.991429,0.950685,18,3
179,64,-1,196,196,196,196,1.000000,1.000000,0,0
179,20,-1,324,322,322,322,0.993789,0.952381,16,2
179,57,-1,226,225,225,225,0.942222,0.972477,6,13
179,73,-1,171,171,171,171,0.970760,0.994012,1,5
179,35,-1,291,288,288,288,0.982639,0.982639,5,5
179,18,-1,339,339,339,339,0.994100,0.982507,6,2
179,48,-1,242,250,250,250,0.976000,0.987854,3,6
179,12,-1,343,354,354,354,1.000000,0.977901,8,0
179,15,-1,339,327,327,327,0.990826,0.920455,28,3
179,16,-1,336,337,337,337,0.997033,0.962751,13,1
180,7,-1,372,371,371,371,1.000000,0.981481,7,0
180,90,-1,114,113,113,113,0.973451,0.982143,2,3
180,13,-1,350,356,356,356,0.997191,0.988858,4,1
180,64,-1,196,196,196,196,1.000000,1.000000,0,0
180,69,-1,194,205,205,205,0.873171,0.994444,1,26
180,73,-1,171,169,169,169,0.970414,0.982036,3,5
180,76,-1,160,159,159,159,0.974843,0.987261,2,4
180,91,-1,127,129,129,129,0.844961,1.000000,0,20
180,27,-1,285,298,298,298,0.989933,0.939490,19,3
180,94,-1,110,110,110,110,0.900000,0.990000,1,11
181,38,-1,280,279,279,279,0.978495,0.978495,6,6
181,5,-1,376,375,375,375,1.000000,0.976562,9,0
181,15,-1,342,334,334,334,0.988024,0.937500,22,4
181,2,-1,394,394,394,394,1.000000,1.000000,0,0
181,52,-1,227,231,231,231,1.000000,0.987179,3,0
181,51,-1,244,234,234,234,0.948718,0.936709,15,12
181,33,-1,290,288,288,288,0.986111,0.962712,11,4
181,42,-1,266,266,266,266,0.988722,0.988722,3,3
181,68,-1,187,185,185,185,0.972973,0.983607,3,5
181,67,-1,187,187,187,187,0.978610,0.983871,3,4
182,79,-1,147,142,142,142,0.957746,0.918919,12,6
182,97,-1,144,134,134,134,0.634328,0.944444,5,49
182,49,-1,240,244,244,244,0.975410,0.975410,6,6
182,93,-1,111,114,114,114,0.894737,0.990291,1,12
182,92,-1,109,109,109,109,0.944954,0.971698,3,6
182,40,-1,282,286,286,286,0.947552,0.996324,1,15
182,4,-1,384,382,382,382,1.000000,0.984536,6,0
182,14,-1,350,355,355,355,0.997183,0.994382,2,1
182,53,-1,230,228,228,228,0.982456,0.969697,7,4
182,71,-1,175,172,172,172,0.994186,0.988439,2,1
183,25,-1,318,319,319,319,0.993730,0.990625,3,2
183,19,-1,322,328,328,328,1.000000,0.964706,12,0
183,72,-1,193,196,196,196,0.867347,1.000000,0,26
183,54,-1,233,231,231,231,0.982684,0.995614,1,4
183,38,-1,281,280,280,280,0.985714,0.989247,3,4
183,28,-1,278,306,306,306,0.990196,0.974277,8,3
183,65,-1,204,194,194,194,0.938144,0.947917,10,12
183,53,-1,231,227,227,227,0.986784,0.969697,7,3
183,42,-1,266,266,266,266,0.988722,0.988722,3,3
183,3,-1,389,388,388,388,1.000000,0.992327,3,0
184,80,-1,144,144,144,144,1.000000,1.000000,0,0
184,88,-1,119,119,119,119,1.000000,1.000000,0,0
184,57,-1,227,225,225,225,0.951111,0.981651,4,11
184,98,-1,100,94,94,94,0.861702,0.931034,6,13
184,76,-1,161,160,160,160,0.962500,0.980892,3,6
184,84,-1,137,136,136,136,0.948529,0.977273,3,7
184,7,-1,371,372,372,372,1.000000,0.984127,6,0
184,50,-1,248,259,259,259,0.922780,0.995833,1,20
184,92,-1,111,111,111,111,0.945946,0.990566,1,6
184,27,-1,303,305,305,305,0.990164,0.961783,12,3
185,57,-1,222,227,227,227,0.938326,0.977064,5,14
185,65,-1,199,197,197,197,0.923858,0.947917,10,15
185,49,-1,245,245,245,245,0.979592,0.983607,4,5
185,45,-1,245,244,244,244,0.979508,0.933594,17,5
185,3,-1,389,387,387,387,1.000000,0.989770,4,0
185,47,-1,246,247,247,247,0.991903,0.980000,5,2
185,62,-1,203,205,205,205,0.980488,0.995050,1,4
185,60,-1,208,208,208,208,1.000000,1.000000,0,0
185,64,-1,196,196,196,196,1.000000,1.000000,0,0
185,43,-1,259,252,252,252,0.996032,0.954373,12,1
186,88,-1,119,119,119,119,1.000000,1.000000,0,0
186,60,-1,208,208,208,208,1.000000,1.000000,0,0
186,40,-1,287,286,286,286,0.951049,1.000000,0,14
186,41,-1,233,258,258,258,0.992248,0.951673,13,2
186,14,-1,353,354,354,354,0.997175,0.991573,3,1
186,25,-1,317,312,312,312,0.993590,0.968750,10,2
186,47,-1,248,247,247,247,0.991903,0.980000,5,2
186,45,-1,242,242,242,242,0.987603,0.933594,17,3
186,73,-1,170,173,173,173,0.965318,1.000000,0,6
186,51,-1,230,234,234,234,0.948718,0.936709,15,12
187,83,-1,150,146,146,146,0.904110,0.977778,3,14
187,95,-1,168,162,162,162,0.574074,0.968750,3,69
187,72,-1,196,198,198,198,0.858586,1.000000,0,28
187,71,-1,174,174,174,174,0.988506,0.994220,1,2
187,63,-1,194,195,195,195,0.958974,0.939698,12,8
187,56,-1,220,224,224,224,0.977679,0.990950,2,5
187,94,-1,112,106,106,106,0.933962,0.990000,1,7
187,37,-1,269,266,266,266,0.988722,0.932624,19,3
187,46,-1,252,251,251,251,0.996016,0.988142,3,1
187,14,-1,353,356,356,356,0.997191,0.997191,1,1
188,55,-1,235,228,228,228,0.956140,0.973214,6,10
188,99,-1,263,262,262,262,0.301527,0.940476,5,183
188,34,-1,292,282,282,282,0.985816,0.952055,14,4
188,17,-1,335,338,338,338,0.985207,0.962428,13,5
188,65,-1,200,193,193,193,0.932642,0.937500,12,13
188,5,-1,365,373,373,373,1.000000,0.971354,11,0
188,71,-1,175,173,173,173,0.994220,0.994220,1,1
188,92,-1,114,109,109,109,0.944954,0.971698,3,6
188,32,-1,297,295,295,295,1.000000,0.989933,3,0
188,94,-1,108,108,108,108,0.916667,0.990000,1,9
189,31,-1,299,297,297,297,0.989899,0.976744,7,3
189,80,-1,144,144,144,144,1.000000,1.000000,0,0
189,57,-1,229,223,223,223,0.941704,0.963303,8,13
189,14,-1,354,354,354,354,0.997175,0.991573,3,1
189,42,-1,267,266,266,266,0.988722,0.988722,3,3
189,10,-1,344,330,330,330,0.996970,0.894022,39,1
189,40,-1,285,287,287,287,0.947735,1.000000,0,15
189,5,-1,377,378,378,378,1.000000,0.984375,6,0
189,30,-1,300,299,299,299,0.983278,0.967105,10,5
189,56,-1,227,227,227,227,0.969163,0.995475,1,7
190,16,-1,340,337,337,337,0.997033,0.962751,13,1
190,25,-1,315,318,318,318,0.993711,0.987500,4,2
190,32,-1,296,292,292,292,1.000000,0.979866,6,0
190,17,-1,331,335,335,335,0.985075,0.953757,16,5
190,99,-1,268,253,253,253,0.308300,0.928571,6,175
190,51,-1,234,240,240,240,0.941667,0.953586,11,14
190,56,-1,223,225,225,225,0.973333,0.990950,2,6
190,90,-1,113,114,114,114,0.964912,0.982143,2,4
190,23,-1,327,327,327,327,0.990826,0.990826,3,3
190,46,-1,253,247,247,247,0.995951,0.972332,7,1
191,95,-1,159,164,164,164,0.573171,0.979167,2,70
191,14,-1,353,354,354,354,0.997175,0.991573,3,1
191,94,-1,112,105,105,105,0.933333,0.980000,2,7
191,88,-1,119,119,119,119,1.000000,1.000000,0,0
191,30,-1,299,302,302,302,0.983444,0.976974,7,5
191,64,-1,196,196,196,196,1.000000,1.000000,0,0
191,85,-1,132,132,132,132,0.969697,1.000000,0,4
191,5,-1,376,376,376,376,1.000000,0.979167,8,0
191,77,-1,160,157,157,157,0.942675,0.961039,6,9
191,73,-1,173,172,172,172,0.970930,1.000000,0,5
192,6,-1,377,378,378,378,1.000000,0.992126,3,0
192,13,-1,355,354,354,354,0.997175,0.983287,6,1
192,20,-1,326,332,332,332,0.993976,0.982143,6,2
192,8,-1,371,371,371,371,1.000000,0.989333,4,0
192,76,-1,162,162,162,162,0.956790,0.987261,2,7
192,51,-1,244,244,244,244,0.942623,0.970464,7,14
192,40,-1,282,287,287,287,0.947735,1.000000,0,15
192,17,-1,330,335,335,335,0.985075,0.953757,16,5
192,48,-1,246,249,249,249,0.971888,0.979757,5,7
192,88,-1,119,119,119,119,1.000000,1.000000,0,0
193,20,-1,329,324,324,324,0.993827,0.958333,14,2
193,21,-1,294,321,321,321,0.990654,0.954955,15,3
193,74,-1,165,165,165,165,0.993939,1.000000,0,1
193,1,-1,389,387,387,387,1.000000,0.974811,10,0
193,83,-1,141,144,144,144,0.930556,0.992593,1,10
193,81,-1,146,139,139,139,0.935252,0.921986,11,9
193,31,-1,296,296,296,296,0.989865,0.973422,8,3
193,30,-1,305,300,300,300,0.986667,0.973684,8,4
193,95,-1,169,158,158,158,0.582278,0.958333,4,66
193,23,-1,329,328,328,328,0.990854,0.993884,2,3
194,12,-1,354,354,354,354,1.000000,0.977901,8,0
194,1,-1,390,389,389,389,1.000000,0.979849,8,0
194,64,-1,196,196,196,196,1.000000,1.000000,0,0
194,14,-1,353,354,354,354,0.997175,0.991573,3,1
194,66,-1,193,190,190,190,0.978947,0.984127,3,4
194,80,-1,144,142,142,142,1.000000,0.986111,2,0
194,86,-1,127,125,125,125,0.992000,0.992000,1,1
194,30,-1,305,298,298,298,0.989933,0.970395,9,3
194,61,-1,205,205,205,205,1.000000,1.000000,0,0
194,21,-1,314,319,319,319,0.987461,0.945946,18,4
195,12,-1,358,356,356,356,1.000000,0.983425,6,0
195,50,-1,252,260,260,260,0.923077,1.000000,0,20
195,25,-1,317,317,317,317,0.993691,0.984375,5,2
195,66,-1,191,189,189,189,0.984127,0.984127,3,3
195,15,-1,340,337,337,337,0.991098,0.948864,18,3
195,77,-1,153,156,156,156,0.942308,0.954545,7,9
195,91,-1,129,129,129,129,0.844961,1.000000,0,20
195,62,-1,198,202,202,202,0.980198,0.980198,4,4
195,94,-1,110,106,106,106,0.924528,0.980000,2,8
195,40,-1,282,284,284,284,0.947183,0.988971,3,15
196,44,-1,260,262,262,262,0.992366,1.000000,0,2
196,50,-1,256,257,257,257,0.922179,0.987500,3,20
196,9,-1,372,372,372,372,1.000000,1.000000,0,0
196,11,-1,350,351,351,351,0.991453,0.953425,17,3
196,72,-1,197,198,198,198,0.858586,1.000000,0,28
196,30,-1,295,303,303,303,0.983498,0.980263,6,5
196,58,-1,210,211,211,211,0.990521,0.972093,6,2
196,62,-1,207,202,202,202,0.975248,0.975248,5,5
196,67,-1,187,188,188,188,0.978723,0.989247,2,4
196,59,-1,212,207,207,207,0.985507,0.962264,8,3
197,53,-1,231,231,231,231,0.982684,0.982684,4,4
197,94,-1,99,112,112,112,0.875000,0.980000,2,14
197,84,-1,136,135,135,135,0.955556,0.977273,3,6
197,25,-1,317,317,317,317,0.993691,0.984375,5,2
197,78,-1,178,179,179,179,0.843575,1.000000,0,28
197,96,-1,184,185,185,185,0.497297,0.989247,1,93
197,58,-1,214,213,213,213,0.985915,0.976744,5,3
197,8,-1,372,371,371,371,1.000000,0.989333,4,0
197,99,-1,254,244,244,244,0.319672,0.928571,6,166
197,1,-1,389,389,389,389,1.000000,0.979849,8,0
198,60,-1,208,208,208,208,1.000000,1.000000,0,0
198,61,-1,205,205,205,205,1.000000,1.000000,0,0
198,38,-1,279,280,280,280,0.985714,0.989247,3,4
198,75,-1,156,155,155,155,0.980645,0.950000,8,3
198,3,-1,389,388,388,388,1.000000,0.992327,3,0
198,41,-1,257,254,254,254,0.992126,0.936803,17,2
198,86,-1,127,126,126,126,0.984127,0.992000,1,2
198,30,-1,296,302,302,302,0.983444,0.976974,7,5
198,62,-1,188,199,199,199,0.974874,0.960396,8,5
198,57,-1,230,224,224,224,0.946429,0.972477,6,12
199,21,-1,307,323,323,323,0.984520,0.954955,15,5
199,25,-1,316,315,315,315,0.993651,0.978125,7,2
199,42,-1,266,265,265,265,0.988679,0.984962,4,3
199,83,-1,144,142,142,142,0.943662,0.992593,1,8
199,46,-1,253,252,252,252,0.996032,0.992095,2,1
199,67,-1,188,187,187,187,0.978610,0.983871,3,4
199,98,-1,102,102,102,102,0.843137,0.988506,1,16
199,48,-1,252,250,250,250,0.972000,0.983806,4,7
199,91,-1,128,127,127,127,0.858268,1.000000,0,18
199,55,-1,229,227,227,227,0.955947,0.968750,7,10
200,55,4,225,227,238,232,0.943966,0.977679,5,13
200,41,4,261,259,277,269,0.992565,0.992565,2,2
200,24,4,313,317,335,326,0.978528,0.984568,5,7
200,4,4,382,382,383,383,1.000000,0.987113,5,0
200,13,4,354,352,349,354,0.997175,0.983287,6,1
200,71,4,174,173,202,174,0.988506,0.994220,1,2
200,26,4,311,309,310,308,0.996753,0.968454,10,1
200,56,4,226,226,234,230,0.956522,0.995475,1,10
200,93,4,116,117,171,124,0.822581,0.990291,1,22
200,82,4,140,136,159,138,0.971014,0.971014,4,4
201,28,64,293,301,320,311,0.987138,0.987138,4,4
201,58,64,213,215,234,220,0.968182,0.990698,2,7
201,65,64,198,194,218,201,0.920398,0.963542,7,16
201,85,64,132,131,160,135,0.940741,0.992188,1,8
201,40,64,278,284,286,286,0.951049,1.000000,0,14
201,13,64,353,354,362,357,0.997199,0.991643,3,1
201,73,64,173,172,186,173,0.965318,1.000000,0,6
201,62,64,205,204,213,206,0.975728,0.995050,1,5
201,21,64,316,329,339,336,0.979167,0.987988,4,7
201,64,64,196,196,196,196,1.000000,1.000000,0,0
202,94,62,113,112,138,114,0.877193,1.000000,0,14
202,42,62,267,267,280,271,0.977860,0.996241,1,6
202,11,62,272,301,370,353,0.991501,0.958904,15,3
202,6,62,379,376,383,381,0.997375,0.997375,1,1
202,62,62,205,204,207,205,0.980488,0.995050,1,4
202,84,62,133,135,166,143,0.916084,0.992424,1,12
202,77,62,156,153,173,166,0.921687,0.993506,1,13
202,22,62,334,328,318,327,0.987768,0.978788,7,4
202,95,62,164,169,193,182,0.521978,0.989583,1,87
202,36,62,288,285,297,289,0.982699,0.996491,1,5
203,89,88,128,124,144,129,0.891473,0.991379,1,14
203,94,88,115,113,126,116,0.862069,1.000000,0,16
203,11,88,344,356,370,362,0.994475,0.986301,5,2
203,32,88,297,294,306,299,0.993311,0.996644,1,2
203,34,88,283,278,304,286,0.975524,0.955479,13,7
203,46,88,247,249,264,256,0.988281,1.000000,0,3
203,25,88,317,315,325,321,0.987539,0.990625,3,4
203,88,88,119,119,119,119,1.000000,1.000000,0,0
203,1,88,392,393,372,394,1.000000,0.992443,3,0
203,44,88,262,262,271,262,0.992366,1.000000,0,2
204,28,52,307,304,302,307,0.990228,0.977492,7,3
204,24,52,318,320,335,329,0.978723,0.993827,2,7
204,52,52,230,230,233,231,1.000000,0.987179,3,0
204,32,52,298,296,307,301,0.986711,0.996644,1,4
204,7,52,373,375,379,379,0.997361,1.000000,0,1
204,63,52,196,196,226,203,0.950739,0.969849,6,10
204,19,52,329,322,349,333,1.000000,0.979412,7,0
204,43,52,245,251,272,259,0.992278,0.977186,6,2
204,99,52,246,244,188,232,0.327586,0.904762,8,156
204,98,52,100,100,183,113,0.752212,0.977011,2,28
205,91,60,125,129,136,131,0.832061,1.000000,0,22
205,52,60,232,231,246,233,0.991416,0.987179,3,2
205,50,60,242,260,260,261,0.915709,0.995833,1,22
205,3,60,389,388,383,389,1.000000,0.994885,2,0
205,8,60,372,370,376,372,1.000000,0.992000,3,0
205,59,60,208,212,234,216,0.958333,0.976415,5,9
205,24,60,319,318,335,326,0.981595,0.987654,4,6
205,60,60,208,208,208,208,1.000000,1.000000,0,0
205,18,60,341,341,353,344,0.985465,0.988338,4,5
205,26,60,313,312,329,316,0.990506,0.987382,4,3
206,66,90,190,188,213,192,0.968750,0.984127,3,6
206,72,90,197,198,199,199,0.854271,1.000000,0,29
206,42,90,270,269,269,268,0.977612,0.984962,4,6
206,76,90,163,160,184,162,0.962963,0.993631,1,6
206,73,90,173,171,177,173,0.959538,0.994012,1,7
206,90,90,115,113,118,113,0.982301,0.991071,1,2
206,43,90,264,257,260,260,0.992308,0.980989,5,2
206,53,90,232,229,242,231,0.987013,0.987013,3,3
206,48,90,250,250,264,254,0.964567,0.991903,2,9
206,83,90,142,138,177,145,0.924138,0.992593,1,11
207,97,2,134,128,143,136,0.647059,0.977778,2,48
207,22,2,330,329,339,334,0.985030,0.996970,1,5
207,52,2,233,232,246,235,0.991489,0.995726,1,2
207,2,2,394,394,394,394,1.000000,1.000000,0,0
207,5,2,380,378,381,381,1.000000,0.992188,3,0
207,84,2,143,140,157,144,0.909722,0.992424,1,13
207,59,2,217,211,232,216,0.972222,0.990566,2,6
207,75,2,154,156,169,156,0.980769,0.956250,7,3
207,24,2,325,324,335,329,0.975684,0.990741,3,8
207,34,2,288,281,303,291,0.975945,0.972603,8,7
208,92,25,110,109,140,110,0.927273,0.962264,4,8
208,63,25,194,199,229,205,0.956098,0.984925,3,9
208,36,25,289,285,283,286,0.989510,0.992982,2,3
208,44,25,261,261,268,263,0.988593,1.000000,0,3
208,15,25,344,337,357,350,0.985714,0.980114,7,5
208,10,25,347,329,374,352,0.997159,0.953804,17,1
208,27,25,248,280,325,302,0.980132,0.942675,18,6
208,11,25,361,350,370,364,0.991758,0.989041,4,3
208,53,25,231,230,245,232,0.987069,0.991342,2,3
208,25,25,321,317,317,319,0.993730,0.990625,3,2
209,20,0,324,320,340,330,0.993939,0.976190,8,2
209,0,0,364,389,325,391,1.000000,0.977500,9,0
209,62,0,205,203,221,204,0.975490,0.985149,3,5
209,36,0,287,284,294,287,0.989547,0.996491,1,3
209,95,0,181,169,171,173,0.554913,1.000000,0,77
209,3,0,389,387,391,389,1.000000,0.994885,2,0
209,51,0,239,231,259,239,0.949791,0.957806,10,12
209,89,0,129,128,143,129,0.891473,0.991379,1,14
209,8,0,373,371,376,373,1.000000,0.994667,2,0
209,12,0,357,357,359,360,1.000000,0.994475,2,0
210,39,74,280,275,287,284,0.968310,0.996377,1,9
210,91,74,130,127,140,128,0.851562,1.000000,0,19
210,83,74,147,141,171,146,0.917808,0.992593,1,12
210,28,74,298,307,318,314,0.980892,0.990354,3,6
210,41,74,268,267,276,270,0.992593,0.996283,1,2
210,71,74,177,172,185,172,0.994186,0.988439,2,1
210,19,74,332,326,347,336,1.000000,0.988235,4,0
210,27,74,267,295,322,312,0.983974,0.977707,7,5
210,74,74,165,165,164,164,1.000000,1.000000,0,0
210,66,74,194,193,213,195,0.964103,0.994709,1,7
211,0,0,360,394,356,392,1.000000,0.980000,8,0
211,38,0,277,277,291,281,0.985765,0.992832,2,4
211,65,0,132,135,109,120,0.866667,0.541667,88,16
211,82,0,140,137,177,137,0.970803,0.963768,5,4
211,44,0,260,250,271,261,0.996169,1.000000,0,1
211,6,0,374,377,384,381,0.997375,0.997375,1,1
211,80,0,144,143,144,143,1.000000,0.993056,1,0
211,12,0,358,356,361,359,1.000000,0.991713,3,0
211,57,0,224,226,238,232,0.939655,1.000000,0,14
211,79,0,146,143,165,149,0.939597,0.945946,8,9
212,2,2,394,394,394,394,1.000000,1.000000,0,0
212,31,2,298,299,309,303,0.986799,0.993355,2,4
212,80,2,144,142,144,143,1.000000,0.993056,1,0
212,8,2,373,371,376,373,1.000000,0.994667,2,0
212,55,2,235,229,241,232,0.948276,0.982143,4,12
212,32,2,226,279,302,291,0.989691,0.966443,10,3
212,98,2,123,100,129,101,0.841584,0.977011,2,16
212,74,2,164,164,164,164,1.000000,1.000000,0,0
212,96,2,189,169,181,167,0.556886,1.000000,0,74
212,91,2,126,126,137,130,0.838462,1.000000,0,21
213,95,62,171,151,185,161,0.596273,1.000000,0,65
213,5,62,378,376,372,378,1.000000,0.984375,6,0
213,55,62,232,227,240,231,0.952381,0.982143,4,11
213,16,62,337,336,326,332,0.996988,0.948424,18,1
213,43,62,259,257,275,261,0.996169,0.988593,3,1
213,23,62,328,326,337,329,0.993921,1.000000,0,2
213,76,62,163,162,186,162,0.956790,0.987261,2,7
213,63,62,197,194,229,204,0.941176,0.964824,7,12
213,62,62,202,203,207,203,0.980296,0.985149,3,4
213,34,62,291,271,293,287,0.982578,0.965753,10,5
214,41,14,269,264,285,270,0.992593,0.996283,1,2
214,65,14,141,173,108,150,0.893333,0.697917,58,16
214,83,14,146,144,167,146,0.917808,0.992593,1,12
214,78,14,178,178,180,180,0.838889,1.000000,0,29
214,34,14,288,276,304,291,0.979381,0.976027,7,6
214,20,14,323,335,341,337,0.994065,0.997024,1,2
214,82,14,139,135,194,137,0.978102,0.971014,4,3
214,99,14,230,236,227,233,0.343348,0.952381,4,153
214,21,14,327,322,341,332,0.987952,0.984985,5,4
214,14,14,352,351,350,353,0.997167,0.988764,4,1
215,43,2,259,258,275,265,0.984906,0.992395,2,4
215,20,2,333,334,341,338,0.994083,1.000000,0,2
215,93,2,128,119,147,124,0.822581,0.990291,1,22
215,41,2,267,263,282,269,0.992565,0.992565,2,2
215,39,2,283,276,287,286,0.961538,0.996377,1,11
215,1,2,391,387,397,393,1.000000,0.989924,4,0
215,95,2,150,135,151,132,0.719697,0.989583,1,37
215,63,2,198,202,227,206,0.951456,0.984925,3,10
215,16,2,333,335,351,342,0.997076,0.977077,8,1
215,2,2,394,394,394,394,1.000000,1.000000,0,0
216,67,60,187,185,209,193,0.948187,0.983871,3,10
216,70,60,173,171,185,173,1.000000,0.982955,3,0
216,63,60,202,205,227,213,0.934272,1.000000,0,14
216,60,60,208,208,208,208,1.000000,1.000000,0,0
216,12,60,357,358,361,360,1.000000,0.994475,2,0
216,20,60,336,334,340,337,0.991098,0.994048,2,3
216,74,60,164,164,164,164,1.000000,1.000000,0,0
216,65,60,175,180,218,187,0.903743,0.880208,23,18
216,48,60,242,248,264,256,0.964844,1.000000,0,9
216,6,60,380,377,381,381,0.997375,0.997375,1,1
217,95,60,132,121,129,122,0.778689,0.989583,1,27
217,41,60,267,269,281,269,0.992565,0.992565,2,2
217,6,60,381,378,380,379,0.997361,0.992126,3,1
217,23,60,329,329,329,328,0.996951,1.000000,0,1
217,93,60,128,116,150,120,0.841667,0.980583,2,19
217,26,60,314,311,328,317,0.990536,0.990536,3,3
217,60,60,208,208,208,208,1.000000,1.000000,0,0
217,14,60,353,353,357,355,0.997183,0.994382,2,1
217,43,60,260,257,274,264,0.984848,0.988593,3,4
217,31,60,288,297,310,300,0.990000,0.986711,4,3
218,11,61,339,349,369,361,0.991690,0.980822,7,3
218,52,61,235,235,244,237,0.983122,0.995726,1,4
218,62,61,204,202,220,205,0.975610,0.990099,2,5
218,87,61,137,136,152,141,0.829787,0.959016,5,24
218,34,61,292,271,304,292,0.976027,0.976027,7,7
218,57,61,228,228,237,232,0.939655,1.000000,0,14
218,61,61,205,205,205,205,1.000000,1.000000,0,0
218,64,61,196,196,196,196,1.000000,1.000000,0,0
218,22,61,333,331,335,334,0.985030,0.996970,1,5
218,48,61,252,248,264,253,0.964427,0.987854,3,9
219,75,18,157,153,175,158,0.981013,0.968750,5,3
219,18,18,341,340,346,342,0.988304,0.985423,5,4
219,94,18,115,112,145,115,0.869565,1.000000,0,15
219,48,18,252,249,265,259,0.953668,1.000000,0,12
219,58,18,215,216,236,220,0.968182,0.990698,2,7
219,46,18,252,251,255,253,0.996047,0.996047,1,1
219,98,18,173,142,131,123,0.682927,0.965517,3,39
219,28,18,310,312,320,316,0.981013,0.996785,1,6
219,56,18,227,228,240,232,0.948276,0.995475,1,12
219,92,18,111,108,166,110,0.945455,0.981132,2,6
220,86,74,126,125,140,126,0.984127,0.992000,1,2
220,71,74,175,174,179,173,0.982659,0.982659,3,3
220,74,74,164,164,164,164,1.000000,1.000000,0,0
220,4,74,381,384,386,386,1.000000,0.994845,2,0
220,23,74,329,328,320,328,0.993902,0.996942,1,2
220,19,74,336,324,344,335,1.000000,0.985294,5,0
220,29,74,308,308,308,308,1.000000,1.000000,0,0
220,3,74,389,388,372,387,1.000000,0.989770,4,0
220,36,74,287,286,294,287,0.989547,0.996491,1,3
220,35,74,287,289,298,294,0.979592,1.000000,0,6
221,6,80,378,377,376,380,0.997368,0.994751,2,1
221,19,80,331,323,341,337,0.997033,0.988235,4,1
221,78,80,178,178,179,180,0.838889,1.000000,0,29
221,80,80,144,142,144,142,1.000000,0.986111,2,0
221,52,80,232,233,246,235,0.991489,0.995726,1,2
221,31,80,298,299,306,301,0.986711,0.986711,4,4
221,43,80,263,256,274,263,0.992395,0.992395,2,2
221,85,80,135,131,160,136,0.941176,1.000000,0,8
221,2,80,394,394,394,394,1.000000,1.000000,0,0
221,25,80,319,316,325,323,0.987616,0.996875,1,4
222,52,9,235,234,247,234,0.991453,0.991453,2,2
222,34,9,290,274,304,290,0.975862,0.969178,9,7
222,5,9,382,380,381,381,1.000000,0.992188,3,0
222,85,9,137,134,160,135,0.940741,0.992188,1,8
222,49,9,244,248,260,250,0.972000,0.995902,1,7
222,19,9,331,328,344,336,1.000000,0.988235,4,0
222,39,9,286,279,287,286,0.965035,1.000000,0,10
222,9,9,372,372,372,372,1.000000,1.000000,0,0
222,35,9,293,293,300,295,0.976271,1.000000,0,7
222,7,9,376,374,378,378,0.997354,0.997354,1,1
223,54,74,231,231,243,232,0.978448,0.995614,1,5
223,28,74,316,312,319,317,0.977918,0.996785,1,7
223,50,74,262,260,262,262,0.916031,1.000000,0,22
223,72,74,198,199,199,199,0.854271,1.000000,0,29
223,74,74,164,164,164,164,1.000000,1.000000,0,0
223,51,74,243,246,259,254,0.925197,0.991561,2,19
223,46,74,234,250,257,253,0.996047,0.996047,1,1
223,32,74,297,293,306,302,0.986755,1.000000,0,4
223,21,74,325,328,340,333,0.984985,0.984985,5,5
223,15,74,352,315,357,352,0.985795,0.985795,5,5
224,50,16,262,262,263,262,0.916031,1.000000,0,22
224,94,16,114,109,152,113,0.876106,0.990000,1,14
224,90,16,114,115,173,116,0.965517,1.000000,0,4
224,68,16,185,183,208,188,0.968085,0.994536,1,6
224,69,16,201,195,208,202,0.881188,0.988889,2,24
224,16,16,342,341,336,337,0.997033,0.962751,13,1
224,89,16,130,127,149,130,0.869231,0.974138,3,17
224,87,16,144,145,184,148,0.824324,1.000000,0,26
224,5,16,380,380,371,377,1.000000,0.981771,7,0
224,24,16,324,324,335,329,0.978723,0.993827,2,7
225,86,1,128,126,150,126,0.992063,1.000000,0,1
225,49,1,248,246,260,251,0.968127,0.995902,1,8
225,62,1,207,207,220,208,0.966346,0.995050,1,7
225,59,1,218,215,233,219,0.958904,0.990566,2,9
225,10,1,260,331,375,346,0.994220,0.934783,24,2
225,42,1,272,268,261,265,0.973585,0.969925,8,7
225,1,1,391,390,388,391,1.000000,0.984887,6,0
225,68,1,192,187,208,188,0.957447,0.983607,3,8
225,83,1,146,143,198,147,0.911565,0.992593,1,13
225,90,1,117,114,141,113,0.973451,0.982143,2,3
226,57,0,228,229,238,232,0.939655,1.000000,0,14
226,49,0,201,226,132,223,0.986547,0.901639,24,3
226,27,0,309,307,322,316,0.981013,0.987261,4,6
226,34,0,290,285,302,294,0.972789,0.979452,6,8
226,0,0,358,393,325,388,1.000000,0.970000,12,0
226,56,0,229,225,239,230,0.952174,0.990950,2,11
226,38,0,282,280,291,281,0.985765,0.992832,2,4
226,67,0,193,192,210,195,0.953846,1.000000,0,9
226,88,0,119,119,119,119,1.000000,1.000000,0,0
226,5,0,377,379,384,380,1.000000,0.989583,4,0
227,93,52,131,121,176,123,0.829268,0.990291,1,21
227,40,52,282,286,286,286,0.951049,1.000000,0,14
227,21,52,325,322,341,334,0.982036,0.984985,5,6
227,95,52,120,117,157,126,0.761905,1.000000,0,30
227,96,52,160,157,187,161,0.565217,0.978495,2,70
227,6,52,379,377,380,378,1.000000,0.992126,3,0
227,52,52,234,234,235,234,0.991453,0.991453,2,2
227,55,52,232,220,241,228,0.960526,0.977679,5,9
227,48,52,249,245,264,252,0.968254,0.987854,3,8
227,42,52,269,268,278,270,0.977778,0.992481,2,6
228,9,9,372,372,372,372,1.000000,1.000000,0,0
228,69,9,139,175,105,152,0.907895,0.766667,42,14
228,49,9,232,235,260,246,0.975610,0.983607,4,6
228,79,9,152,144,166,147,0.945578,0.939189,9,8
228,57,9,233,231,238,233,0.935622,1.000000,0,15
228,47,9,249,246,266,250,0.984000,0.984000,4,4
228,60,9,208,208,208,208,1.000000,1.000000,0,0
228,24,9,323,323,334,327,0.981651,0.990741,3,6
228,12,9,358,355,359,358,1.000000,0.988950,4,0
228,41,9,268,264,277,269,0.992565,0.992565,2,2
229,15,74,270,329,352,337,0.988131,0.946023,19,4
229,12,74,358,358,360,357,1.000000,0.986188,5,0
229,69,74,179,190,206,201,0.890547,0.994444,1,22
229,34,74,291,283,304,293,0.972696,0.976027,7,8
229,67,74,191,191,210,194,0.953608,0.994624,1,9
229,96,74,173,164,165,147,0.632653,1.000000,0,54
229,74,74,164,164,164,164,1.000000,1.000000,0,0
229,42,74,269,265,279,269,0.977695,0.988722,3,6
229,54,74,233,233,241,233,0.978541,1.000000,0,5
229,88,74,119,119,119,119,1.000000,1.000000,0,0
230,69,76,170,190,206,204,0.882353,1.000000,0,24
230,84,76,143,139,170,143,0.923077,1.000000,0,11
230,50,76,261,257,262,261,0.915709,0.995833,1,22
230,99,76,225,226,198,224,0.361607,0.964286,3,143
230,23,76,328,326,331,329,0.993921,1.000000,0,2
230,97,76,141,143,148,147,0.612245,1.000000,0,57
230,73,76,174,172,186,174,0.959770,1.000000,0,7
230,76,76,159,161,167,161,0.956522,0.980892,3,7
230,44,76,261,252,269,261,0.996169,1.000000,0,1
230,78,76,180,180,180,180,0.838889,1.000000,0,29
231,55,64,229,215,241,219,0.968037,0.946429,12,7
231,90,64,116,115,142,116,0.965517,1.000000,0,4
231,64,64,196,196,196,196,1.000000,1.000000,0,0
231,81,64,144,141,165,146,0.938356,0.971631,4,9
231,91,64,127,127,135,128,0.851562,1.000000,0,19
231,57,64,229,226,238,230,0.947826,1.000000,0,12
231,87,64,150,149,159,154,0.792208,1.000000,0,32
231,75,64,162,159,176,160,0.987500,0.987500,2,2
231,94,64,110,113,126,114,0.877193,1.000000,0,14
231,61,64,205,205,205,205,1.000000,1.000000,0,0
232,49,76,249,244,260,252,0.964286,0.995902,1,9
232,76,76,165,162,167,162,0.956790,0.987261,2,7
232,32,76,301,296,306,302,0.986755,1.000000,0,4
232,95,76,123,118,153,122,0.770492,0.979167,2,28
232,28,76,312,310,320,316,0.977848,0.993569,2,7
232,93,76,118,113,175,118,0.864407,0.990291,1,16
232,59,76,217,212,234,217,0.958525,0.981132,4,9
232,86,76,127,127,131,128,0.976562,1.000000,0,3
232,30,76,263,300,315,307,0.980456,0.990132,3,6
232,35,76,294,293,300,294,0.976190,0.996528,1,7
233,13,13,356,357,356,355,1.000000,0.988858,4,0
233,54,13,233,232,235,231,0.982684,0.995614,1,4
233,69,13,198,198,205,202,0.886139,0.994444,1,23
233,73,13,173,171,176,171,0.970760,0.994012,1,5
233,31,13,276,295,305,299,0.986622,0.980066,6,4
233,99,13,234,231,218,225,0.355556,0.952381,4,145
233,12,13,359,358,353,357,1.000000,0.986188,5,0
233,72,13,196,200,199,199,0.854271,1.000000,0,29
233,24,13,322,322,335,328,0.978659,0.990741,3,7
233,51,13,244,240,259,250,0.936000,0.987342,3,16
234,48,29,175,206,267,223,0.959641,0.866397,33,9
234,69,29,199,199,206,204,0.882353,1.000000,0,24
234,29,29,308,308,308,308,1.000000,1.000000,0,0
234,54,29,232,231,241,231,0.982684,0.995614,1,4
234,60,29,208,208,208,208,1.000000,1.000000,0,0
234,49,29,251,246,261,250,0.968000,0.991803,2,8
234,32,29,302,293,271,287,0.993031,0.956376,13,2
234,36,29,287,285,297,288,0.986111,0.996491,1,4
234,31,29,299,296,310,302,0.986755,0.990033,3,4
234,13,29,350,354,359,355,1.000000,0.988858,4,0
235,42,3,269,268,271,270,0.974074,0.988722,3,7
235,18,3,343,341,338,341,0.991202,0.985423,5,3
235,94,3,114,107,151,110,0.900000,0.990000,1,11
235,27,3,310,304,323,314,0.980892,0.980892,6,6
235,3,3,387,384,387,388,1.000000,0.992327,3,0
235,36,3,288,287,297,288,0.986111,0.996491,1,4
235,55,3,225,220,241,223,0.959641,0.955357,10,9
235,5,3,380,380,374,379,1.000000,0.986979,5,0
235,50,3,255,257,262,262,0.916031,1.000000,0,22
235,72,3,197,198,199,199,0.854271,1.000000,0,29
236,45,64,248,246,274,258,0.957364,0.964844,9,11
236,77,64,164,160,173,163,0.932515,0.987013,2,11
236,10,64,345,333,374,355,0.997183,0.961957,14,1
236,41,64,264,265,283,268,0.992537,0.988848,3,2
236,64,64,196,196,196,196,1.000000,1.000000,0,0
236,73,64,171,171,184,175,0.954286,1.000000,0,8
236,97,64,149,147,142,146,0.609589,0.988889,1,57
236,93,64,118,114,133,117,0.871795,0.990291,1,15
236,29,64,308,308,308,308,1.000000,1.000000,0,0
236,35,64,291,293,287,292,0.979452,0.993056,2,6
237,91,3,129,127,149,130,0.830769,0.990826,1,22
237,21,3,332,332,341,336,0.982143,0.990991,3,6
237,37,3,266,270,289,278,0.982014,0.968085,9,5
237,99,3,220,227,181,219,0.365297,0.952381,4,139
237,17,3,331,328,353,338,0.985207,0.962428,13,5
237,22,3,332,330,339,334,0.985030,0.996970,1,5
237,3,3,388,388,389,388,1.000000,0.992327,3,0
237,28,3,306,310,320,315,0.980952,0.993569,2,6
237,44,3,261,261,265,263,0.988593,1.000000,0,3
237,89,3,132,126,164,129,0.883721,0.982759,2,15
238,71,61,176,177,202,180,0.961111,1.000000,0,7
238,83,61,147,142,171,144,0.923611,0.985185,2,11
238,63,61,214,204,227,208,0.937500,0.979899,4,13
238,21,61,332,329,341,334,0.985030,0.987988,4,5
238,66,61,194,192,214,196,0.964286,1.000000,0,7
238,61,61,205,203,205,203,1.000000,0.990244,2,0
238,45,61,256,248,274,256,0.960938,0.960938,10,10
238,5,61,380,380,378,381,1.000000,0.992188,3,0
238,13,61,356,356,356,355,1.000000,0.988858,4,0
238,4,61,386,386,389,387,1.000000,0.997423,1,0
239,98,60,121,123,130,127,0.685039,1.000000,0,40
239,50,60,246,256,262,260,0.919231,0.995833,1,21
239,30,60,305,281,316,311,0.977492,1.000000,0,7
239,60,60,208,208,208,208,1.000000,1.000000,0,0
239,48,60,241,248,264,250,0.968000,0.979757,5,8
239,0,60,383,395,333,397,1.000000,0.992500,3,0
239,21,60,327,330,340,335,0.985075,0.990991,3,5
239,78,60,178,175,180,180,0.838889,1.000000,0,29
239,7,60,377,377,379,379,0.997361,1.000000,0,1
239,99,60,218,229,231,228,0.355263,0.964286,3,147
240,31,61,297,296,306,302,0.990066,0.993355,2,3
240,76,61,161,160,184,162,0.962963,0.993631,1,6
240,62,61,206,204,218,204,0.980392,0.990099,2,4
240,45,61,252,247,275,255,0.960784,0.957031,11,10
240,55,61,222,220,241,225,0.955556,0.959821,9,10
240,61,61,205,204,205,204,1.000000,0.995122,1,0
240,1,61,392,391,397,394,1.000000,0.992443,3,0
240,38,61,279,277,289,283,0.978799,0.992832,2,6
240,70,61,176,175,184,175,0.994286,0.988636,2,1
240,85,61,136,132,159,136,0.941176,1.000000,0,8
241,33,64,287,287,307,298,0.973154,0.983051,5,8
241,84,64,144,137,158,142,0.922535,0.992424,1,11
241,20,64,335,337,340,339,0.991150,1.000000,0,3
241,55,64,224,225,241,236,0.940678,0.991071,2,14
241,59,64,217,214,233,217,0.958525,0.981132,4,9
241,1,64,393,392,397,394,1.000000,0.992443,3,0
241,93,64,121,117,149,121,0.842975,0.990291,1,19
241,64,64,196,196,196,196,1.000000,1.000000,0,0
241,80,64,144,141,144,142,1.000000,0.986111,2,0
241,36,64,288,287,297,288,0.986111,0.996491,1,4
242,89,61,130,122,143,129,0.891473,0.991379,1,14
242,43,61,260,254,270,261,0.988506,0.980989,5,3
242,37,61,278,276,289,281,0.982206,0.978723,6,5
242,84,61,141,138,158,141,0.936170,1.000000,0,9
242,61,61,205,204,205,205,1.000000,1.000000,0,0
242,62,61,204,204,217,205,0.975610,0.990099,2,5
242,48,61,248,249,264,253,0.964427,0.987854,3,9
242,64,61,196,196,196,196,1.000000,1.000000,0,0
242,73,61,175,173,182,173,0.959538,0.994012,1,7
242,2,61,394,394,394,394,1.000000,1.000000,0,0
243,5,60,380,379,383,382,1.000000,0.994792,2,0
243,67,60,191,194,210,198,0.939394,1.000000,0,12
243,83,60,147,140,169,143,0.923077,0.977778,3,11
243,60,60,208,208,208,208,1.000000,1.000000,0,0
243,1,60,393,392,392,392,1.000000,0.987406,5,0
243,3,60,388,385,381,388,1.000000,0.992327,3,0
243,51,60,248,247,259,252,0.924603,0.983122,4,19
243,98,60,123,99,130,103,0.815534,0.965517,3,19
243,59,60,217,215,233,218,0.958716,0.985849,3,9
243,50,60,245,260,261,262,0.916031,1.000000,0,22
244,5,36,380,380,382,383,1.000000,0.997396,1,0
244,36,36,288,286,288,288,0.986111,0.996491,1,4
244,49,36,250,249,260,251,0.972112,1.000000,0,7
244,54,36,232,231,235,231,0.982684,0.995614,1,4
244,57,36,229,230,238,233,0.935622,1.000000,0,15
244,18,36,342,337,346,342,0.991228,0.988338,4,3
244,72,36,196,198,203,199,0.854271,1.000000,0,29
244,17,36,332,341,336,340,0.985294,0.968208,11,5
244,16,36,335,337,330,334,0.997006,0.954155,16,1
244,24,36,327,323,335,328,0.978659,0.990741,3,7
245,62,62,200,206,206,206,0.975728,0.995050,1,5
245,7,62,371,375,360,372,1.000000,0.984127,6,0
245,79,62,153,141,161,147,0.945578,0.939189,9,8
245,72,62,196,200,201,200,0.850000,1.000000,0,30
245,15,62,349,335,354,348,0.985632,0.974432,9,5
245,63,62,207,201,227,207,0.937198,0.974874,5,13
245,30,62,307,306,300,306,0.980392,0.986842,4,6
245,71,62,177,173,204,176,0.977273,0.994220,1,4
245,89,62,130,127,150,127,0.905512,0.991379,1,12
245,42,62,272,267,279,273,0.970696,0.996241,1,8
246,91,52,133,131,160,131,0.832061,1.000000,0,22
246,10,52,347,337,350,352,0.997159,0.953804,17,1
246,16,52,339,338,347,342,0.997076,0.977077,8,1
246,52,52,234,234,233,234,0.991453,0.991453,2,2
246,5,52,382,381,378,381,1.000000,0.992188,3,0
246,57,52,231,229,238,232,0.939655,1.000000,0,14
246,62,52,206,205,203,203,0.980296,0.985149,3,4
246,7,52,376,377,379,378,1.000000,1.000000,0,0
246,40,52,281,285,286,286,0.951049,1.000000,0,14
246,42,52,274,269,272,272,0.974265,0.996241,1,7
247,82,60,141,138,177,139,0.978417,0.985507,2,3
247,44,60,257,255,269,262,0.988550,0.996154,1,3
247,40,60,283,284,286,286,0.951049,1.000000,0,14
247,86,60,128,127,137,128,0.976562,1.000000,0,3
247,60,60,208,208,208,208,1.000000,1.000000,0,0
247,68,60,189,185,207,192,0.947917,0.994536,1,10
247,47,60,247,247,269,252,0.980159,0.988000,3,5
247,51,60,244,247,259,253,0.932806,0.995781,1,17
247,41,60,266,264,277,267,0.996255,0.988848,3,1
247,49,60,176,222,132,203,0.970443,0.807377,47,6
248,81,0,150,144,163,149,0.919463,0.971631,4,12
248,39,0,286,282,287,286,0.965035,1.000000,0,10
248,69,0,201,199,205,203,0.881773,0.994444,1,24
248,59,0,219,219,234,221,0.959276,1.000000,0,9
248,0,0,399,393,352,400,1.000000,1.000000,0,0
248,43,0,263,259,275,265,0.984906,0.992395,2,4
248,97,0,146,148,142,149,0.597315,0.988889,1,60
248,64,0,196,196,196,196,1.000000,1.000000,0,0
248,2,0,394,394,394,394,1.000000,1.000000,0,0
248,90,0,116,111,144,116,0.965517,1.000000,0,4
249,79,4,153,143,170,146,0.938356,0.925676,11,9
249,11,4,360,356,370,362,0.991713,0.983562,6,3
249,69,4,188,196,207,200,0.885000,0.983333,3,23
249,91,4,131,128,166,131,0.824427,0.990826,1,23
249,95,4,127,121,165,126,0.753968,0.989583,1,31
249,36,4,287,285,297,287,0.989547,0.996491,1,3
249,53,4,233,229,237,231,0.982684,0.982684,4,4
249,4,4,387,384,383,385,1.000000,0.992268,3,0
249,55,4,235,225,237,229,0.951965,0.973214,6,11
249,32,4,296,296,306,300,0.993333,1.000000,0,2
250,90,64,116,113,143,113,0.982301,0.991071,1,2
250,52,64,233,234,248,235,0.987234,0.991453,2,3
250,64,64,196,196,196,196,1.000000,1.000000,0,0
250,15,64,349,348,357,352,0.985795,0.985795,5,5
250,62,64,204,205,214,207,0.971014,0.995050,1,6
250,45,64,266,258,275,263,0.950570,0.976562,6,13
250,11,64,358,354,370,361,0.991690,0.980822,7,3
250,95,64,122,120,129,118,0.805085,0.989583,1,23
250,9,64,372,372,372,372,1.000000,1.000000,0,0
250,14,64,353,350,353,354,0.997175,0.991573,3,1
251,28,1,312,315,320,317,0.974763,0.993569,2,8
251,48,1,253,251,260,251,0.972112,0.987854,3,7
251,1,1,393,392,391,392,1.000000,0.987406,5,0
251,45,1,255,248,255,248,0.963710,0.933594,17,9
251,19,1,334,333,349,339,1.000000,0.997059,1,0
251,62,1,207,206,221,207,0.971014,0.995050,1,6
251,49,1,201,229,269,235,0.982979,0.946721,13,4
251,51,1,214,231,258,243,0.938272,0.962025,9,15
251,3,1,389,386,387,388,1.000000,0.992327,3,0
251,96,1,152,96,134,98,0.938776,0.989247,1,6
252,74,74,164,163,164,163,1.000000,0.993902,1,0
252,85,74,132,129,156,132,0.969697,1.000000,0,4
252,61,74,205,205,205,205,1.000000,1.000000,0,0
252,37,74,277,274,289,285,0.982456,0.992908,2,5
252,79,74,157,149,164,152,0.927632,0.952703,7,11
252,43,74,262,260,265,262,0.992366,0.988593,3,2
252,95,74,118,116,130,119,0.798319,0.989583,1,24
252,42,74,271,268,280,273,0.970696,0.996241,1,8
252,32,74,300,298,305,300,0.990000,0.996644,1,3
252,66,74,196,193,213,196,0.964286,1.000000,0,7
253,36,2,287,285,296,289,0.986159,1.000000,0,4
253,18,2,343,338,353,344,0.988372,0.991254,3,4
253,53,2,233,232,249,234,0.978632,0.991342,2,5
253,2,2,394,394,394,394,1.000000,1.000000,0,0
253,11,2,357,354,370,361,0.991690,0.980822,7,3
253,28,2,316,313,320,317,0.981073,1.000000,0,6
253,14,2,355,355,350,355,0.997183,0.994382,2,1
253,58,2,218,217,234,219,0.972603,0.990698,2,6
253,90,2,116,114,143,116,0.956897,0.991071,1,5
253,83,2,144,143,171,151,0.894040,1.000000,0,16
254,11,60,357,350,367,359,0.991643,0.975342,9,3
254,24,60,330,324,335,331,0.975831,0.996914,1,8
254,60,60,208,208,208,208,1.000000,1.000000,0,0
254,2,60,394,394,394,394,1.000000,1.000000,0,0
254,91,60,131,129,136,128,0.843750,0.990826,1,20
254,78,60,175,175,180,180,0.838889,1.000000,0,29
254,4,60,384,384,377,384,1.000000,0.989691,4,0
254,87,60,142,140,158,148,0.817568,0.991803,1,27
254,28,60,314,309,318,316,0.974684,0.990354,3,8
254,32,60,300,297,306,301,0.990033,1.000000,0,3
255,83,64,140,139,171,142,0.936620,0.985185,2,9
255,32,64,271,294,305,300,0.990000,0.996644,1,3
255,45,64,248,249,275,255,0.972549,0.968750,8,7
255,64,64,196,196,196,196,1.000000,1.000000,0,0
255,69,64,198,199,206,204,0.882353,1.000000,0,24
255,28,64,308,310,320,317,0.977918,0.996785,1,7
255,94,64,116,113,126,114,0.877193,1.000000,0,14
255,72,64,199,197,199,199,0.854271,1.000000,0,29
255,63,64,207,204,227,208,0.942308,0.984925,3,12
255,74,64,164,164,164,164,1.000000,1.000000,0,0
256,56,9,231,226,239,231,0.952381,0.995475,1,11
256,12,9,355,355,358,358,1.000000,0.988950,4,0
256,21,9,327,328,341,335,0.985075,0.990991,3,5
256,83,9,143,140,170,142,0.943662,0.992593,1,8
256,25,9,320,319,326,321,0.990654,0.993750,2,3
256,14,9,353,350,359,352,0.997159,0.985955,5,1
256,58,9,217,218,231,219,0.977169,0.995349,1,5
256,9,9,372,372,372,372,1.000000,1.000000,0,0
256,6,9,378,375,378,378,0.997354,0.989501,4,1
256,75,9,161,159,177,162,0.981481,0.993750,1,3
257,39,61,280,279,287,285,0.968421,1.000000,0,9
257,61,61,205,205,205,205,1.000000,1.000000,0,0
257,73,61,174,171,182,172,0.965116,0.994012,1,6
257,13,61,338,352,341,348,1.000000,0.969359,11,0
257,11,61,359,353,367,360,0.991667,0.978082,8,3
257,81,61,152,135,165,140,0.900000,0.893617,15,14
257,53,61,231,231,246,233,0.978541,0.987013,3,5
257,46,61,254,250,254,254,0.992126,0.996047,1,2
257,21,61,325,325,341,336,0.985119,0.993994,2,5
257,64,61,196,196,196,196,1.000000,1.000000,0,0
258,50,71,246,259,262,259,0.922780,0.995833,1,20
258,87,71,147,146,185,153,0.797386,1.000000,0,31
258,71,71,171,170,177,172,0.994186,0.988439,2,1
258,56,71,228,225,240,228,0.960526,0.990950,2,9
258,46,71,254,249,263,255,0.992157,1.000000,0,2
258,22,71,333,332,334,331,0.987915,0.990909,3,4
258,20,71,338,332,341,339,0.988201,0.997024,1,4
258,28,71,303,306,320,316,0.977848,0.993569,2,7
258,65,71,193,194,219,202,0.905941,0.953125,9,19
258,94,71,115,115,140,116,0.862069,1.000000,0,16
259,14,0,354,347,352,353,1.000000,0.991573,3,0
259,36,0,288,287,297,289,0.986159,1.000000,0,4
259,24,0,326,327,335,330,0.978788,0.996914,1,7
259,97,0,147,137,142,143,0.629371,1.000000,0,53
259,15,0,345,329,356,348,0.985632,0.974432,9,5
259,22,0,331,330,336,334,0.988024,1.000000,0,4
259,41,0,267,264,276,268,0.992537,0.988848,3,2
259,0,0,377,392,329,392,1.000000,0.980000,8,0
259,16,0,342,338,350,342,0.997076,0.977077,8,1
259,62,0,201,206,219,209,0.961722,0.995050,1,8
260,90,61,116,115,138,115,0.973913,1.000000,0,3
260,71,61,176,173,202,173,0.988439,0.988439,2,2
260,16,61,342,342,351,344,0.997093,0.982808,6,1
260,47,61,217,232,257,244,0.975410,0.952000,12,6
260,51,61,241,242,259,248,0.939516,0.983122,4,15
260,19,61,334,324,345,337,0.997033,0.988235,4,1
260,61,61,205,205,205,205,1.000000,1.000000,0,0
260,83,61,142,142,170,144,0.930556,0.992593,1,10
260,1,61,393,394,397,396,1.000000,0.997481,1,0
260,18,61,344,340,339,341,0.988270,0.982507,6,4
261,12,9,356,357,362,360,1.000000,0.994475,2,0
261,98,9,122,110,130,123,0.707317,1.000000,0,36
261,66,9,195,191,208,193,0.974093,0.994709,1,5
261,9,9,372,372,372,372,1.000000,1.000000,0,0
261,25,9,320,321,324,321,0.990654,0.993750,2,3
261,64,9,196,196,196,196,1.000000,1.000000,0,0
261,57,9,231,230,238,233,0.935622,1.000000,0,15
261,29,9,308,308,308,308,1.000000,1.000000,0,0
261,42,9,273,270,278,274,0.967153,0.996241,1,9
261,82,9,138,139,177,140,0.964286,0.978261,3,5
262,49,64,241,242,260,251,0.972112,1.000000,0,7
262,48,64,129,129,129,129,0.930233,0.485830,127,9
262,98,64,121,101,130,109,0.788991,0.988506,1,23
262,45,64,235,249,274,261,0.950192,0.968750,8,13
262,40,64,284,284,286,286,0.951049,1.000000,0,14
262,99,64,220,221,232,222,0.364865,0.964286,3,141
262,6,64,378,376,380,379,0.997361,0.992126,3,1
262,85,64,131,131,159,132,0.969697,1.000000,0,4
262,1,64,391,391,389,391,1.000000,0.984887,6,0
262,64,64,196,196,196,196,1.000000,1.000000,0,0
263,68,64,194,187,207,189,0.957672,0.989071,2,8
263,47,64,251,243,255,253,0.976285,0.988000,3,6
263,46,64,255,254,260,256,0.988281,1.000000,0,3
263,39,64,285,283,287,287,0.961672,1.000000,0,11
263,53,64,233,229,248,230,0.986957,0.982684,4,3
263,24,64,321,325,333,327,0.978593,0.987654,4,7
263,17,64,337,335,353,341,0.985337,0.971098,10,5
263,64,64,196,196,196,196,1.000000,1.000000,0,0
263,56,64,228,228,238,232,0.948276,0.995475,1,12
263,82,64,141,137,177,138,0.985507,0.985507,2,2
264,95,3,118,116,147,121,0.793388,1.000000,0,25
264,41,3,268,266,285,271,0.988930,0.996283,1,3
264,24,3,329,326,334,330,0.978788,0.996914,1,7
264,21,3,325,328,341,335,0.982090,0.987988,4,6
264,3,3,389,388,390,389,1.000000,0.994885,2,0
264,71,3,174,170,199,173,0.982659,0.982659,3,3
264,48,3,129,128,129,128,0.937500,0.485830,127,8
264,81,3,143,141,172,146,0.904110,0.936170,9,14
264,23,3,329,326,331,330,0.990909,1.000000,0,3
264,22,3,334,332,339,335,0.985075,1.000000,0,5
265,63,52,208,206,227,207,0.951691,0.989950,2,10
265,73,52,173,171,180,172,0.965116,0.994012,1,6
265,31,52,301,298,311,305,0.986885,1.000000,0,4
265,42,52,272,271,271,271,0.970480,0.988722,3,8
265,52,52,235,234,237,235,0.987234,0.991453,2,3
265,33,52,298,290,307,301,0.973422,0.993220,2,8
265,12,52,357,355,356,360,1.000000,0.994475,2,0
265,66,52,197,191,214,193,0.968912,0.989418,2,6
265,56,52,231,227,240,229,0.960699,0.995475,1,9
265,62,52,205,207,209,208,0.966346,0.995050,1,7
266,42,90,272,271,266,267,0.973783,0.977444,6,7
266,19,90,328,328,335,333,1.000000,0.979412,7,0
266,38,90,277,284,289,284,0.982394,1.000000,0,5
266,65,90,195,202,218,210,0.909524,0.994792,1,19
266,96,90,99,109,172,122,0.762295,1.000000,0,29
266,20,90,339,337,341,339,0.991150,1.000000,0,3
266,90,90,117,114,117,114,0.982456,1.000000,0,2
266,35,90,293,292,295,293,0.979522,0.996528,1,6
266,8,90,373,371,373,372,1.000000,0.992000,3,0
266,15,90,342,343,357,351,0.985755,0.982955,6,5
267,18,3,343,339,337,341,0.991202,0.985423,5,3
267,56,3,227,227,238,230,0.952174,0.990950,2,11
267,79,3,150,150,178,156,0.916667,0.966216,5,13
267,45,3,253,249,275,258,0.976744,0.984375,4,6
267,39,3,287,278,279,283,0.968198,0.992754,2,9
267,13,3,356,355,354,354,1.000000,0.986072,5,0
267,33,3,268,277,302,288,0.979167,0.955932,13,6
267,78,3,179,180,182,182,0.829670,1.000000,0,31
267,50,3,252,253,263,262,0.916031,1.000000,0,22
267,3,3,389,388,389,388,1.000000,0.992327,3,0
268,82,29,140,139,177,140,0.964286,0.978261,3,5
268,77,29,158,161,173,164,0.932927,0.993506,1,11
268,46,29,253,252,258,255,0.992157,1.000000,0,2
268,17,29,335,331,353,343,0.985423,0.976879,8,5
268,29,29,308,308,308,308,1.000000,1.000000,0,0
268,19,29,336,328,346,338,1.000000,0.994118,2,0
268,78,29,174,178,180,180,0.838889,1.000000,0,29
268,66,29,191,189,215,192,0.968750,0.984127,3,6
268,28,29,310,309,320,314,0.980892,0.990354,3,6
268,39,29,285,281,287,286,0.965035,1.000000,0,10
269,43,29,261,256,273,263,0.992395,0.992395,2,2
269,97,29,146,142,141,147,0.612245,1.000000,0,57
269,29,29,308,308,308,308,1.000000,1.000000,0,0
269,37,29,281,278,289,281,0.982206,0.978723,6,5
269,91,29,126,129,138,130,0.838462,1.000000,0,21
269,61,29,205,205,205,205,1.000000,1.000000,0,0
269,21,29,328,323,341,334,0.985030,0.987988,4,5
269,77,29,163,162,173,164,0.932927,0.993506,1,11
269,81,29,147,142,165,146,0.924658,0.957447,6,11
269,13,29,355,356,363,359,0.997214,0.997214,1,1
270,8,80,371,370,376,373,1.000000,0.994667,2,0
270,80,80,144,142,144,143,1.000000,0.993056,1,0
270,84,80,141,138,158,141,0.929078,0.992424,1,10
270,87,80,136,141,158,153,0.797386,1.000000,0,31
270,13,80,357,356,346,356,1.000000,0.991643,3,0
270,27,80,313,312,322,318,0.977987,0.990446,3,7
270,74,80,164,164,164,164,1.000000,1.000000,0,0
270,11,80,356,354,369,362,0.991713,0.983562,6,3
270,26,80,314,313,324,318,0.990566,0.993691,2,3
270,33,80,289,290,305,297,0.973064,0.979661,6,8
271,46,9,253,252,258,252,1.000000,0.996047,1,0
271,53,9,232,231,249,233,0.982833,0.991342,2,4
271,43,9,263,258,275,266,0.988722,1.000000,0,3
271,34,9,295,283,304,295,0.966102,0.976027,7,10
271,15,9,302,310,356,328,0.987805,0.920455,28,4
271,98,9,114,97,130,100,0.820000,0.942529,5,18
271,9,9,372,372,372,372,1.000000,1.000000,0,0
271,77,9,164,155,172,159,0.943396,0.974026,4,9
271,2,9,394,394,394,394,1.000000,1.000000,0,0
271,28,9,309,313,320,315,0.980952,0.993569,2,6
272,8,52,371,371,373,373,1.000000,0.994667,2,0
272,96,52,119,99,154,104,0.875000,0.978495,2,13
272,47,52,240,249,267,253,0.976285,0.988000,3,6
272,52,52,235,234,235,235,0.991489,0.995726,1,2
272,24,52,325,325,335,329,0.978723,0.993827,2,7
272,16,52,343,343,342,344,0.997093,0.982808,6,1
272,39,52,280,278,285,283,0.968198,0.992754,2,9
272,81,52,149,140,169,148,0.912162,0.957447,6,13
272,63,52,209,203,227,208,0.947115,0.989950,2,11
272,22,52,335,329,338,335,0.985075,1.000000,0,5
273,0,0,367,392,399,398,1.000000,0.995000,2,0
273,10,0,349,340,373,360,0.997222,0.975543,9,1
273,2,0,394,394,394,394,1.000000,1.000000,0,0
273,77,0,156,157,173,165,0.933333,1.000000,0,11
273,38,0,284,283,291,284,0.982394,1.000000,0,5
273,79,0,157,149,166,158,0.917722,0.979730,3,13
273,80,0,144,142,144,142,1.000000,0.986111,2,0
273,41,0,270,270,275,270,0.992593,0.996283,1,2
273,39,0,280,284,287,286,0.965035,1.000000,0,10
273,61,0,205,204,205,205,1.000000,1.000000,0,0
274,31,88,300,297,310,304,0.990132,1.000000,0,3
274,66,88,194,193,215,195,0.964103,0.994709,1,7
274,82,88,142,141,178,143,0.944056,0.978261,3,8
274,98,88,107,97,129,101,0.801980,0.931034,6,20
274,49,88,244,248,260,251,0.972112,1.000000,0,7
274,58,88,219,218,234,221,0.968326,0.995349,1,7
274,88,88,119,119,119,119,1.000000,1.000000,0,0
274,15,88,338,335,357,346,0.985549,0.968750,11,5
274,20,88,332,330,341,338,0.991124,0.997024,1,3
274,84,88,137,136,158,141,0.921986,0.984848,2,11
275,65,80,209,204,218,208,0.918269,0.994792,1,17
275,71,80,179,177,202,178,0.971910,1.000000,0,5
275,87,80,139,149,159,153,0.797386,1.000000,0,31
275,80,80,144,142,144,143,1.000000,0.993056,1,0
275,29,80,308,308,308,308,1.000000,1.000000,0,0
275,73,80,170,171,175,171,0.970760,0.994012,1,5
275,1,80,392,392,397,393,1.000000,0.989924,4,0
275,57,80,225,220,238,228,0.942982,0.986239,3,13
275,20,80,337,335,341,339,0.991150,1.000000,0,3
275,35,80,291,293,296,292,0.982877,0.996528,1,5
276,29,29,308,308,308,308,1.000000,1.000000,0,0
276,21,29,323,328,341,336,0.985119,0.993994,2,5
276,38,29,279,282,291,287,0.972125,1.000000,0,8
276,31,29,302,299,311,303,0.986799,0.993355,2,4
276,7,29,378,377,379,379,0.997361,1.000000,0,1
276,75,29,163,157,177,160,0.981250,0.981250,3,3
276,36,29,288,286,296,288,0.989583,1.000000,0,3
276,17,29,340,335,353,341,0.985337,0.971098,10,5
276,15,29,343,340,356,350,0.985714,0.980114,7,5
276,47,29,247,248,253,253,0.972332,0.984000,4,7
277,36,29,288,287,297,288,0.989583,1.000000,0,3
277,29,29,308,308,308,308,1.000000,1.000000,0,0
277,84,29,142,140,158,141,0.921986,0.984848,2,11
277,72,29,195,195,199,199,0.854271,1.000000,0,29
277,95,29,118,115,129,118,0.813559,1.000000,0,22
277,99,29,223,226,199,220,0.363636,0.952381,4,140
277,28,29,310,310,320,316,0.977848,0.993569,2,7
277,86,29,128,128,143,128,0.968750,0.992000,1,4
277,39,29,285,283,287,286,0.965035,1.000000,0,10
277,38,29,284,282,291,284,0.982394,1.000000,0,5
278,0,0,399,399,382,400,1.000000,1.000000,0,0
278,2,0,394,394,394,394,1.000000,1.000000,0,0
278,21,0,330,330,341,335,0.985075,0.990991,3,5
278,26,0,313,317,329,319,0.987461,0.993691,2,4
278,95,0,116,114,129,117,0.803419,0.979167,2,23
278,91,0,128,127,136,129,0.844961,1.000000,0,20
278,62,0,207,207,218,210,0.961905,1.000000,0,8
278,29,0,308,308,308,308,1.000000,1.000000,0,0
278,25,0,318,319,323,321,0.987539,0.990625,3,4
278,17,0,337,335,353,343,0.985423,0.976879,8,5
279,59,29,221,215,234,216,0.962963,0.981132,4,8
279,47,29,250,248,259,254,0.976378,0.992000,2,6
279,6,29,379,379,375,381,0.997375,0.997375,1,1
279,30,29,297,295,316,308,0.980519,0.993421,2,6
279,29,29,308,308,308,308,1.000000,1.000000,0,0
279,44,29,260,259,269,262,0.992366,1.000000,0,2
279,72,29,190,197,199,199,0.854271,1.000000,0,29
279,43,29,266,257,275,267,0.985019,1.000000,0,4
279,75,29,161,159,177,160,0.981250,0.981250,3,3
279,46,29,253,253,258,254,0.992126,0.996047,1,2
280,66,9,197,194,212,196,0.964286,1.000000,0,7
280,43,9,266,258,275,266,0.988722,1.000000,0,3
280,17,9,339,340,353,345,0.985507,0.982659,6,5
280,21,9,332,332,341,335,0.988060,0.993994,2,4
280,36,9,287,286,293,287,0.989547,0.996491,1,3
280,49,9,245,246,260,252,0.968254,1.000000,0,8
280,47,9,251,249,266,257,0.964981,0.992000,2,9
280,99,9,233,228,198,236,0.355932,1.000000,0,152
280,59,9,217,214,234,215,0.967442,0.981132,4,7
280,9,9,372,372,372,372,1.000000,1.000000,0,0
281,56,8,230,229,239,230,0.956522,0.995475,1,10
281,30,8,300,300,316,309,0.977346,0.993421,2,7
281,81,8,150,145,177,153,0.895425,0.971631,4,16
281,8,8,374,372,372,373,1.000000,0.994667,2,0
281,31,8,301,293,310,305,0.980328,0.993355,2,6
281,27,8,294,304,323,316,0.984177,0.990446,3,5
281,55,8,231,225,239,227,0.947137,0.959821,9,12
281,73,8,172,172,187,173,0.965318,1.000000,0,6
281,45,8,253,245,275,252,0.976190,0.960938,10,6
281,90,8,114,113,142,113,0.982301,0.991071,1,2
282,51,64,248,247,259,251,0.936255,0.991561,2,16
282,84,64,137,137,158,139,0.942446,0.992424,1,8
282,42,64,272,270,280,274,0.970803,1.000000,0,8
282,83,64,144,141,170,143,0.930070,0.985185,2,10
282,38,64,283,284,290,284,0.982394,1.000000,0,5
282,26,64,315,315,326,319,0.990596,0.996845,1,3
282,48,64,129,128,129,128,0.937500,0.485830,127,8
282,97,64,141,140,142,144,0.625000,1.000000,0,54
282,64,64,196,196,196,196,1.000000,1.000000,0,0
282,45,64,214,249,274,256,0.949219,0.949219,13,13
283,73,52,173,172,181,173,0.965318,1.000000,0,6
283,52,52,235,234,237,235,0.991489,0.995726,1,2
283,58,52,220,219,231,221,0.968326,0.995349,1,7
283,56,52,229,227,240,228,0.964912,0.995475,1,8
283,3,52,388,386,380,386,1.000000,0.987212,5,0
283,84,52,138,136,175,138,0.942029,0.984848,2,8
283,62,52,209,207,209,207,0.971014,0.995050,1,6
283,67,52,196,196,216,197,0.944162,1.000000,0,11
283,1,52,394,392,397,394,1.000000,0.992443,3,0
283,14,52,314,352,360,358,0.994413,1.000000,0,2
284,81,60,164,146,164,148,0.918919,0.964539,5,12
284,78,60,178,178,180,180,0.838889,1.000000,0,29
284,43,60,266,259,275,267,0.985019,1.000000,0,4
284,8,60,373,373,376,373,1.000000,0.994667,2,0
284,60,60,208,208,208,208,1.000000,1.000000,0,0
284,21,60,331,332,341,335,0.988060,0.993994,2,4
284,91,60,130,129,136,130,0.838462,1.000000,0,21
284,53,60,233,233,246,233,0.982833,0.991342,2,4
284,86,60,128,128,140,128,0.968750,0.992000,1,4
284,72,60,197,198,199,199,0.854271,1.000000,0,29
285,60,60,208,208,208,208,1.000000,1.000000,0,0
285,5,60,381,381,386,382,1.000000,0.994792,2,0
285,57,60,227,225,238,231,0.939394,0.995413,1,14
285,78,60,178,178,180,180,0.838889,1.000000,0,29
285,42,60,273,271,278,274,0.970803,1.000000,0,8
285,46,60,254,252,263,254,0.992126,0.996047,1,2
285,4,60,384,383,387,384,1.000000,0.989691,4,0
285,24,60,325,322,334,327,0.981651,0.990741,3,6
285,27,60,315,312,321,317,0.984227,0.993631,2,5
285,51,60,154,216,135,172,0.936047,0.679325,76,11
286,45,2,253,253,275,261,0.954023,0.972656,7,12
286,98,2,92,96,119,91,0.769231,0.804598,17,21
286,20,2,336,338,341,340,0.988235,1.000000,0,4
286,96,2,101,86,76,82,0.719512,0.634409,34,23
286,68,2,189,186,197,189,0.957672,0.989071,2,8
286,79,2,147,149,169,152,0.940789,0.966216,5,9
286,1,2,392,392,397,394,1.000000,0.992443,3,0
286,67,2,195,195,210,198,0.939394,1.000000,0,12
286,2,2,394,394,394,394,1.000000,1.000000,0,0
286,99,2,237,235,213,237,0.354430,1.000000,0,153
287,98,80,97,101,135,106,0.773585,0.942529,5,24
287,7,80,379,372,379,379,0.997361,1.000000,0,1
287,17,80,343,337,353,345,0.985507,0.982659,6,5
287,8,80,373,373,376,373,1.000000,0.994667,2,0
287,84,80,139,139,158,142,0.929577,1.000000,0,10
287,52,80,235,234,247,234,0.995726,0.995726,1,1
287,80,80,144,143,144,143,1.000000,0.993056,1,0
287,88,80,119,119,119,119,1.000000,1.000000,0,0
287,66,80,196,193,214,195,0.964103,0.994709,1,7
287,6,80,379,378,375,378,1.000000,0.992126,3,0
288,92,74,110,108,139,108,0.953704,0.971698,3,5
288,26,74,320,313,329,320,0.987500,0.996845,1,4
288,41,74,269,268,273,269,0.992565,0.992565,2,2
288,6,74,379,379,380,378,0.997354,0.989501,4,1
288,57,74,229,224,237,229,0.943231,0.990826,2,13
288,3,74,389,388,387,389,1.000000,0.994885,2,0
288,36,74,287,286,296,287,0.989547,0.996491,1,3
288,74,74,164,164,164,164,1.000000,1.000000,0,0
288,71,74,179,174,177,174,0.988506,0.994220,1,2
288,32,74,300,299,305,301,0.990033,1.000000,0,3
289,10,9,350,338,374,364,0.997253,0.986413,5,1
289,9,9,372,372,372,372,1.000000,1.000000,0,0
289,77,9,166,165,173,166,0.927711,1.000000,0,12
289,50,9,255,257,262,261,0.915709,0.995833,1,22
289,65,9,200,201,218,205,0.926829,0.989583,2,15
289,5,9,381,380,384,382,1.000000,0.994792,2,0
289,46,9,237,248,258,253,0.996047,0.996047,1,1
289,88,9,119,119,119,119,1.000000,1.000000,0,0
289,39,9,287,282,287,286,0.965035,1.000000,0,10
289,30,9,312,306,316,312,0.974359,1.000000,0,8
290,75,25,160,157,161,158,0.993671,0.981250,3,1
290,95,25,115,110,147,117,0.786325,0.958333,4,25
290,16,25,341,342,334,340,0.997059,0.971347,10,1
290,76,25,162,162,181,161,0.968944,0.993631,1,5
290,37,25,280,278,289,285,0.982456,0.992908,2,5
290,33,25,295,290,307,297,0.976431,0.983051,5,7
290,28,25,306,307,320,311,0.983923,0.983923,5,5
290,66,25,195,193,214,195,0.964103,0.994709,1,7
290,81,25,148,147,182,156,0.884615,0.978723,3,18
290,25,25,322,319,316,321,0.990654,0.993750,2,3
291,58,74,220,221,236,226,0.951327,1.000000,0,11
291,20,74,337,332,341,340,0.988235,1.000000,0,4
291,15,74,351,302,354,354,0.985876,0.991477,3,5
291,89,74,127,123,144,128,0.898438,0.991379,1,13
291,52,74,234,234,243,234,0.995726,0.995726,1,1
291,4,74,385,384,389,385,1.000000,0.992268,3,0
291,98,74,109,98,130,105,0.800000,0.965517,3,21
291,74,74,164,164,164,164,1.000000,1.000000,0,0
291,56,74,228,229,238,233,0.944206,0.995475,1,13
291,62,74,208,207,214,208,0.971154,1.000000,0,6
292,5,2,382,381,384,383,1.000000,0.997396,1,0
292,2,2,394,394,394,394,1.000000,1.000000,0,0
292,86,2,127,128,142,128,0.968750,0.992000,1,4
292,75,2,158,157,175,160,0.987500,0.987500,2,2
292,71,2,175,171,201,175,0.982857,0.994220,1,3
292,94,2,117,110,126,112,0.883929,0.990000,1,13
292,37,2,285,274,288,286,0.982517,0.996454,1,5
292,56,2,234,231,238,231,0.952381,0.995475,1,11
292,82,2,144,142,176,144,0.951389,0.992754,1,7
292,50,2,260,260,262,261,0.915709,0.995833,1,22
293,87,88,145,140,159,153,0.797386,1.000000,0,31
293,14,88,357,354,357,356,0.994382,0.994382,2,2
293,47,88,254,252,267,256,0.968750,0.992000,2,8
293,52,88,234,234,249,234,0.991453,0.991453,2,2
293,85,88,132,132,158,134,0.955224,1.000000,0,6
293,92,88,110,107,139,109,0.954128,0.981132,2,5
293,18,88,341,340,338,340,0.991176,0.982507,6,3
293,88,88,119,119,119,119,1.000000,1.000000,0,0
293,32,88,300,301,306,302,0.986755,1.000000,0,4
293,65,88,198,197,217,207,0.917874,0.989583,2,17
294,46,0,219,249,264,254,0.984252,0.988142,3,4
294,20,0,339,338,341,340,0.988235,1.000000,0,4
294,23,0,327,327,332,329,0.993921,1.000000,0,2
294,0,0,398,398,374,400,1.000000,1.000000,0,0
294,16,0,335,337,346,342,0.997076,0.977077,8,1
294,89,0,128,123,142,128,0.898438,0.991379,1,13
294,26,0,318,317,328,319,0.990596,0.996845,1,3
294,93,0,122,119,151,124,0.830645,1.000000,0,21
294,40,0,283,283,286,286,0.951049,1.000000,0,14
294,85,0,133,132,159,134,0.947761,0.992188,1,7
295,75,60,160,158,175,160,0.987500,0.987500,2,2
295,19,60,337,333,349,338,1.000000,0.994118,2,0
295,73,60,172,173,186,173,0.965318,1.000000,0,6
295,85,60,133,132,159,133,0.954887,0.992188,1,6
295,58,60,222,220,234,224,0.959821,1.000000,0,9
295,59,60,221,215,234,218,0.963303,0.990566,2,8
295,33,60,292,290,300,296,0.979730,0.983051,5,6
295,60,60,208,208,208,208,1.000000,1.000000,0,0
295,25,60,322,318,326,324,0.987654,1.000000,0,4
295,97,60,144,147,142,148,0.608108,1.000000,0,58
296,71,46,178,174,200,176,0.982955,1.000000,0,3
296,86,46,128,126,166,129,0.961240,0.992000,1,5
296,15,46,288,332,357,351,0.985755,0.982955,6,5
296,99,46,236,235,245,242,0.342975,0.988095,1,159
296,46,46,244,253,254,254,0.996063,1.000000,0,1
296,66,46,196,195,214,198,0.954545,1.000000,0,9
296,38,46,284,283,291,285,0.978947,1.000000,0,6
296,49,46,245,247,260,249,0.975904,0.995902,1,6
296,62,46,207,205,217,206,0.970874,0.990099,2,6
296,17,46,342,339,353,347,0.985591,0.988439,4,5
297,4,4,383,384,386,384,1.000000,0.989691,4,0
297,18,4,342,342,351,344,0.988372,0.991254,3,4
297,66,4,195,195,215,197,0.959391,1.000000,0,8
297,45,4,255,250,275,258,0.972868,0.980469,5,7
297,17,4,336,340,353,346,0.985549,0.985549,5,5
297,22,4,334,332,336,334,0.985030,0.996970,1,5
297,77,4,164,164,173,166,0.927711,1.000000,0,12
297,53,4,233,231,239,232,0.987069,0.991342,2,3
297,51,4,201,231,215,243,0.938272,0.962025,9,15
297,10,4,356,347,360,358,0.997207,0.970109,11,1
298,70,3,175,172,172,171,1.000000,0.971591,5,0
298,28,3,309,313,320,317,0.977918,0.996785,1,7
298,3,3,389,387,390,390,1.000000,0.997442,1,0
298,27,3,310,313,323,319,0.981191,0.996815,1,6
298,67,3,192,193,212,194,0.953608,0.994624,1,9
298,11,3,360,358,370,363,0.991736,0.986301,5,3
298,94,3,113,111,160,113,0.876106,0.990000,1,14
298,93,3,130,123,151,130,0.792308,1.000000,0,27
298,32,3,303,298,307,301,0.990033,1.000000,0,3
298,30,3,302,299,316,306,0.977124,0.983553,5,7
299,46,74,254,253,261,255,0.992157,1.000000,0,2
299,18,74,342,341,339,342,0.988304,0.985423,5,4
299,69,74,161,195,206,203,0.886700,1.000000,0,23
299,33,74,295,289,301,292,0.982877,0.972881,8,5
299,21,74,332,334,339,336,0.985119,0.993994,2,5
299,97,74,149,134,141,141,0.631206,0.988889,1,52
299,89,74,128,123,141,127,0.897638,0.982759,2,13
299,78,74,179,178,180,179,0.843575,1.000000,0,28
299,74,74,164,164,164,164,1.000000,1.000000,0,0
299,2,74,394,394,394,394,1.000000,1.000000,0,0
300,53,29,233,230,249,233,0.982833,0.991342,2,4
300,75,29,161,160,177,161,0.981366,0.987500,2,3
300,57,29,225,223,238,227,0.938326,0.977064,5,14
300,49,29,252,247,260,251,0.964143,0.991803,2,9
300,79,29,110,132,88,113,0.929204,0.709459,43,8
300,29,29,308,308,308,308,1.000000,1.000000,0,0
300,35,29,292,292,301,293,0.979522,0.996528,1,6
300,12,29,354,360,360,360,1.000000,0.994475,2,0
300,85,29,137,131,160,136,0.941176,1.000000,0,8
300,74,29,164,164,164,164,1.000000,1.000000,0,0
301,21,2,324,333,341,336,0.985119,0.993994,2,5
301,23,2,330,328,333,329,0.993921,1.000000,0,2
301,18,2,342,339,353,345,0.988406,0.994169,2,4
301,3,2,390,390,391,390,1.000000,0.997442,1,0
301,2,2,394,394,394,394,1.000000,1.000000,0,0
301,10,2,360,353,374,362,0.997238,0.980978,7,1
301,59,2,219,214,231,214,0.971963,0.981132,4,6
301,63,2,210,205,227,208,0.942308,0.984925,3,12
301,42,2,273,273,275,272,0.974265,0.996241,1,7
301,22,2,330,333,339,336,0.982143,1.000000,0,6
302,91,64,127,127,136,127,0.858268,1.000000,0,18
302,81,64,149,144,165,143,0.930070,0.943262,8,10
302,47,64,254,248,265,251,0.984064,0.988000,3,4
302,64,64,196,196,196,196,1.000000,1.000000,0,0
302,2,64,394,394,394,394,1.000000,1.000000,0,0
302,12,64,360,357,364,360,1.000000,0.994475,2,0
302,87,64,151,151,159,156,0.782051,1.000000,0,34
302,58,64,220,219,231,221,0.968326,0.995349,1,7
302,7,64,376,374,378,379,0.997361,1.000000,0,1
302,68,64,187,183,207,188,0.962766,0.989071,2,7
303,34,3,291,281,304,295,0.969492,0.979452,6,9
303,27,3,318,312,323,320,0.978125,0.996815,1,7
303,82,3,146,141,156,139,0.971223,0.978261,3,4
303,98,3,103,99,153,105,0.800000,0.965517,3,21
303,66,3,197,194,212,196,0.964286,1.000000,0,7
303,53,3,232,230,250,231,0.987013,0.987013,3,3
303,35,3,292,291,285,291,0.982818,0.993056,2,5
303,94,3,115,113,150,115,0.860870,0.990000,1,16
303,3,3,390,388,389,389,1.000000,0.994885,2,0
303,6,3,378,377,374,377,0.997347,0.986877,5,1
304,87,74,156,153,159,156,0.782051,1.000000,0,34
304,58,74,220,220,231,222,0.963964,0.995349,1,8
304,56,74,230,228,238,230,0.956522,0.995475,1,10
304,11,74,355,352,369,362,0.991713,0.983562,6,3
304,19,74,336,331,345,335,1.000000,0.985294,5,0
304,74,74,164,164,164,164,1.000000,1.000000,0,0
304,81,74,149,147,165,150,0.913333,0.971631,4,13
304,73,74,173,173,181,174,0.959770,1.000000,0,7
304,1,74,394,395,387,392,1.000000,0.987406,5,0
304,4,74,383,384,389,385,1.000000,0.992268,3,0
305,34,47,294,284,304,293,0.969283,0.972603,8,9
305,47,47,251,250,249,249,0.987952,0.984000,4,3
305,16,47,338,340,354,344,0.997093,0.982808,6,1
305,82,47,143,138,186,139,0.971223,0.978261,3,4
305,99,47,236,232,244,243,0.341564,0.988095,1,160
305,73,47,174,172,183,173,0.965318,1.000000,0,6
305,67,47,194,193,210,197,0.944162,1.000000,0,11
305,76,47,161,160,186,162,0.962963,0.993631,1,6
305,70,47,172,172,178,172,1.000000,0.977273,4,0
305,13,47,355,356,360,356,1.000000,0.991643,3,0
306,94,29,113,112,126,114,0.868421,0.990000,1,15
306,43,29,266,263,274,267,0.985019,1.000000,0,4
306,28,29,315,316,320,317,0.977918,0.996785,1,7
306,29,29,308,308,308,308,1.000000,1.000000,0,0
306,67,29,196,194,210,196,0.943878,0.994624,1,11
306,39,29,285,283,287,286,0.965035,1.000000,0,10
306,62,29,208,207,221,209,0.966507,1.000000,0,7
306,86,29,128,128,143,127,0.976378,0.992000,1,3
306,84,29,141,138,158,142,0.922535,0.992424,1,11
306,46,29,253,252,256,254,0.984252,0.988142,3,4
307,71,46,177,171,195,172,0.988372,0.982659,3,2
307,86,46,127,127,168,129,0.961240,0.992000,1,5
307,24,46,327,326,335,328,0.981707,0.993827,2,6
307,38,46,284,283,291,286,0.975524,1.000000,0,7
307,94,46,116,114,155,116,0.862069,1.000000,0,16
307,10,46,357,350,372,361,0.997230,0.978261,8,1
307,11,46,361,356,370,364,0.991758,0.989041,4,3
307,90,46,114,114,153,115,0.973913,1.000000,0,3
307,23,46,329,327,331,329,0.993921,1.000000,0,2
307,46,46,198,246,254,251,1.000000,0.992095,2,0
308,34,9,289,286,304,294,0.969388,0.976027,7,9
308,9,9,372,372,372,372,1.000000,1.000000,0,0
308,40,9,282,284,286,286,0.951049,1.000000,0,14
308,0,9,364,389,361,392,1.000000,0.980000,8,0
308,11,9,340,355,370,363,0.991736,0.986301,5,3
308,75,9,160,160,174,165,0.969697,1.000000,0,5
308,80,9,144,143,144,143,1.000000,0.993056,1,0
308,79,9,126,133,166,144,0.930556,0.905405,14,10
308,3,9,389,389,391,389,1.000000,0.994885,2,0
308,26,9,319,316,326,319,0.990596,0.996845,1,3
309,71,71,176,175,178,175,0.988571,1.000000,0,2
309,36,71,287,287,285,287,0.989547,0.996491,1,3
309,90,71,114,114,172,114,0.982456,1.000000,0,2
309,24,71,326,325,332,327,0.981651,0.990741,3,6
309,49,71,241,247,260,252,0.968254,1.000000,0,8
309,91,71,126,124,183,127,0.850394,0.990826,1,19
309,92,71,110,105,141,110,0.954545,0.990566,1,5
309,17,71,341,339,353,347,0.985591,0.988439,4,5
309,31,71,301,302,299,303,0.986799,0.993355,2,4
309,58,71,216,216,233,220,0.977273,1.000000,0,5
310,20,14,339,337,341,340,0.988235,1.000000,0,4
310,38,14,286,280,291,285,0.978947,1.000000,0,6
310,63,14,205,206,225,207,0.961353,1.000000,0,8
310,33,14,294,292,294,294,0.986395,0.983051,5,4
310,14,14,356,349,350,353,0.997167,0.988764,4,1
310,8,14,372,371,372,373,1.000000,0.994667,2,0
310,86,14,127,127,178,128,0.968750,0.992000,1,4
310,41,14,267,265,278,269,0.992565,0.992565,2,2
310,37,14,265,271,288,279,0.989247,0.978723,6,3
310,56,14,228,227,231,229,0.960699,0.995475,1,9
311,4,9,386,385,385,384,1.000000,0.989691,4,0
311,9,9,372,372,372,372,1.000000,1.000000,0,0
311,7,9,376,377,378,378,0.997354,0.997354,1,1
311,56,9,228,228,240,233,0.948498,1.000000,0,12
311,72,9,198,199,199,199,0.854271,1.000000,0,29
311,77,9,159,159,170,161,0.956522,1.000000,0,7
311,5,9,383,380,381,383,1.000000,0.997396,1,0
311,36,9,288,287,295,288,0.989583,1.000000,0,3
311,41,9,264,265,281,268,0.992537,0.988848,3,2
311,71,9,174,173,196,175,0.982857,0.994220,1,3
312,65,88,203,199,218,203,0.935961,0.989583,2,13
312,88,88,119,119,119,119,1.000000,1.000000,0,0
312,68,88,190,186,206,187,0.973262,0.994536,1,5
312,74,88,164,163,164,163,1.000000,0.993902,1,0
312,17,88,346,344,352,348,0.985632,0.991329,3,5
312,51,88,245,251,259,254,0.925197,0.991561,2,19
312,93,88,124,118,150,122,0.836066,0.990291,1,20
312,76,88,163,161,186,164,0.951220,0.993631,1,8
312,71,88,179,176,201,177,0.977401,1.000000,0,4
312,4,88,385,385,385,385,1.000000,0.992268,3,0
313,65,64,187,196,218,204,0.926471,0.984375,3,15
313,99,64,236,225,242,237,0.345992,0.976190,2,155
313,62,64,204,204,214,206,0.970874,0.990099,2,6
313,5,64,381,382,383,382,1.000000,0.994792,2,0
313,64,64,196,196,196,196,1.000000,1.000000,0,0
313,3,64,389,389,390,389,1.000000,0.994885,2,0
313,85,64,135,133,160,136,0.941176,1.000000,0,8
313,60,64,208,208,208,208,1.000000,1.000000,0,0
313,35,64,292,293,285,290,0.982759,0.989583,3,5
313,76,64,164,162,184,163,0.957055,0.993631,1,7
314,67,46,193,193,210,197,0.939086,0.994624,1,12
314,32,46,278,299,285,296,0.993243,0.986577,4,2
314,75,46,162,160,174,163,0.975460,0.993750,1,4
314,57,46,225,218,235,224,0.950893,0.977064,5,11
314,87,46,152,145,157,147,0.823129,0.991803,1,26
314,30,46,303,288,315,311,0.974277,0.996711,1,8
314,46,46,172,239,251,247,0.995951,0.972332,7,1
314,18,46,343,341,339,341,0.991202,0.985423,5,3
314,37,46,275,273,289,283,0.982332,0.985816,4,5
314,16,46,344,342,353,347,0.997118,0.991404,3,1
315,7,2,379,376,379,379,0.997361,1.000000,0,1
315,42,2,270,269,279,272,0.974265,0.996241,1,7
315,23,2,329,328,333,330,0.990909,1.000000,0,3
315,2,2,394,394,394,394,1.000000,1.000000,0,0
315,51,2,230,241,259,247,0.931174,0.970464,7,17
315,26,2,311,309,324,316,0.993671,0.990536,3,2
315,47,2,249,247,263,249,0.987952,0.984000,4,3
315,48,2,129,128,129,129,0.930233,0.485830,127,9
315,21,2,329,330,341,336,0.988095,0.996997,1,4
315,38,2,285,284,290,286,0.975524,1.000000,0,7
316,80,80,144,142,144,142,1.000000,0.986111,2,0
316,14,80,354,348,352,354,1.000000,0.994382,2,0
316,43,80,263,260,271,265,0.988679,0.996198,1,3
316,47,80,250,250,265,253,0.984190,0.996000,1,4
316,17,80,347,339,353,346,0.985549,0.985549,5,5
316,23,80,330,327,331,329,0.993921,1.000000,0,2
316,65,80,203,201,218,203,0.921182,0.973958,5,16
316,98,80,108,105,131,109,0.788991,0.988506,1,23
316,86,80,128,126,142,128,0.968750,0.992000,1,4
316,1,80,390,392,384,391,1.000000,0.984887,6,0
317,92,64,108,108,140,110,0.954545,0.990566,1,5
317,53,64,233,234,249,234,0.978632,0.991342,2,5
317,46,64,254,252,257,254,0.996063,1.000000,0,1
317,15,64,352,343,357,353,0.985836,0.988636,4,5
317,67,64,196,195,210,197,0.944162,1.000000,0,11
317,64,64,196,196,196,196,1.000000,1.000000,0,0
317,6,64,378,379,383,381,0.997375,0.997375,1,1
317,79,64,159,158,166,158,0.930380,0.993243,1,11
317,27,64,321,306,323,321,0.978193,1.000000,0,7
317,19,64,336,329,347,337,0.997033,0.988235,4,1
318,48,29,129,129,129,129,0.930233,0.485830,127,9
318,41,29,267,267,281,270,0.992593,0.996283,1,2
318,67,29,196,195,210,200,0.930000,1.000000,0,14
318,57,29,225,225,238,230,0.943478,0.995413,1,13
318,19,29,339,331,349,339,0.997050,0.994118,2,1
318,4,29,386,386,384,385,1.000000,0.992268,3,0
318,83,29,145,138,171,145,0.924138,0.992593,1,11
318,51,29,251,248,259,254,0.925197,0.991561,2,19
318,22,29,336,333,335,335,0.982090,0.996970,1,6
318,29,29,308,308,308,308,1.000000,1.000000,0,0
319,49,4,235,248,261,250,0.972000,0.995902,1,7
319,62,4,206,205,206,207,0.975845,1.000000,0,5
319,24,4,324,325,335,328,0.981707,0.993827,2,6
319,4,4,384,385,384,385,1.000000,0.992268,3,0
319,93,4,116,111,175,119,0.857143,0.990291,1,17
319,26,4,316,315,308,314,0.993631,0.984227,5,2
319,12,4,357,358,360,360,1.000000,0.994475,2,0
319,31,4,278,292,311,304,0.980263,0.990033,3,6
319,42,4,273,273,270,270,0.974074,0.988722,3,7
319,18,4,340,342,348,344,0.988372,0.991254,3,4
320,69,71,164,194,206,202,0.886139,0.994444,1,23
320,51,71,242,242,259,251,0.936255,0.991561,2,16
320,54,71,231,230,233,230,0.986957,0.995614,1,3
320,18,71,345,342,352,345,0.985507,0.991254,3,5
320,71,71,178,172,179,174,0.988506,0.994220,1,2
320,96,71,91,90,134,98,0.816327,0.860215,13,18
320,8,71,372,372,376,373,1.000000,0.994667,2,0
320,92,71,109,109,135,111,0.945946,0.990566,1,6
320,55,71,228,226,241,230,0.965217,0.991071,2,8
320,17,71,344,341,353,346,0.985549,0.985549,5,5
321,29,29,308,308,308,308,1.000000,1.000000,0,0
321,43,29,261,259,275,266,0.984962,0.996198,1,4
321,78,29,179,178,180,179,0.843575,1.000000,0,28
321,74,29,164,164,164,164,1.000000,1.000000,0,0
321,4,29,384,385,382,384,1.000000,0.989691,4,0
321,79,29,153,147,166,153,0.928105,0.959459,6,11
321,54,29,231,232,246,233,0.978541,1.000000,0,5
321,51,29,126,125,124,124,0.903226,0.472574,125,12
321,72,29,195,196,199,199,0.854271,1.000000,0,29
321,67,29,193,196,210,197,0.944162,1.000000,0,11
322,8,2,373,374,375,374,1.000000,0.997333,1,0
322,43,2,264,259,274,265,0.984906,0.992395,2,4
322,37,2,284,279,288,284,0.982394,0.989362,3,5
322,91,2,125,127,138,128,0.851562,1.000000,0,19
322,15,2,350,339,357,352,0.985795,0.985795,5,5
322,65,2,190,187,218,201,0.915423,0.958333,8,17
322,69,2,201,201,206,204,0.882353,1.000000,0,24
322,82,2,143,140,178,142,0.950704,0.978261,3,7
322,2,2,394,394,394,394,1.000000,1.000000,0,0
322,20,2,338,338,340,340,0.988235,1.000000,0,4
323,55,13,225,225,241,227,0.951542,0.964286,8,11
323,13,13,357,357,357,355,1.000000,0.988858,4,0
323,12,13,360,358,360,359,1.000000,0.991713,3,0
323,20,13,335,338,341,340,0.988235,1.000000,0,4
323,42,13,272,271,271,274,0.970803,1.000000,0,8
323,62,13,207,205,216,207,0.971014,0.995050,1,6
323,50,13,256,257,262,262,0.916031,1.000000,0,22
323,6,13,381,380,368,376,0.997340,0.984252,6,1
323,5,13,383,383,375,380,1.000000,0.989583,4,0
323,66,13,195,193,214,197,0.959391,1.000000,0,8
324,50,85,260,260,262,262,0.916031,1.000000,0,22
324,24,85,328,328,335,329,0.981763,0.996914,1,6
324,1,85,392,392,385,392,1.000000,0.987406,5,0
324,51,85,124,124,126,124,0.903226,0.472574,125,12
324,63,85,208,202,216,208,0.937500,0.979899,4,13
324,5,85,382,380,380,382,1.000000,0.994792,2,0
324,75,85,163,159,162,160,0.981250,0.981250,3,3
324,85,85,136,132,134,132,0.962121,0.992188,1,5
324,70,85,174,172,179,172,1.000000,0.977273,4,0
324,57,85,230,228,238,230,0.947826,1.000000,0,12
325,32,64,300,299,307,301,0.990033,1.000000,0,3
325,52,64,233,233,249,233,1.000000,0.995726,1,0
325,7,64,376,377,379,379,0.997361,1.000000,0,1
325,23,64,329,327,330,329,0.993921,1.000000,0,2
325,48,64,129,128,129,128,0.937500,0.485830,127,8
325,86,64,128,128,143,128,0.968750,0.992000,1,4
325,24,64,328,326,334,329,0.981763,0.996914,1,6
325,70,64,175,173,187,175,0.994286,0.988636,2,1
325,64,64,196,196,196,196,1.000000,1.000000,0,0
325,49,64,247,247,260,250,0.976000,1.000000,0,6
326,1,29,390,393,397,395,1.000000,0.994962,2,0
326,11,29,362,357,368,363,0.991736,0.986301,5,3
326,81,29,149,142,165,145,0.937931,0.964539,5,9
326,92,29,111,108,139,110,0.954545,0.990566,1,5
326,4,29,385,385,381,385,1.000000,0.992268,3,0
326,34,29,294,284,304,297,0.969697,0.986301,4,9
326,23,29,329,328,331,329,0.993921,1.000000,0,2
326,85,29,132,132,160,136,0.941176,1.000000,0,8
326,69,29,202,197,206,203,0.881773,0.994444,1,24
326,29,29,308,308,308,308,1.000000,1.000000,0,0
327,86,0,127,127,140,129,0.961240,0.992000,1,5
327,36,0,288,286,293,289,0.986159,1.000000,0,4
327,96,0,103,101,130,107,0.841121,0.967742,3,17
327,0,0,372,392,358,395,1.000000,0.987500,5,0
327,49,0,246,246,257,250,0.972000,0.995902,1,7
327,25,0,318,317,325,321,0.993769,0.996875,1,2
327,99,0,232,230,246,235,0.348936,0.976190,2,153
327,80,0,144,143,144,143,1.000000,0.993056,1,0
327,8,0,374,373,376,375,1.000000,1.000000,0,0
327,43,0,260,261,274,266,0.984962,0.996198,1,4
328,83,64,142,143,170,155,0.870968,1.000000,0,20
328,13,64,356,354,356,354,0.997175,0.983287,6,1
328,64,64,196,196,196,196,1.000000,1.000000,0,0
328,66,64,194,188,215,191,0.984293,0.994709,1,3
328,42,64,270,268,279,274,0.970803,1.000000,0,8
328,60,64,208,208,208,208,1.000000,1.000000,0,0
328,55,64,230,228,241,234,0.940171,0.982143,4,14
328,91,64,128,125,135,128,0.843750,0.990826,1,20
328,11,64,363,357,369,364,0.991758,0.989041,4,3
328,95,64,118,118,128,119,0.798319,0.989583,1,24
329,19,80,336,332,344,339,0.997050,0.994118,2,1
329,80,80,144,142,144,142,1.000000,0.986111,2,0
329,3,80,389,389,372,387,1.000000,0.989770,4,0
329,24,80,329,327,334,329,0.978723,0.993827,2,7
329,75,80,161,159,175,160,0.987500,0.987500,2,2
329,92,80,110,107,135,112,0.937500,0.990566,1,7
329,44,80,261,250,269,261,0.992337,0.996154,1,2
329,69,80,200,200,206,204,0.882353,1.000000,0,24
329,45,80,255,252,273,261,0.965517,0.984375,4,9
329,86,80,129,128,142,128,0.968750,0.992000,1,4
330,7,6,374,376,377,379,0.994723,0.997354,1,2
330,6,6,378,379,375,379,1.000000,0.994751,2,0
330,82,6,144,138,195,139,0.978417,0.985507,2,3
330,11,6,362,358,370,364,0.991758,0.989041,4,3
330,58,6,220,221,233,222,0.968468,1.000000,0,7
330,34,6,295,286,304,296,0.969595,0.982877,5,9
330,76,6,163,161,160,159,0.981132,0.993631,1,3
330,75,6,161,160,174,162,0.975309,0.987500,2,4
330,52,6,233,234,242,235,0.991489,0.995726,1,2
330,89,6,128,125,168,129,0.891473,0.991379,1,14
331,71,64,177,173,200,175,0.988571,1.000000,0,2
331,49,64,251,241,260,249,0.967871,0.987705,3,8
331,69,64,195,196,206,203,0.881773,0.994444,1,24
331,64,64,196,196,196,196,1.000000,1.000000,0,0
331,78,64,177,172,181,176,0.857955,1.000000,0,25
331,6,64,378,378,379,378,1.000000,0.992126,3,0
331,76,64,160,160,186,162,0.962963,0.993631,1,6
331,32,64,299,296,306,300,0.990000,0.996644,1,3
331,16,64,342,341,347,345,0.997101,0.985673,5,1
331,43,64,267,260,275,267,0.985019,1.000000,0,4
332,93,74,118,113,134,115,0.886957,0.990291,1,13
332,91,74,123,123,136,125,0.856000,0.981651,2,18
332,89,74,129,125,143,127,0.905512,0.991379,1,12
332,4,74,385,385,387,385,1.000000,0.992268,3,0
332,74,74,164,164,164,164,1.000000,1.000000,0,0
332,32,74,301,296,305,301,0.990033,1.000000,0,3
332,79,74,137,142,166,146,0.945205,0.932432,10,8
332,43,74,267,261,275,267,0.985019,1.000000,0,4
332,85,74,136,134,159,137,0.934307,1.000000,0,9
332,36,74,289,287,296,289,0.986159,1.000000,0,4
333,44,29,262,261,270,262,0.992366,1.000000,0,2
333,77,29,161,162,173,166,0.927711,1.000000,0,12
333,73,29,174,172,186,172,0.970930,1.000000,0,5
333,89,29,129,125,142,130,0.892308,1.000000,0,14
333,51,29,125,127,124,124,0.903226,0.472574,125,12
333,93,29,118,115,130,117,0.871795,0.990291,1,15
333,29,29,308,308,308,308,1.000000,1.000000,0,0
333,67,29,197,197,210,199,0.934673,1.000000,0,13
333,49,29,249,248,260,252,0.968254,1.000000,0,8
333,84,29,141,140,158,142,0.915493,0.984848,2,12
334,63,29,206,204,227,208,0.947115,0.989950,2,11
334,48,29,129,130,129,130,0.923077,0.485830,127,10
334,26,29,316,315,324,316,0.993671,0.990536,3,2
334,90,29,114,114,141,115,0.973913,1.000000,0,3
334,29,29,308,308,308,308,1.000000,1.000000,0,0
334,88,29,119,119,119,119,1.000000,1.000000,0,0
334,42,29,273,272,280,274,0.970803,1.000000,0,8
334,6,29,378,377,384,380,1.000000,0.997375,1,0
334,32,29,280,294,306,300,0.990000,0.996644,1,3
334,7,29,375,377,379,376,1.000000,0.994709,2,0
335,61,61,205,205,205,205,1.000000,1.000000,0,0
335,53,61,234,232,244,234,0.978632,0.991342,2,5
335,84,61,141,135,157,141,0.936170,1.000000,0,9
335,57,61,226,228,237,231,0.943723,1.000000,0,13
335,82,61,142,141,177,146,0.931507,0.985507,2,10
335,54,61,233,231,240,232,0.982759,1.000000,0,4
335,94,61,117,113,126,115,0.869565,1.000000,0,15
335,69,61,197,201,206,204,0.882353,1.000000,0,24
335,23,61,328,329,332,329,0.993921,1.000000,0,2
335,15,61,327,342,357,353,0.988669,0.991477,3,4
336,94,29,114,111,126,112,0.883929,0.990000,1,13
336,25,29,321,321,326,322,0.990683,0.996875,1,3
336,29,29,308,308,308,308,1.000000,1.000000,0,0
336,63,29,208,208,227,208,0.947115,0.989950,2,11
336,99,29,234,232,196,232,0.349138,0.964286,3,151
336,6,29,380,379,383,380,1.000000,0.997375,1,0
336,77,29,162,159,173,165,0.933333,1.000000,0,11
336,26,29,313,314,323,316,0.993671,0.990536,3,2
336,44,29,255,258,269,262,0.992366,1.000000,0,2
336,43,29,266,259,275,266,0.988722,1.000000,0,3
337,70,70,175,175,177,175,0.994286,0.988636,2,1
337,48,70,130,130,129,129,0.930233,0.485830,127,9
337,79,70,151,147,160,148,0.939189,0.939189,9,9
337,78,70,174,175,180,180,0.838889,1.000000,0,29
337,67,70,198,198,214,198,0.939394,1.000000,0,12
337,22,70,336,331,321,332,0.984940,0.990909,3,5
337,24,70,328,326,324,327,0.978593,0.987654,4,7
337,15,70,337,339,356,352,0.985795,0.985795,5,5
337,1,70,395,393,379,393,1.000000,0.989924,4,0
337,47,70,254,250,256,249,0.995984,0.992000,2,1
338,65,29,193,192,217,204,0.916667,0.973958,5,17
338,55,29,232,230,241,233,0.952790,0.991071,2,11
338,8,29,374,371,376,375,1.000000,1.000000,0,0
338,51,29,124,126,124,125,0.896000,0.472574,125,13
338,40,29,285,287,286,286,0.951049,1.000000,0,14
338,3,29,388,388,391,390,1.000000,0.997442,1,0
338,29,29,308,308,308,308,1.000000,1.000000,0,0
338,89,29,130,123,144,127,0.905512,0.991379,1,12
338,82,29,145,140,178,142,0.957746,0.985507,2,6
338,43,29,266,258,274,267,0.985019,1.000000,0,4
339,51,25,125,125,124,124,0.903226,0.472574,125,12
339,99,25,236,233,202,225,0.355556,0.952381,4,145
339,21,25,335,334,341,338,0.982249,0.996997,1,6
339,37,25,282,278,289,285,0.982456,0.992908,2,5
339,85,25,137,136,185,139,0.920863,1.000000,0,11
339,59,25,214,215,231,216,0.967593,0.985849,3,7
339,56,25,232,230,242,233,0.948498,1.000000,0,12
339,30,25,305,302,315,309,0.980583,0.996711,1,6
339,58,25,221,219,231,223,0.964126,1.000000,0,8
339,25,25,322,322,322,323,0.990712,1.000000,0,3
340,11,80,364,356,369,366,0.991803,0.994521,2,3
340,98,80,97,92,157,103,0.825243,0.977011,2,18
340,22,80,334,331,338,334,0.985030,0.996970,1,5
340,70,80,175,174,186,174,0.994253,0.982955,3,1
340,66,80,190,188,213,192,0.979167,0.994709,1,4
340,80,80,144,142,144,142,1.000000,0.986111,2,0
340,7,80,376,374,379,377,1.000000,0.997354,1,0
340,40,80,286,287,286,286,0.951049,1.000000,0,14
340,15,80,325,327,357,348,0.985632,0.974432,9,5
340,77,80,160,162,172,165,0.933333,1.000000,0,11
341,89,9,128,124,139,128,0.882812,0.974138,3,15
341,36,9,289,285,288,288,0.989583,1.000000,0,3
341,16,9,342,344,349,346,0.997110,0.988539,4,1
341,6,9,379,380,375,379,1.000000,0.994751,2,0
341,44,9,258,260,268,262,0.992366,1.000000,0,2
341,77,9,163,162,173,164,0.939024,1.000000,0,10
341,17,9,338,337,353,345,0.985507,0.982659,6,5
341,83,9,146,137,171,140,0.942857,0.977778,3,8
341,59,9,214,212,230,218,0.963303,0.990566,2,8
341,9,9,372,372,372,372,1.000000,1.000000,0,0
342,51,70,124,124,124,124,0.903226,0.472574,125,12
342,70,70,176,175,176,176,0.994318,0.994318,1,1
342,35,70,290,292,296,292,0.982877,0.996528,1,5
342,28,70,316,314,320,316,0.977848,0.993569,2,7
342,92,70,110,108,156,111,0.936937,0.981132,2,7
342,11,70,364,358,363,363,0.991736,0.986301,5,3
342,87,70,152,111,170,118,0.822034,0.795082,25,21
342,45,70,255,252,268,261,0.954023,0.972656,7,12
342,84,70,137,137,160,141,0.914894,0.977273,3,12
342,59,70,221,215,231,216,0.967593,0.985849,3,7
343,32,52,300,299,307,300,0.990000,0.996644,1,3
343,57,52,230,227,238,229,0.934498,0.981651,4,15
343,7,52,376,376,378,377,1.000000,0.997354,1,0
343,52,52,235,234,234,234,0.995726,0.995726,1,1
343,95,52,118,114,163,119,0.798319,0.989583,1,24
343,35,52,292,291,287,287,0.989547,0.986111,4,3
343,83,52,142,137,184,139,0.956835,0.985185,2,6
343,91,52,126,124,157,125,0.856000,0.981651,2,18
343,78,52,176,177,179,179,0.843575,1.000000,0,28
343,58,52,220,216,233,221,0.972851,1.000000,0,6
344,12,80,358,358,360,357,1.000000,0.986188,5,0
344,19,80,338,333,341,336,1.000000,0.988235,4,0
344,81,80,147,141,165,142,0.943662,0.950355,7,8
344,80,80,144,141,144,142,1.000000,0.986111,2,0
344,59,80,218,212,230,216,0.972222,0.990566,2,6
344,90,80,116,114,127,115,0.973913,1.000000,0,3
344,39,80,283,279,287,285,0.968421,1.000000,0,9
344,79,80,151,147,162,149,0.939597,0.945946,8,9
344,63,80,208,200,226,205,0.946341,0.974874,5,11
344,73,80,172,172,176,172,0.970930,1.000000,0,5
345,76,29,162,161,186,162,0.962963,0.993631,1,6
345,90,29,114,112,140,114,0.982456,1.000000,0,2
345,43,29,265,262,275,266,0.984962,0.996198,1,4
345,53,29,233,232,247,233,0.982833,0.991342,2,4
345,58,29,220,218,232,221,0.968326,0.995349,1,7
345,56,29,232,230,236,232,0.952586,1.000000,0,11
345,29,29,308,308,308,308,1.000000,1.000000,0,0
345,35,29,290,289,296,293,0.982935,1.000000,0,5
345,24,29,326,324,335,330,0.978788,0.996914,1,7
345,49,29,233,247,260,250,0.976000,1.000000,0,6
346,55,68,234,228,241,232,0.952586,0.986607,3,11
346,5,68,382,381,373,381,1.000000,0.992188,3,0
346,67,68,194,194,209,198,0.934343,0.994624,1,13
346,68,68,187,182,190,184,0.978261,0.983607,3,4
346,92,68,113,108,157,114,0.921053,0.990566,1,9
346,77,68,159,162,171,166,0.927711,1.000000,0,12
346,95,68,116,116,159,119,0.798319,0.989583,1,24
346,40,68,283,283,286,286,0.951049,1.000000,0,14
346,41,68,268,264,279,270,0.992593,0.996283,1,2
346,93,68,119,114,133,118,0.864407,0.990291,1,16
347,14,2,355,355,356,355,1.000000,0.997191,1,0
347,2,2,394,394,394,394,1.000000,1.000000,0,0
347,39,2,285,282,287,285,0.968421,1.000000,0,9
347,51,2,124,124,124,124,0.903226,0.472574,125,12
347,11,2,364,361,370,365,0.991781,0.991781,3,3
347,92,2,115,108,139,111,0.945946,0.990566,1,6
347,46,2,253,252,258,254,0.996063,1.000000,0,1
347,13,2,355,356,362,359,0.997214,0.997214,1,1
347,56,2,229,230,238,232,0.952586,1.000000,0,11
347,74,2,164,164,164,164,1.000000,1.000000,0,0
348,75,74,163,159,172,159,0.974843,0.968750,5,4
348,77,74,161,162,172,167,0.922156,1.000000,0,13
348,27,74,292,306,323,317,0.981073,0.990446,3,6
348,11,74,363,361,370,366,0.989071,0.991781,3,4
348,74,74,164,163,164,164,1.000000,1.000000,0,0
348,49,74,250,249,260,250,0.972000,0.995902,1,7
348,55,74,235,228,241,232,0.948276,0.982143,4,12
348,65,74,206,200,218,208,0.918269,0.994792,1,17
348,9,74,372,372,372,372,1.000000,1.000000,0,0
348,76,74,162,161,185,163,0.957055,0.993631,1,7
349,29,29,308,308,308,308,1.000000,1.000000,0,0
349,21,29,334,332,341,335,0.985075,0.990991,3,5
349,14,29,354,353,353,353,1.000000,0.991573,3,0
349,31,29,297,300,310,304,0.983553,0.993355,2,5
349,48,29,129,128,129,128,0.937500,0.485830,127,8
349,59,29,211,215,234,217,0.967742,0.990566,2,7
349,78,29,177,179,180,179,0.843575,1.000000,0,28
349,9,29,372,372,372,372,1.000000,1.000000,0,0
349,20,29,339,338,341,340,0.988235,1.000000,0,4
349,93,29,116,115,130,120,0.850000,0.990291,1,18
350,92,9,111,109,138,111,0.954955,1.000000,0,5
350,42,9,273,270,278,275,0.967273,1.000000,0,9
350,34,9,295,286,304,297,0.966330,0.982877,5,10
350,31,9,303,300,305,302,0.990066,0.993355,2,3
350,95,9,120,115,129,117,0.803419,0.979167,2,23
350,78,9,177,177,180,180,0.838889,1.000000,0,29
350,63,9,198,204,227,208,0.951923,0.994975,1,10
350,9,9,372,372,372,372,1.000000,1.000000,0,0
350,99,9,227,222,201,224,0.361607,0.964286,3,143
350,19,9,338,334,349,340,0.997059,0.997059,1,1
351,60,60,208,208,208,208,1.000000,1.000000,0,0
351,45,60,257,255,275,268,0.947761,0.992188,2,14
351,85,60,137,134,157,135,0.940741,0.992188,1,8
351,95,60,118,111,129,113,0.805310,0.947917,5,22
351,41,60,267,268,281,270,0.988889,0.992565,2,3
351,34,60,295,286,304,296,0.969595,0.982877,5,9
351,89,60,129,125,143,127,0.889764,0.974138,3,14
351,71,60,175,174,200,175,0.977143,0.988439,2,4
351,49,60,249,249,258,252,0.968254,1.000000,0,8
351,56,60,231,229,233,230,0.956522,0.995475,1,10
352,86,86,128,128,131,128,0.968750,0.992000,1,4
352,81,86,144,143,176,144,0.937500,0.957447,6,9
352,15,86,352,343,355,352,0.988636,0.988636,4,4
352,52,86,234,233,243,234,0.995726,0.995726,1,1
352,6,86,378,379,372,379,1.000000,0.994751,2,0
352,4,86,385,384,389,386,1.000000,0.994845,2,0
352,12,86,355,358,360,359,1.000000,0.991713,3,0
352,20,86,336,338,340,340,0.988235,1.000000,0,4
352,56,86,230,228,230,227,0.964758,0.990950,2,8
352,72,86,198,199,203,198,0.858586,1.000000,0,28
353,53,2,234,233,248,233,0.982833,0.991342,2,4
353,21,2,335,331,341,336,0.982143,0.990991,3,6
353,54,2,232,231,242,231,0.982684,0.995614,1,4
353,59,2,218,216,232,218,0.967890,0.995283,1,7
353,2,2,394,394,394,394,1.000000,1.000000,0,0
353,66,2,193,194,214,196,0.964286,1.000000,0,7
353,51,2,124,124,124,124,0.903226,0.472574,125,12
353,7,2,376,375,379,377,1.000000,0.997354,1,0
353,22,2,334,330,337,334,0.985030,0.996970,1,5
353,24,2,329,325,334,331,0.978852,1.000000,0,7
354,24,61,331,328,332,331,0.978852,1.000000,0,7
354,61,61,205,203,205,203,1.000000,0.990244,2,0
354,5,61,381,379,367,379,1.000000,0.986979,5,0
354,12,61,360,358,356,357,1.000000,0.986188,5,0
354,31,61,295,299,308,304,0.983553,0.993355,2,5
354,23,61,327,328,334,329,0.993921,1.000000,0,2
354,84,61,143,142,158,142,0.929577,1.000000,0,10
354,99,61,223,229,234,235,0.357447,1.000000,0,151
354,6,61,379,379,379,380,1.000000,0.997375,1,0
354,72,61,195,197,199,199,0.854271,1.000000,0,29
355,34,61,297,286,303,297,0.969697,0.986301,4,9
355,82,61,142,140,173,142,0.950704,0.978261,3,7
355,69,61,198,203,206,205,0.878049,1.000000,0,25
355,61,61,205,205,205,205,1.000000,1.000000,0,0
355,62,61,206,205,221,208,0.971154,1.000000,0,6
355,47,61,248,248,266,253,0.980237,0.992000,2,5
355,96,61,108,104,132,106,0.867925,0.989247,1,14
355,83,61,140,138,171,139,0.956835,0.985185,2,6
355,22,61,334,330,337,334,0.985030,0.996970,1,5
355,73,61,172,173,181,173,0.965318,1.000000,0,6
356,40,47,283,286,286,287,0.947735,1.000000,0,15
356,83,47,141,138,165,139,0.964029,0.992593,1,5
356,57,47,227,225,238,229,0.943231,0.990826,2,13
356,20,47,337,335,341,339,0.988201,0.997024,1,4
356,44,47,260,253,268,261,0.996169,1.000000,0,1
356,93,47,124,115,122,114,0.885965,0.980583,2,13
356,63,47,209,199,231,203,0.935961,0.954774,9,13
356,31,47,302,303,310,304,0.986842,0.996678,1,4
356,47,47,250,249,252,249,0.987952,0.984000,4,3
356,35,47,291,292,295,294,0.979592,1.000000,0,6
357,99,2,230,234,195,232,0.353448,0.976190,2,150
357,70,2,176,173,190,175,0.994286,0.988636,2,1
357,2,2,394,394,394,394,1.000000,1.000000,0,0
357,62,2,203,203,221,207,0.966184,0.990099,2,7
357,54,2,231,232,242,232,0.982759,1.000000,0,4
357,79,2,153,143,166,147,0.945578,0.939189,9,8
357,68,2,183,182,197,188,0.968085,0.994536,1,6
357,81,2,145,145,165,147,0.931973,0.971631,4,10
357,92,2,112,110,139,110,0.954545,0.990566,1,5
357,61,2,205,204,205,205,1.000000,1.000000,0,0
358,34,29,296,286,304,296,0.969595,0.982877,5,9
358,53,29,234,233,249,233,0.982833,0.991342,2,4
358,95,29,112,111,129,117,0.811966,0.989583,1,22
358,8,29,375,374,376,375,1.000000,1.000000,0,0
358,31,29,281,300,310,304,0.986842,0.996678,1,4
358,41,29,270,270,278,271,0.988930,0.996283,1,3
358,29,29,308,308,308,308,1.000000,1.000000,0,0
358,50,29,258,257,262,261,0.915709,0.995833,1,22
358,35,29,292,293,301,294,0.979592,1.000000,0,6
358,20,29,338,336,341,340,0.988235,1.000000,0,4
359,58,9,218,218,230,219,0.977169,0.995349,1,5
359,11,9,363,361,369,363,0.991736,0.986301,5,3
359,35,9,294,294,297,295,0.976271,1.000000,0,7
359,90,9,115,114,144,115,0.965217,0.991071,1,4
359,37,9,281,275,289,283,0.982332,0.985816,4,5
359,43,9,265,258,274,266,0.984962,0.996198,1,4
359,36,9,288,285,295,288,0.989583,1.000000,0,3
359,9,9,372,372,372,372,1.000000,1.000000,0,0
359,73,9,173,173,185,175,0.954286,1.000000,0,8
359,63,9,173,197,226,208,0.951923,0.994975,1,10
360,45,88,262,258,275,263,0.954373,0.980469,5,12
360,8,88,375,373,373,373,1.000000,0.994667,2,0
360,73,88,173,174,181,174,0.959770,1.000000,0,7
360,94,88,116,114,126,115,0.869565,1.000000,0,15
360,99,88,235,228,235,234,0.354701,0.988095,1,151
360,88,88,119,119,119,119,1.000000,1.000000,0,0
360,59,88,220,218,226,218,0.972477,1.000000,0,6
360,7,88,376,376,379,377,1.000000,0.997354,1,0
360,13,88,360,357,360,359,0.997214,0.997214,1,1
360,67,88,197,193,210,197,0.939086,0.994624,1,12
361,47,52,250,250,270,251,0.984064,0.988000,3,4
361,86,52,129,129,161,130,0.953846,0.992000,1,6
361,92,52,110,107,153,110,0.945455,0.981132,2,6
361,30,52,296,306,315,310,0.980645,1.000000,0,6
361,98,52,101,89,157,93,0.763441,0.816092,16,22
361,33,52,292,291,307,295,0.983051,0.983051,5,5
361,22,52,331,333,338,334,0.985030,0.996970,1,5
361,3,52,390,389,384,389,1.000000,0.994885,2,0
361,52,52,232,233,234,234,0.995726,0.995726,1,1
361,36,52,289,286,297,289,0.986159,1.000000,0,4
362,24,70,329,327,328,330,0.978788,0.996914,1,7
362,70,70,176,175,176,175,0.994286,0.988636,2,1
362,77,70,165,165,172,164,0.926829,0.987013,2,12
362,5,70,375,378,378,380,1.000000,0.989583,4,0
362,22,70,334,332,327,331,0.987915,0.990909,3,4
362,63,70,206,206,225,206,0.956311,0.989950,2,9
362,81,70,148,142,172,146,0.917808,0.950355,7,12
362,27,70,314,310,323,317,0.981073,0.990446,3,6
362,37,70,284,280,290,286,0.979021,0.992908,2,6
362,7,70,378,378,379,378,0.997354,0.997354,1,1
363,69,88,200,201,206,204,0.882353,1.000000,0,24
363,14,88,353,354,360,356,0.997191,0.997191,1,1
363,56,88,230,228,240,229,0.960699,0.995475,1,9
363,88,88,119,119,119,119,1.000000,1.000000,0,0
363,18,88,343,340,341,342,0.991228,0.988338,4,3
363,3,88,390,390,386,389,1.000000,0.994885,2,0
363,0,88,381,393,369,394,1.000000,0.985000,6,0
363,61,88,205,205,205,205,1.000000,1.000000,0,0
363,93,88,118,116,149,119,0.857143,0.990291,1,17
363,67,88,199,198,209,198,0.934343,0.994624,1,13
364,33,1,290,290,307,294,0.982993,0.979661,6,5
364,1,1,394,392,389,392,1.000000,0.987406,5,0
364,14,1,354,353,353,355,0.997183,0.994382,2,1
364,6,1,380,380,383,381,0.997375,0.997375,1,1
364,18,1,341,341,352,343,0.991254,0.991254,3,3
364,3,1,389,390,383,388,1.000000,0.992327,3,0
364,65,1,193,194,220,197,0.923858,0.947917,10,15
364,93,1,120,115,189,117,0.871795,0.990291,1,15
364,34,1,295,290,304,298,0.969799,0.989726,3,9
364,83,1,139,139,204,141,0.950355,0.992593,1,7
365,9,9,372,372,372,372,1.000000,1.000000,0,0
365,71,9,175,171,199,173,0.982659,0.982659,3,3
365,97,9,143,144,141,145,0.613793,0.988889,1,56
365,31,9,288,299,308,302,0.990066,0.993355,2,3
365,3,9,389,386,386,389,1.000000,0.994885,2,0
365,44,9,261,259,270,262,0.992366,1.000000,0,2
365,18,9,341,341,353,344,0.991279,0.994169,2,3
365,39,9,284,283,287,285,0.968421,1.000000,0,9
365,90,9,116,113,143,115,0.973913,1.000000,0,3
365,80,9,144,141,144,141,1.000000,0.979167,3,0
366,6,74,381,380,378,379,1.000000,0.994751,2,0
366,20,74,339,338,341,340,0.988235,1.000000,0,4
366,41,74,269,269,271,270,0.992593,0.996283,1,2
366,74,74,164,164,164,164,1.000000,1.000000,0,0
366,3,74,390,387,386,389,1.000000,0.994885,2,0
366,90,74,116,115,135,116,0.965517,1.000000,0,4
366,75,74,156,156,168,160,0.981250,0.981250,3,3
366,17,74,340,335,353,344,0.985465,0.979769,7,5
366,11,74,364,360,369,364,0.991758,0.989041,4,3
366,18,74,345,343,339,341,0.991202,0.985423,5,3
367,80,80,144,142,144,142,1.000000,0.986111,2,0
367,54,80,232,230,237,231,0.987013,1.000000,0,3
367,47,80,252,251,261,248,0.991935,0.984000,4,2
367,31,80,297,300,310,303,0.990099,0.996678,1,3
367,96,80,104,98,130,98,0.938776,0.989247,1,6
367,34,80,296,286,304,296,0.969595,0.982877,5,9
367,88,80,119,119,119,119,1.000000,1.000000,0,0
367,98,80,98,92,155,105,0.800000,0.965517,3,21
367,39,80,282,282,287,285,0.968421,1.000000,0,9
367,25,80,322,319,327,324,0.987654,1.000000,0,4
368,93,85,120,115,141,114,0.894737,0.990291,1,12
368,6,85,379,378,370,379,1.000000,0.994751,2,0
368,77,85,167,163,178,164,0.926829,0.987013,2,12
368,91,85,126,125,155,127,0.858268,1.000000,0,18
368,42,85,274,271,269,269,0.981413,0.992481,2,5
368,67,85,197,194,206,193,0.963731,1.000000,0,7
368,85,85,135,133,134,133,0.962406,1.000000,0,5
368,58,85,217,216,222,216,0.990741,0.995349,1,2
368,28,85,312,312,318,315,0.980952,0.993569,2,6
368,34,85,295,288,302,295,0.972881,0.982877,5,8
369,16,90,347,345,349,347,0.997118,0.991404,3,1
369,36,90,289,287,292,289,0.986159,1.000000,0,4
369,26,90,317,315,326,319,0.990596,0.996845,1,3
369,85,90,133,132,169,133,0.962406,1.000000,0,5
369,45,90,261,253,274,258,0.961240,0.968750,8,10
369,71,90,174,171,192,172,0.988372,0.982659,3,2
369,31,90,298,301,307,304,0.983553,0.993355,2,5
369,33,90,296,289,298,297,0.976431,0.983051,5,7
369,98,90,100,97,173,114,0.745614,0.977011,2,29
369,90,90,116,115,117,115,0.973913,1.000000,0,3
370,18,18,341,342,344,343,0.988338,0.988338,4,4
370,26,18,318,317,329,319,0.990596,0.996845,1,3
370,23,18,329,328,327,327,0.993884,0.993884,2,2
370,69,18,187,197,206,203,0.881773,0.994444,1,24
370,38,18,286,284,291,287,0.972125,1.000000,0,8
370,5,18,379,381,378,379,1.000000,0.986979,5,0
370,62,18,208,206,211,206,0.975728,0.995050,1,5
370,76,18,162,161,184,163,0.957055,0.993631,1,7
370,81,18,149,145,185,148,0.925676,0.971631,4,11
370,86,18,130,127,163,130,0.953846,0.992000,1,6
371,89,60,128,126,143,128,0.898438,0.991379,1,13
371,12,60,358,358,361,359,1.000000,0.991713,3,0
371,69,60,198,200,206,204,0.882353,1.000000,0,24
371,21,60,337,332,340,336,0.985119,0.993994,2,5
371,19,60,338,335,347,340,0.997059,0.997059,1,1
371,47,60,249,248,270,251,0.984064,0.988000,3,4
371,16,60,345,341,349,346,0.997110,0.988539,4,1
371,60,60,208,208,208,208,1.000000,1.000000,0,0
371,37,60,283,282,289,287,0.979094,0.996454,1,6
371,15,60,299,345,356,353,0.985836,0.988636,4,5
372,23,61,329,329,331,329,0.993921,1.000000,0,2
372,14,61,354,354,354,355,0.997183,0.994382,2,1
372,17,61,340,332,353,341,0.985337,0.971098,10,5
372,61,61,205,205,205,205,1.000000,1.000000,0,0
372,46,61,255,254,253,255,0.992157,1.000000,0,2
372,16,61,341,343,350,344,0.997093,0.982808,6,1
372,22,61,334,330,333,333,0.987988,0.996970,1,4
372,96,61,99,102,159,117,0.794872,1.000000,0,24
372,79,61,149,149,165,153,0.947712,0.979730,3,8
372,86,61,127,126,140,127,0.976378,0.992000,1,3
373,76,9,163,162,176,162,0.962963,0.993631,1,6
373,10,9,356,352,374,363,0.997245,0.983696,6,1
373,59,9,220,215,232,221,0.959276,1.000000,0,9
373,9,9,372,372,372,372,1.000000,1.000000,0,0
373,50,9,255,256,262,261,0.915709,0.995833,1,22
373,54,9,231,231,242,232,0.978448,0.995614,1,5
373,69,9,199,202,206,205,0.878049,1.000000,0,25
373,64,9,196,196,196,196,1.000000,1.000000,0,0
373,30,9,308,308,315,310,0.980645,1.000000,0,6
373,71,9,175,173,198,174,0.988506,0.994220,1,2
374,72,3,196,198,199,199,0.854271,1.000000,0,29
374,55,3,231,227,241,230,0.947826,0.973214,6,12
374,49,3,202,230,260,243,0.991770,0.987705,3,2
374,3,3,389,387,390,389,1.000000,0.994885,2,0
374,77,3,168,160,170,165,0.933333,1.000000,0,11
374,31,3,299,299,311,302,0.990066,0.993355,2,3
374,28,3,313,313,320,316,0.977848,0.993569,2,7
374,22,3,334,333,338,335,0.985075,1.000000,0,5
374,69,3,199,201,206,204,0.882353,1.000000,0,24
374,47,3,250,248,266,250,0.988000,0.988000,3,3
375,62,62,206,205,209,208,0.966346,0.995050,1,7
375,93,62,120,114,133,116,0.879310,0.990291,1,14
375,78,62,179,179,184,182,0.829670,1.000000,0,31
375,77,62,159,159,174,162,0.944444,0.993506,1,9
375,83,62,141,140,187,145,0.931034,1.000000,0,10
375,63,62,207,199,227,205,0.956098,0.984925,3,9
375,76,62,161,160,188,161,0.968944,0.993631,1,5
375,21,62,334,329,341,337,0.985163,0.996997,1,5
375,82,62,145,142,205,143,0.951049,0.985507,2,7
375,36,62,288,286,292,287,0.989547,0.996491,1,3
376,97,9,144,134,142,141,0.638298,1.000000,0,51
376,87,9,132,137,159,142,0.838028,0.975410,3,23
376,66,9,194,193,205,194,0.969072,0.994709,1,6
376,9,9,372,372,372,372,1.000000,1.000000,0,0
376,2,9,394,394,394,394,1.000000,1.000000,0,0
376,52,9,234,233,242,233,1.000000,0.995726,1,0
376,85,9,133,132,160,132,0.969697,1.000000,0,4
376,3,9,389,389,391,390,1.000000,0.997442,1,0
376,51,9,124,125,124,125,0.896000,0.472574,125,13
376,49,9,245,244,260,253,0.960474,0.995902,1,10
377,89,0,128,127,142,129,0.891473,0.991379,1,14
377,66,0,196,189,215,193,0.974093,0.994709,1,5
377,0,0,372,393,332,393,1.000000,0.982500,7,0
377,28,0,316,314,320,318,0.977987,1.000000,0,7
377,44,0,262,250,270,262,0.992366,1.000000,0,2
377,47,0,250,250,268,250,0.988000,0.988000,3,3
377,25,0,321,321,327,324,0.987654,1.000000,0,4
377,72,0,195,199,199,199,0.854271,1.000000,0,29
377,19,0,337,333,347,338,0.997041,0.991176,3,1
377,86,0,127,127,141,129,0.961240,0.992000,1,5
378,98,64,117,98,131,104,0.836538,1.000000,0,17
378,58,64,219,219,236,223,0.964126,1.000000,0,8
378,86,64,129,128,142,129,0.961240,0.992000,1,5
378,26,64,317,315,328,319,0.987461,0.993691,2,4
378,52,64,234,233,247,233,1.000000,0.995726,1,0
378,44,64,262,259,270,262,0.992366,1.000000,0,2
378,76,64,161,162,185,163,0.957055,0.993631,1,7
378,32,64,300,298,305,301,0.986711,0.996644,1,4
378,45,64,262,252,274,265,0.950943,0.984375,4,13
378,64,64,196,196,196,196,1.000000,1.000000,0,0
379,30,76,308,304,316,310,0.980645,1.000000,0,6
379,76,76,163,163,163,163,0.957055,0.993631,1,7
379,12,76,358,357,352,358,1.000000,0.988950,4,0
379,92,76,112,108,108,110,0.954545,0.990566,1,5
379,35,76,293,293,301,295,0.976271,1.000000,0,7
379,56,76,230,227,240,230,0.960870,1.000000,0,9
379,71,76,174,173,172,172,0.994186,0.988439,2,1
379,58,76,222,222,230,222,0.968468,1.000000,0,7
379,81,76,150,146,182,148,0.932432,0.978723,3,10
379,55,76,227,228,241,231,0.956710,0.986607,3,10
380,14,47,355,353,354,354,1.000000,0.994382,2,0
380,87,47,139,142,168,142,0.845070,0.983607,2,22
380,82,47,141,138,191,139,0.978417,0.985507,2,3
380,25,47,324,322,327,325,0.984615,1.000000,0,5
380,37,47,283,274,288,284,0.978873,0.985816,4,6
380,27,47,314,309,324,317,0.984227,0.993631,2,5
380,13,47,358,356,360,359,0.997214,0.997214,1,1
380,47,47,249,249,251,250,0.992000,0.992000,2,2
380,43,47,265,259,273,268,0.981343,1.000000,0,5
380,90,47,116,114,177,115,0.973913,1.000000,0,3
381,73,70,174,172,176,172,0.970930,1.000000,0,5
381,43,70,260,258,257,259,0.992278,0.977186,6,2
381,94,70,113,108,131,109,0.908257,0.990000,1,10
381,89,70,128,126,159,127,0.905512,0.991379,1,12
381,84,70,141,135,163,142,0.922535,0.992424,1,11
381,67,70,193,192,216,195,0.953846,1.000000,0,9
381,13,70,359,356,353,356,0.997191,0.988858,4,1
381,70,70,176,175,175,175,0.994286,0.988636,2,1
381,25,70,325,322,319,323,0.990712,1.000000,0,3
381,83,70,143,137,184,142,0.936620,0.985185,2,9
382,57,13,227,225,234,227,0.947137,0.986239,3,12
382,22,13,335,334,337,335,0.985075,1.000000,0,5
382,55,13,228,227,241,228,0.960526,0.977679,5,9
382,69,13,200,194,205,199,0.894472,0.988889,2,21
382,86,13,129,126,156,128,0.968750,0.992000,1,4
382,43,13,264,259,258,260,0.992308,0.980989,5,2
382,13,13,341,355,354,354,1.000000,0.986072,5,0
382,14,13,355,354,355,354,1.000000,0.994382,2,0
382,49,13,214,244,260,248,0.979839,0.995902,1,5
382,28,13,311,314,320,316,0.977848,0.993569,2,7
383,16,9,345,343,353,347,0.997118,0.991404,3,1
383,9,9,372,372,372,372,1.000000,1.000000,0,0
383,33,9,292,291,307,296,0.979730,0.983051,5,6
383,81,9,150,144,164,146,0.931507,0.964539,5,10
383,31,9,299,300,306,303,0.990099,0.996678,1,3
383,40,9,275,280,286,284,0.950704,0.992647,2,14
383,93,9,128,120,143,121,0.834711,0.980583,2,20
383,34,9,295,286,304,297,0.969697,0.986301,4,9
383,95,9,117,114,129,116,0.818966,0.989583,1,21
383,18,9,343,341,352,345,0.985507,0.991254,3,5
384,58,58,221,220,218,218,0.981651,0.995349,1,4
384,42,58,269,265,278,271,0.977860,0.996241,1,6
384,17,58,340,342,350,347,0.985591,0.988439,4,5
384,69,58,202,197,216,198,0.888889,0.977778,4,22
384,11,58,361,358,364,360,0.991667,0.978082,8,3
384,31,58,302,301,309,303,0.990099,0.996678,1,3
384,93,58,124,118,130,119,0.857143,0.990291,1,17
384,79,58,79,80,134,81,0.864198,0.472973,78,11
384,99,58,228,230,193,222,0.373874,0.988095,1,139
384,95,58,117,115,161,123,0.780488,1.000000,0,27
385,7,88,374,373,379,377,1.000000,0.997354,1,0
385,57,88,226,224,236,230,0.939130,0.990826,2,14
385,34,88,293,286,304,297,0.969697,0.986301,4,9
385,65,88,201,195,217,201,0.920398,0.963542,7,16
385,44,88,262,258,268,262,0.992366,1.000000,0,2
385,12,88,355,356,361,360,1.000000,0.994475,2,0
385,3,88,390,388,389,390,1.000000,0.997442,1,0
385,88,88,119,119,119,119,1.000000,1.000000,0,0
385,79,88,96,150,78,115,0.895652,0.695946,45,12
385,48,88,129,128,129,128,0.937500,0.485830,127,8
386,72,60,193,198,199,199,0.854271,1.000000,0,29
386,17,60,343,341,353,347,0.985591,0.988439,4,5
386,39,60,282,284,286,285,0.968421,1.000000,0,9
386,3,60,390,390,386,390,1.000000,0.997442,1,0
386,96,60,114,100,132,101,0.920792,1.000000,0,8
386,27,60,314,315,322,318,0.984277,0.996815,1,5
386,20,60,339,333,341,340,0.988235,1.000000,0,4
386,60,60,208,208,208,208,1.000000,1.000000,0,0
386,95,60,120,122,129,123,0.780488,1.000000,0,27
386,30,60,308,307,315,312,0.974359,1.000000,0,8
387,21,64,335,329,339,338,0.982249,0.996997,1,6
387,33,64,294,292,307,299,0.976589,0.989831,3,7
387,77,64,164,161,173,162,0.950617,1.000000,0,8
387,73,64,173,172,184,173,0.965318,1.000000,0,6
387,57,64,226,223,238,228,0.942982,0.986239,3,13
387,14,64,354,354,360,354,1.000000,0.994382,2,0
387,64,64,196,196,196,196,1.000000,1.000000,0,0
387,46,64,255,253,261,254,0.996063,1.000000,0,1
387,97,64,142,130,142,137,0.642336,0.977778,2,49
387,84,64,141,139,158,142,0.922535,0.992424,1,11
388,71,2,174,174,202,174,0.994253,1.000000,0,1
388,27,2,311,311,323,317,0.984227,0.993631,2,5
388,69,2,200,198,206,199,0.894472,0.988889,2,21
388,2,2,394,394,394,394,1.000000,1.000000,0,0
388,90,2,117,114,143,115,0.973913,1.000000,0,3
388,38,2,285,284,291,285,0.975439,0.996416,1,7
388,11,2,358,359,370,364,0.991758,0.989041,4,3
388,80,2,144,142,144,142,1.000000,0.986111,2,0
388,61,2,205,205,205,205,1.000000,1.000000,0,0
388,7,2,376,375,379,379,0.997361,1.000000,0,1
389,39,9,285,281,287,285,0.968421,1.000000,0,9
389,19,9,339,334,348,340,0.994118,0.994118,2,2
389,57,9,230,228,238,231,0.943723,1.000000,0,13
389,26,9,317,317,325,319,0.990596,0.996845,1,3
389,9,9,372,372,372,372,1.000000,1.000000,0,0
389,40,9,273,281,286,285,0.954386,1.000000,0,13
389,59,9,220,218,232,221,0.959276,1.000000,0,9
389,63,9,206,204,227,210,0.947619,1.000000,0,11
389,73,9,173,173,185,173,0.965318,1.000000,0,6
389,70,9,174,174,189,176,0.994318,0.994318,1,1
390,75,74,159,158,173,160,0.981250,0.981250,3,3
390,96,74,256,206,306,237,0.388186,0.989247,1,145
390,36,74,287,284,296,288,0.986111,0.996491,1,4
390,54,74,232,230,242,231,0.982684,0.995614,1,4
390,74,74,164,164,164,164,1.000000,1.000000,0,0
390,80,74,144,142,144,143,1.000000,0.993056,1,0
390,14,74,353,353,354,355,1.000000,0.997191,1,0
390,91,74,130,127,136,128,0.851562,1.000000,0,19
390,93,74,124,117,120,117,0.863248,0.980583,2,16
390,63,74,210,207,226,210,0.928571,0.979899,4,15
391,62,62,209,209,209,209,0.966507,1.000000,0,7
391,35,62,294,293,297,295,0.976271,1.000000,0,7
391,34,62,296,288,289,288,0.975694,0.962329,11,7
391,73,62,173,173,171,173,0.965318,1.000000,0,6
391,94,62,112,109,154,111,0.900901,1.000000,0,11
391,56,62,231,229,235,228,0.969298,1.000000,0,7
391,78,62,180,178,181,178,0.842697,0.993377,1,28
391,82,62,142,138,200,142,0.964789,0.992754,1,5
391,98,62,109,98,159,103,0.825243,0.977011,2,18
391,95,62,122,108,162,113,0.840708,0.989583,1,18
392,51,25,124,124,124,124,0.903226,0.472574,125,12
392,13,25,359,357,355,355,1.000000,0.988858,4,0
392,95,25,116,110,146,112,0.848214,0.989583,1,17
392,25,25,321,319,320,321,0.993769,0.996875,1,2
392,4,25,386,385,376,386,1.000000,0.994845,2,0
392,91,25,126,125,166,127,0.850394,0.990826,1,19
392,8,25,374,373,367,372,1.000000,0.992000,3,0
392,42,25,272,270,256,267,0.981273,0.984962,4,5
392,11,25,352,360,370,364,0.991758,0.989041,4,3
392,78,25,179,180,180,180,0.833333,0.993377,1,30
393,40,25,268,280,281,283,0.946996,0.985294,4,15
393,25,25,321,319,322,320,0.990625,0.990625,3,3
393,76,25,163,160,183,161,0.968944,0.993631,1,5
393,67,25,197,196,187,191,0.958115,0.983871,3,8
393,31,25,302,304,311,305,0.986885,1.000000,0,4
393,44,25,261,259,268,262,0.992366,1.000000,0,2
393,83,25,144,138,194,139,0.964029,0.992593,1,5
393,81,25,149,144,176,150,0.906667,0.964539,5,14
393,19,25,340,333,349,340,0.994118,0.994118,2,2
393,7,25,379,378,379,379,0.997361,1.000000,0,1
394,17,80,344,342,353,345,0.985507,0.982659,6,5
394,5,80,380,379,364,379,1.000000,0.986979,5,0
394,81,80,152,150,165,150,0.933333,0.992908,1,10
394,93,80,122,118,126,118,0.855932,0.980583,2,17
394,53,80,234,229,248,231,0.978355,0.978355,5,5
394,80,80,144,143,144,143,1.000000,0.993056,1,0
394,83,80,140,137,171,140,0.957143,0.992593,1,6
394,49,80,247,247,260,253,0.964427,1.000000,0,9
394,12,80,359,358,356,358,1.000000,0.988950,4,0
394,28,80,317,314,320,317,0.977918,0.996785,1,7
395,7,61,377,377,379,379,0.997361,1.000000,0,1
395,61,61,205,205,205,205,1.000000,1.000000,0,0
395,69,61,199,198,206,204,0.882353,1.000000,0,24
395,33,61,299,293,304,300,0.976667,0.993220,2,7
395,78,61,178,177,180,179,0.843575,1.000000,0,28
395,92,61,109,108,138,110,0.945455,0.981132,2,6
395,4,61,386,385,382,385,1.000000,0.992268,3,0
395,22,61,335,334,336,335,0.982090,0.996970,1,6
395,77,61,160,160,173,163,0.944785,1.000000,0,9
395,9,61,372,372,372,372,1.000000,1.000000,0,0
396,81,26,151,126,174,138,0.905797,0.886525,16,13
396,35,26,294,293,298,295,0.976271,1.000000,0,7
396,37,26,284,280,282,282,0.978723,0.978723,6,6
396,41,26,269,267,277,270,0.992593,0.996283,1,2
396,77,26,163,160,174,164,0.932927,0.993506,1,11
396,26,26,319,318,316,317,0.993691,0.993691,2,2
396,39,26,285,285,287,286,0.965035,1.000000,0,10
396,7,26,376,374,379,377,1.000000,0.997354,1,0
396,8,26,374,372,371,373,1.000000,0.994667,2,0
396,94,26,110,110,165,111,0.900901,1.000000,0,11
397,35,25,294,293,295,293,0.979522,0.996528,1,6
397,75,25,162,158,160,158,0.993671,0.981250,3,1
397,7,25,376,374,379,377,1.000000,0.997354,1,0
397,27,25,315,313,323,319,0.981191,0.996815,1,6
397,16,25,346,342,333,342,0.997076,0.977077,8,1
397,36,25,288,287,278,288,0.986111,0.996491,1,4
397,49,25,238,244,260,249,0.975904,0.995902,1,6
397,79,25,147,149,182,156,0.929487,0.979730,3,11
397,25,25,320,319,320,320,0.990625,0.990625,3,3
397,90,25,116,115,141,114,0.973684,0.991071,1,3
398,92,90,115,110,155,114,0.921053,0.990566,1,9
398,90,90,115,115,116,115,0.973913,1.000000,0,3
398,14,90,318,353,357,355,1.000000,0.997191,1,0
398,36,90,286,284,291,287,0.989547,0.996491,1,3
398,96,90,216,198,174,186,0.500000,1.000000,0,93
398,28,90,316,316,319,317,0.977918,0.996785,1,7
398,54,90,231,231,232,231,0.987013,1.000000,0,3
398,98,90,105,103,134,109,0.798165,1.000000,0,22
398,52,90,233,232,231,232,1.000000,0.991453,2,0
398,12,90,355,357,361,360,1.000000,0.994475,2,0
399,49,74,250,249,260,253,0.964427,1.000000,0,9
399,74,74,164,164,164,164,1.000000,1.000000,0,0
399,82,74,143,138,177,139,0.978417,0.985507,2,3
399,50,74,259,257,262,262,0.916031,1.000000,0,22
399,23,74,327,328,326,328,0.993902,0.996942,1,2
399,77,74,161,161,171,164,0.939024,1.000000,0,10
399,52,74,234,234,246,234,0.995726,0.995726,1,1
399,70,74,176,175,176,176,0.994318,0.994318,1,1
399,4,74,386,386,384,386,1.000000,0.994845,2,0
399,17,74,342,337,353,344,0.985465,0.979769,7,5
400,58,2,219,219,234,222,0.968468,1.000000,0,7
400,91,2,129,129,140,130,0.830769,0.990826,1,22
400,84,2,143,139,158,143,0.916084,0.992424,1,12
400,28,2,315,316,320,318,0.977987,1.000000,0,7
400,5,2,371,379,377,379,1.000000,0.986979,5,0
400,2,2,394,394,394,394,1.000000,1.000000,0,0
400,76,2,161,161,184,164,0.951220,0.993631,1,8
400,26,2,318,318,318,315,0.993651,0.987382,4,2
400,49,2,249,242,260,245,0.971429,0.975410,6,7
400,98,2,112,104,130,104,0.807692,0.965517,3,20
401,95,4,110,109,160,114,0.833333,0.989583,1,19
401,52,4,234,234,234,233,1.000000,0.995726,1,0
401,55,4,232,229,239,232,0.943966,0.977679,5,13
401,62,4,208,207,204,205,0.975610,0.990099,2,5
401,87,4,143,143,158,144,0.840278,0.991803,1,23
401,72,4,197,197,199,197,0.862944,1.000000,0,27
401,26,4,314,317,310,312,0.993590,0.977918,7,2
401,4,4,386,385,386,386,1.000000,0.994845,2,0
401,2,4,394,394,394,394,1.000000,1.000000,0,0
401,73,4,173,173,186,173,0.965318,1.000000,0,6
402,66,80,193,191,213,194,0.974227,1.000000,0,5
402,80,80,144,143,144,143,1.000000,0.993056,1,0
402,41,80,267,267,282,269,0.992565,0.992565,2,2
402,68,80,187,180,194,181,0.988950,0.978142,4,2
402,74,80,164,163,164,164,1.000000,1.000000,0,0
402,72,80,193,195,199,199,0.854271,1.000000,0,29
402,23,80,329,326,328,329,0.993921,1.000000,0,2
402,18,80,345,343,342,345,0.985507,0.991254,3,5
402,37,80,278,278,289,283,0.978799,0.982270,5,6
402,95,80,112,110,129,121,0.785124,0.989583,1,26
403,78,36,177,177,180,178,0.837079,0.986755,2,29
403,38,36,284,280,291,284,0.978873,0.996416,1,6
403,75,36,155,159,162,159,0.993711,0.987500,2,1
403,68,36,183,182,201,184,0.978261,0.983607,3,4
403,69,36,198,201,206,205,0.878049,1.000000,0,25
403,95,36,120,114,141,113,0.823009,0.968750,3,20
403,36,36,287,286,286,286,0.993007,0.996491,1,2
403,83,36,139,140,199,144,0.937500,1.000000,0,9
403,43,36,262,261,263,264,0.992424,0.996198,1,2
403,66,36,192,189,189,187,1.000000,0.989418,2,0
404,40,52,277,279,286,283,0.950530,0.988971,3,14
404,96,52,169,161,133,143,0.650350,1.000000,0,50
404,52,52,234,233,233,233,1.000000,0.995726,1,0
404,7,52,377,376,379,378,0.997354,0.997354,1,1
404,16,52,343,343,342,342,0.997076,0.977077,8,1
404,28,52,315,316,296,312,0.983974,0.987138,4,5
404,59,52,219,216,210,214,0.971963,0.981132,4,6
404,46,52,251,251,262,255,0.984314,0.992095,2,4
404,70,52,176,173,178,175,0.994286,0.988636,2,1
404,82,52,142,142,157,140,0.971429,0.985507,2,4
405,29,29,308,308,308,308,1.000000,1.000000,0,0
405,15,29,341,346,357,354,0.985876,0.991477,3,5
405,47,29,253,252,260,254,0.980315,0.996000,1,5
405,30,29,311,306,314,312,0.974359,1.000000,0,8
405,93,29,118,114,128,117,0.863248,0.980583,2,16
405,75,29,161,158,177,159,0.981132,0.975000,4,3
405,14,29,355,355,354,355,1.000000,0.997191,1,0
405,19,29,339,331,349,340,0.994118,0.994118,2,2
405,85,29,132,130,160,133,0.962406,1.000000,0,5
405,33,29,301,293,305,300,0.976667,0.993220,2,7
406,66,1,189,190,190,190,0.984211,0.989418,2,3
406,1,1,393,391,390,393,1.000000,0.989924,4,0
406,12,1,360,360,360,360,1.000000,0.994475,2,0
406,6,1,380,378,382,380,1.000000,0.997375,1,0
406,37,1,282,277,289,285,0.978947,0.989362,3,6
406,34,1,291,287,304,294,0.969388,0.976027,7,9
406,11,1,361,358,357,361,0.991690,0.980822,7,3
406,47,1,255,247,258,249,0.983936,0.980000,5,4
406,92,1,114,108,170,112,0.937500,0.990566,1,7
406,13,1,357,356,352,357,0.997199,0.991643,3,1
407,25,80,323,321,325,323,0.990712,1.000000,0,3
407,54,80,231,231,235,231,0.987013,1.000000,0,3
407,42,80,270,270,274,271,0.974170,0.992481,2,7
407,58,80,222,220,230,220,0.972727,0.995349,1,6
407,92,80,113,110,139,112,0.937500,0.990566,1,7
407,84,80,142,139,158,145,0.910345,1.000000,0,13
407,80,80,144,143,144,143,1.000000,0.993056,1,0
407,78,80,177,176,180,178,0.842697,0.993377,1,28
407,49,80,248,243,260,247,0.963563,0.975410,6,9
407,3,80,390,390,384,389,1.000000,0.994885,2,0
408,39,52,284,285,279,284,0.968310,0.996377,1,9
408,93,52,118,115,154,120,0.841667,0.980583,2,19
408,97,52,140,128,152,132,0.666667,0.977778,2,44
408,8,52,374,373,373,373,1.000000,0.994667,2,0
408,52,52,233,234,234,233,1.000000,0.995726,1,0
408,28,52,312,314,299,314,0.980892,0.990354,3,6
408,5,52,382,382,383,382,1.000000,0.994792,2,0
408,90,52,116,113,135,112,0.991071,0.991071,1,1
408,77,52,165,162,168,163,0.938650,0.993506,1,10
408,55,52,233,226,243,230,0.952174,0.977679,5,11
409,21,76,333,324,341,336,0.985119,0.993994,2,5
409,50,76,243,254,258,259,0.918919,0.991667,2,21
409,66,76,191,188,188,188,0.989362,0.984127,3,2
409,76,76,162,163,162,162,0.962963,0.993631,1,6
409,56,76,228,227,239,229,0.965066,1.000000,0,8
409,78,76,178,177,180,179,0.843575,1.000000,0,28
409,11,76,362,360,370,362,0.991713,0.983562,6,3
409,45,76,261,254,275,263,0.961977,0.988281,3,10
409,40,76,279,283,280,284,0.950704,0.992647,2,14
409,18,76,346,341,350,346,0.985549,0.994169,2,5
410,31,80,304,302,308,305,0.986885,1.000000,0,4
410,39,80,281,283,287,285,0.964912,0.996377,1,10
410,15,80,330,341,357,354,0.985876,0.991477,3,5
410,22,80,335,332,339,336,0.982143,1.000000,0,6
410,96,80,134,108,134,112,0.821429,0.989247,1,20
410,77,80,158,159,173,167,0.922156,1.000000,0,13
410,94,80,108,107,122,108,0.925926,1.000000,0,8
410,79,80,155,155,166,159,0.930818,1.000000,0,11
410,80,80,144,143,144,143,1.000000,0.993056,1,0
410,6,80,379,379,377,380,1.000000,0.997375,1,0
411,2,2,394,394,394,394,1.000000,1.000000,0,0
411,7,2,378,377,379,379,0.997361,1.000000,0,1
411,36,2,286,286,296,288,0.986111,0.996491,1,4
411,30,2,310,306,316,311,0.977492,1.000000,0,7
411,44,2,262,259,269,262,0.992366,1.000000,0,2
411,84,2,141,139,156,142,0.922535,0.992424,1,11
411,39,2,285,284,287,286,0.965035,1.000000,0,10
411,29,2,308,308,308,308,1.000000,1.000000,0,0
411,1,2,392,393,392,391,1.000000,0.984887,6,0
411,48,2,129,129,129,129,0.930233,0.485830,127,9
412,88,88,119,119,119,119,1.000000,1.000000,0,0
412,6,88,379,379,383,381,0.997375,0.997375,1,1
412,61,88,205,204,205,205,1.000000,1.000000,0,0
412,49,88,250,251,258,253,0.964427,1.000000,0,9
412,87,88,145,139,159,145,0.841379,1.000000,0,23
412,85,88,136,133,158,135,0.940741,0.992188,1,8
412,3,88,390,390,391,390,1.000000,0.997442,1,0
412,21,88,334,330,341,336,0.988095,0.996997,1,4
412,43,88,265,261,275,267,0.985019,1.000000,0,4
412,62,88,206,206,216,208,0.971154,1.000000,0,6
413,74,74,164,164,164,164,1.000000,1.000000,0,0
413,77,74,166,159,172,162,0.932099,0.980519,3,11
413,27,74,308,312,323,316,0.987342,0.993631,2,4
413,26,74,315,314,328,318,0.993711,0.996845,1,2
413,84,74,141,140,158,143,0.923077,1.000000,0,11
413,22,74,335,333,326,332,0.987952,0.993939,2,4
413,19,74,335,334,346,339,0.997050,0.994118,2,1
413,41,74,267,269,273,269,0.992565,0.992565,2,2
413,73,74,173,173,179,173,0.965318,1.000000,0,6
413,38,74,279,281,291,286,0.972028,0.996416,1,8
414,88,88,119,119,119,119,1.000000,1.000000,0,0
414,48,88,129,129,129,129,0.930233,0.485830,127,9
414,5,88,381,381,369,379,1.000000,0.986979,5,0
414,14,88,355,356,357,357,0.997199,1.000000,0,1
414,23,88,329,328,331,329,0.993921,1.000000,0,2
414,27,88,316,310,323,317,0.987382,0.996815,1,4
414,73,88,173,171,177,173,0.965318,1.000000,0,6
414,4,88,386,386,383,385,1.000000,0.992268,3,0
414,46,88,248,253,263,255,0.992157,1.000000,0,2
414,59,88,217,215,225,218,0.963303,0.990566,2,8
415,46,60,256,256,260,256,0.988281,1.000000,0,3
415,5,60,382,382,382,382,1.000000,0.994792,2,0
415,23,60,328,326,328,328,0.996951,1.000000,0,1
415,83,60,143,142,170,145,0.924138,0.992593,1,11
415,60,60,208,208,208,208,1.000000,1.000000,0,0
415,20,60,340,338,340,340,0.988235,1.000000,0,4
415,99,60,213,224,212,218,0.385321,1.000000,0,134
415,6,60,379,380,381,380,0.997368,0.994751,2,1
415,19,60,338,331,341,337,0.997033,0.988235,4,1
415,17,60,338,336,353,343,0.985423,0.976879,8,5
416,80,80,144,142,144,143,1.000000,0.993056,1,0
416,9,80,372,372,372,372,1.000000,1.000000,0,0
416,25,80,323,322,325,323,0.990712,1.000000,0,3
416,15,80,314,338,356,353,0.985836,0.988636,4,5
416,60,80,208,208,208,208,1.000000,1.000000,0,0
416,50,80,253,255,262,261,0.919540,1.000000,0,21
416,46,80,256,254,250,252,0.996032,0.992095,2,1
416,77,80,164,162,173,165,0.933333,1.000000,0,11
416,49,80,193,230,260,244,0.987705,0.987705,3,3
416,24,80,330,327,334,331,0.978852,1.000000,0,7
417,47,29,253,251,261,253,0.984190,0.996000,1,4
417,27,29,318,314,323,318,0.987421,1.000000,0,4
417,38,29,285,283,291,285,0.975439,0.996416,1,7
417,29,29,308,308,308,308,1.000000,1.000000,0,0
417,78,29,180,179,180,180,0.838889,1.000000,0,29
417,32,29,301,297,302,303,0.980198,0.996644,1,6
417,81,29,151,134,163,143,0.895105,0.907801,13,15
417,3,29,390,388,390,390,1.000000,0.997442,1,0
417,72,29,198,198,199,199,0.854271,1.000000,0,29
417,75,29,158,157,175,159,0.981132,0.975000,4,3
418,27,80,317,315,322,319,0.984326,1.000000,0,5
418,38,80,283,284,291,285,0.975439,0.996416,1,7
418,32,80,290,292,306,298,0.993289,0.993289,2,2
418,49,80,246,246,260,250,0.972000,0.995902,1,7
418,80,80,144,142,144,142,1.000000,0.986111,2,0
418,69,80,188,201,206,204,0.882353,1.000000,0,24
418,79,80,155,155,164,158,0.930380,0.993243,1,11
418,76,80,163,161,185,163,0.957055,0.993631,1,7
418,9,80,372,372,372,372,1.000000,1.000000,0,0
418,83,80,143,143,167,145,0.931034,1.000000,0,10
419,95,61,114,114,129,118,0.805085,0.989583,1,23
419,68,61,186,184,204,184,0.983696,0.989071,2,3
419,55,61,232,223,241,229,0.956332,0.977679,5,10
419,45,61,262,257,275,260,0.961538,0.976562,6,10
419,10,61,363,357,374,367,0.997275,0.994565,2,1
419,13,61,356,356,342,355,1.000000,0.988858,4,0
419,78,61,178,173,180,177,0.853107,1.000000,0,26
419,61,61,205,205,205,205,1.000000,1.000000,0,0
419,36,61,288,288,297,288,0.986111,0.996491,1,4
419,56,61,231,230,239,231,0.956710,1.000000,0,10
420,75,29,163,155,177,156,0.987179,0.962500,6,2
420,29,29,308,308,308,308,1.000000,1.000000,0,0
420,7,29,378,377,379,378,1.000000,1.000000,0,0
420,54,29,231,231,245,232,0.982759,1.000000,0,4
420,97,29,135,154,142,146,0.609589,0.988889,1,57
420,72,29,196,199,200,199,0.854271,1.000000,0,29
420,4,29,385,385,385,384,1.000000,0.989691,4,0
420,71,29,177,173,202,175,0.982857,0.994220,1,3
420,68,29,185,181,197,184,0.978261,0.983607,3,4
420,61,29,205,205,205,205,1.000000,1.000000,0,0
421,39,61,285,278,287,286,0.965035,1.000000,0,10
421,56,61,229,228,238,231,0.956710,1.000000,0,10
421,70,61,175,175,189,175,0.994286,0.988636,2,1
421,61,61,205,204,205,204,1.000000,0.995122,1,0
421,77,61,165,163,173,166,0.927711,1.000000,0,12
421,66,61,190,188,214,191,0.979058,0.989418,2,4
421,37,61,284,282,289,285,0.978947,0.989362,3,6
421,43,61,267,260,273,266,0.984962,0.996198,1,4
421,73,61,173,173,181,173,0.965318,1.000000,0,6
421,48,61,129,131,129,130,0.923077,0.485830,127,10
422,28,46,310,314,320,316,0.981013,0.996785,1,6
422,83,46,144,141,157,141,0.936170,0.977778,3,9
422,8,46,373,373,376,373,1.000000,0.994667,2,0
422,46,46,254,254,256,254,0.992126,0.996047,1,2
422,77,46,166,164,175,167,0.922156,1.000000,0,13
422,56,46,231,229,233,230,0.960870,1.000000,0,9
422,78,46,175,161,182,164,0.878049,0.953642,7,20
422,75,46,158,158,176,161,0.987578,0.993750,1,2
422,99,46,209,231,212,222,0.369369,0.976190,2,140
422,93,46,123,118,115,115,0.886957,0.990291,1,13
423,54,2,232,232,240,232,0.982759,1.000000,0,4
423,2,2,394,394,394,394,1.000000,1.000000,0,0
423,96,2,115,104,112,105,0.876190,0.989247,1,13
423,70,2,175,174,190,175,0.994286,0.988636,2,1
423,53,2,233,231,249,233,0.987124,0.995671,1,3
423,33,2,300,291,307,300,0.976667,0.993220,2,7
423,14,2,355,356,353,356,0.997191,0.997191,1,1
423,51,2,124,125,124,125,0.896000,0.472574,125,13
423,67,2,193,193,208,194,0.953608,0.994624,1,9
423,22,2,335,335,339,335,0.985075,1.000000,0,5
424,51,52,125,124,124,124,0.903226,0.472574,125,12
424,52,52,232,233,235,233,1.000000,0.995726,1,0
424,1,52,391,393,388,393,1.000000,0.989924,4,0
424,32,52,299,296,307,299,0.993311,0.996644,1,2
424,98,52,104,103,160,118,0.737288,1.000000,0,31
424,4,52,385,385,385,385,1.000000,0.992268,3,0
424,96,52,98,128,164,116,0.801724,1.000000,0,23
424,63,52,212,209,227,210,0.942857,0.994975,1,12
424,34,52,292,291,271,282,0.978723,0.945205,16,6
424,88,52,119,119,120,119,1.000000,1.000000,0,0
425,0,0,381,391,388,395,1.000000,0.987500,5,0
425,35,0,292,294,292,294,0.979592,1.000000,0,6
425,20,0,334,337,339,337,0.994065,0.997024,1,2
425,58,0,218,218,235,221,0.972851,1.000000,0,6
425,92,0,110,108,138,111,0.954955,1.000000,0,5
425,66,0,191,191,213,195,0.964103,0.994709,1,7
425,38,0,282,281,291,285,0.978947,1.000000,0,6
425,5,0,382,382,383,382,1.000000,0.994792,2,0
425,47,0,251,247,268,251,0.984064,0.988000,3,4
425,80,0,144,142,144,142,1.000000,0.986111,2,0
426,53,7,234,233,222,234,0.982906,0.995671,1,4
426,57,7,229,225,238,230,0.939130,0.990826,2,14
426,66,7,196,193,193,190,0.989474,0.994709,1,2
426,67,7,193,193,196,193,0.958549,0.994624,1,8
426,59,7,218,214,223,215,0.972093,0.985849,3,6
426,98,7,119,107,155,109,0.798165,1.000000,0,22
426,81,7,148,145,190,146,0.931507,0.964539,5,10
426,44,7,260,257,269,263,0.988593,1.000000,0,3
426,43,7,266,261,276,267,0.985019,1.000000,0,4
426,7,7,378,377,375,376,1.000000,0.994709,2,0
427,34,90,288,281,304,292,0.976027,0.976027,7,7
427,65,90,197,205,218,208,0.913462,0.989583,2,18
427,72,90,195,197,199,198,0.858586,1.000000,0,28
427,92,90,108,108,144,112,0.946429,1.000000,0,6
427,90,90,114,114,116,115,0.973913,1.000000,0,3
427,49,90,250,246,259,253,0.964427,1.000000,0,9
427,30,90,310,299,314,310,0.980645,1.000000,0,6
427,38,90,285,284,290,285,0.978947,1.000000,0,6
427,73,90,173,173,171,171,0.970760,0.994012,1,5
427,10,90,364,354,374,368,0.997283,0.997283,1,1
428,0,0,388,396,357,398,1.000000,0.995000,2,0
428,36,0,289,285,292,288,0.989583,1.000000,0,3
428,18,0,346,342,345,344,0.988372,0.991254,3,4
428,66,0,192,192,211,193,0.979275,1.000000,0,4
428,26,0,317,316,324,320,0.990625,1.000000,0,3
428,88,0,119,119,119,119,1.000000,1.000000,0,0
428,43,0,262,260,270,267,0.985019,1.000000,0,4
428,39,0,286,286,287,287,0.961672,1.000000,0,11
428,30,0,301,302,287,308,0.980519,0.993421,2,6
428,99,0,233,240,249,240,0.350000,1.000000,0,156
429,53,80,234,231,245,234,0.982906,0.995671,1,4
429,98,80,119,98,130,99,0.848485,0.965517,3,15
429,28,80,311,315,320,316,0.981013,0.996785,1,6
429,39,80,285,282,287,286,0.965035,1.000000,0,10
429,27,80,311,315,323,321,0.978193,1.000000,0,7
429,1,80,393,392,388,392,1.000000,0.987406,5,0
429,87,80,144,143,159,146,0.828767,0.991803,1,25
429,23,80,329,329,326,328,0.993902,0.996942,1,2
429,90,80,115,115,132,116,0.965517,1.000000,0,4
429,80,80,144,143,144,143,1.000000,0.993056,1,0
430,68,61,187,184,205,188,0.968085,0.994536,1,6
430,61,61,205,205,205,205,1.000000,1.000000,0,0
430,15,61,344,352,357,354,0.985876,0.991477,3,5
430,57,61,227,224,238,230,0.943478,0.995413,1,13
430,2,61,394,394,394,394,1.000000,1.000000,0,0
430,99,61,226,219,231,224,0.370536,0.988095,1,141
430,76,61,163,161,186,162,0.962963,0.993631,1,6
430,55,61,231,225,241,232,0.952586,0.986607,3,11
430,88,61,119,119,119,119,1.000000,1.000000,0,0
430,89,61,128,126,144,130,0.884615,0.991379,1,15
431,21,88,333,332,341,337,0.982196,0.993994,2,6
431,88,88,119,119,119,119,1.000000,1.000000,0,0
431,18,88,344,342,331,341,0.994135,0.988338,4,2
431,74,88,164,164,164,164,1.000000,1.000000,0,0
431,42,88,273,266,277,273,0.974359,1.000000,0,7
431,51,88,124,126,124,124,0.903226,0.472574,125,12
431,60,88,208,208,208,208,1.000000,1.000000,0,0
431,40,88,282,285,286,286,0.951049,1.000000,0,14
431,26,88,319,318,327,320,0.990625,1.000000,0,3
431,3,88,390,389,384,389,1.000000,0.994885,2,0
432,85,4,135,131,184,134,0.947761,0.992188,1,7
432,98,4,110,97,158,108,0.805556,1.000000,0,21
432,4,4,385,385,384,386,1.000000,0.994845,2,0
432,7,4,377,374,379,377,1.000000,0.997354,1,0
432,76,4,162,162,188,164,0.951220,0.993631,1,8
432,65,4,209,205,220,209,0.913876,0.994792,1,18
432,62,4,205,206,203,209,0.966507,1.000000,0,7
432,84,4,142,141,177,144,0.916667,1.000000,0,12
432,24,4,332,327,335,333,0.972973,1.000000,0,9
432,70,4,176,175,178,175,0.994286,0.988636,2,1
433,18,74,341,342,344,345,0.991304,0.997085,1,3
433,79,74,157,150,166,155,0.941935,0.986486,2,9
433,97,74,142,147,142,149,0.604027,1.000000,0,59
433,66,74,194,191,213,191,0.984293,0.994709,1,3
433,5,74,382,381,377,382,1.000000,0.994792,2,0
433,7,74,377,375,378,377,1.000000,0.997354,1,0
433,74,74,164,163,164,164,1.000000,1.000000,0,0
433,64,74,196,196,196,196,1.000000,1.000000,0,0
433,27,74,316,316,323,319,0.984326,1.000000,0,5
433,32,74,300,298,306,301,0.990033,1.000000,0,3
434,2,2,394,394,394,394,1.000000,1.000000,0,0
434,13,2,356,357,361,359,1.000000,1.000000,0,0
434,79,2,138,149,167,154,0.935065,0.972973,4,10
434,95,2,118,117,129,118,0.805085,0.989583,1,23
434,4,2,386,385,389,387,1.000000,0.997423,1,0
434,43,2,267,264,272,266,0.988722,1.000000,0,3
434,47,2,250,250,263,252,0.984127,0.992000,2,4
434,21,2,326,332,341,338,0.982249,0.996997,1,6
434,74,2,164,164,164,164,1.000000,1.000000,0,0
434,66,2,193,187,215,192,0.984375,1.000000,0,3
435,34,64,295,286,304,295,0.972881,0.982877,5,8
435,42,64,273,267,279,274,0.970803,1.000000,0,8
435,38,64,283,283,291,286,0.975524,1.000000,0,7
435,86,64,128,127,142,128,0.968750,0.992000,1,4
435,64,64,196,196,196,196,1.000000,1.000000,0,0
435,94,64,110,105,126,107,0.934579,1.000000,0,7
435,59,64,215,216,234,219,0.963470,0.995283,1,8
435,18,64,343,343,350,346,0.985549,0.994169,2,5
435,48,64,130,129,129,128,0.937500,0.485830,127,8
435,30,64,296,303,314,308,0.977273,0.990132,3,7
436,10,0,366,350,368,367,0.997275,0.994565,2,1
436,0,0,375,390,344,391,1.000000,0.977500,9,0
436,13,0,358,358,360,359,1.000000,1.000000,0,0
436,89,0,129,123,142,126,0.912698,0.991379,1,11
436,22,0,334,333,338,336,0.982143,1.000000,0,6
436,29,0,308,308,308,308,1.000000,1.000000,0,0
436,7,0,376,375,379,377,1.000000,0.997354,1,0
436,5,0,382,380,383,382,1.000000,0.994792,2,0
436,92,0,112,111,139,113,0.938053,1.000000,0,7
436,32,0,301,299,306,301,0.990033,1.000000,0,3
437,94,73,110,110,142,111,0.900901,1.000000,0,11
437,73,73,172,172,175,172,0.970930,1.000000,0,5
437,5,73,382,380,383,382,1.000000,0.994792,2,0
437,34,73,293,288,304,295,0.972881,0.982877,5,8
437,56,73,228,229,242,231,0.956710,1.000000,0,10
437,37,73,284,280,288,286,0.979021,0.992908,2,6
437,21,73,331,327,341,335,0.985075,0.990991,3,5
437,65,73,205,200,218,205,0.926829,0.989583,2,15
437,51,73,124,125,124,124,0.903226,0.472574,125,12
437,35,73,294,293,303,295,0.976271,1.000000,0,7
438,44,26,261,255,262,262,0.992366,1.000000,0,2
438,22,26,336,332,339,336,0.982143,1.000000,0,6
438,28,26,314,314,317,316,0.981013,0.996785,1,6
438,65,26,206,197,218,203,0.911330,0.963542,7,18
438,26,26,320,318,317,319,0.990596,0.996845,1,3
438,96,26,113,94,171,97,0.958763,1.000000,0,4
438,37,26,283,281,287,284,0.978873,0.985816,4,6
438,85,26,135,132,190,134,0.947761,0.992188,1,7
438,32,26,290,297,301,301,0.986711,0.996644,1,4
438,33,26,301,297,306,301,0.976744,0.996610,1,7
439,40,74,282,284,286,286,0.951049,1.000000,0,14
439,58,74,222,221,235,221,0.972851,1.000000,0,6
439,11,74,360,360,369,365,0.989041,0.989041,4,4
439,55,74,230,223,241,230,0.956522,0.982143,4,10
439,38,74,283,282,291,285,0.978947,1.000000,0,6
439,65,74,192,201,218,208,0.908654,0.984375,3,19
439,74,74,164,164,164,164,1.000000,1.000000,0,0
439,31,74,287,303,310,305,0.986885,1.000000,0,4
439,28,74,316,314,319,316,0.981013,0.996785,1,6
439,86,74,128,128,142,128,0.968750,0.992000,1,4
440,61,61,205,204,205,204,1.000000,0.995122,1,0
440,23,61,330,329,333,330,0.990909,1.000000,0,3
440,59,61,220,218,234,221,0.959276,1.000000,0,9
440,44,61,262,254,269,262,0.992366,1.000000,0,2
440,66,61,193,193,215,193,0.979275,1.000000,0,4
440,55,61,231,232,240,236,0.949153,1.000000,0,12
440,30,61,298,304,316,309,0.980583,0.996711,1,6
440,93,61,115,114,149,117,0.871795,0.990291,1,15
440,78,61,170,170,180,180,0.838889,1.000000,0,29
440,87,61,145,142,158,146,0.828767,0.991803,1,25
441,20,64,336,334,341,338,0.991124,0.997024,1,3
441,91,64,130,129,136,130,0.838462,1.000000,0,21
441,76,64,163,161,179,161,0.968944,0.993631,1,5
441,52,64,232,232,246,234,0.995726,0.995726,1,1
441,95,64,118,116,129,117,0.803419,0.979167,2,23
441,64,64,196,196,196,196,1.000000,1.000000,0,0
441,7,64,377,377,379,377,1.000000,0.997354,1,0
441,70,64,177,176,184,177,0.988701,0.994318,1,2
441,57,64,228,225,238,230,0.947826,1.000000,0,12
441,85,64,135,137,159,143,0.895105,1.000000,0,15
442,8,60,374,372,376,374,1.000000,0.997333,1,0
442,96,60,99,130,164,119,0.781513,1.000000,0,26
442,60,60,208,208,208,208,1.000000,1.000000,0,0
442,73,60,173,172,186,172,0.970930,1.000000,0,5
442,77,60,163,162,172,166,0.927711,1.000000,0,12
442,43,60,263,259,274,265,0.988679,0.996198,1,3
442,53,60,235,233,249,235,0.978723,0.995671,1,5
442,55,60,236,237,241,236,0.944915,0.995536,1,13
442,10,60,352,349,369,366,0.997268,0.991848,3,1
442,56,60,230,229,235,230,0.960870,1.000000,0,9
443,0,0,388,395,359,389,1.000000,0.972500,11,0
443,38,0,284,282,291,285,0.978947,1.000000,0,6
443,45,0,263,258,275,268,0.947761,0.992188,2,14
443,71,0,176,174,200,176,0.982955,1.000000,0,3
443,79,0,153,150,166,156,0.935897,0.986486,2,10
443,51,0,124,124,124,124,0.903226,0.472574,125,12
443,89,0,124,123,142,129,0.883721,0.982759,2,15
443,55,0,238,237,241,238,0.936975,0.995536,1,15
443,11,0,364,362,370,366,0.989071,0.991781,3,4
443,65,0,206,201,218,205,0.931707,0.994792,1,14
444,57,74,224,221,238,227,0.947137,0.986239,3,12
444,32,74,259,288,302,298,0.993289,0.993289,2,2
444,53,74,236,234,249,237,0.970464,0.995671,1,7
444,69,74,183,195,206,203,0.881773,0.994444,1,24
444,71,74,178,176,182,177,0.977401,1.000000,0,4
444,96,74,117,100,132,109,0.853211,1.000000,0,16
444,74,74,164,164,164,164,1.000000,1.000000,0,0
444,75,74,162,162,174,163,0.981595,1.000000,0,3
444,86,74,130,129,143,134,0.932836,1.000000,0,9
444,21,74,335,332,339,337,0.985163,0.996997,1,5
445,24,9,330,325,335,333,0.972973,1.000000,0,9
445,78,9,178,179,180,180,0.838889,1.000000,0,29
445,35,9,293,294,300,295,0.976271,1.000000,0,7
445,99,9,232,228,201,232,0.362069,1.000000,0,148
445,9,9,372,372,372,372,1.000000,1.000000,0,0
445,60,9,208,208,208,208,1.000000,1.000000,0,0
445,81,9,147,142,165,147,0.931973,0.971631,4,10
445,87,9,147,145,159,147,0.823129,0.991803,1,26
445,63,9,212,209,227,211,0.938389,0.994975,1,13
445,26,9,317,319,317,319,0.990596,0.996845,1,3
446,21,88,332,329,341,336,0.985119,0.993994,2,5
446,70,88,178,176,189,176,0.988636,0.988636,2,2
446,17,88,344,341,352,344,0.985465,0.979769,7,5
446,88,88,119,119,119,119,1.000000,1.000000,0,0
446,71,88,178,170,201,172,0.994186,0.988439,2,1
446,77,88,167,164,173,166,0.927711,1.000000,0,12
446,45,88,259,259,274,266,0.947368,0.984375,4,14
446,23,88,329,329,331,329,0.993921,1.000000,0,2
446,55,88,235,234,241,234,0.948718,0.991071,2,12
446,32,88,298,297,302,301,0.990033,1.000000,0,3
447,76,25,161,162,169,161,0.968944,0.993631,1,5
447,93,25,117,114,185,118,0.872881,1.000000,0,15
447,97,25,144,137,164,147,0.598639,0.977778,2,59
447,7,25,376,376,379,377,1.000000,0.997354,1,0
447,51,25,124,125,124,124,0.903226,0.472574,125,12
447,13,25,354,355,356,355,1.000000,0.988858,4,0
447,25,25,321,322,318,320,0.993750,0.993750,2,2
447,15,25,280,328,356,351,0.985755,0.982955,6,5
447,24,25,331,324,335,332,0.972892,0.996914,1,9
447,10,25,366,354,374,367,0.997275,0.994565,2,1
448,35,2,294,293,302,295,0.976271,1.000000,0,7
448,70,2,177,175,189,175,0.988571,0.982955,3,2
448,63,2,212,205,227,212,0.924528,0.984925,3,16
448,2,2,394,394,394,394,1.000000,1.000000,0,0
448,36,2,288,285,297,289,0.986159,1.000000,0,4
448,86,2,133,129,141,129,0.968992,1.000000,0,4
448,83,2,142,140,171,146,0.924658,1.000000,0,11
448,57,2,220,225,237,231,0.935065,0.990826,2,15
448,3,2,390,388,391,390,1.000000,0.997442,1,0
448,12,2,361,359,362,360,1.000000,0.994475,2,0
449,61,61,205,204,205,204,1.000000,0.995122,1,0
449,24,61,333,326,332,332,0.975904,1.000000,0,8
449,16,61,342,343,351,346,0.997110,0.988539,4,1
449,18,61,347,341,337,343,0.988338,0.988338,4,4
449,56,61,230,229,239,231,0.956710,1.000000,0,10
449,1,61,392,392,397,394,1.000000,0.992443,3,0
449,73,61,172,171,179,171,0.970760,0.994012,1,5
449,19,61,334,330,342,337,0.997033,0.988235,4,1
449,33,61,161,160,158,159,0.962264,0.518644,142,6
449,48,61,129,129,129,129,0.930233,0.485830,127,9
450,47,54,249,249,264,254,0.980315,0.996000,1,5
450,18,54,344,342,339,342,0.991228,0.988338,4,3
450,26,54,318,318,329,320,0.990625,1.000000,0,3
450,84,54,141,142,167,144,0.916667,1.000000,0,12
450,53,54,237,233,248,236,0.974576,0.995671,1,6
450,54,54,233,232,232,232,0.982759,1.000000,0,4
450,30,54,308,303,316,312,0.974359,1.000000,0,8
450,39,54,285,283,287,286,0.965035,1.000000,0,10
450,16,54,347,345,351,347,0.997118,0.991404,3,1
450,14,54,355,354,355,357,0.997199,1.000000,0,1
451,49,4,204,247,254,249,0.979920,1.000000,0,5
451,43,4,265,258,256,260,0.988462,0.977186,6,3
451,98,4,112,107,161,124,0.701613,1.000000,0,37
451,68,4,190,184,207,187,0.973262,0.994536,1,5
451,83,4,147,144,195,145,0.931034,1.000000,0,10
451,99,4,229,229,222,224,0.357143,0.952381,4,144
451,4,4,387,386,384,385,1.000000,0.992268,3,0
451,74,4,164,164,164,164,1.000000,1.000000,0,0
451,66,4,194,192,215,194,0.974227,1.000000,0,5
451,60,4,208,208,208,208,1.000000,1.000000,0,0
452,67,0,194,194,210,196,0.948980,1.000000,0,10
452,0,0,375,394,360,391,1.000000,0.977500,9,0
452,56,0,230,229,236,231,0.956710,1.000000,0,10
452,95,0,114,106,129,114,0.833333,0.989583,1,19
452,98,0,114,110,130,119,0.731092,1.000000,0,32
452,5,0,381,379,380,381,1.000000,0.992188,3,0
452,16,0,347,344,355,348,0.997126,0.994269,2,1
452,70,0,176,175,188,175,0.994286,0.988636,2,1
452,64,0,196,196,196,196,1.000000,1.000000,0,0
452,4,0,385,385,385,385,1.000000,0.992268,3,0
453,7,4,374,374,379,377,1.000000,0.997354,1,0
453,46,4,218,250,259,254,0.992126,0.996047,1,2
453,43,4,264,261,268,263,0.992395,0.992395,2,2
453,25,4,319,320,316,319,0.993730,0.990625,3,2
453,4,4,385,385,385,386,1.000000,0.994845,2,0
453,53,4,236,232,235,234,0.974359,0.987013,3,6
453,99,4,222,233,221,232,0.353448,0.976190,2,150
453,2,4,394,394,394,394,1.000000,1.000000,0,0
453,27,4,314,315,323,318,0.987421,1.000000,0,4
453,11,4,362,359,370,363,0.991736,0.986301,5,3
454,34,61,294,291,304,295,0.972881,0.982877,5,8
454,68,61,186,185,205,185,0.972973,0.983607,3,5
454,94,61,111,108,125,109,0.908257,0.990000,1,10
454,79,61,146,152,162,158,0.930380,0.993243,1,11
454,77,61,164,167,172,168,0.916667,1.000000,0,14
454,90,61,117,115,135,115,0.973913,1.000000,0,3
454,7,61,377,375,379,377,1.000000,0.997354,1,0
454,50,61,258,255,262,260,0.919231,0.995833,1,21
454,53,61,235,231,246,233,0.982833,0.991342,2,4
454,61,61,205,204,205,205,1.000000,1.000000,0,0
455,52,52,235,234,235,234,0.995726,0.995726,1,1
455,21,52,332,334,341,337,0.985163,0.996997,1,5
455,50,52,258,255,262,261,0.919540,1.000000,0,21
455,78,52,173,176,180,180,0.838889,1.000000,0,29
455,96,52,106,95,168,98,0.948980,1.000000,0,5
455,99,52,225,227,217,229,0.349345,0.952381,4,149
455,20,52,336,335,313,333,0.990991,0.982143,6,3
455,89,52,129,125,158,128,0.898438,0.991379,1,13
455,79,52,151,141,165,147,0.925170,0.918919,12,11
455,1,52,394,395,397,395,1.000000,0.994962,2,0
456,10,1,363,355,374,365,0.997260,0.989130,4,1
456,1,1,393,394,393,394,1.000000,0.992443,3,0
456,84,1,143,141,183,144,0.916667,1.000000,0,12
456,85,1,144,135,157,134,0.955224,1.000000,0,6
456,57,1,225,226,239,231,0.939394,0.995413,1,14
456,36,1,288,289,297,289,0.986159,1.000000,0,4
456,44,1,262,262,270,262,0.992366,1.000000,0,2
456,62,1,208,205,219,206,0.975728,0.995050,1,5
456,56,1,230,228,237,231,0.952381,0.995475,1,11
456,45,1,262,257,243,250,0.956000,0.933594,17,11
457,31,3,301,300,308,304,0.990132,1.000000,0,3
457,3,3,390,387,389,390,1.000000,0.997442,1,0
457,51,3,124,124,124,124,0.903226,0.472574,125,12
457,42,3,274,271,251,267,0.973783,0.977444,6,7
457,62,3,207,206,220,207,0.971014,0.995050,1,6
457,63,3,209,206,229,210,0.933333,0.984925,3,14
457,16,3,347,347,354,348,0.997126,0.994269,2,1
457,58,3,220,220,229,221,0.972851,1.000000,0,6
457,32,3,281,296,306,298,0.993289,0.993289,2,2
457,13,3,357,357,357,358,1.000000,0.997214,1,0
458,28,62,315,316,307,315,0.984127,0.996785,1,5
458,69,62,198,197,208,204,0.882353,1.000000,0,24
458,62,62,203,204,207,204,0.975490,0.985149,3,5
458,65,62,207,205,218,209,0.909091,0.989583,2,19
458,91,62,129,127,164,128,0.851562,1.000000,0,19
458,86,62,129,128,166,131,0.946565,0.992000,1,7
458,12,62,360,357,359,361,1.000000,0.997238,1,0
458,68,62,185,186,209,186,0.978495,0.994536,1,4
458,99,62,226,227,253,234,0.350427,0.976190,2,152
458,59,62,219,218,213,216,0.972222,0.990566,2,6
459,92,92,112,110,112,111,0.945946,0.990566,1,6
459,68,92,187,185,206,185,0.972973,0.983607,3,5
459,97,92,146,157,153,156,0.576923,1.000000,0,66
459,98,92,124,104,137,112,0.776786,1.000000,0,25
459,32,92,300,299,306,301,0.990033,1.000000,0,3
459,72,92,194,196,197,198,0.853535,0.994118,1,29
459,33,92,160,162,158,159,0.962264,0.518644,142,6
459,78,92,178,174,182,175,0.857143,0.993377,1,25
459,94,92,109,104,128,108,0.916667,0.990000,1,9
459,19,92,337,333,344,339,0.997050,0.994118,2,1
460,43,88,264,262,272,267,0.985019,1.000000,0,4
460,23,88,329,327,334,329,0.993921,1.000000,0,2
460,52,88,234,233,243,234,0.995726,0.995726,1,1
460,86,88,130,132,143,131,0.954198,1.000000,0,6
460,88,88,119,119,119,119,1.000000,1.000000,0,0
460,19,88,337,336,349,338,0.997041,0.991176,3,1
460,41,88,269,268,276,269,0.992565,0.992565,2,2
460,45,88,259,257,275,265,0.950943,0.984375,4,13
460,7,88,377,376,379,377,1.000000,0.997354,1,0
460,18,88,344,344,349,346,0.985549,0.994169,2,5
461,57,0,231,228,238,231,0.939394,0.995413,1,14
461,21,0,333,330,340,337,0.985163,0.996997,1,5
461,50,0,257,257,262,259,0.918919,0.991667,2,21
461,0,0,392,394,366,395,1.000000,0.987500,5,0
461,96,0,99,99,157,107,0.869159,1.000000,0,14
461,40,0,275,281,286,284,0.950704,0.992647,2,14
461,92,0,111,111,139,111,0.945946,0.990566,1,6
461,95,0,116,113,129,116,0.818966,0.989583,1,21
461,64,0,196,196,196,196,1.000000,1.000000,0,0
461,38,0,285,283,291,285,0.978947,1.000000,0,6
462,73,54,172,173,179,173,0.965318,1.000000,0,6
462,54,54,232,231,232,231,0.982684,0.995614,1,4
462,40,54,282,280,286,283,0.950530,0.988971,3,14
462,9,54,372,372,372,372,1.000000,1.000000,0,0
462,34,54,294,292,304,295,0.972881,0.982877,5,8
462,7,54,377,376,368,376,1.000000,0.994709,2,0
462,52,54,233,232,246,233,1.000000,0.995726,1,0
462,90,54,115,114,124,115,0.973913,1.000000,0,3
462,36,54,288,287,293,287,0.989547,0.996491,1,3
462,83,54,146,144,183,145,0.931034,1.000000,0,10
463,16,62,348,347,340,346,0.997110,0.988539,4,1
463,99,62,224,231,256,236,0.351695,0.988095,1,153
463,50,62,255,258,262,260,0.915385,0.991667,2,22
463,7,62,377,377,366,376,1.000000,0.994709,2,0
463,62,62,205,203,206,204,0.980392,0.990099,2,4
463,93,62,126,118,141,119,0.857143,0.990291,1,17
463,70,62,175,175,181,176,0.994318,0.994318,1,1
463,67,62,196,197,210,198,0.939394,1.000000,0,12
463,63,62,212,207,229,210,0.933333,0.984925,3,14
463,45,62,268,257,275,268,0.947761,0.992188,2,14
464,29,29,308,308,308,308,1.000000,1.000000,0,0
464,83,29,145,141,168,143,0.937063,0.992593,1,9
464,31,29,302,303,311,304,0.990132,1.000000,0,3
464,88,29,119,119,119,119,1.000000,1.000000,0,0
464,55,29,234,235,241,236,0.944915,0.995536,1,13
464,75,29,163,162,173,161,0.987578,0.993750,1,2
464,60,29,208,208,208,208,1.000000,1.000000,0,0
464,51,29,124,124,124,124,0.903226,0.472574,125,12
464,46,29,251,251,259,254,0.996063,1.000000,0,1
464,78,29,174,175,179,177,0.847458,0.993377,1,27
465,77,80,168,165,173,167,0.922156,1.000000,0,13
465,79,80,155,153,166,156,0.942308,0.993243,1,9
465,35,80,295,294,302,295,0.976271,1.000000,0,7
465,80,80,144,144,144,144,1.000000,1.000000,0,0
465,97,80,127,141,142,145,0.620690,1.000000,0,55
465,89,80,129,123,143,125,0.904000,0.974138,3,12
465,38,80,283,283,291,284,0.982394,1.000000,0,5
465,12,80,356,358,354,356,1.000000,0.983425,6,0
465,36,80,288,288,287,288,0.986111,0.996491,1,4
465,50,80,254,252,262,261,0.919540,1.000000,0,21
466,43,64,264,264,273,267,0.985019,1.000000,0,4
466,95,64,113,110,129,117,0.803419,0.979167,2,23
466,28,64,314,316,320,317,0.977918,0.996785,1,7
466,64,64,196,196,196,196,1.000000,1.000000,0,0
466,18,64,345,342,349,347,0.985591,0.997085,1,5
466,40,64,280,284,286,286,0.951049,1.000000,0,14
466,38,64,284,283,291,286,0.975524,1.000000,0,7
466,83,64,141,141,171,142,0.950704,1.000000,0,7
466,78,64,175,172,180,175,0.862857,1.000000,0,24
466,87,64,147,139,159,143,0.825175,0.967213,4,25
467,49,43,248,248,260,253,0.964427,1.000000,0,9
467,81,43,148,143,182,146,0.917808,0.950355,7,12
467,66,43,195,194,196,193,0.979275,1.000000,0,4
467,50,43,254,256,258,260,0.915385,0.991667,2,22
467,37,43,285,278,290,285,0.978947,0.989362,3,6
467,24,43,327,321,335,330,0.975758,0.993827,2,8
467,43,43,266,262,266,266,0.984962,0.996198,1,4
467,82,43,143,138,169,139,0.978417,0.985507,2,3
467,33,43,160,163,158,160,0.962500,0.522034,141,6
467,32,43,288,297,305,300,0.993333,1.000000,0,2
468,49,80,194,241,260,248,0.967742,0.983607,4,8
468,8,80,374,374,375,374,1.000000,0.997333,1,0
468,84,80,144,142,157,143,0.923077,1.000000,0,11
468,56,80,232,229,236,231,0.956710,1.000000,0,10
468,65,80,206,208,218,211,0.909953,1.000000,0,19
468,41,80,269,267,275,270,0.992593,0.996283,1,2
468,80,80,144,142,144,142,1.000000,0.986111,2,0
468,74,80,164,164,164,164,1.000000,1.000000,0,0
468,79,80,141,147,164,151,0.940397,0.959459,6,9
468,55,80,237,234,241,235,0.944681,0.991071,2,13
469,63,52,207,205,227,209,0.937799,0.984925,3,13
469,78,52,178,175,184,179,0.843575,1.000000,0,28
469,70,52,176,175,173,175,0.994286,0.988636,2,1
469,21,52,333,332,341,338,0.982249,0.996997,1,6
469,85,52,134,132,185,138,0.927536,1.000000,0,10
469,51,52,124,125,124,124,0.903226,0.472574,125,12
469,52,52,233,233,234,233,1.000000,0.995726,1,0
469,38,52,284,284,282,282,0.985816,0.996416,1,4
469,71,52,176,174,203,180,0.961111,1.000000,0,7
469,24,52,328,324,335,330,0.978788,0.996914,1,7
470,46,52,252,253,260,254,0.992126,0.996047,1,2
470,81,52,148,144,169,147,0.925170,0.964539,5,11
470,69,52,168,189,211,197,0.893401,0.977778,4,21
470,68,52,188,187,207,188,0.968085,0.994536,1,6
470,3,52,390,389,385,390,1.000000,0.997442,1,0
470,84,52,144,142,183,143,0.916084,0.992424,1,12
470,94,52,112,108,143,111,0.891892,0.990000,1,12
470,25,52,320,319,321,323,0.987616,0.996875,1,4
470,52,52,234,233,231,233,1.000000,0.995726,1,0
470,51,52,124,124,124,124,0.903226,0.472574,125,12
471,88,88,119,119,119,119,1.000000,1.000000,0,0
471,82,88,143,139,175,141,0.971631,0.992754,1,4
471,21,88,333,331,341,338,0.982249,0.996997,1,6
471,68,88,187,183,206,185,0.967568,0.978142,4,6
471,42,88,271,272,277,272,0.974265,0.996241,1,7
471,73,88,173,172,179,172,0.970930,1.000000,0,5
471,98,88,113,96,130,105,0.828571,1.000000,0,18
471,71,88,180,174,197,175,0.988571,1.000000,0,2
471,45,88,267,255,275,269,0.944238,0.992188,2,15
471,8,88,373,373,372,373,1.000000,0.994667,2,0
472,94,52,116,109,143,112,0.892857,1.000000,0,12
472,93,52,118,115,173,117,0.871795,0.990291,1,15
472,52,52,233,233,233,233,1.000000,0.995726,1,0
472,73,52,172,172,178,172,0.970930,1.000000,0,5
472,45,52,262,257,275,264,0.962121,0.992188,2,10
472,33,52,163,162,158,158,0.962025,0.515254,143,6
472,90,52,116,115,130,114,0.982456,1.000000,0,2
472,65,52,210,198,218,202,0.930693,0.979167,4,14
472,58,52,220,219,227,221,0.972851,1.000000,0,6
472,50,52,257,255,262,261,0.919540,1.000000,0,21
473,29,29,308,308,308,308,1.000000,1.000000,0,0
473,26,29,319,315,319,317,0.996845,0.996845,1,1
473,20,29,337,338,341,339,0.991150,1.000000,0,3
473,71,29,176,176,201,178,0.971910,1.000000,0,5
473,25,29,323,323,327,324,0.987654,1.000000,0,4
473,97,29,147,144,142,147,0.612245,1.000000,0,57
473,40,29,285,286,286,286,0.951049,1.000000,0,14
473,74,29,164,164,164,164,1.000000,1.000000,0,0
473,16,29,345,346,353,348,0.997126,0.994269,2,1
473,38,29,283,284,291,284,0.982394,1.000000,0,5
474,97,22,138,133,159,137,0.649635,0.988889,1,48
474,18,22,347,343,339,346,0.985549,0.994169,2,5
474,40,22,285,284,282,286,0.951049,1.000000,0,14
474,33,22,159,161,158,159,0.962264,0.518644,142,6
474,62,22,206,206,199,205,0.975610,0.990099,2,5
474,22,22,336,333,331,331,0.990937,0.993939,2,3
474,63,22,203,199,226,204,0.931373,0.954774,9,14
474,93,22,117,116,183,116,0.879310,0.990291,1,14
474,49,22,251,246,260,251,0.972112,1.000000,0,7
474,26,22,318,318,326,320,0.987500,0.996845,1,4
475,61,61,205,205,205,205,1.000000,1.000000,0,0
475,71,61,178,170,202,173,0.988439,0.988439,2,2
475,74,61,164,164,164,164,1.000000,1.000000,0,0
475,75,61,162,159,172,162,0.981481,0.993750,1,3
475,22,61,333,333,334,334,0.985030,0.996970,1,5
475,13,61,359,357,341,357,1.000000,0.994429,2,0
475,41,61,266,266,277,269,0.992565,0.992565,2,2
475,9,61,372,372,372,372,1.000000,1.000000,0,0
475,56,61,230,230,239,231,0.956710,1.000000,0,10
475,84,61,143,138,157,142,0.915493,0.984848,2,12
476,87,60,144,140,158,144,0.833333,0.983607,2,24
476,11,60,357,358,370,366,0.991803,0.994521,2,3
476,23,60,328,328,326,328,0.993902,0.996942,1,2
476,91,60,127,123,136,124,0.854839,0.972477,3,18
476,77,60,167,164,173,165,0.933333,1.000000,0,11
476,60,60,208,208,208,208,1.000000,1.000000,0,0
476,76,60,162,161,182,161,0.962733,0.987261,2,6
476,33,60,167,176,158,164,0.963415,0.535593,137,6
476,75,60,161,162,170,162,0.987654,1.000000,0,2
476,19,60,337,335,341,338,0.997041,0.991176,3,1
477,93,64,117,114,145,114,0.894737,0.990291,1,12
477,50,64,259,260,262,262,0.916031,1.000000,0,22
477,6,64,379,379,379,379,0.997361,0.992126,3,1
477,17,64,343,342,353,348,0.985632,0.991329,3,5
477,5,64,381,381,380,382,1.000000,0.994792,2,0
477,64,64,196,196,196,196,1.000000,1.000000,0,0
477,39,64,286,284,287,286,0.965035,1.000000,0,10
477,79,64,109,134,90,129,0.937984,0.817568,27,8
477,16,64,347,345,350,347,0.997118,0.991404,3,1
477,77,64,167,162,173,165,0.933333,1.000000,0,11
478,45,60,261,257,275,265,0.958491,0.992188,2,11
478,60,60,208,208,208,208,1.000000,1.000000,0,0
478,41,60,268,268,284,269,0.992565,0.992565,2,2
478,89,60,126,123,143,125,0.912000,0.982759,2,11
478,95,60,115,113,129,117,0.794872,0.968750,3,24
478,63,60,146,175,123,151,0.907285,0.688442,62,14
478,13,60,359,358,361,359,1.000000,1.000000,0,0
478,50,60,260,258,262,261,0.915709,0.995833,1,22
478,42,60,273,270,277,273,0.974359,1.000000,0,7
478,92,60,111,109,139,112,0.937500,0.990566,1,7
479,36,64,288,288,296,288,0.986111,0.996491,1,4
479,90,64,115,114,140,115,0.973913,1.000000,0,3
479,26,64,318,315,329,320,0.990625,1.000000,0,3
479,64,64,196,196,196,196,1.000000,1.000000,0,0
479,16,64,346,344,350,347,0.997118,0.991404,3,1
479,17,64,343,341,353,348,0.985632,0.991329,3,5
479,84,64,143,140,158,144,0.909722,0.992424,1,13
479,51,64,124,124,124,124,0.903226,0.472574,125,12
479,94,64,112,108,126,112,0.892857,1.000000,0,12
479,60,64,208,208,208,208,1.000000,1.000000,0,0
480,40,9,285,284,286,286,0.951049,1.000000,0,14
480,55,9,237,231,241,235,0.948936,0.995536,1,12
480,70,9,175,173,189,175,0.994286,0.988636,2,1
480,93,9,117,115,145,117,0.871795,0.990291,1,15
480,9,9,372,372,372,372,1.000000,1.000000,0,0
480,53,9,234,231,248,235,0.974468,0.991342,2,6
480,79,9,149,155,166,161,0.919255,1.000000,0,13
480,1,9,393,393,378,392,1.000000,0.987406,5,0
480,10,9,364,361,369,367,0.997275,0.994565,2,1
480,44,9,261,260,269,264,0.984848,1.000000,0,4
481,93,52,119,113,180,115,0.878261,0.980583,2,14
481,6,52,378,375,380,379,0.997361,0.992126,3,1
481,57,52,228,224,238,230,0.939130,0.990826,2,14
481,4,52,386,385,385,385,1.000000,0.992268,3,0
481,52,52,233,233,234,233,1.000000,0.995726,1,0
481,12,52,357,356,361,358,1.000000,0.988950,4,0
481,55,52,234,232,240,231,0.956710,0.986607,3,10
481,31,52,282,295,312,300,0.986667,0.983389,5,4
481,49,52,207,231,247,237,0.974684,0.946721,13,6
481,39,52,286,282,281,284,0.968310,0.996377,1,9
482,0,0,386,398,371,399,1.000000,0.997500,1,0
482,1,0,392,392,397,394,1.000000,0.992443,3,0
482,64,0,196,196,196,196,1.000000,1.000000,0,0
482,82,0,141,137,177,138,0.985507,0.985507,2,2
482,45,0,265,259,275,267,0.951311,0.992188,2,13
482,72,0,196,196,199,199,0.854271,1.000000,0,29
482,73,0,173,172,183,172,0.970930,1.000000,0,5
482,75,0,162,159,176,159,0.987421,0.981250,3,2
482,23,0,328,328,331,328,0.996951,1.000000,0,1
482,4,0,386,385,384,386,1.000000,0.994845,2,0
483,51,29,124,126,124,124,0.903226,0.472574,125,12
483,83,29,142,136,171,137,0.963504,0.977778,3,5
483,29,29,308,308,308,308,1.000000,1.000000,0,0
483,85,29,138,134,160,136,0.941176,1.000000,0,8
483,87,29,144,142,158,147,0.829932,1.000000,0,25
483,31,29,301,300,311,305,0.986885,1.000000,0,4
483,76,29,161,160,182,161,0.962733,0.987261,2,6
483,84,29,141,139,158,140,0.921429,0.977273,3,11
483,6,29,378,377,380,380,0.997368,0.994751,2,1
483,34,29,296,293,304,297,0.973064,0.989726,3,8
484,31,4,305,302,312,305,0.986885,1.000000,0,4
484,55,4,233,231,240,232,0.943966,0.977679,5,13
484,34,4,297,290,303,293,0.976109,0.979452,6,7
484,20,4,338,336,326,334,0.991018,0.985119,5,3
484,48,4,129,129,129,129,0.930233,0.485830,127,9
484,42,4,273,272,256,268,0.977612,0.984962,4,6
484,21,4,335,337,341,338,0.982249,0.996997,1,6
484,92,4,111,108,166,111,0.954955,1.000000,0,5
484,4,4,387,385,387,387,1.000000,0.997423,1,0
484,16,4,346,345,352,347,0.997118,0.991404,3,1
485,81,52,150,144,163,144,0.923611,0.943262,8,11
485,21,52,332,330,341,335,0.985075,0.990991,3,5
485,86,52,131,128,161,128,0.968750,0.992000,1,4
485,65,52,195,205,218,208,0.918269,0.994792,1,17
485,75,52,161,160,158,160,0.993750,0.993750,1,1
485,20,52,336,336,318,335,0.997015,0.994048,2,1
485,39,52,284,282,273,279,0.971326,0.981884,5,8
485,89,52,127,125,167,128,0.898438,0.991379,1,13
485,52,52,233,233,232,232,1.000000,0.991453,2,0
485,78,52,179,180,182,181,0.834254,1.000000,0,30
486,45,64,268,262,274,269,0.947955,0.996094,1,14
486,64,64,196,196,196,196,1.000000,1.000000,0,0
486,84,64,139,140,158,142,0.929577,1.000000,0,10
486,83,64,139,139,170,144,0.937500,1.000000,0,9
486,72,64,193,197,199,199,0.854271,1.000000,0,29
486,55,64,234,231,241,236,0.944915,0.995536,1,13
486,74,64,164,164,164,164,1.000000,1.000000,0,0
486,52,64,233,235,246,235,0.991489,0.995726,1,2
486,24,64,328,324,333,330,0.978788,0.996914,1,7
486,17,64,345,341,353,347,0.985591,0.988439,4,5
487,57,64,228,227,238,229,0.943231,0.990826,2,13
487,63,64,112,186,104,162,0.919753,0.748744,50,13
487,28,64,317,313,320,317,0.977918,0.996785,1,7
487,64,64,196,196,196,196,1.000000,1.000000,0,0
487,40,64,282,283,286,286,0.951049,1.000000,0,14
487,89,64,128,124,144,125,0.912000,0.982759,2,11
487,16,64,346,344,352,346,0.997110,0.988539,4,1
487,50,64,258,259,262,262,0.916031,1.000000,0,22
487,23,64,329,328,329,329,0.993921,1.000000,0,2
487,68,64,186,184,205,185,0.978378,0.989071,2,4
488,43,14,267,265,269,265,0.984906,0.992395,2,4
488,72,14,193,197,209,198,0.853535,0.994118,1,29
488,55,14,234,234,240,237,0.940928,0.995536,1,14
488,15,14,246,287,338,300,0.986667,0.840909,56,4
488,79,14,163,150,166,154,0.941558,0.979730,3,9
488,31,14,304,302,309,303,0.990099,0.996678,1,3
488,21,14,334,333,339,336,0.988095,0.996997,1,4
488,14,14,354,357,356,356,0.997191,0.997191,1,1
488,87,14,145,143,170,147,0.823129,0.991803,1,26
488,10,14,368,357,374,368,0.997283,0.997283,1,1
489,21,80,334,336,341,338,0.982249,0.996997,1,6
489,80,80,144,143,144,143,1.000000,0.993056,1,0
489,87,80,147,142,159,149,0.818792,1.000000,0,27
489,79,80,141,152,164,156,0.942308,0.993243,1,9
489,51,80,124,124,124,124,0.903226,0.472574,125,12
489,36,80,288,286,293,288,0.986111,0.996491,1,4
489,43,80,266,263,274,267,0.985019,1.000000,0,4
489,33,80,196,240,295,258,0.976744,0.854237,43,6
489,83,80,143,141,164,144,0.930556,0.992593,1,10
489,10,80,361,351,368,366,0.997268,0.991848,3,1
490,67,29,195,197,210,197,0.944162,1.000000,0,11
490,55,29,236,232,241,236,0.944915,0.995536,1,13
490,3,29,390,390,391,390,1.000000,0.997442,1,0
490,35,29,294,294,301,295,0.976271,1.000000,0,7
490,29,29,308,308,308,308,1.000000,1.000000,0,0
490,86,29,129,128,143,128,0.968750,0.992000,1,4
490,8,29,373,373,376,373,1.000000,0.994667,2,0
490,44,29,262,259,268,262,0.992366,1.000000,0,2
490,90,29,117,115,143,115,0.973913,1.000000,0,3
490,79,29,155,148,166,153,0.934641,0.966216,5,10
491,56,61,232,229,240,231,0.956710,1.000000,0,10
491,43,61,267,262,266,266,0.984962,0.996198,1,4
491,82,61,139,138,176,139,0.985612,0.992754,1,2
491,51,61,124,123,124,123,0.910569,0.472574,125,11
491,79,61,134,151,166,154,0.954545,0.993243,1,7
491,55,61,237,237,241,237,0.945148,1.000000,0,13
491,61,61,205,204,205,204,1.000000,0.995122,1,0
491,53,61,235,235,249,235,0.978723,0.995671,1,5
491,45,61,267,263,275,268,0.947761,0.992188,2,14
491,57,61,228,229,236,228,0.951754,0.995413,1,11
492,9,9,372,372,372,372,1.000000,1.000000,0,0
492,35,9,294,293,301,295,0.976271,1.000000,0,7
492,87,9,148,145,159,149,0.818792,1.000000,0,27
492,3,9,390,389,390,390,1.000000,0.997442,1,0
492,19,9,334,335,344,340,0.997059,0.997059,1,1
492,40,9,283,285,286,286,0.951049,1.000000,0,14
492,32,9,301,299,305,301,0.990033,1.000000,0,3
492,77,9,166,163,173,167,0.922156,1.000000,0,13
492,81,9,147,145,165,144,0.937500,0.957447,6,9
492,18,9,343,342,353,346,0.985549,0.994169,2,5
493,72,1,195,198,199,199,0.854271,1.000000,0,29
493,12,1,360,360,360,360,1.000000,0.994475,2,0
493,17,1,343,339,330,335,0.985075,0.953757,16,5
493,75,1,161,158,160,156,0.987179,0.962500,6,2
493,66,1,196,192,193,192,0.979167,0.994709,1,4
493,93,1,117,116,179,119,0.857143,0.990291,1,17
493,13,1,358,357,353,355,1.000000,0.988858,4,0
493,31,1,302,300,310,303,0.990099,0.996678,1,3
493,1,1,393,394,389,392,1.000000,0.987406,5,0
493,86,1,128,128,173,128,0.968750,0.992000,1,4
494,28,64,312,313,320,317,0.981073,1.000000,0,6
494,82,64,139,138,175,139,0.985612,0.992754,1,2
494,37,64,286,283,289,287,0.979094,0.996454,1,6
494,79,64,133,147,165,152,0.947368,0.972973,4,8
494,91,64,125,123,135,125,0.848000,0.972477,3,19
494,71,64,177,173,201,174,0.988506,0.994220,1,2
494,17,64,337,337,353,342,0.985380,0.973988,9,5
494,46,64,251,252,261,255,0.992157,1.000000,0,2
494,64,64,196,196,196,196,1.000000,1.000000,0,0
494,84,64,142,141,158,142,0.922535,0.992424,1,11
495,60,60,208,208,208,208,1.000000,1.000000,0,0
495,68,60,187,181,206,184,0.972826,0.978142,4,5
495,4,60,387,386,388,387,1.000000,0.997423,1,0
495,81,60,144,142,165,144,0.937500,0.957447,6,9
495,90,60,116,115,144,115,0.973913,1.000000,0,3
495,84,60,141,140,158,142,0.915493,0.984848,2,12
495,39,60,281,282,285,284,0.968310,0.996377,1,9
495,27,60,317,315,323,319,0.984326,1.000000,0,5
495,38,60,284,285,289,285,0.978947,1.000000,0,6
495,58,60,220,219,233,222,0.968468,1.000000,0,7
496,95,22,117,113,164,114,0.824561,0.979167,2,20
496,94,22,112,107,143,106,0.924528,0.980000,2,8
496,63,22,206,203,225,204,0.965686,0.989950,2,7
496,62,22,206,204,205,204,0.985294,0.995050,1,3
496,34,22,293,288,304,295,0.976271,0.986301,4,7
496,27,22,316,309,316,314,0.984076,0.984076,5,5
496,10,22,363,361,374,367,0.997275,0.994565,2,1
496,22,22,334,331,334,334,0.985030,0.996970,1,5
496,99,22,231,234,245,236,0.355932,1.000000,0,152
496,72,22,197,197,201,197,0.862944,1.000000,0,27
497,31,42,302,304,298,302,0.990066,0.993355,2,3
497,25,42,324,322,316,320,0.993750,0.993750,2,2
497,39,42,284,282,287,284,0.968310,0.996377,1,9
497,26,42,320,320,327,321,0.987539,1.000000,0,4
497,42,42,271,267,271,272,0.977941,1.000000,0,6
497,59,42,217,217,233,218,0.967890,0.995283,1,7
497,95,42,114,114,164,117,0.803419,0.979167,2,23
497,54,42,231,231,230,231,0.982684,0.995614,1,4
497,67,42,197,194,183,185,0.989189,0.983871,3,2
497,28,42,315,317,320,317,0.981073,1.000000,0,6
498,71,88,177,170,202,172,0.994186,0.988439,2,1
498,40,88,284,283,286,286,0.951049,1.000000,0,14
498,93,88,120,115,151,118,0.855932,0.980583,2,17
498,21,88,337,332,341,338,0.982249,0.996997,1,6
498,15,88,340,347,356,353,0.985836,0.988636,4,5
498,70,88,176,175,180,175,0.994286,0.988636,2,1
498,88,88,119,119,119,119,1.000000,1.000000,0,0
498,38,88,285,284,291,287,0.972125,1.000000,0,8
498,5,88,382,382,365,380,1.000000,0.989583,4,0
498,62,88,205,206,204,205,0.985366,1.000000,0,3
499,76,14,161,161,195,163,0.957055,0.993631,1,7
499,66,14,194,192,213,193,0.979275,1.000000,0,4
499,34,14,295,289,304,296,0.976351,0.989726,3,7
499,53,14,235,234,248,235,0.978723,0.995671,1,5
499,24,14,329,324,319,328,0.978659,0.990741,3,7
499,31,14,305,301,309,306,0.983660,1.000000,0,5
499,84,14,144,143,163,147,0.897959,1.000000,0,15
499,28,14,317,315,320,317,0.981073,1.000000,0,6
499,37,14,287,280,281,286,0.979021,0.992908,2,6
499,14,14,356,356,355,355,0.997183,0.994382,2,1
