epoch,global_acc,global_loss,selected_clients,net2_avg_acc,best_net2_client,best_net2_acc,best_net2_used,scoreA_clean_ratio,scoreA_precision,scoreA_recall,fedrn_clean_ratio,fedrn_precision,fedrn_recall,bestnet2_clean_ratio,bestnet2_precision,bestnet2_recall,final_clean_ratio,final_precision,final_recall,missed_clean,false_clean,net1_train_loss,net2_train_loss,neighbor_ft_ep,net2_ft_ep
0,14.980000,2.269351,37|22|80|52|53|54|31|63|19|35|1|45|40|26|70|97|15|59|99|29|34|0|88|46|13|74|78|44|71|77|96|18|55|58|60|79|49|41|87|62|9|4|61|7|25|16|43|82|6|98,-1.000000,-1,-1.000000,0,-1.000000,-1.000000,-1.000000,-1.000000,-1.000000,-1.000000,-1.000000,-1.000000,-1.000000,-1.000000,-1.000000,-1.000000,-1,-1,1.568422,-1.000000,1,1
1,19.370000,2.205485,67|27|65|46|16|91|59|74|57|3|32|73|90|79|17|95|36|4|50|54|53|11|82|61|58|18|70|45|41|25|26|21|94|56|80|93|30|51|9|84|87|81|10|15|69|47|98|31|43|92,-1.000000,-1,-1.000000,0,-1.000000,-1.000000,-1.000000,-1.000000,-1.000000,-1.000000,-1.000000,-1.000000,-1.000000,-1.000000,-1.000000,-1.000000,-1,-1,1.646074,-1.000000,1,1
2,21.350000,2.178387,12|91|72|58|1|28|90|98|20|2|22|68|40|95|43|67|94|86|59|93|23|78|48|79|7|50|19|87|53|51|64|54|75|73|96|33|88|6|21|32|29|70|30|5|60|49|83|38|55|71,-1.000000,-1,-1.000000,0,-1.000000,-1.000000,-1.000000,-1.000000,-1.000000,-1.000000,-1.000000,-1.000000,-1.000000,-1.000000,-1.000000,-1.000000,-1,-1,1.638333,-1.000000,1,1
3,20.530000,2.160278,66|38|70|35|12|33|60|93|26|43|98|21|84|65|74|16|90|79|23|91|89|39|85|63|22|92|34|67|36|68|69|75|3|83|49|11|88|86|0|44|81|50|52|82|80|9|30|20|77|15,-1.000000,-1,-1.000000,0,-1.000000,-1.000000,-1.000000,-1.000000,-1.000000,-1.000000,-1.000000,-1.000000,-1.000000,-1.000000,-1.000000,-1.000000,-1,-1,1.648550,-1.000000,1,1
4,23.640000,2.133977,37|67|55|63|29|24|25|42|81|96|34|58|79|74|14|10|9|19|41|52|50|17|33|66|71|48|59|21|87|57|20|97|15|23|92|47|46|2|94|68|16|54|30|32|93|89|13|3|77|0,-1.000000,-1,-1.000000,0,-1.000000,-1.000000,-1.000000,-1.000000,-1.000000,-1.000000,-1.000000,-1.000000,-1.000000,-1.000000,-1.000000,-1.000000,-1,-1,1.506182,-1.000000,1,1
5,23.750000,2.120314,91|82|90|77|99|45|37|35|61|65|98|56|20|43|40|8|39|24|33|94|62|2|0|58|64|74|86|9|30|25|36|6|59|78|46|87|14|22|27|11|81|73|15|3|69|1|48|49|96|66,-1.000000,-1,-1.000000,0,-1.000000,-1.000000,-1.000000,-1.000000,-1.000000,-1.000000,-1.000000,-1.000000,-1.000000,-1.000000,-1.000000,-1.000000,-1,-1,1.517507,-1.000000,1,1
6,25.280000,2.103328,6|52|79|65|54|35|32|61|31|82|14|40|75|86|9|72|69|48|38|8|81|59|30|90|33|57|95|11|85|53|41|27|1|97|66|99|70|42|84|74|71|12|63|39|21|24|5|78|0|15,-1.000000,-1,-1.000000,0,-1.000000,-1.000000,-1.000000,-1.000000,-1.000000,-1.000000,-1.000000,-1.000000,-1.000000,-1.000000,-1.000000,-1.000000,-1,-1,1.551914,-1.000000,1,1
7,28.320000,2.071197,79|8|33|47|83|59|75|2|3|70|44|22|31|53|81|96|20|82|10|41|56|73|29|26|93|46|85|58|37|30|40|24|66|62|71|34|54|14|32|80|84|21|25|39|87|74|95|78|88|16,-1.000000,-1,-1.000000,0,-1.000000,-1.000000,-1.000000,-1.000000,-1.000000,-1.000000,-1.000000,-1.000000,-1.000000,-1.000000,-1.000000,-1.000000,-1,-1,1.584553,-1.000000,1,1
8,28.250000,2.066565,6|1|79|4|9|59|21|15|86|27|51|77|43|63|69|10|60|41|84|91|89|45|95|58|33|37|64|61|66|19|20|18|11|49|93|36|5|13|35|38|68|78|72|2|44|56|24|55|39|0,-1.000000,-1,-1.000000,0,-1.000000,-1.000000,-1.000000,-1.000000,-1.000000,-1.000000,-1.000000,-1.000000,-1.000000,-1.000000,-1.000000,-1.000000,-1,-1,1.449331,-1.000000,1,1
9,30.020000,2.054079,49|97|5|72|87|2|74|9|92|75|1|13|43|17|44|51|77|39|66|6|79|83|23|27|60|52|85|46|65|59|25|45|82|67|98|93|21|40|33|68|16|50|48|31|26|57|69|37|53|96,-1.000000,-1,-1.000000,0,-1.000000,-1.000000,-1.000000,-1.000000,-1.000000,-1.000000,-1.000000,-1.000000,-1.000000,-1.000000,-1.000000,-1.000000,-1,-1,1.573749,-1.000000,1,1
10,30.280000,2.043874,1|75|80|42|78|79|82|38|45|8|44|54|37|98|93|40|35|58|41|50|76|18|27|90|59|47|14|20|51|21|77|19|32|88|5|96|89|11|12|30|48|84|2|94|64|33|15|71|6|87,-1.000000,-1,-1.000000,0,-1.000000,-1.000000,-1.000000,-1.000000,-1.000000,-1.000000,-1.000000,-1.000000,-1.000000,-1.000000,-1.000000,-1.000000,-1,-1,1.528324,-1.000000,1,1
11,32.720000,2.019625,1|90|82|40|18|96|86|12|39|51|5|14|99|11|74|91|67|22|52|41|64|61|0|25|50|13|68|42|21|38|84|94|92|62|97|58|53|89|80|6|32|81|54|16|88|34|3|4|27|56,-1.000000,-1,-1.000000,0,-1.000000,-1.000000,-1.000000,-1.000000,-1.000000,-1.000000,-1.000000,-1.000000,-1.000000,-1.000000,-1.000000,-1.000000,-1,-1,1.496189,-1.000000,1,1
12,31.730000,2.018613,32|70|51|84|49|46|48|89|5|92|21|52|12|73|30|27|16|83|61|9|33|14|17|82|63|69|76|35|19|31|86|45|18|99|60|80|10|93|6|0|7|55|58|1|38|25|97|42|11|43,-1.000000,-1,-1.000000,0,-1.000000,-1.000000,-1.000000,-1.000000,-1.000000,-1.000000,-1.000000,-1.000000,-1.000000,-1.000000,-1.000000,-1.000000,-1,-1,1.439677,-1.000000,1,1
13,32.370000,2.016695,93|14|52|48|12|40|20|18|92|74|97|19|55|82|23|9|8|27|61|91|68|1|29|78|37|32|64|13|26|6|59|65|51|11|54|86|80|69|10|63|2|77|79|85|43|3|5|24|0|99,-1.000000,-1,-1.000000,0,-1.000000,-1.000000,-1.000000,-1.000000,-1.000000,-1.000000,-1.000000,-1.000000,-1.000000,-1.000000,-1.000000,-1.000000,-1,-1,1.401220,-1.000000,1,1
14,32.420000,2.019312,30|62|8|19|74|82|16|55|5|26|93|42|99|40|71|87|76|86|36|29|50|18|59|20|54|27|39|21|66|57|73|88|81|11|48|97|12|78|34|58|31|49|2|13|91|80|84|96|14|75,-1.000000,-1,-1.000000,0,-1.000000,-1.000000,-1.000000,-1.000000,-1.000000,-1.000000,-1.000000,-1.000000,-1.000000,-1.000000,-1.000000,-1.000000,-1,-1,1.548723,-1.000000,1,1
15,30.840000,2.019443,64|24|17|3|57|86|11|95|71|32|97|42|49|13|78|21|23|87|44|69|47|7|52|75|68|88|27|83|56|36|72|70|55|65|98|67|80|2|15|0|45|74|20|51|59|12|76|38|25|60,-1.000000,-1,-1.000000,0,-1.000000,-1.000000,-1.000000,-1.000000,-1.000000,-1.000000,-1.000000,-1.000000,-1.000000,-1.000000,-1.000000,-1.000000,-1,-1,1.529455,-1.000000,1,1
16,32.040000,2.013819,9|65|16|10|38|19|61|8|77|70|21|50|42|97|75|32|67|59|12|22|29|58|35|73|23|90|96|27|37|93|83|4|94|72|44|45|62|88|63|84|68|43|40|41|30|82|66|95|60|48,-1.000000,-1,-1.000000,0,-1.000000,-1.000000,-1.000000,-1.000000,-1.000000,-1.000000,-1.000000,-1.000000,-1.000000,-1.000000,-1.000000,-1.000000,-1,-1,1.580481,-1.000000,1,1
17,33.920000,1.984743,21|42|93|50|38|5|47|96|71|92|43|40|72|36|87|24|10|85|37|30|73|52|41|69|60|32|95|25|20|45|39|65|3|19|14|68|86|84|26|4|12|83|13|70|74|64|98|54|97|53,-1.000000,-1,-1.000000,0,-1.000000,-1.000000,-1.000000,-1.000000,-1.000000,-1.000000,-1.000000,-1.000000,-1.000000,-1.000000,-1.000000,-1.000000,-1,-1,1.543993,-1.000000,1,1
18,33.770000,1.985297,19|25|89|96|76|80|73|5|45|84|98|14|4|60|94|31|65|75|50|52|13|3|26|40|90|22|69|27|39|55|99|46|23|87|88|43|37|24|57|78|67|71|81|86|63|56|0|20|6|38,-1.000000,-1,-1.000000,0,-1.000000,-1.000000,-1.000000,-1.000000,-1.000000,-1.000000,-1.000000,-1.000000,-1.000000,-1.000000,-1.000000,-1.000000,-1,-1,1.539278,-1.000000,1,1
19,32.770000,1.989931,11|62|67|84|6|64|68|48|72|89|47|88|22|3|39|1|50|41|0|24|51|61|13|97|70|83|15|29|40|99|93|36|18|21|52|66|19|5|12|53|69|45|73|82|79|56|49|28|74|33,-1.000000,-1,-1.000000,0,-1.000000,-1.000000,-1.000000,-1.000000,-1.000000,-1.000000,-1.000000,-1.000000,-1.000000,-1.000000,-1.000000,-1.000000,-1,-1,1.476623,-1.000000,1,1
20,33.090000,2.001817,7|14|1|80|28|66|65|59|97|15|83|3|74|99|33|39|16|47|41|84|49|72|36|21|98|93|58|42|17|79|60|81|19|38|2|73|96|89|91|86|69|67|90|68|94|23|32|51|71|40,-1.000000,-1,-1.000000,0,-1.000000,-1.000000,-1.000000,-1.000000,-1.000000,-1.000000,-1.000000,-1.000000,-1.000000,-1.000000,-1.000000,-1.000000,-1,-1,1.593718,-1.000000,1,1
21,33.490000,1.991931,13|36|55|64|69|46|61|15|42|56|2|33|39|97|9|22|59|57|63|85|48|1|29|72|20|83|8|51|92|23|37|74|43|5|82|47|65|58|27|77|32|0|38|30|12|99|71|50|66|28,-1.000000,-1,-1.000000,0,-1.000000,-1.000000,-1.000000,-1.000000,-1.000000,-1.000000,-1.000000,-1.000000,-1.000000,-1.000000,-1.000000,-1.000000,-1,-1,1.434231,-1.000000,1,1
22,35.640000,1.976181,80|58|31|72|93|84|18|42|8|7|57|91|25|46|27|30|28|98|70|88|10|14|90|20|53|38|32|83|94|12|19|79|69|89|77|47|35|15|2|24|33|75|26|13|4|81|87|82|74|54,-1.000000,-1,-1.000000,0,-1.000000,-1.000000,-1.000000,-1.000000,-1.000000,-1.000000,-1.000000,-1.000000,-1.000000,-1.000000,-1.000000,-1.000000,-1,-1,1.495809,-1.000000,1,1
23,32.870000,1.976627,74|90|65|48|81|22|15|64|2|38|11|39|95|7|54|56|97|19|78|41|13|70|32|94|4|44|14|27|93|89|71|9|25|82|83|16|79|73|99|21|40|80|62|63|23|46|20|1|0|43,-1.000000,-1,-1.000000,0,-1.000000,-1.000000,-1.000000,-1.000000,-1.000000,-1.000000,-1.000000,-1.000000,-1.000000,-1.000000,-1.000000,-1.000000,-1,-1,1.440990,-1.000000,1,1
24,36.760000,1.948037,64|73|12|10|23|19|81|70|48|93|22|53|72|32|30|92|13|16|62|45|27|95|61|77|88|26|90|98|52|68|7|94|66|82|78|87|5|8|97|1|38|59|67|44|41|6|37|3|24|63,-1.000000,-1,-1.000000,0,-1.000000,-1.000000,-1.000000,-1.000000,-1.000000,-1.000000,-1.000000,-1.000000,-1.000000,-1.000000,-1.000000,-1.000000,-1,-1,1.492521,-1.000000,1,1
25,36.470000,1.946682,14|76|63|80|1|35|17|33|22|68|99|37|4|84|45|65|7|34|8|53|92|15|97|54|18|47|81|69|71|50|55|40|58|82|13|56|57|49|39|90|25|29|16|46|75|52|42|31|74|73,-1.000000,-1,-1.000000,0,-1.000000,-1.000000,-1.000000,-1.000000,-1.000000,-1.000000,-1.000000,-1.000000,-1.000000,-1.000000,-1.000000,-1.000000,-1,-1,1.491694,-1.000000,1,1
26,37.180000,1.947994,38|69|39|81|1|42|82|40|20|36|22|91|13|26|4|92|12|21|65|79|18|48|41|85|46|83|58|56|94|77|93|63|3|78|99|64|67|84|68|96|25|28|50|23|16|89|14|59|49|33,-1.000000,-1,-1.000000,0,-1.000000,-1.000000,-1.000000,-1.000000,-1.000000,-1.000000,-1.000000,-1.000000,-1.000000,-1.000000,-1.000000,-1.000000,-1,-1,1.525292,-1.000000,1,1
27,36.730000,1.943676,96|15|5|28|55|1|47|65|34|73|16|61|37|75|89|97|13|43|26|70|58|72|14|33|12|29|84|56|18|27|98|38|6|39|25|32|20|44|41|40|49|88|53|51|52|64|71|10|67|80,-1.000000,-1,-1.000000,0,-1.000000,-1.000000,-1.000000,-1.000000,-1.000000,-1.000000,-1.000000,-1.000000,-1.000000,-1.000000,-1.000000,-1.000000,-1,-1,1.448430,-1.000000,1,1
28,35.860000,1.947006,90|25|58|76|6|87|42|72|34|18|47|92|74|68|29|66|2|3|67|9|86|43|99|84|81|52|96|33|27|77|37|91|14|35|24|1|38|65|70|20|5|56|79|23|11|50|53|62|28|19,-1.000000,-1,-1.000000,0,-1.000000,-1.000000,-1.000000,-1.000000,-1.000000,-1.000000,-1.000000,-1.000000,-1.000000,-1.000000,-1.000000,-1.000000,-1,-1,1.449111,-1.000000,1,1
29,32.300000,1.986639,20|70|60|57|11|99|25|48|15|29|81|39|2|68|41|8|71|37|19|34|10|82|89|84|74|55|78|45|67|9|72|31|76|65|79|88|50|26|56|86|21|59|24|28|66|69|63|47|52|90,-1.000000,-1,-1.000000,0,-1.000000,-1.000000,-1.000000,-1.000000,-1.000000,-1.000000,-1.000000,-1.000000,-1.000000,-1.000000,-1.000000,-1.000000,-1,-1,1.543400,-1.000000,1,1
30,35.830000,1.960870,67|7|2|39|55|71|12|86|14|21|61|62|1|6|82|24|53|80|88|79|4|72|36|75|66|49|81|50|60|48|63|91|27|95|3|99|83|37|13|76|73|26|45|98|56|38|54|46|92|64,-1.000000,-1,-1.000000,0,-1.000000,-1.000000,-1.000000,-1.000000,-1.000000,-1.000000,-1.000000,-1.000000,-1.000000,-1.000000,-1.000000,-1.000000,-1,-1,1.522094,-1.000000,1,1
31,34.610000,1.952642,32|11|72|12|87|82|52|16|44|55|88|64|66|49|50|0|63|54|68|19|96|42|4|6|25|73|23|40|3|91|53|46|58|33|15|14|89|86|36|30|31|51|74|80|13|9|92|27|70|2,-1.000000,-1,-1.000000,0,-1.000000,-1.000000,-1.000000,-1.000000,-1.000000,-1.000000,-1.000000,-1.000000,-1.000000,-1.000000,-1.000000,-1.000000,-1,-1,1.390213,-1.000000,1,1
32,36.110000,1.950501,46|34|84|96|59|78|55|48|23|30|99|83|90|33|38|47|5|68|86|63|65|64|74|75|81|16|77|14|43|66|73|35|28|49|70|85|10|58|92|89|36|87|79|80|60|17|82|25|18|20,-1.000000,-1,-1.000000,0,-1.000000,-1.000000,-1.000000,-1.000000,-1.000000,-1.000000,-1.000000,-1.000000,-1.000000,-1.000000,-1.000000,-1.000000,-1,-1,1.613576,-1.000000,1,1
33,35.510000,1.963969,72|27|79|57|53|63|47|69|74|10|32|78|98|86|42|33|83|75|22|65|61|49|14|40|52|3|15|43|62|93|88|82|67|35|77|45|7|64|58|96|4|85|31|94|20|87|25|97|76|46,-1.000000,-1,-1.000000,0,-1.000000,-1.000000,-1.000000,-1.000000,-1.000000,-1.000000,-1.000000,-1.000000,-1.000000,-1.000000,-1.000000,-1.000000,-1,-1,1.589412,-1.000000,1,1
34,36.160000,1.950924,28|46|29|4|54|61|94|25|18|17|34|49|79|70|81|12|27|39|83|56|20|30|51|21|31|76|59|93|11|97|58|13|86|80|55|82|43|16|85|50|63|37|10|0|9|98|67|74|89|23,-1.000000,-1,-1.000000,0,-1.000000,-1.000000,-1.000000,-1.000000,-1.000000,-1.000000,-1.000000,-1.000000,-1.000000,-1.000000,-1.000000,-1.000000,-1,-1,1.451468,-1.000000,1,1
35,35.600000,1.955856,78|35|63|60|40|83|90|23|4|47|32|51|19|95|84|66|49|65|9|75|57|33|36|68|87|70|97|31|62|85|81|24|26|69|14|41|53|73|25|54|91|22|96|8|89|18|64|39|30|20,-1.000000,-1,-1.000000,0,-1.000000,-1.000000,-1.000000,-1.000000,-1.000000,-1.000000,-1.000000,-1.000000,-1.000000,-1.000000,-1.000000,-1.000000,-1,-1,1.530765,-1.000000,1,1
36,36.500000,1.945374,20|50|21|96|55|25|70|0|44|12|94|54|72|27|83|3|6|61|52|98|29|34|88|16|39|49|51|37|30|58|65|43|71|78|82|38|47|42|9|92|8|46|57|60|1|7|84|85|90|23,-1.000000,-1,-1.000000,0,-1.000000,-1.000000,-1.000000,-1.000000,-1.000000,-1.000000,-1.000000,-1.000000,-1.000000,-1.000000,-1.000000,-1.000000,-1,-1,1.426279,-1.000000,1,1
37,37.220000,1.932990,75|45|57|44|21|13|17|92|82|5|84|50|63|71|69|49|85|23|88|25|33|39|34|96|2|3|99|31|16|9|59|73|78|62|8|74|15|35|36|93|22|58|48|29|32|38|51|53|6|28,-1.000000,-1,-1.000000,0,-1.000000,-1.000000,-1.000000,-1.000000,-1.000000,-1.000000,-1.000000,-1.000000,-1.000000,-1.000000,-1.000000,-1.000000,-1,-1,1.402231,-1.000000,1,1
38,36.990000,1.924333,41|57|95|90|96|29|77|93|85|50|14|62|2|80|45|82|5|99|33|86|83|11|40|54|59|3|91|35|44|23|89|10|48|25|71|98|13|60|20|26|74|47|18|43|4|39|21|28|6|7,-1.000000,-1,-1.000000,0,-1.000000,-1.000000,-1.000000,-1.000000,-1.000000,-1.000000,-1.000000,-1.000000,-1.000000,-1.000000,-1.000000,-1.000000,-1,-1,1.410336,-1.000000,1,1
39,36.110000,1.948314,30|90|50|55|15|39|29|35|49|65|80|67|36|24|64|33|77|38|53|88|72|12|37|78|1|16|73|92|74|93|7|86|51|98|18|56|0|89|91|70|13|76|43|85|83|68|58|25|61|99,-1.000000,-1,-1.000000,0,-1.000000,-1.000000,-1.000000,-1.000000,-1.000000,-1.000000,-1.000000,-1.000000,-1.000000,-1.000000,-1.000000,-1.000000,-1,-1,1.541407,-1.000000,1,1
40,35.630000,1.935197,26|11|89|13|78|48|84|9|17|76|25|33|71|52|74|56|90|80|70|61|55|36|99|75|20|49|68|4|19|0|30|79|45|41|31|63|14|37|39|73|34|23|12|97|21|62|7|58|18|42,-1.000000,-1,-1.000000,0,-1.000000,-1.000000,-1.000000,-1.000000,-1.000000,-1.000000,-1.000000,-1.000000,-1.000000,-1.000000,-1.000000,-1.000000,-1,-1,1.398208,-1.000000,1,1
41,36.010000,1.939419,62|20|4|76|7|97|89|16|45|75|84|47|70|95|48|32|68|33|39|30|55|36|49|94|2|73|60|29|6|18|99|56|64|82|86|65|41|19|25|92|5|51|79|91|96|9|43|50|1|38,-1.000000,-1,-1.000000,0,-1.000000,-1.000000,-1.000000,-1.000000,-1.000000,-1.000000,-1.000000,-1.000000,-1.000000,-1.000000,-1.000000,-1.000000,-1,-1,1.459145,-1.000000,1,1
42,35.200000,1.956977,55|37|46|62|35|60|24|71|9|73|4|27|83|56|59|81|72|44|99|78|26|68|23|79|3|21|76|88|65|75|67|28|94|14|38|51|98|87|77|47|95|18|70|74|11|53|92|41|80|36,-1.000000,-1,-1.000000,0,-1.000000,-1.000000,-1.000000,-1.000000,-1.000000,-1.000000,-1.000000,-1.000000,-1.000000,-1.000000,-1.000000,-1.000000,-1,-1,1.556836,-1.000000,1,1
43,35.520000,1.959002,67|96|20|21|5|3|75|28|91|56|48|37|36|93|38|54|50|84|33|51|12|9|59|44|98|10|4|97|71|30|78|94|0|87|76|79|29|83|24|34|69|23|99|13|62|72|42|26|77|82,-1.000000,-1,-1.000000,0,-1.000000,-1.000000,-1.000000,-1.000000,-1.000000,-1.000000,-1.000000,-1.000000,-1.000000,-1.000000,-1.000000,-1.000000,-1,-1,1.465976,-1.000000,1,1
44,34.680000,1.950841,85|70|40|57|72|35|43|6|82|16|71|65|69|24|34|38|93|17|54|67|95|32|62|14|41|55|10|78|64|50|48|42|37|9|81|15|73|5|59|88|97|74|4|23|1|63|66|44|90|58,-1.000000,-1,-1.000000,0,-1.000000,-1.000000,-1.000000,-1.000000,-1.000000,-1.000000,-1.000000,-1.000000,-1.000000,-1.000000,-1.000000,-1.000000,-1,-1,1.478259,-1.000000,1,1
45,35.540000,1.944162,89|27|48|40|76|2|17|70|67|13|73|33|44|21|66|57|59|23|90|43|31|94|98|12|80|41|19|9|50|46|91|95|34|29|74|65|88|3|39|75|42|25|10|26|60|68|11|62|5|78,-1.000000,-1,-1.000000,0,-1.000000,-1.000000,-1.000000,-1.000000,-1.000000,-1.000000,-1.000000,-1.000000,-1.000000,-1.000000,-1.000000,-1.000000,-1,-1,1.426257,-1.000000,1,1
46,37.320000,1.930704,68|97|3|92|67|32|29|42|89|13|71|31|41|57|62|45|69|17|79|19|60|85|56|76|99|80|1|9|28|82|6|15|18|65|11|75|4|36|70|53|81|2|95|83|77|59|86|94|93|5,-1.000000,-1,-1.000000,0,-1.000000,-1.000000,-1.000000,-1.000000,-1.000000,-1.000000,-1.000000,-1.000000,-1.000000,-1.000000,-1.000000,-1.000000,-1,-1,1.455324,-1.000000,1,1
47,35.380000,1.944340,30|32|42|65|16|40|77|3|94|2|80|74|99|27|12|36|49|93|85|75|21|25|14|48|91|37|55|84|4|19|58|1|79|83|73|76|96|72|54|10|98|59|64|82|81|97|78|23|39|50,-1.000000,-1,-1.000000,0,-1.000000,-1.000000,-1.000000,-1.000000,-1.000000,-1.000000,-1.000000,-1.000000,-1.000000,-1.000000,-1.000000,-1.000000,-1,-1,1.505048,-1.000000,1,1
48,36.380000,1.931214,80|15|0|8|43|99|98|75|66|77|52|1|35|62|21|7|26|76|17|5|59|60|70|10|95|42|34|32|86|14|37|69|45|49|41|54|96|72|97|23|87|19|61|48|31|78|50|18|28|51,-1.000000,-1,-1.000000,0,-1.000000,-1.000000,-1.000000,-1.000000,-1.000000,-1.000000,-1.000000,-1.000000,-1.000000,-1.000000,-1.000000,-1.000000,-1,-1,1.419776,-1.000000,1,1
49,34.840000,1.962004,78|7|65|42|50|72|55|88|85|95|35|39|23|69|89|25|40|9|82|74|68|51|13|6|80|27|46|81|94|97|0|19|96|77|98|28|45|24|57|26|73|60|2|41|75|38|90|48|53|62,-1.000000,-1,-1.000000,0,-1.000000,-1.000000,-1.000000,-1.000000,-1.000000,-1.000000,-1.000000,-1.000000,-1.000000,-1.000000,-1.000000,-1.000000,-1,-1,1.509023,-1.000000,1,1
50,34.610000,1.947962,69|58|73|68|12|98|23|24|0|97|54|75|4|82|61|66|84|45|38|13|11|70|2|10|79|6|20|49|74|48|29|93|32|50|86|59|96|60|91|39|7|25|22|33|71|31|14|55|56|15,-1.000000,-1,-1.000000,0,-1.000000,-1.000000,-1.000000,-1.000000,-1.000000,-1.000000,-1.000000,-1.000000,-1.000000,-1.000000,-1.000000,-1.000000,-1,-1,1.381820,-1.000000,1,1
51,37.050000,1.926964,74|65|91|42|97|84|26|6|72|40|5|77|41|86|78|37|17|93|10|59|16|32|13|1|20|82|61|55|76|51|11|60|4|57|8|50|95|36|34|69|73|43|2|70|45|28|89|79|3|53,-1.000000,-1,-1.000000,0,-1.000000,-1.000000,-1.000000,-1.000000,-1.000000,-1.000000,-1.000000,-1.000000,-1.000000,-1.000000,-1.000000,-1.000000,-1,-1,1.402685,-1.000000,1,1
52,35.750000,1.942560,68|2|41|6|85|95|88|19|24|38|93|84|71|25|39|36|70|98|90|28|63|7|80|92|0|83|87|67|96|30|46|27|81|60|47|9|18|49|48|52|4|62|86|31|59|69|66|43|17|73,-1.000000,-1,-1.000000,0,-1.000000,-1.000000,-1.000000,-1.000000,-1.000000,-1.000000,-1.000000,-1.000000,-1.000000,-1.000000,-1.000000,-1.000000,-1,-1,1.478104,-1.000000,1,1
53,36.990000,1.933150,6|98|69|15|68|62|86|88|7|13|0|39|46|8|59|31|44|47|67|57|4|76|3|53|1|55|45|17|9|65|83|42|43|70|72|87|2|95|97|28|38|92|49|10|99|89|77|60|80|61,-1.000000,-1,-1.000000,0,-1.000000,-1.000000,-1.000000,-1.000000,-1.000000,-1.000000,-1.000000,-1.000000,-1.000000,-1.000000,-1.000000,-1.000000,-1,-1,1.409152,-1.000000,1,1
54,36.240000,1.931153,13|54|68|48|63|88|93|29|64|91|57|94|0|15|76|75|38|73|45|10|65|42|27|26|59|79|55|9|44|23|51|89|22|70|77|81|62|32|2|16|17|71|80|39|82|28|7|6|20|1,-1.000000,-1,-1.000000,0,-1.000000,-1.000000,-1.000000,-1.000000,-1.000000,-1.000000,-1.000000,-1.000000,-1.000000,-1.000000,-1.000000,-1.000000,-1,-1,1.384830,-1.000000,1,1
55,36.600000,1.926372,50|44|2|1|3|96|62|54|19|35|46|85|17|83|22|81|49|70|95|93|36|86|43|29|69|37|68|84|15|8|73|9|66|55|77|11|57|92|58|13|26|65|72|6|31|24|63|41|39|74,-1.000000,-1,-1.000000,0,-1.000000,-1.000000,-1.000000,-1.000000,-1.000000,-1.000000,-1.000000,-1.000000,-1.000000,-1.000000,-1.000000,-1.000000,-1,-1,1.403358,-1.000000,1,1
56,35.730000,1.932248,14|84|64|75|21|51|36|6|93|26|77|18|3|52|92|53|33|74|41|22|65|96|45|94|5|97|87|61|66|42|57|24|60|78|88|31|81|56|98|76|68|16|25|13|54|59|49|86|90|79,-1.000000,-1,-1.000000,0,-1.000000,-1.000000,-1.000000,-1.000000,-1.000000,-1.000000,-1.000000,-1.000000,-1.000000,-1.000000,-1.000000,-1.000000,-1,-1,1.521446,-1.000000,1,1
57,35.690000,1.931455,73|9|27|31|28|82|57|29|35|60|69|21|70|7|13|65|85|89|87|23|47|3|68|83|34|39|72|5|16|84|53|44|12|88|14|77|61|79|37|92|64|96|62|98|66|58|2|15|86|49,-1.000000,-1,-1.000000,0,-1.000000,-1.000000,-1.000000,-1.000000,-1.000000,-1.000000,-1.000000,-1.000000,-1.000000,-1.000000,-1.000000,-1.000000,-1,-1,1.432959,-1.000000,1,1
58,34.990000,1.941443,5|20|36|42|50|77|97|63|67|31|58|39|29|0|32|7|83|90|48|26|24|19|40|3|84|98|85|46|21|43|53|11|38|89|70|27|66|72|80|96|47|92|33|51|15|86|17|74|62|18,-1.000000,-1,-1.000000,0,-1.000000,-1.000000,-1.000000,-1.000000,-1.000000,-1.000000,-1.000000,-1.000000,-1.000000,-1.000000,-1.000000,-1.000000,-1,-1,1.419300,-1.000000,1,1
59,34.750000,1.940054,43|16|79|45|26|62|4|41|11|18|14|10|51|17|73|91|57|56|36|19|9|81|58|60|80|88|74|34|7|27|30|0|50|85|44|8|71|98|28|35|92|66|99|96|21|78|55|67|94|83,-1.000000,-1,-1.000000,0,-1.000000,-1.000000,-1.000000,-1.000000,-1.000000,-1.000000,-1.000000,-1.000000,-1.000000,-1.000000,-1.000000,-1.000000,-1,-1,1.413331,-1.000000,1,1
60,33.980000,1.943496,75|27|14|42|43|71|72|39|49|88|47|69|84|40|23|24|91|68|18|7|29|54|20|55|95|73|48|98|19|66|97|77|17|32|62|2|45|86|87|34|41|83|76|79|46|36|0|25|53|70,-1.000000,-1,-1.000000,0,-1.000000,-1.000000,-1.000000,-1.000000,-1.000000,-1.000000,-1.000000,-1.000000,-1.000000,-1.000000,-1.000000,-1.000000,-1,-1,1.467964,-1.000000,1,1
61,35.140000,1.926295,3|50|15|29|1|10|51|74|82|85|99|46|42|12|52|11|77|98|22|23|13|21|59|78|40|7|38|26|88|60|25|16|64|17|54|0|30|97|53|34|96|81|47|76|70|9|65|8|48|63,-1.000000,-1,-1.000000,0,-1.000000,-1.000000,-1.000000,-1.000000,-1.000000,-1.000000,-1.000000,-1.000000,-1.000000,-1.000000,-1.000000,-1.000000,-1,-1,1.313326,-1.000000,1,1
62,36.020000,1.922420,52|67|50|84|44|38|9|93|63|29|13|82|86|20|15|10|83|43|69|41|73|31|77|70|6|18|60|94|3|72|46|45|87|17|30|96|16|32|8|12|49|48|21|36|58|0|90|68|98|78,-1.000000,-1,-1.000000,0,-1.000000,-1.000000,-1.000000,-1.000000,-1.000000,-1.000000,-1.000000,-1.000000,-1.000000,-1.000000,-1.000000,-1.000000,-1,-1,1.384110,-1.000000,1,1
63,35.780000,1.931054,5|15|36|55|35|77|59|51|82|50|9|66|91|49|60|61|14|43|20|71|65|8|16|64|44|87|3|32|30|95|34|92|29|45|72|10|99|78|97|22|11|0|31|67|42|76|33|46|48|39,-1.000000,-1,-1.000000,0,-1.000000,-1.000000,-1.000000,-1.000000,-1.000000,-1.000000,-1.000000,-1.000000,-1.000000,-1.000000,-1.000000,-1.000000,-1,-1,1.369379,-1.000000,1,1
64,36.970000,1.899321,3|56|48|26|99|7|16|2|30|97|28|32|67|51|78|58|74|85|55|31|57|34|21|35|1|19|84|42|54|77|71|22|25|75|63|14|76|15|68|64|17|95|44|65|27|9|62|13|46|87,-1.000000,-1,-1.000000,0,-1.000000,-1.000000,-1.000000,-1.000000,-1.000000,-1.000000,-1.000000,-1.000000,-1.000000,-1.000000,-1.000000,-1.000000,-1,-1,1.355863,-1.000000,1,1
65,36.670000,1.913089,77|76|88|69|91|19|42|45|7|63|79|97|36|50|13|22|65|52|68|4|16|71|40|27|2|30|59|85|81|75|12|24|98|62|99|54|1|49|86|55|46|87|64|93|29|28|3|60|11|35,-1.000000,-1,-1.000000,0,-1.000000,-1.000000,-1.000000,-1.000000,-1.000000,-1.000000,-1.000000,-1.000000,-1.000000,-1.000000,-1.000000,-1.000000,-1,-1,1.418333,-1.000000,1,1
66,35.880000,1.918409,75|49|70|91|86|65|35|7|54|56|77|61|13|84|57|30|83|40|92|6|63|27|80|62|39|17|14|21|3|69|87|68|46|94|88|33|95|8|42|23|25|19|32|93|74|16|81|11|26|98,-1.000000,-1,-1.000000,0,-1.000000,-1.000000,-1.000000,-1.000000,-1.000000,-1.000000,-1.000000,-1.000000,-1.000000,-1.000000,-1.000000,-1.000000,-1,-1,1.437327,-1.000000,1,1
67,36.160000,1.914179,23|32|35|25|95|60|90|59|51|29|36|87|20|81|68|63|49|78|4|41|2|39|89|99|82|77|19|8|92|42|17|12|79|93|62|84|53|80|56|54|31|13|38|34|44|64|65|70|83|24,-1.000000,-1,-1.000000,0,-1.000000,-1.000000,-1.000000,-1.000000,-1.000000,-1.000000,-1.000000,-1.000000,-1.000000,-1.000000,-1.000000,-1.000000,-1,-1,1.451847,-1.000000,1,1
68,36.920000,1.907496,8|40|27|59|68|67|82|3|41|22|11|71|36|84|97|86|43|65|13|34|55|37|15|46|48|92|96|18|29|1|89|7|23|25|73|4|2|90|69|63|85|45|30|44|80|79|98|58|57|6,-1.000000,-1,-1.000000,0,-1.000000,-1.000000,-1.000000,-1.000000,-1.000000,-1.000000,-1.000000,-1.000000,-1.000000,-1.000000,-1.000000,-1.000000,-1,-1,1.360140,-1.000000,1,1
69,33.650000,1.955257,48|63|54|9|96|58|41|40|69|97|16|81|17|39|77|79|29|94|47|55|71|88|5|38|50|72|83|51|80|43|25|37|86|7|24|49|74|84|95|46|90|99|18|21|85|66|23|0|33|91,-1.000000,-1,-1.000000,0,-1.000000,-1.000000,-1.000000,-1.000000,-1.000000,-1.000000,-1.000000,-1.000000,-1.000000,-1.000000,-1.000000,-1.000000,-1,-1,1.494690,-1.000000,1,1
70,35.150000,1.936432,37|3|95|65|76|52|18|66|22|14|33|90|38|35|62|5|7|27|92|80|15|94|88|98|2|68|72|58|83|78|16|12|67|91|21|59|71|47|42|31|77|54|89|97|74|30|46|75|28|11,-1.000000,-1,-1.000000,0,-1.000000,-1.000000,-1.000000,-1.000000,-1.000000,-1.000000,-1.000000,-1.000000,-1.000000,-1.000000,-1.000000,-1.000000,-1,-1,1.425827,-1.000000,1,1
71,35.810000,1.934589,79|31|78|7|59|49|96|32|61|52|77|65|57|91|90|66|42|35|34|26|28|13|43|33|85|40|81|45|94|24|99|83|54|93|0|18|8|25|10|3|60|19|12|11|82|27|98|68|76|92,-1.000000,-1,-1.000000,0,-1.000000,-1.000000,-1.000000,-1.000000,-1.000000,-1.000000,-1.000000,-1.000000,-1.000000,-1.000000,-1.000000,-1.000000,-1,-1,1.409102,-1.000000,1,1
72,35.140000,1.923598,97|18|80|69|95|60|27|79|20|52|98|57|11|56|0|50|93|67|40|83|17|33|6|43|12|63|34|92|90|70|77|58|48|99|25|3|36|81|71|46|16|9|4|39|13|59|31|7|19|35,-1.000000,-1,-1.000000,0,-1.000000,-1.000000,-1.000000,-1.000000,-1.000000,-1.000000,-1.000000,-1.000000,-1.000000,-1.000000,-1.000000,-1.000000,-1,-1,1.342680,-1.000000,1,1
73,35.990000,1.901524,13|58|4|56|75|74|44|21|84|71|42|16|19|77|61|32|24|97|50|2|93|78|47|3|64|14|80|67|27|86|90|65|38|66|49|76|22|29|28|20|36|55|25|18|11|52|40|12|6|0,-1.000000,-1,-1.000000,0,-1.000000,-1.000000,-1.000000,-1.000000,-1.000000,-1.000000,-1.000000,-1.000000,-1.000000,-1.000000,-1.000000,-1.000000,-1,-1,1.286973,-1.000000,1,1
74,34.880000,1.917668,43|52|33|2|66|73|55|88|64|29|24|95|93|87|17|14|46|63|36|98|81|37|6|71|89|47|34|85|23|80|13|25|51|82|26|61|53|22|9|59|58|0|79|76|91|39|12|16|1|94,-1.000000,-1,-1.000000,0,-1.000000,-1.000000,-1.000000,-1.000000,-1.000000,-1.000000,-1.000000,-1.000000,-1.000000,-1.000000,-1.000000,-1.000000,-1,-1,1.368363,-1.000000,1,1
75,35.270000,1.910262,36|21|65|13|83|18|51|23|8|33|89|43|63|91|15|77|98|9|70|22|10|34|3|12|95|45|11|67|1|31|64|73|59|60|61|37|5|78|29|84|19|24|92|40|85|58|47|79|35|86,-1.000000,-1,-1.000000,0,-1.000000,-1.000000,-1.000000,-1.000000,-1.000000,-1.000000,-1.000000,-1.000000,-1.000000,-1.000000,-1.000000,-1.000000,-1,-1,1.325995,-1.000000,1,1
76,36.020000,1.922489,79|59|38|87|91|49|57|45|76|33|8|35|94|16|7|52|42|32|13|21|55|19|82|77|30|88|99|84|46|75|78|54|65|83|51|61|62|25|15|95|29|20|36|39|71|31|6|28|97|22,-1.000000,-1,-1.000000,0,-1.000000,-1.000000,-1.000000,-1.000000,-1.000000,-1.000000,-1.000000,-1.000000,-1.000000,-1.000000,-1.000000,-1.000000,-1,-1,1.424067,-1.000000,1,1
77,35.080000,1.910881,14|36|71|0|3|15|27|91|69|26|6|86|23|97|2|50|78|48|64|45|60|16|7|24|35|72|68|49|66|65|63|55|22|29|5|52|30|74|4|80|81|56|12|58|77|28|57|44|85|43,-1.000000,-1,-1.000000,0,-1.000000,-1.000000,-1.000000,-1.000000,-1.000000,-1.000000,-1.000000,-1.000000,-1.000000,-1.000000,-1.000000,-1.000000,-1,-1,1.300759,-1.000000,1,1
78,35.760000,1.909519,89|92|69|36|41|88|48|98|21|73|9|75|97|22|1|17|66|35|16|11|13|45|55|81|96|4|67|12|54|53|38|47|20|37|8|39|23|19|51|82|74|31|70|6|68|57|90|86|60|93,-1.000000,-1,-1.000000,0,-1.000000,-1.000000,-1.000000,-1.000000,-1.000000,-1.000000,-1.000000,-1.000000,-1.000000,-1.000000,-1.000000,-1.000000,-1,-1,1.372318,-1.000000,1,1
79,35.500000,1.902484,45|36|95|46|3|80|23|14|8|66|43|75|37|52|15|42|57|50|40|48|68|56|79|77|11|86|30|17|41|84|96|35|28|26|44|93|60|24|64|51|10|27|21|47|92|22|4|39|59|73,-1.000000,-1,-1.000000,0,-1.000000,-1.000000,-1.000000,-1.000000,-1.000000,-1.000000,-1.000000,-1.000000,-1.000000,-1.000000,-1.000000,-1.000000,-1,-1,1.361198,-1.000000,1,1
80,35.210000,1.920545,53|98|71|83|70|82|47|94|99|97|58|35|11|73|17|39|66|69|2|79|41|7|62|52|10|76|4|50|51|37|68|84|36|31|32|91|65|57|26|80|16|18|28|14|45|93|63|3|46|81,-1.000000,-1,-1.000000,0,-1.000000,-1.000000,-1.000000,-1.000000,-1.000000,-1.000000,-1.000000,-1.000000,-1.000000,-1.000000,-1.000000,-1.000000,-1,-1,1.418933,-1.000000,1,1
81,34.960000,1.922555,54|8|35|73|91|97|87|79|33|49|51|26|23|85|12|77|2|56|21|44|6|17|18|43|66|50|60|57|46|14|98|9|0|90|24|62|32|78|15|53|19|76|30|37|92|74|22|42|75|99,-1.000000,-1,-1.000000,0,-1.000000,-1.000000,-1.000000,-1.000000,-1.000000,-1.000000,-1.000000,-1.000000,-1.000000,-1.000000,-1.000000,-1.000000,-1,-1,1.337801,-1.000000,1,1
82,35.730000,1.920588,38|24|74|58|36|13|85|34|7|40|9|37|54|19|84|35|82|39|61|71|63|65|4|57|33|92|78|20|80|95|83|27|73|72|2|50|86|49|68|45|22|29|55|76|69|12|25|53|3|59,-1.000000,-1,-1.000000,0,-1.000000,-1.000000,-1.000000,-1.000000,-1.000000,-1.000000,-1.000000,-1.000000,-1.000000,-1.000000,-1.000000,-1.000000,-1,-1,1.369770,-1.000000,1,1
83,34.240000,1.927925,40|29|57|49|69|98|74|87|18|91|10|95|77|62|0|37|84|9|85|7|15|58|51|11|96|93|68|1|20|14|90|56|63|3|8|30|72|36|71|31|79|48|94|25|92|23|82|64|65|73,-1.000000,-1,-1.000000,0,-1.000000,-1.000000,-1.000000,-1.000000,-1.000000,-1.000000,-1.000000,-1.000000,-1.000000,-1.000000,-1.000000,-1.000000,-1,-1,1.389218,-1.000000,1,1
84,34.730000,1.927147,33|3|19|15|47|70|16|84|80|85|67|9|42|48|26|57|36|77|59|11|96|52|37|30|45|69|82|22|32|97|81|17|63|39|98|50|25|56|54|91|90|68|31|93|76|71|6|55|62|10,-1.000000,-1,-1.000000,0,-1.000000,-1.000000,-1.000000,-1.000000,-1.000000,-1.000000,-1.000000,-1.000000,-1.000000,-1.000000,-1.000000,-1.000000,-1,-1,1.416563,-1.000000,1,1
85,34.550000,1.926026,0|96|2|52|77|18|38|99|51|61|68|74|86|30|78|91|17|92|45|12|4|25|87|34|21|93|98|11|58|20|73|7|49|13|80|82|41|79|64|35|63|40|8|37|24|10|16|42|54|75,-1.000000,-1,-1.000000,0,-1.000000,-1.000000,-1.000000,-1.000000,-1.000000,-1.000000,-1.000000,-1.000000,-1.000000,-1.000000,-1.000000,-1.000000,-1,-1,1.335282,-1.000000,1,1
86,33.950000,1.921741,38|90|47|64|94|41|82|48|36|96|55|30|37|32|84|97|34|76|93|28|79|44|33|69|5|14|18|77|75|25|92|68|50|57|10|23|53|52|85|45|73|7|43|16|91|59|66|12|17|56,-1.000000,-1,-1.000000,0,-1.000000,-1.000000,-1.000000,-1.000000,-1.000000,-1.000000,-1.000000,-1.000000,-1.000000,-1.000000,-1.000000,-1.000000,-1,-1,1.429875,-1.000000,1,1
87,35.220000,1.903172,85|22|12|65|36|61|21|98|34|15|62|38|26|50|18|60|89|86|11|41|56|70|87|94|82|92|40|47|71|69|46|31|76|7|42|58|73|4|51|1|43|24|44|2|17|25|3|81|0|6,-1.000000,-1,-1.000000,0,-1.000000,-1.000000,-1.000000,-1.000000,-1.000000,-1.000000,-1.000000,-1.000000,-1.000000,-1.000000,-1.000000,-1.000000,-1,-1,1.277831,-1.000000,1,1
88,33.040000,1.945832,29|54|84|75|1|31|89|57|43|13|83|65|41|9|14|70|16|33|58|81|24|8|94|40|45|72|55|98|12|85|69|18|50|51|73|39|27|63|91|37|67|92|59|26|47|28|88|60|93|23,-1.000000,-1,-1.000000,0,-1.000000,-1.000000,-1.000000,-1.000000,-1.000000,-1.000000,-1.000000,-1.000000,-1.000000,-1.000000,-1.000000,-1.000000,-1,-1,1.407414,-1.000000,1,1
89,35.260000,1.918994,68|10|11|55|81|70|71|74|56|44|35|53|13|38|34|80|7|0|6|19|61|45|60|63|66|40|3|72|16|91|47|32|75|92|73|58|43|95|46|85|37|23|9|76|39|12|89|82|79|18,-1.000000,-1,-1.000000,0,-1.000000,-1.000000,-1.000000,-1.000000,-1.000000,-1.000000,-1.000000,-1.000000,-1.000000,-1.000000,-1.000000,-1.000000,-1,-1,1.344330,-1.000000,1,1
90,35.710000,1.912061,60|25|15|70|10|61|95|3|0|24|55|91|79|48|37|47|64|80|45|76|1|57|6|38|56|59|90|11|39|35|96|75|9|73|82|5|63|23|66|69|21|28|46|4|32|68|50|83|29|34,-1.000000,-1,-1.000000,0,-1.000000,-1.000000,-1.000000,-1.000000,-1.000000,-1.000000,-1.000000,-1.000000,-1.000000,-1.000000,-1.000000,-1.000000,-1,-1,1.298310,-1.000000,1,1
91,33.120000,1.945881,65|84|82|2|52|9|81|85|91|3|27|66|72|87|13|19|28|35|70|17|38|7|58|12|99|97|60|26|40|55|8|51|31|49|89|30|16|95|86|29|61|39|11|59|48|98|0|67|80|37,-1.000000,-1,-1.000000,0,-1.000000,-1.000000,-1.000000,-1.000000,-1.000000,-1.000000,-1.000000,-1.000000,-1.000000,-1.000000,-1.000000,-1.000000,-1,-1,1.337043,-1.000000,1,1
92,33.370000,1.957023,84|44|73|99|45|79|14|27|80|2|97|46|20|26|29|24|59|33|88|36|86|30|94|95|48|89|82|55|8|66|19|85|70|57|58|43|42|63|75|25|6|68|60|69|72|35|83|65|90|9,-1.000000,-1,-1.000000,0,-1.000000,-1.000000,-1.000000,-1.000000,-1.000000,-1.000000,-1.000000,-1.000000,-1.000000,-1.000000,-1.000000,-1.000000,-1,-1,1.445123,-1.000000,1,1
93,35.470000,1.920987,37|14|27|86|92|24|17|1|31|9|90|64|60|54|99|19|4|91|21|30|5|87|22|13|18|83|76|6|46|52|26|61|36|80|84|2|49|7|59|44|39|29|73|25|98|81|65|33|58|45,-1.000000,-1,-1.000000,0,-1.000000,-1.000000,-1.000000,-1.000000,-1.000000,-1.000000,-1.000000,-1.000000,-1.000000,-1.000000,-1.000000,-1.000000,-1,-1,1.256642,-1.000000,1,1
94,33.680000,1.941025,20|11|54|55|91|26|86|65|75|94|23|99|96|52|6|80|41|27|33|98|63|72|74|56|25|92|18|57|43|50|24|1|73|71|32|88|17|2|70|76|13|61|37|93|62|85|31|87|79|38,-1.000000,-1,-1.000000,0,-1.000000,-1.000000,-1.000000,-1.000000,-1.000000,-1.000000,-1.000000,-1.000000,-1.000000,-1.000000,-1.000000,-1.000000,-1,-1,1.427723,-1.000000,1,1
95,33.810000,1.925908,4|8|23|24|85|25|43|12|11|0|9|50|35|58|99|66|48|26|72|19|84|63|81|78|34|29|7|60|10|37|51|76|36|80|69|94|64|98|30|22|92|1|56|32|20|44|59|16|41|13,-1.000000,-1,-1.000000,0,-1.000000,-1.000000,-1.000000,-1.000000,-1.000000,-1.000000,-1.000000,-1.000000,-1.000000,-1.000000,-1.000000,-1.000000,-1,-1,1.234941,-1.000000,1,1
96,33.670000,1.932318,70|37|27|29|30|21|8|7|23|26|55|6|3|91|66|49|41|62|19|96|97|35|71|59|98|93|67|99|90|11|84|92|86|87|13|82|1|95|89|75|16|17|79|31|40|24|88|74|51|10,-1.000000,-1,-1.000000,0,-1.000000,-1.000000,-1.000000,-1.000000,-1.000000,-1.000000,-1.000000,-1.000000,-1.000000,-1.000000,-1.000000,-1.000000,-1,-1,1.373917,-1.000000,1,1
97,32.450000,1.962309,80|63|49|68|48|61|89|70|97|98|95|88|11|3|26|54|91|52|82|78|34|16|31|73|29|96|53|30|23|56|69|2|64|20|14|33|85|99|35|8|81|62|22|72|92|38|41|57|67|58,-1.000000,-1,-1.000000,0,-1.000000,-1.000000,-1.000000,-1.000000,-1.000000,-1.000000,-1.000000,-1.000000,-1.000000,-1.000000,-1.000000,-1.000000,-1,-1,1.430285,-1.000000,1,1
98,33.310000,1.941449,26|2|99|23|55|40|17|30|43|59|37|56|90|98|93|4|13|38|29|97|61|16|76|53|7|91|66|5|54|47|11|42|71|58|68|27|95|63|28|39|46|80|9|49|21|57|36|34|96|78,-1.000000,-1,-1.000000,0,-1.000000,-1.000000,-1.000000,-1.000000,-1.000000,-1.000000,-1.000000,-1.000000,-1.000000,-1.000000,-1.000000,-1.000000,-1,-1,1.326886,-1.000000,1,1
99,34.530000,1.924968,5|60|13|84|29|34|3|64|21|25|10|40|7|83|99|14|65|79|70|22|30|69|35|27|31|90|68|32|98|37|51|44|94|54|85|88|59|38|63|87|16|96|58|74|43|72|26|55|82|17,-1.000000,-1,-1.000000,0,-1.000000,-1.000000,-1.000000,-1.000000,-1.000000,-1.000000,-1.000000,-1.000000,-1.000000,-1.000000,-1.000000,-1.000000,-1,-1,1.366503,-1.000000,1,1
100,40.520000,1.797416,98|68|67|37|72|59|0|58|4|6|84|47|23|25|87|73|3|5|74|54|10|36|70|75|53|27|46|35|71|78|22|11|8|29|15|51|89|95|52|97|13|85|33|61|55|7|20|2|88|93,81.640000,0,100.000000,0,0.705200,0.819697,0.929939,0.649750,0.934590,0.976914,-1.000000,-1.000000,-1.000000,0.649750,0.934590,0.976914,287,850,0.406398,0.899757,1,1
101,43.460000,1.673625,42|7|26|54|33|61|66|45|1|86|97|78|90|15|92|3|14|4|50|8|9|83|49|32|59|67|18|85|95|96|76|24|56|28|75|41|40|80|11|22|12|23|0|77|17|68|27|69|62|87,81.280000,61,100.000000,0,0.680200,0.866730,0.945777,0.643300,0.946914,0.977220,-1.000000,-1.000000,-1.000000,0.643300,0.946914,0.977220,284,683,0.388145,0.700406,1,1
102,44.530000,1.638960,80|83|0|24|73|67|42|89|33|7|8|94|12|53|13|5|93|14|56|39|45|95|98|78|35|4|87|84|99|81|50|32|79|52|28|9|49|76|6|61|65|37|70|38|55|71|85|91|75|29,81.160000,80,100.000000,0,0.630300,0.886562,0.968122,0.607300,0.928536,0.976958,-1.000000,-1.000000,-1.000000,0.607300,0.928536,0.976958,266,868,0.436479,0.540062,1,1
103,44.210000,1.597026,21|79|73|13|99|10|91|17|66|78|81|93|3|39|0|90|30|38|9|6|18|69|70|71|26|67|7|51|89|25|77|72|35|50|68|27|40|20|4|16|46|43|36|61|37|57|22|76|82|59,82.540000,0,100.000000,0,0.651750,0.926275,0.967778,0.644550,0.946707,0.978198,-1.000000,-1.000000,-1.000000,0.644550,0.946707,0.978198,272,687,0.400628,0.434236,1,1
104,46.310000,1.578482,24|49|26|39|73|54|42|60|96|53|95|46|17|58|20|50|78|67|92|38|10|93|63|33|99|70|27|80|84|12|29|85|32|45|1|34|55|72|8|44|36|4|23|69|90|61|28|13|40|66,82.080000,60,100.000000,0,0.624450,0.939627,0.971843,0.624250,0.947056,0.979213,-1.000000,-1.000000,-1.000000,0.624250,0.947056,0.979213,251,661,0.364914,0.349461,1,1
105,47.330000,1.546677,62|71|23|26|0|36|63|75|46|51|6|58|77|61|90|12|89|41|44|56|57|20|66|4|68|98|92|74|16|91|70|10|50|13|67|47|9|33|42|72|99|53|55|60|1|40|32|43|37|64,85.400000,0,100.000000,0,0.625350,0.941873,0.972429,0.620100,0.956297,0.979033,-1.000000,-1.000000,-1.000000,0.620100,0.956297,0.979033,254,542,0.324662,0.316688,1,1
106,48.810000,1.515592,48|31|40|41|5|77|67|56|24|57|12|83|25|7|44|97|64|49|11|68|89|15|70|79|29|93|72|46|32|63|47|50|16|82|78|53|94|6|61|39|85|2|13|42|80|21|20|28|81|1,82.640000,64,100.000000,0,0.633600,0.951705,0.975570,0.634750,0.959512,0.985358,-1.000000,-1.000000,-1.000000,0.634750,0.959512,0.985358,181,514,0.347552,0.317874,1,1
107,46.480000,1.520286,13|8|45|52|60|39|64|62|0|86|7|34|76|54|49|84|46|51|69|72|37|83|59|93|78|28|94|5|44|40|43|66|97|18|33|53|80|55|25|85|61|10|98|1|36|12|17|88|71|79,84.100000,60,100.000000,0,0.602200,0.952092,0.969397,0.603200,0.957808,0.976837,-1.000000,-1.000000,-1.000000,0.603200,0.957808,0.976837,274,509,0.337622,0.302477,1,1
108,49.180000,1.493505,70|47|94|83|41|24|11|46|2|30|97|57|54|51|40|42|82|59|20|73|9|79|55|48|78|13|4|66|28|96|29|72|52|33|3|50|26|19|36|75|60|74|99|90|38|87|21|76|39|23,83.180000,2,100.000000,0,0.619950,0.944270,0.974205,0.620600,0.948195,0.979281,-1.000000,-1.000000,-1.000000,0.620600,0.948195,0.979281,249,643,0.342729,0.288000,1,1
109,48.290000,1.491869,8|86|78|14|58|12|4|85|55|47|96|19|72|35|42|36|38|48|50|91|57|44|71|73|26|92|75|18|84|29|49|79|28|0|33|22|62|9|87|93|94|77|43|90|80|95|99|59|10|23,83.940000,29,100.000000,0,0.589900,0.940414,0.967981,0.588450,0.946045,0.971384,-1.000000,-1.000000,-1.000000,0.588450,0.946045,0.971384,328,635,0.341821,0.274497,1,1
110,48.210000,1.490272,95|9|13|33|45|58|56|38|47|19|93|88|44|22|53|46|54|79|87|98|92|99|72|77|37|7|6|97|12|69|51|68|0|16|14|91|81|80|50|26|18|17|85|71|10|67|2|34|94|1,83.180000,9,100.000000,0,0.607950,0.946871,0.963109,0.612700,0.948425,0.972227,-1.000000,-1.000000,-1.000000,0.612700,0.948425,0.972227,332,632,0.338506,0.259360,1,1
111,47.260000,1.482341,50|69|44|88|34|23|14|21|93|11|51|79|96|59|16|91|75|49|92|6|85|24|20|37|98|78|10|47|7|8|39|0|81|48|86|5|26|71|36|42|68|62|28|41|97|18|33|73|25|52,83.780000,88,100.000000,0,0.618750,0.957657,0.961854,0.626100,0.959352,0.975002,-1.000000,-1.000000,-1.000000,0.626100,0.959352,0.975002,308,509,0.333432,0.239620,1,1
112,50.200000,1.418028,80|63|51|4|0|49|58|62|96|26|12|78|9|91|89|10|6|33|54|38|60|83|44|11|27|1|86|43|64|52|92|45|82|34|31|41|7|25|13|56|46|73|95|3|37|61|21|5|88|66,87.240000,80,100.000000,0,0.631400,0.968562,0.966419,0.635850,0.970433,0.975111,-1.000000,-1.000000,-1.000000,0.635850,0.970433,0.975111,315,376,0.275799,0.206931,1,1
113,49.960000,1.419474,60|5|18|27|89|75|12|9|39|80|67|11|20|4|13|52|35|90|54|23|56|16|26|49|7|36|51|68|29|6|92|10|46|79|70|81|61|42|71|82|69|28|95|30|34|0|41|84|73|14,87.600000,60,100.000000,0,0.635250,0.978512,0.964768,0.640650,0.979318,0.973770,-1.000000,-1.000000,-1.000000,0.640650,0.979318,0.973770,338,265,0.241909,0.175267,1,1
114,48.480000,1.457085,41|16|1|27|49|33|20|93|62|97|4|65|96|80|79|57|75|55|74|83|52|85|71|72|7|67|13|59|43|64|53|51|15|21|25|35|42|37|38|23|32|86|19|26|47|44|46|40|89|88,84.660000,80,100.000000,0,0.610200,0.961980,0.975975,0.611500,0.961652,0.977721,-1.000000,-1.000000,-1.000000,0.611500,0.961652,0.977721,268,469,0.323636,0.236454,1,1
115,51.770000,1.389764,36|24|77|13|44|89|38|98|88|21|3|25|73|47|67|6|28|85|56|33|19|66|35|82|83|81|48|69|78|61|91|8|32|16|60|94|39|43|92|62|70|97|99|11|0|55|17|87|86|34,83.300000,88,100.000000,0,0.580650,0.945320,0.955440,0.590450,0.948599,0.974935,-1.000000,-1.000000,-1.000000,0.590450,0.948599,0.974935,288,607,0.329020,0.251807,1,1
116,48.910000,1.435710,16|25|14|30|75|73|49|66|46|70|87|82|4|56|67|13|88|84|2|36|57|8|97|21|99|45|62|96|68|7|17|31|81|15|48|29|5|52|0|3|32|34|85|41|22|37|93|1|12|53,86.180000,88,100.000000,0,0.650850,0.956134,0.967055,0.655400,0.958804,0.976535,-1.000000,-1.000000,-1.000000,0.655400,0.958804,0.976535,302,540,0.290876,0.211765,1,1
117,50.160000,1.419518,18|41|24|79|52|75|34|47|39|74|98|77|33|96|69|92|26|55|12|44|4|62|19|14|10|21|35|53|0|78|49|32|5|30|97|93|23|51|56|60|61|20|68|67|73|64|11|29|70|72,85.320000,74,100.000000,0,0.615450,0.962142,0.962611,0.618750,0.964525,0.970170,-1.000000,-1.000000,-1.000000,0.618750,0.964525,0.970170,367,439,0.281771,0.200357,1,1
118,50.760000,1.405524,28|92|91|79|49|63|60|61|83|15|51|26|17|41|80|72|14|10|38|2|31|6|93|71|89|45|46|42|39|84|53|82|58|76|44|62|11|55|37|75|85|32|81|68|40|67|25|50|73|54,85.140000,60,100.000000,0,0.578900,0.964415,0.966670,0.583750,0.964026,0.974375,-1.000000,-1.000000,-1.000000,0.583750,0.964026,0.974375,296,420,0.288469,0.209894,1,1
119,52.010000,1.378097,59|71|55|28|66|62|27|42|16|82|15|84|54|18|48|99|98|91|6|26|24|0|86|7|67|17|4|78|46|53|93|58|68|43|13|50|75|63|56|60|1|69|85|12|73|81|57|89|14|38,85.220000,0,100.000000,0,0.610100,0.955089,0.976456,0.611700,0.956596,0.980561,-1.000000,-1.000000,-1.000000,0.611700,0.956596,0.980561,232,531,0.318749,0.227489,1,1
120,52.050000,1.377097,39|53|89|97|18|37|33|26|14|62|29|60|85|50|91|30|45|79|40|9|42|64|32|73|13|69|88|38|58|99|47|46|6|51|11|36|16|10|44|71|4|54|52|77|49|27|75|28|76|65,85.240000,29,100.000000,0,0.614250,0.958649,0.956003,0.621400,0.957354,0.965825,-1.000000,-1.000000,-1.000000,0.621400,0.957354,0.965825,421,530,0.285065,0.204059,1,1
121,52.380000,1.354343,88|80|91|52|67|81|10|17|6|66|49|35|86|56|25|63|54|47|71|13|44|22|76|27|18|32|85|3|50|69|95|41|48|46|92|74|57|98|45|75|1|65|72|5|93|79|15|42|21|39,84.460000,88,100.000000,0,0.591000,0.964890,0.971300,0.592200,0.965383,0.973769,-1.000000,-1.000000,-1.000000,0.592200,0.965383,0.973769,308,410,0.285426,0.191188,1,1
122,51.870000,1.390052,11|45|98|72|85|54|95|68|29|13|70|36|0|77|38|42|3|94|53|43|61|4|51|17|12|31|19|90|75|74|23|83|21|82|1|63|32|59|33|22|56|84|28|35|78|71|91|93|14|9,85.680000,29,100.000000,0,0.605000,0.967273,0.957774,0.608800,0.968216,0.964730,-1.000000,-1.000000,-1.000000,0.608800,0.968216,0.964730,431,387,0.256815,0.170140,1,1
123,52.410000,1.356207,49|80|70|98|17|83|57|19|82|76|55|51|31|56|97|96|0|20|15|87|28|23|62|59|69|63|95|73|44|42|92|77|60|6|11|7|25|58|10|91|88|34|18|13|50|52|38|65|45|35,82.720000,80,100.000000,0,0.585300,0.952247,0.945703,0.588600,0.955233,0.954017,-1.000000,-1.000000,-1.000000,0.588600,0.955233,0.954017,542,527,0.292378,0.207326,1,1
124,53.320000,1.346888,87|20|29|77|90|19|2|3|65|80|45|66|6|12|98|96|81|18|82|69|49|47|73|44|4|36|7|58|89|74|50|51|63|26|95|25|60|56|15|28|52|27|23|57|92|88|30|37|78|24,83.920000,29,100.000000,0,0.596150,0.963097,0.956120,0.600350,0.963438,0.963197,-1.000000,-1.000000,-1.000000,0.600350,0.963438,0.963197,442,439,0.287611,0.183074,1,1
125,51.690000,1.366128,2|31|64|10|37|88|67|53|46|63|51|79|99|0|93|15|27|35|55|81|5|45|50|43|78|95|33|87|42|18|82|34|61|80|89|83|84|92|90|71|1|3|70|68|77|74|12|21|76|11,85.180000,2,100.000000,0,0.577900,0.953798,0.961032,0.580050,0.956900,0.967745,-1.000000,-1.000000,-1.000000,0.580050,0.956900,0.967745,370,500,0.279485,0.199744,1,1
126,53.300000,1.350459,90|31|5|93|98|92|14|20|9|51|54|55|82|62|16|59|25|27|68|91|43|75|88|77|13|45|56|83|0|6|49|7|64|29|72|96|2|52|24|86|3|50|97|66|81|17|42|23|26|11,86.520000,9,100.000000,0,0.618600,0.962981,0.971857,0.622150,0.965362,0.979852,-1.000000,-1.000000,-1.000000,0.622150,0.965362,0.979852,247,431,0.285578,0.195691,1,1
127,53.020000,1.353764,39|61|9|35|84|79|70|45|82|55|10|81|58|97|92|4|41|12|42|91|74|2|99|93|69|22|15|33|67|24|85|0|16|98|60|78|71|20|80|75|88|94|44|27|37|83|77|17|7|65,85.220000,61,100.000000,0,0.577900,0.951549,0.968390,0.581600,0.952975,0.976050,-1.000000,-1.000000,-1.000000,0.581600,0.952975,0.976050,272,547,0.299049,0.201931,1,1
128,50.690000,1.387281,99|31|30|57|36|5|35|88|0|13|84|24|44|19|82|94|26|58|96|62|85|64|6|97|68|55|69|75|76|42|48|3|78|1|9|63|61|37|53|2|45|74|65|17|25|39|87|16|11|54,85.800000,88,100.000000,0,0.624800,0.955266,0.969306,0.630300,0.956370,0.978969,-1.000000,-1.000000,-1.000000,0.630300,0.956370,0.978969,259,550,0.286116,0.198552,1,1
129,53.190000,1.363420,29|83|6|61|14|32|99|42|63|62|12|11|84|9|72|98|51|20|48|85|97|21|23|17|58|73|87|77|82|46|1|16|53|91|79|0|80|8|26|22|44|43|95|10|36|54|74|30|71|28,84.020000,29,100.000000,0,0.609550,0.957592,0.951659,0.613750,0.961466,0.962093,-1.000000,-1.000000,-1.000000,0.613750,0.961466,0.962093,465,473,0.278062,0.222225,1,1
130,51.890000,1.359185,44|65|60|34|95|3|63|10|83|28|26|55|11|36|87|52|91|22|0|99|37|81|43|45|89|93|4|35|54|57|70|94|53|12|33|5|17|49|59|50|39|51|96|69|19|82|47|41|38|15,80.420000,60,100.000000,0,0.601350,0.953521,0.939307,0.605450,0.955570,0.947743,-1.000000,-1.000000,-1.000000,0.605450,0.955570,0.947743,638,538,0.302331,0.227355,1,1
131,52.370000,1.348960,44|72|91|81|80|27|19|49|42|74|57|6|47|73|12|79|24|8|29|67|76|78|51|38|36|96|16|34|92|14|88|0|35|5|93|89|66|10|40|7|75|77|99|94|65|63|17|22|43|90,84.260000,80,100.000000,0,0.596400,0.954142,0.969999,0.598100,0.955442,0.974090,-1.000000,-1.000000,-1.000000,0.598100,0.955442,0.974090,304,533,0.317831,0.209906,1,1
132,52.890000,1.353693,4|66|96|18|32|75|43|94|77|99|74|93|63|42|16|46|65|76|51|1|6|88|17|27|58|53|25|87|20|24|98|61|38|5|55|71|59|39|72|0|10|3|49|36|30|97|21|29|11|89,85.840000,74,100.000000,0,0.627450,0.954100,0.972545,0.625650,0.959402,0.975144,-1.000000,-1.000000,-1.000000,0.625650,0.959402,0.975144,306,508,0.313617,0.218886,1,1
133,50.830000,1.395562,57|26|53|88|65|74|75|93|22|87|97|32|38|17|63|4|64|85|35|49|27|14|68|47|66|30|59|28|55|81|36|45|46|19|51|43|31|39|78|58|48|2|37|42|96|15|44|1|98|99,83.880000,88,100.000000,0,0.597200,0.953784,0.954504,0.601300,0.955014,0.962296,-1.000000,-1.000000,-1.000000,0.601300,0.955014,0.962296,450,541,0.301864,0.208671,1,1
134,51.940000,1.347036,43|61|35|12|70|79|96|49|66|58|83|45|20|81|25|99|39|30|22|31|73|94|8|34|75|59|50|32|11|1|29|95|82|18|74|98|62|28|27|48|38|23|42|68|69|14|15|5|97|51,83.020000,61,100.000000,0,0.591250,0.959070,0.934492,0.602250,0.962723,0.955504,-1.000000,-1.000000,-1.000000,0.602250,0.962723,0.955504,540,449,0.278287,0.174183,1,1
135,50.730000,1.374117,75|50|58|42|85|29|24|63|60|90|14|31|12|43|97|99|80|87|59|69|41|13|68|2|82|73|17|76|64|10|4|46|55|56|89|88|54|72|32|38|84|96|39|49|0|20|51|77|22|95,85.000000,29,100.000000,0,0.574050,0.959760,0.962779,0.579550,0.962040,0.974312,-1.000000,-1.000000,-1.000000,0.579550,0.962040,0.974312,294,440,0.267503,0.172841,1,1
136,52.190000,1.343181,53|68|1|7|55|74|21|45|80|50|90|89|8|17|72|4|65|14|35|49|24|26|44|40|0|39|52|20|87|96|12|61|69|33|75|2|10|82|62|83|41|98|64|70|34|57|28|71|79|6,84.760000,74,100.000000,0,0.613400,0.971307,0.956264,0.617950,0.971923,0.963968,-1.000000,-1.000000,-1.000000,0.617950,0.971923,0.963968,449,347,0.265127,0.176201,1,1
137,51.610000,1.360883,98|41|6|23|53|26|62|14|97|31|22|60|89|0|12|73|4|92|43|88|9|37|64|93|47|96|91|74|67|56|18|10|78|11|94|32|35|5|1|84|95|66|99|63|30|49|86|50|15|39,84.880000,60,100.000000,0,0.603100,0.963853,0.974436,0.603650,0.964301,0.975777,-1.000000,-1.000000,-1.000000,0.603650,0.964301,0.975777,289,431,0.280983,0.170282,1,1
138,53.310000,1.327559,40|35|8|24|1|90|18|0|52|99|71|51|34|60|47|10|12|62|88|67|97|66|33|22|37|92|49|70|45|84|25|75|85|2|91|53|54|36|63|64|83|73|55|42|19|80|6|27|81|59,86.580000,0,100.000000,0,0.595750,0.971716,0.972941,0.594950,0.971342,0.971261,-1.000000,-1.000000,-1.000000,0.594950,0.971342,0.971261,342,341,0.226770,0.148085,1,1
139,54.010000,1.319653,66|18|98|35|90|81|47|48|71|26|73|63|4|49|84|99|97|64|23|44|96|17|14|45|34|38|70|80|33|19|24|57|88|61|13|62|11|12|87|8|21|20|27|67|16|22|86|2|58|83,87.340000,64,100.000000,0,0.609500,0.970221,0.971098,0.612900,0.969326,0.975614,-1.000000,-1.000000,-1.000000,0.612900,0.969326,0.975614,297,376,0.246752,0.170681,1,1
140,53.210000,1.330254,1|97|27|64|13|29|53|65|76|70|74|57|78|14|56|12|73|59|5|21|67|38|42|68|46|88|8|93|58|43|86|47|6|84|48|72|62|49|98|28|4|33|39|89|7|96|23|87|36|19,86.180000,64,100.000000,0,0.598900,0.968275,0.966581,0.599850,0.966992,0.966831,-1.000000,-1.000000,-1.000000,0.599850,0.966992,0.966831,398,396,0.238601,0.167344,1,1
141,50.550000,1.366105,62|57|61|95|32|87|53|56|42|88|9|97|49|47|55|52|83|16|90|58|13|66|48|10|79|35|46|41|8|39|81|12|1|19|37|92|26|82|20|76|43|84|65|70|0|7|5|99|93|38,86.720000,61,100.000000,0,0.594750,0.970912,0.967091,0.597250,0.971034,0.971278,-1.000000,-1.000000,-1.000000,0.597250,0.971034,0.971278,343,346,0.234172,0.172510,1,1
142,54.430000,1.293985,67|26|34|41|20|35|69|19|55|91|66|95|10|46|82|33|98|97|71|6|14|32|15|92|73|76|27|39|84|94|38|2|13|68|90|45|74|57|86|9|78|42|64|89|5|4|83|1|12|18,85.820000,2,100.000000,0,0.603800,0.966297,0.966857,0.605800,0.969379,0.973154,-1.000000,-1.000000,-1.000000,0.605800,0.969379,0.973154,324,371,0.264598,0.161857,1,1
143,54.100000,1.303629,45|17|23|19|28|22|54|84|92|38|94|2|76|47|34|3|57|78|8|37|5|96|55|75|63|91|88|11|89|82|48|71|77|33|12|80|35|66|16|39|15|41|13|31|49|44|95|1|32|40,84.560000,2,100.000000,0,0.615950,0.973537,0.959670,0.618050,0.973869,0.963271,-1.000000,-1.000000,-1.000000,0.618050,0.973869,0.963271,459,323,0.239432,0.159183,1,1
144,53.710000,1.332401,67|38|24|10|45|5|99|20|88|60|94|0|12|61|63|90|47|6|92|66|78|52|46|96|8|1|79|33|57|49|3|74|59|27|68|62|93|53|58|98|22|42|77|15|29|35|70|18|80|95,85.860000,88,100.000000,0,0.580250,0.969151,0.951926,0.582750,0.973831,0.960643,-1.000000,-1.000000,-1.000000,0.582750,0.973831,0.960643,465,305,0.216524,0.161697,1,1
145,54.310000,1.323292,30|52|33|6|69|37|95|18|38|78|0|70|98|58|61|8|43|13|62|26|14|54|55|21|42|74|49|5|2|45|40|9|22|66|91|53|15|83|39|71|96|67|3|60|46|72|28|89|76|84,85.100000,0,100.000000,0,0.609700,0.972938,0.953008,0.612500,0.973224,0.957667,-1.000000,-1.000000,-1.000000,0.612500,0.973224,0.957667,527,328,0.242855,0.143175,1,1
146,54.180000,1.292915,38|37|49|25|66|69|26|85|58|44|21|31|41|95|55|68|63|57|59|67|76|96|15|73|33|82|13|83|32|7|40|50|79|46|2|91|20|54|84|80|5|16|36|30|12|24|74|65|75|93,83.660000,2,100.000000,0,0.590300,0.969761,0.962910,0.590150,0.971617,0.964508,-1.000000,-1.000000,-1.000000,0.590150,0.971617,0.964508,422,335,0.246940,0.185421,1,1
147,51.890000,1.336140,88|16|50|71|2|80|96|44|43|61|87|86|97|45|34|57|70|1|56|75|79|5|27|55|10|37|49|22|99|85|21|24|81|60|26|31|52|48|12|67|53|42|84|30|58|0|19|8|51|93,86.940000,88,100.000000,0,0.592150,0.969771,0.952401,0.599250,0.970547,0.964591,-1.000000,-1.000000,-1.000000,0.599250,0.970547,0.964591,427,353,0.282482,0.147829,1,1
148,55.300000,1.275500,60|11|88|65|49|37|76|83|27|10|43|81|23|78|45|66|36|4|94|38|93|61|90|91|75|96|89|55|84|30|47|40|97|44|15|18|7|28|5|2|95|39|33|86|46|64|6|51|35|85,84.020000,60,100.000000,0,0.567000,0.965873,0.941788,0.571850,0.966687,0.950645,-1.000000,-1.000000,-1.000000,0.571850,0.966687,0.950645,574,381,0.258142,0.174613,1,1
149,55.500000,1.268643,94|61|36|45|11|77|10|26|74|14|75|15|79|90|65|27|16|48|84|35|21|9|0|7|70|55|49|83|44|95|60|69|31|50|59|2|13|43|85|47|6|33|58|40|86|82|73|52|51|18,86.000000,61,100.000000,0,0.612350,0.976974,0.963055,0.616450,0.976722,0.969253,-1.000000,-1.000000,-1.000000,0.616450,0.976722,0.969253,382,287,0.224515,0.156679,1,1
150,55.060000,1.285196,30|5|65|18|26|42|2|4|91|59|41|14|89|67|79|81|57|43|17|40|96|22|10|66|54|11|93|99|56|98|74|24|72|48|21|80|88|13|34|94|38|53|23|3|27|47|6|58|78|52,85.340000,2,100.000000,0,0.618900,0.970108,0.974913,0.622800,0.969814,0.980758,-1.000000,-1.000000,-1.000000,0.622800,0.969814,0.980758,237,376,0.254481,0.186782,1,1
151,53.870000,1.311041,15|22|68|56|50|95|21|24|63|26|78|14|70|82|11|97|31|34|8|2|86|53|74|62|23|98|87|72|16|54|99|92|33|60|19|71|48|94|46|52|28|36|83|89|9|57|35|75|38|27,84.120000,2,100.000000,0,0.586550,0.961555,0.959510,0.588200,0.964213,0.964869,-1.000000,-1.000000,-1.000000,0.588200,0.964213,0.964869,413,421,0.246009,0.161941,1,1
152,54.040000,1.295217,87|55|54|37|78|1|22|17|70|29|82|95|48|64|63|45|8|77|35|56|57|52|3|58|86|98|90|80|7|20|72|41|62|71|15|19|28|50|88|81|6|89|26|47|32|10|34|49|24|40,82.240000,29,100.000000,0,0.596850,0.970093,0.952851,0.596450,0.969738,0.951864,-1.000000,-1.000000,-1.000000,0.596450,0.969738,0.951864,585,361,0.271015,0.178196,1,1
153,54.330000,1.289543,61|94|11|82|51|34|46|30|59|76|29|5|23|65|13|44|64|12|35|97|71|39|81|0|21|8|1|56|28|9|47|27|10|22|93|90|20|73|84|83|99|38|6|42|98|79|45|17|80|2,86.660000,61,100.000000,0,0.628700,0.971449,0.964850,0.631900,0.972068,0.970379,-1.000000,-1.000000,-1.000000,0.631900,0.972068,0.970379,375,353,0.240771,0.156785,1,1
154,54.660000,1.280182,73|84|82|75|8|9|34|59|3|45|23|37|89|2|12|78|36|87|27|93|0|6|90|40|32|63|69|26|56|43|25|76|64|18|22|29|55|33|98|77|83|52|80|16|68|7|92|21|97|95,86.920000,9,100.000000,0,0.606700,0.968683,0.974950,0.609150,0.968399,0.978600,-1.000000,-1.000000,-1.000000,0.609150,0.968399,0.978600,258,385,0.227371,0.150056,1,1
155,54.070000,1.276510,62|30|18|92|72|59|26|96|86|73|41|9|81|15|71|19|34|35|16|38|55|74|79|43|42|23|6|60|20|91|11|40|45|28|67|69|57|90|89|27|36|76|2|65|99|4|37|56|48|98,85.080000,9,100.000000,0,0.597300,0.968190,0.964879,0.598800,0.969773,0.968883,-1.000000,-1.000000,-1.000000,0.598800,0.969773,0.968883,373,362,0.257931,0.166783,1,1
156,54.440000,1.301894,98|69|7|54|23|14|45|60|4|87|0|68|39|13|59|11|84|85|90|82|9|33|19|51|16|79|10|18|71|78|75|95|20|93|1|55|47|63|24|49|26|57|56|80|32|27|52|46|62|34,85.040000,60,100.000000,0,0.612450,0.972814,0.958109,0.615500,0.973761,0.963818,-1.000000,-1.000000,-1.000000,0.615500,0.973761,0.963818,450,323,0.215290,0.150233,1,1
157,55.680000,1.267521,33|49|45|89|92|0|8|74|26|37|43|21|4|25|85|64|90|68|86|17|96|20|23|19|72|58|91|63|38|2|39|77|88|55|70|66|27|10|7|56|61|94|12|36|79|5|48|78|99|52,85.700000,0,100.000000,0,0.594000,0.973906,0.961762,0.597400,0.974807,0.968163,-1.000000,-1.000000,-1.000000,0.597400,0.974807,0.968163,383,301,0.230790,0.183201,1,1
158,53.850000,1.305593,91|57|12|5|76|6|98|72|15|43|33|3|40|32|65|54|81|36|10|14|58|74|28|25|66|45|95|11|94|31|16|63|38|24|19|20|71|99|35|46|27|26|96|78|52|87|23|67|77|29,83.940000,74,100.000000,0,0.619950,0.967094,0.962591,0.620350,0.968405,0.964518,-1.000000,-1.000000,-1.000000,0.620350,0.968405,0.964518,442,392,0.252335,0.161525,1,1
159,53.350000,1.305015,95|63|13|70|62|52|83|21|92|53|45|38|6|43|9|35|24|22|42|44|27|39|81|41|98|14|0|75|78|58|30|57|93|87|90|88|32|55|34|20|51|16|59|54|4|89|26|2|25|40,85.520000,9,100.000000,0,0.621150,0.971665,0.971900,0.622300,0.972762,0.974799,-1.000000,-1.000000,-1.000000,0.622300,0.972762,0.974799,313,339,0.226598,0.158509,1,1
160,54.740000,1.266909,43|66|32|0|56|91|20|97|75|60|29|40|79|47|1|26|96|54|77|36|65|94|62|55|5|9|3|59|69|15|93|13|61|74|34|78|70|39|57|19|58|12|46|10|64|37|8|14|33|25,87.300000,0,100.000000,0,0.635800,0.975149,0.980935,0.635200,0.975047,0.979907,-1.000000,-1.000000,-1.000000,0.635200,0.975047,0.979907,254,317,0.213189,0.140261,1,1
161,55.690000,1.268724,12|60|9|57|31|5|13|63|40|43|94|35|58|21|74|6|62|79|28|1|90|59|83|19|0|36|70|64|50|85|66|2|37|93|29|15|73|39|54|11|82|23|14|72|77|98|61|96|56|84,87.240000,60,100.000000,0,0.606050,0.976157,0.966035,0.610100,0.975988,0.972322,-1.000000,-1.000000,-1.000000,0.610100,0.975988,0.972322,339,293,0.205145,0.130652,1,1
162,56.220000,1.247758,16|5|27|51|6|24|73|84|4|8|70|93|71|56|19|1|92|18|14|54|32|96|17|36|21|58|82|50|35|99|79|68|52|77|49|13|61|57|25|40|91|95|66|69|72|88|38|9|89|30,85.840000,61,100.000000,0,0.602950,0.969069,0.966984,0.602300,0.971692,0.968556,-1.000000,-1.000000,-1.000000,0.602300,0.971692,0.968556,380,341,0.224945,0.143222,1,1
163,55.570000,1.269526,7|74|68|5|16|57|17|11|82|98|20|90|64|18|72|14|66|54|10|46|47|40|15|92|9|61|45|88|37|55|6|27|31|53|33|12|56|93|77|65|70|69|1|2|30|38|0|21|63|81,85.980000,74,100.000000,0,0.645250,0.977528,0.973530,0.644500,0.978355,0.973221,-1.000000,-1.000000,-1.000000,0.644500,0.978355,0.973221,347,279,0.238736,0.160633,1,1
164,55.320000,1.267712,81|92|98|0|87|18|50|32|34|65|61|84|58|1|24|5|20|9|95|47|6|75|85|28|46|64|26|42|8|54|35|70|76|13|66|96|38|17|30|97|41|57|68|78|51|14|3|2|86|77,85.800000,0,100.000000,0,0.608250,0.970407,0.959288,0.609550,0.972521,0.963432,-1.000000,-1.000000,-1.000000,0.609550,0.972521,0.963432,450,335,0.210865,0.132479,1,1
165,55.360000,1.278484,14|86|32|96|87|62|68|82|47|30|8|98|55|65|94|80|22|11|24|97|18|69|67|26|16|40|49|93|57|71|12|20|95|46|48|6|45|56|42|23|89|44|66|19|3|41|10|54|39|59,83.940000,80,100.000000,0,0.596300,0.966711,0.954308,0.600100,0.968005,0.961675,-1.000000,-1.000000,-1.000000,0.600100,0.968005,0.961675,463,384,0.244581,0.147009,1,1
166,55.580000,1.253960,24|65|94|64|41|43|49|86|68|27|18|35|81|84|63|3|75|78|74|80|57|45|93|19|16|29|5|36|79|40|58|2|55|7|89|22|17|76|25|62|48|46|13|6|69|97|83|82|77|66,86.280000,64,100.000000,0,0.589900,0.968554,0.968882,0.588100,0.969308,0.966678,-1.000000,-1.000000,-1.000000,0.588100,0.969308,0.966678,393,361,0.218499,0.160876,1,1
167,54.090000,1.285825,13|42|10|40|23|92|88|16|44|29|68|54|41|73|53|43|19|64|3|98|76|78|18|2|80|59|48|46|75|77|74|93|9|70|45|97|82|8|90|52|34|66|87|57|67|91|99|38|84|56,87.480000,88,100.000000,0,0.561900,0.966275,0.973378,0.561250,0.967216,0.973198,-1.000000,-1.000000,-1.000000,0.561250,0.967216,0.973198,299,368,0.224344,0.144876,1,1
168,55.270000,1.264117,25|41|33|12|36|39|67|69|71|45|98|27|29|42|76|18|51|58|32|90|96|3|57|77|82|47|53|94|68|9|64|44|8|16|48|99|43|50|81|83|15|20|63|13|56|66|2|97|59|31,86.260000,29,100.000000,0,0.606750,0.965472,0.975358,0.608200,0.965472,0.977689,-1.000000,-1.000000,-1.000000,0.608200,0.965472,0.977689,268,420,0.249570,0.186971,1,1
169,57.930000,1.212068,27|44|87|11|61|60|97|35|1|4|53|16|91|76|19|50|56|71|70|6|58|82|73|48|85|84|98|0|38|99|94|68|47|64|69|22|5|65|77|30|23|39|92|40|25|78|18|13|83|49,85.360000,61,100.000000,0,0.583350,0.961515,0.959049,0.587400,0.964079,0.968282,-1.000000,-1.000000,-1.000000,0.587400,0.964079,0.968282,371,422,0.254839,0.154908,1,1
170,57.600000,1.216684,74|5|60|50|11|70|90|92|27|2|88|10|56|78|33|69|73|82|41|18|63|15|34|0|4|89|13|95|93|16|59|76|80|6|94|68|64|55|72|21|77|17|85|58|49|23|19|45|7|98,86.020000,74,100.000000,0,0.591150,0.970650,0.960898,0.594450,0.971654,0.967261,-1.000000,-1.000000,-1.000000,0.594450,0.971654,0.967261,391,337,0.219507,0.144340,1,1
171,53.010000,1.292758,51|15|67|36|63|87|31|59|73|0|4|22|10|38|81|12|46|96|62|82|27|92|52|72|79|18|56|83|8|25|53|70|77|41|75|2|7|11|47|48|23|17|90|26|3|9|39|21|65|16,87.040000,0,100.000000,0,0.645300,0.978847,0.970276,0.648200,0.979636,0.975422,-1.000000,-1.000000,-1.000000,0.648200,0.979636,0.975422,320,264,0.204365,0.152374,1,1
172,56.230000,1.250743,19|8|55|80|53|36|7|95|98|47|4|68|54|18|28|29|61|49|58|72|76|27|43|79|78|93|13|91|96|86|24|83|17|1|6|32|67|84|66|89|16|41|56|59|9|70|77|20|38|15,86.160000,80,100.000000,0,0.593100,0.972433,0.957182,0.592900,0.975122,0.959505,-1.000000,-1.000000,-1.000000,0.592900,0.975122,0.959505,488,295,0.204869,0.129007,1,1
173,54.690000,1.263647,29|6|15|91|88|52|87|95|10|59|2|55|16|45|82|54|69|36|31|23|40|46|47|78|76|92|80|24|11|79|17|8|60|51|63|25|48|34|64|13|27|58|73|43|72|32|41|39|98|85,85.480000,29,100.000000,0,0.602800,0.970637,0.965591,0.608400,0.971236,0.975163,-1.000000,-1.000000,-1.000000,0.608400,0.971236,0.975163,301,350,0.263925,0.146727,1,1
174,55.020000,1.255358,70|38|88|39|81|54|56|84|46|77|63|86|71|66|3|31|62|47|60|36|30|4|41|93|40|42|58|52|97|75|79|19|90|57|9|53|67|12|16|20|13|74|65|10|21|73|6|95|8|49,86.480000,88,100.000000,0,0.582950,0.972039,0.949481,0.587250,0.973180,0.957607,-1.000000,-1.000000,-1.000000,0.587250,0.973180,0.957607,506,315,0.219593,0.141035,1,1
175,54.810000,1.272848,96|56|41|53|40|77|75|80|65|49|9|34|33|19|45|2|26|66|88|58|18|94|95|92|64|38|84|91|78|47|27|83|70|54|73|99|50|93|39|72|7|62|8|68|29|36|57|14|13|32,87.180000,80,100.000000,0,0.574900,0.963124,0.972598,0.573100,0.967894,0.974354,-1.000000,-1.000000,-1.000000,0.573100,0.967894,0.974354,292,368,0.220442,0.165552,1,1
176,55.980000,1.237017,91|11|0|45|52|10|62|92|36|63|20|93|61|12|71|65|70|77|55|95|74|41|84|75|83|8|19|98|81|47|31|6|5|17|13|26|42|69|2|35|9|66|88|86|30|99|34|53|48|67,87.540000,0,100.000000,0,0.594050,0.971635,0.964975,0.596500,0.974937,0.972248,-1.000000,-1.000000,-1.000000,0.596500,0.974937,0.972248,332,299,0.226525,0.146817,1,1
177,56.140000,1.246578,49|64|27|94|34|15|51|0|1|95|45|82|79|52|77|97|72|22|65|48|84|9|7|70|99|28|75|53|73|43|30|50|89|16|66|54|21|55|81|58|62|47|42|80|56|13|18|96|2|32,85.860000,64,100.000000,0,0.579500,0.966350,0.951572,0.582500,0.967124,0.957264,-1.000000,-1.000000,-1.000000,0.582500,0.967124,0.957264,503,383,0.233594,0.145838,1,1
178,57.050000,1.224729,18|54|65|6|72|76|68|27|31|79|43|58|21|88|98|17|87|52|24|7|49|83|22|82|97|75|95|19|36|67|74|64|57|12|8|78|25|91|29|38|94|50|32|63|16|60|85|99|61|69,83.860000,88,100.000000,0,0.562900,0.961272,0.956430,0.562500,0.962578,0.957048,-1.000000,-1.000000,-1.000000,0.562500,0.962578,0.957048,486,421,0.225080,0.165675,1,1
179,57.360000,1.228267,50|22|86|54|19|59|79|30|60|80|95|52|18|58|76|66|4|11|13|44|39|53|34|78|27|46|41|93|85|26|5|24|7|99|29|38|83|97|2|61|77|92|56|42|69|96|91|23|63|16,86.120000,60,100.000000,0,0.592300,0.969188,0.972636,0.592450,0.970546,0.974246,-1.000000,-1.000000,-1.000000,0.592450,0.970546,0.974246,304,349,0.210565,0.139276,1,1
180,54.220000,1.296462,35|48|76|84|72|14|90|46|29|65|42|61|55|6|4|67|7|37|69|31|94|21|2|63|10|17|26|1|15|70|68|77|18|32|38|19|11|83|71|92|81|25|58|51|50|13|86|99|52|87,86.600000,29,100.000000,0,0.613000,0.971941,0.957801,0.618200,0.974442,0.968411,-1.000000,-1.000000,-1.000000,0.618200,0.974442,0.968411,393,316,0.216752,0.138911,1,1
181,56.290000,1.238489,73|74|75|3|64|69|59|46|97|89|77|0|95|61|6|25|9|85|24|99|88|18|39|36|2|80|22|83|55|10|41|12|49|52|11|8|20|63|70|82|98|13|68|91|17|44|93|60|94|87,86.660000,74,100.000000,0,0.571700,0.968427,0.955722,0.572150,0.971336,0.959347,-1.000000,-1.000000,-1.000000,0.572150,0.971336,0.959347,471,328,0.196912,0.113144,1,1
182,55.710000,1.265201,77|20|22|92|9|94|79|12|97|32|11|34|46|67|6|93|70|31|14|49|66|3|64|57|62|4|24|89|52|15|0|50|74|7|51|33|76|47|28|19|69|44|99|88|68|39|23|30|37|80,86.440000,9,100.000000,0,0.599950,0.974581,0.935969,0.609650,0.975232,0.951737,-1.000000,-1.000000,-1.000000,0.609650,0.975232,0.951737,603,302,0.198588,0.109587,1,1
183,55.830000,1.250511,26|70|13|44|54|73|36|83|97|53|79|84|33|82|6|90|75|16|92|28|14|66|31|17|47|9|4|10|61|96|45|60|12|88|69|23|77|94|30|15|5|72|74|46|25|42|1|34|87|51,87.720000,9,100.000000,0,0.596300,0.976438,0.953336,0.595800,0.977257,0.953336,-1.000000,-1.000000,-1.000000,0.595800,0.977257,0.953336,570,271,0.187130,0.124160,1,1
184,57.160000,1.215434,64|62|40|37|44|78|13|77|29|55|27|53|95|24|38|39|71|69|43|46|76|72|16|10|45|86|79|9|6|66|51|28|21|91|70|12|92|32|1|60|19|18|2|15|83|58|17|7|87|80,84.920000,64,100.000000,0,0.616750,0.975841,0.953955,0.618450,0.976716,0.957442,-1.000000,-1.000000,-1.000000,0.618450,0.976716,0.957442,537,288,0.220375,0.144132,1,1
185,54.750000,1.249371,89|96|47|80|60|65|41|94|37|12|8|86|32|48|69|78|98|75|59|92|25|27|71|79|64|42|99|7|46|2|57|72|40|91|68|93|53|45|3|16|10|84|67|20|36|4|76|63|87|62,85.180000,80,100.000000,0,0.559650,0.964263,0.968851,0.558100,0.966135,0.968043,-1.000000,-1.000000,-1.000000,0.558100,0.966135,0.968043,356,378,0.247050,0.164869,1,1
186,57.580000,1.217100,2|70|0|43|74|18|94|87|81|77|66|33|73|8|78|29|34|24|98|53|95|36|54|35|46|86|56|57|27|21|50|7|63|14|19|83|44|88|4|52|28|69|84|23|41|40|72|13|42|38,85.840000,2,100.000000,0,0.604000,0.972930,0.959350,0.602200,0.973597,0.957146,-1.000000,-1.000000,-1.000000,0.602200,0.973597,0.957146,525,318,0.202251,0.116104,1,1
187,57.430000,1.212287,41|51|23|95|76|2|21|22|75|7|97|26|54|17|24|70|47|1|67|57|59|36|84|37|89|68|6|25|11|3|58|80|66|38|9|12|98|83|86|82|85|5|28|4|20|53|18|96|88|30,87.820000,2,100.000000,0,0.623000,0.976404,0.968399,0.624250,0.978214,0.972140,-1.000000,-1.000000,-1.000000,0.624250,0.978214,0.972140,350,272,0.207418,0.129142,1,1
188,58.600000,1.177881,34|66|30|82|96|50|38|8|3|93|75|29|20|41|97|24|13|36|78|92|48|49|45|5|37|54|42|90|51|63|17|61|21|26|91|76|32|31|77|84|27|28|4|64|68|35|7|12|74|18,86.080000,29,100.000000,0,0.610950,0.972338,0.948507,0.614350,0.974282,0.955692,-1.000000,-1.000000,-1.000000,0.614350,0.974282,0.955692,555,316,0.196149,0.138247,1,1
189,57.260000,1.216368,82|87|59|44|74|80|77|79|52|95|20|46|40|14|84|76|24|23|33|65|25|62|39|3|27|64|56|90|11|0|69|19|35|21|29|68|67|47|58|30|7|16|96|98|9|75|22|10|89|73,85.860000,74,100.000000,0,0.594950,0.977141,0.959323,0.599500,0.977481,0.966997,-1.000000,-1.000000,-1.000000,0.599500,0.977481,0.966997,400,270,0.191270,0.116018,1,1
190,57.660000,1.204428,87|71|92|86|33|38|63|96|72|82|14|9|21|70|25|42|26|10|29|27|94|89|16|55|81|73|11|95|93|43|50|36|85|52|35|53|44|1|77|80|24|61|88|64|18|22|4|65|58|3,89.600000,9,100.000000,0,0.592500,0.976203,0.978846,0.591200,0.976488,0.976984,-1.000000,-1.000000,-1.000000,0.591200,0.976488,0.976984,272,278,0.192666,0.110182,1,1
191,56.470000,1.229292,94|33|49|21|75|62|6|1|9|34|66|96|83|51|98|53|8|72|91|47|54|14|38|7|44|31|65|86|4|64|70|78|0|36|30|95|2|45|52|26|57|39|43|3|97|73|35|69|61|42,85.200000,9,100.000000,0,0.610300,0.968950,0.960608,0.612350,0.970115,0.964994,-1.000000,-1.000000,-1.000000,0.612350,0.970115,0.964994,431,366,0.199457,0.128771,1,1
192,57.520000,1.202456,8|19|13|88|23|34|66|15|53|86|93|25|61|14|74|16|69|79|49|29|1|26|27|22|58|48|54|92|84|90|91|6|83|39|35|81|3|97|57|32|44|76|0|75|94|95|45|96|64|99,87.200000,88,100.000000,0,0.577750,0.970056,0.965211,0.575200,0.973661,0.964523,-1.000000,-1.000000,-1.000000,0.575200,0.973661,0.964523,412,303,0.202533,0.125713,1,1
193,57.850000,1.196104,0|4|1|13|26|47|17|66|42|80|76|55|21|84|12|39|15|81|24|92|71|56|27|67|46|9|35|22|60|19|53|74|34|89|64|5|82|52|54|94|59|57|96|58|41|63|6|62|95|48,89.720000,0,100.000000,0,0.617900,0.981065,0.980668,0.619200,0.980459,0.982124,-1.000000,-1.000000,-1.000000,0.619200,0.980459,0.982124,221,242,0.180812,0.114350,1,1
194,56.710000,1.207915,89|22|50|23|90|44|10|5|55|32|14|72|80|57|93|85|63|6|81|20|37|87|99|75|15|53|28|19|18|61|3|76|33|4|0|60|64|78|41|84|46|48|65|94|35|56|36|79|92|52,87.540000,80,100.000000,0,0.590100,0.971191,0.961093,0.591650,0.972450,0.964867,-1.000000,-1.000000,-1.000000,0.591650,0.972450,0.964867,419,326,0.199667,0.126368,1,1
195,56.800000,1.221120,93|56|47|12|37|55|62|76|83|7|19|85|68|49|5|81|35|10|67|44|78|87|91|25|11|27|72|39|61|63|30|26|6|51|3|21|8|58|98|0|75|9|52|86|60|54|96|45|70|92,86.200000,61,100.000000,0,0.592200,0.972222,0.954414,0.595250,0.975388,0.962453,-1.000000,-1.000000,-1.000000,0.595250,0.975388,0.962453,453,293,0.202527,0.121506,1,1
196,58.100000,1.185937,64|90|34|38|15|0|68|33|28|86|61|82|39|73|48|51|67|12|58|45|76|96|5|41|7|56|84|99|18|16|21|36|74|83|6|31|78|49|63|54|55|70|9|43|22|71|24|26|17|87,87.000000,64,100.000000,0,0.597350,0.975475,0.946556,0.603900,0.974582,0.956059,-1.000000,-1.000000,-1.000000,0.603900,0.974582,0.956059,541,307,0.195462,0.113693,1,1
197,58.420000,1.195063,32|37|67|38|78|33|62|1|41|20|82|22|27|29|86|4|57|94|77|71|11|73|46|68|45|24|10|19|56|63|16|9|2|69|14|59|21|13|50|79|25|66|85|30|44|15|80|34|60|99,86.940000,29,100.000000,0,0.634000,0.977681,0.965273,0.634450,0.979352,0.967609,-1.000000,-1.000000,-1.000000,0.634450,0.979352,0.967609,416,262,0.205014,0.124282,1,1
198,56.090000,1.242155,78|88|67|40|87|37|0|49|32|9|81|69|33|20|54|71|18|70|38|42|58|90|73|45|39|24|31|96|47|16|29|14|27|98|53|12|46|62|17|2|66|21|48|43|28|30|74|93|68|84,84.300000,88,100.000000,0,0.584600,0.975453,0.928141,0.588700,0.977323,0.936442,-1.000000,-1.000000,-1.000000,0.588700,0.977323,0.936442,781,267,0.174423,0.115821,1,1
199,56.090000,1.235250,68|50|76|7|3|77|43|70|33|83|36|8|32|44|14|85|99|0|62|54|15|67|87|93|48|25|29|56|71|13|34|6|69|10|9|75|58|81|96|46|28|4|20|74|86|45|88|73|61|84,88.160000,0,100.000000,0,0.588150,0.978237,0.955969,0.585950,0.979862,0.953975,-1.000000,-1.000000,-1.000000,0.585950,0.979862,0.953975,554,236,0.163151,0.111945,1,1
200,55.280000,1.255360,41|80|54|29|53|38|76|56|24|10|91|87|48|5|77|82|3|68|17|60|62|2|27|59|16|44|72|96|1|20|73|61|36|99|92|34|89|9|97|22|14|47|37|25|64|67|83|49|85|46,88.100000,80,100.000000,1,0.593300,0.973285,0.967658,0.593900,0.972470,0.967826,0.621950,0.939384,0.979053,0.603100,0.966175,0.976456,281,408,0.231732,0.099574,1,1
201,55.580000,1.242349,25|95|35|41|42|11|79|81|87|89|68|70|82|96|4|33|13|73|44|19|47|51|38|8|52|53|64|66|71|74|75|78|7|63|49|83|1|10|5|3|12|54|91|18|31|23|37|6|85|14,88.620000,52,100.000000,1,0.618450,0.975908,0.967073,0.616300,0.979637,0.967393,0.651900,0.936340,0.978048,0.621500,0.975382,0.971319,358,306,0.208180,0.119063,1,1
202,55.110000,1.267553,59|84|40|69|6|58|56|93|63|2|7|70|0|85|19|23|29|88|52|33|57|98|25|17|78|75|42|26|27|32|36|38|14|45|3|18|99|24|11|79|73|22|39|9|55|1|10|44|74|28,86.660000,2,100.000000,1,0.649600,0.975139,0.960428,0.652200,0.976694,0.965810,0.679450,0.949812,0.978470,0.661250,0.972325,0.974831,332,366,0.243157,0.124221,1,1
203,55.890000,1.246208,49|52|75|4|77|70|72|39|14|17|19|97|26|24|73|78|76|95|79|38|61|32|43|81|98|48|74|23|30|28|89|3|62|86|50|6|88|34|58|84|7|87|82|10|16|67|42|20|99|90,82.700000,61,100.000000,1,0.560300,0.958683,0.936454,0.558750,0.964564,0.939592,0.584250,0.932392,0.949704,0.565500,0.959505,0.945955,620,458,0.237580,0.171208,1,1
204,56.290000,1.240641,83|69|20|66|33|89|47|26|40|72|64|73|67|18|21|23|16|93|43|76|44|54|84|59|70|61|94|11|49|57|75|97|46|13|65|25|12|15|90|35|80|92|31|55|36|4|81|91|62|2,86.160000,64,100.000000,1,0.577100,0.964824,0.959504,0.578150,0.969472,0.965880,0.608050,0.936189,0.980958,0.586750,0.963613,0.974324,298,427,0.241406,0.138244,1,1
205,55.270000,1.265911,70|1|12|6|37|63|11|41|96|71|10|73|86|13|98|77|74|40|94|97|7|39|61|26|66|47|84|42|72|78|4|14|34|55|83|36|69|56|48|16|79|51|29|81|46|33|25|24|88|28,85.720000,74,100.000000,1,0.600100,0.966172,0.962324,0.599050,0.969702,0.964149,0.623700,0.942120,0.975270,0.606050,0.965432,0.971120,348,419,0.265727,0.147247,1,1
206,56.850000,1.234386,82|17|4|3|23|20|26|47|33|55|40|36|93|45|19|25|58|0|53|66|89|7|39|70|27|51|84|18|88|42|5|68|60|64|77|96|43|85|91|67|81|75|72|52|24|90|29|87|92|57,87.260000,0,100.000000,1,0.593450,0.970427,0.977842,0.592200,0.971800,0.977163,0.626400,0.932391,0.991680,0.599500,0.968641,0.985992,165,376,0.221325,0.136599,1,1
207,57.000000,1.218807,33|45|12|96|73|22|81|11|38|64|5|2|31|90|93|41|40|26|59|19|24|87|46|99|16|76|20|82|15|89|3|27|0|74|65|48|91|84|61|21|94|52|8|36|55|72|79|67|28|92,84.520000,64,100.000000,1,0.597100,0.964328,0.956081,0.597350,0.971457,0.963553,0.624800,0.936940,0.972022,0.604450,0.967574,0.971108,348,392,0.223080,0.167758,1,1
208,57.970000,1.201858,78|57|98|99|16|92|8|0|77|46|6|42|48|83|65|18|40|41|33|2|96|17|91|37|43|51|80|44|30|84|54|82|69|38|15|5|88|7|62|95|29|60|14|11|81|61|93|24|39|52,85.600000,0,100.000000,1,0.597150,0.966759,0.960806,0.598900,0.969027,0.965882,0.624900,0.938070,0.975618,0.605700,0.964339,0.972123,335,432,0.251415,0.141861,1,1
209,54.360000,1.276466,79|33|44|4|91|48|57|49|10|25|21|54|22|75|7|83|85|95|66|16|46|20|80|23|50|12|62|6|9|0|40|29|36|39|81|72|1|97|34|11|42|84|67|76|90|43|99|74|26|14,86.260000,80,100.000000,1,0.627850,0.967269,0.966038,0.629500,0.971882,0.973197,0.653650,0.946760,0.984411,0.636800,0.969221,0.981786,229,392,0.222741,0.144506,1,1
210,54.780000,1.287545,62|80|87|31|57|84|38|64|14|35|21|45|65|9|46|10|72|94|48|44|4|52|23|49|98|77|90|42|70|3|8|2|53|82|16|58|63|79|67|29|83|39|24|66|93|20|36|55|97|50,86.420000,80,100.000000,1,0.598950,0.965356,0.970704,0.596450,0.968145,0.969445,0.624150,0.937275,0.982120,0.603550,0.964046,0.976832,276,434,0.222656,0.155762,1,1
211,57.410000,1.211616,34|35|45|96|55|31|61|46|5|87|83|42|70|97|6|52|66|56|50|98|20|48|39|36|63|44|95|40|47|92|33|59|60|0|85|27|53|49|77|22|90|69|4|28|93|67|10|89|71|81,83.760000,61,100.000000,1,0.559450,0.959782,0.945501,0.555750,0.966262,0.945589,0.587800,0.923613,0.955978,0.563600,0.960344,0.953073,533,447,0.232634,0.136873,1,1
212,58.270000,1.190948,27|11|15|3|22|60|83|43|31|21|78|19|86|98|57|6|16|77|37|66|74|91|68|41|80|17|39|42|58|38|93|73|59|79|81|62|48|2|4|25|5|55|24|1|8|95|63|72|10|94,86.220000,60,100.000000,1,0.629700,0.969747,0.978763,0.630500,0.973354,0.983651,0.658950,0.945975,0.999118,0.639450,0.968019,0.992146,98,409,0.245185,0.159574,1,1
213,55.710000,1.250915,58|64|52|53|51|2|34|66|6|45|54|99|0|89|80|76|55|47|12|17|26|13|73|65|82|8|92|43|4|75|36|9|95|62|77|81|22|21|71|84|32|86|11|38|88|72|16|93|23|24,88.220000,64,100.000000,1,0.601450,0.969407,0.965474,0.601900,0.973418,0.970194,0.629400,0.940817,0.980543,0.608800,0.968955,0.976817,280,378,0.203326,0.131391,1,1
214,58.900000,1.172042,17|34|24|16|21|40|30|99|50|78|59|23|28|88|7|77|46|12|47|97|49|89|36|91|65|19|11|14|0|86|20|80|25|73|8|87|90|48|58|79|39|96|44|66|53|92|27|3|52|33,81.640000,88,100.000000,1,0.588800,0.964419,0.926497,0.591650,0.968224,0.934655,0.610000,0.939672,0.935226,0.597200,0.964082,0.939387,743,429,0.243729,0.151463,1,1
215,53.760000,1.309203,85|10|29|81|12|20|45|42|78|21|98|67|89|11|87|32|88|82|52|73|97|38|8|19|83|57|15|4|77|14|18|9|35|7|25|64|72|24|74|65|56|53|63|1|55|49|31|48|99|93,84.500000,29,100.000000,1,0.613100,0.961752,0.969341,0.610550,0.965359,0.968930,0.637650,0.939230,0.984547,0.619700,0.961030,0.979040,255,483,0.244687,0.162017,1,1
216,55.900000,1.245700,88|19|41|54|87|60|92|95|91|52|23|80|10|64|53|26|72|43|61|97|12|89|67|45|84|62|22|46|48|94|66|8|47|5|93|42|44|90|81|7|74|1|20|29|50|65|68|24|18|40,87.580000,88,100.000000,1,0.584450,0.965352,0.977562,0.583550,0.968040,0.978775,0.609700,0.935460,0.988218,0.590950,0.964464,0.987525,144,420,0.230984,0.144382,1,1
217,56.820000,1.222200,63|2|74|28|18|6|3|59|23|36|50|30|5|35|76|0|31|27|17|86|57|12|73|32|70|19|84|65|61|94|93|83|14|37|7|99|11|21|39|13|25|72|51|66|52|90|33|45|26|46,86.720000,2,100.000000,1,0.636500,0.972663,0.944470,0.638700,0.975575,0.950572,0.662350,0.948139,0.958047,0.645550,0.972117,0.957361,559,360,0.203180,0.121616,1,1
218,56.360000,1.232619,35|76|43|38|84|40|63|24|19|14|15|52|65|90|69|70|64|53|91|71|49|36|9|33|34|32|27|41|74|39|98|8|51|61|17|87|7|28|60|86|4|46|5|0|67|22|94|88|30|47,84.400000,64,100.000000,1,0.595500,0.971453,0.926935,0.593200,0.976568,0.928217,0.614200,0.948144,0.933104,0.598650,0.973106,0.933424,831,322,0.183467,0.123126,1,1
219,53.460000,1.308109,75|21|52|31|40|42|49|97|55|79|77|67|87|14|41|7|37|2|85|6|61|84|53|8|99|59|43|24|44|20|80|94|10|69|16|18|15|93|95|98|90|57|30|1|65|58|36|56|96|13,83.040000,52,100.000000,1,0.587050,0.959543,0.949756,0.584250,0.961917,0.947564,0.614100,0.919883,0.952453,0.588550,0.958627,0.951273,578,487,0.274539,0.161097,1,1
220,56.290000,1.237768,33|70|4|32|39|69|61|63|75|81|50|53|35|74|5|14|30|68|83|38|45|22|12|79|15|96|88|54|16|90|42|94|34|41|62|85|55|31|67|71|57|80|56|73|92|93|25|2|86|9,88.580000,61,100.000000,1,0.573900,0.969768,0.964391,0.570000,0.975526,0.963525,0.600400,0.938458,0.976347,0.576750,0.971131,0.970542,340,333,0.193553,0.134676,1,1
221,58.380000,1.200299,56|20|79|44|13|69|31|60|0|9|10|92|98|30|39|33|2|63|82|88|54|76|48|40|68|51|87|3|23|85|93|41|95|61|32|7|55|35|96|71|1|50|91|38|21|47|66|14|6|27,84.260000,60,100.000000,1,0.610900,0.970453,0.961015,0.609850,0.974174,0.963041,0.639550,0.937612,0.972038,0.616600,0.970159,0.969687,374,368,0.223009,0.165038,1,1
222,56.430000,1.215273,48|74|91|21|25|73|97|92|32|90|94|86|9|59|6|16|8|2|62|10|31|43|82|70|93|76|50|27|24|98|44|79|20|54|51|80|85|40|60|96|1|46|89|57|15|28|53|52|36|22,87.240000,74,100.000000,1,0.582050,0.966412,0.960881,0.586000,0.971502,0.972497,0.616950,0.934354,0.984711,0.592700,0.967775,0.979843,236,382,0.211380,0.135291,1,1
223,57.050000,1.231844,77|33|61|24|20|85|78|80|68|55|25|54|44|19|99|11|74|14|93|92|10|13|88|63|96|76|94|21|3|79|38|37|59|47|72|98|83|26|1|9|91|28|40|0|58|15|71|36|97|95,85.320000,61,100.000000,1,0.575400,0.959941,0.957196,0.582150,0.962209,0.970713,0.601450,0.927592,0.966814,0.590000,0.956356,0.977818,256,515,0.257742,0.160477,1,1
224,56.720000,1.253049,20|97|59|28|87|6|3|24|37|83|33|47|88|39|72|14|42|55|19|74|2|49|81|70|27|0|57|18|4|31|45|13|60|56|93|69|15|1|46|71|61|77|50|16|11|17|86|90|53|67,85.820000,88,100.000000,1,0.616850,0.970333,0.936845,0.616400,0.972988,0.938723,0.632300,0.948363,0.938566,0.621900,0.969448,0.943653,720,380,0.213300,0.111000,1,1
225,57.640000,1.222946,38|64|56|29|6|65|1|95|83|97|21|41|88|92|69|42|0|93|2|45|43|53|27|75|99|77|23|84|60|71|33|20|4|55|87|96|3|86|28|73|94|68|67|62|17|63|11|66|37|19,84.300000,64,100.000000,1,0.571300,0.958866,0.943588,0.568300,0.965599,0.945224,0.593600,0.931183,0.952114,0.574400,0.960916,0.950736,572,449,0.232447,0.135937,1,1
226,58.490000,1.190372,99|31|67|48|61|51|80|44|30|89|98|0|58|5|62|74|45|85|75|11|66|87|68|86|55|95|19|90|6|16|82|73|76|93|92|18|24|81|60|50|20|26|36|35|17|8|65|83|70|33,85.400000,61,100.000000,1,0.553400,0.961240,0.946699,0.551450,0.968628,0.950614,0.582400,0.925567,0.959334,0.558750,0.962953,0.957555,477,414,0.239969,0.134904,1,1
227,56.260000,1.222786,81|58|45|28|51|65|33|66|10|97|21|57|36|96|93|64|43|53|38|1|24|69|31|16|68|15|32|85|76|26|70|6|7|86|75|82|4|98|13|54|59|62|9|90|91|80|25|56|84|67,87.340000,64,100.000000,1,0.581900,0.966231,0.960208,0.581050,0.970398,0.962941,0.617900,0.927173,0.978396,0.589750,0.964900,0.971821,330,414,0.233128,0.122293,1,1
228,55.680000,1.257152,15|12|78|84|56|75|90|54|60|73|38|85|23|4|52|72|37|71|63|20|97|88|1|18|95|66|89|50|17|2|79|83|3|55|29|96|33|9|48|57|59|26|22|87|7|27|74|35|99|51,85.720000,60,100.000000,1,0.594600,0.963337,0.969533,0.591950,0.967058,0.968940,0.619150,0.933861,0.978673,0.598750,0.960585,0.973510,313,472,0.232360,0.153825,1,1
229,57.320000,1.245632,3|20|31|56|38|91|99|60|74|78|16|85|17|21|45|5|6|42|32|35|11|8|0|84|15|27|73|26|53|4|87|1|92|51|36|66|2|79|37|80|57|14|62|72|90|12|69|94|83|22,86.780000,60,100.000000,1,0.633150,0.971018,0.961903,0.632900,0.974009,0.964484,0.651450,0.949421,0.967691,0.637400,0.970819,0.968161,407,372,0.226965,0.124535,1,1
230,55.750000,1.239585,33|72|1|92|6|12|96|97|28|11|85|67|9|84|14|26|19|66|37|75|89|42|8|78|59|86|50|36|16|53|10|55|47|20|51|27|13|71|70|0|83|44|18|98|40|46|38|76|25|4,85.660000,9,100.000000,1,0.638450,0.963740,0.967986,0.637750,0.968091,0.971289,0.661750,0.942803,0.981515,0.643850,0.966995,0.979470,261,425,0.242452,0.174225,1,1
231,56.770000,1.235768,7|92|18|78|99|32|84|93|57|24|16|75|15|29|41|85|72|62|61|14|50|37|39|55|67|12|90|81|44|23|91|66|26|17|56|77|3|42|86|40|38|83|98|53|64|31|70|49|59|45,84.980000,29,100.000000,1,0.570100,0.963427,0.950835,0.570950,0.966284,0.955077,0.600650,0.929993,0.967022,0.577100,0.961965,0.961049,450,439,0.214778,0.141188,1,1
232,56.580000,1.225699,20|42|84|4|40|22|77|14|92|28|50|46|49|73|83|19|0|37|62|11|13|60|58|68|43|41|65|29|32|27|8|7|79|64|63|26|88|87|90|25|15|54|18|57|12|99|95|70|98|45,85.820000,0,100.000000,1,0.604950,0.971816,0.950065,0.606050,0.973682,0.953620,0.630600,0.942277,0.960246,0.612100,0.969204,0.958710,511,377,0.204246,0.128702,1,1
233,57.470000,1.199214,76|69|18|0|81|53|71|9|88|51|56|15|73|77|5|83|31|91|26|42|34|28|43|12|6|41|10|86|14|54|65|68|50|22|61|11|17|1|92|44|90|16|46|94|21|64|87|48|35|84,85.120000,0,100.000000,1,0.591750,0.974736,0.925100,0.593050,0.977152,0.929431,0.622000,0.944534,0.942261,0.601000,0.972795,0.937690,777,327,0.172086,0.097899,1,1
234,56.920000,1.233418,38|46|27|29|14|60|1|21|80|85|23|53|33|45|67|30|82|19|71|15|95|99|72|7|92|26|49|68|13|64|47|78|55|93|76|70|0|12|39|90|98|83|5|11|50|65|8|9|4|66,87.220000,29,100.000000,1,0.615850,0.967768,0.961833,0.614850,0.972514,0.964980,0.639800,0.941935,0.972565,0.621150,0.969009,0.971355,355,385,0.212677,0.147125,1,1
235,58.050000,1.210777,91|92|99|89|72|67|8|4|39|45|78|54|57|10|18|46|98|73|74|34|64|83|12|25|6|93|94|47|14|24|43|30|87|31|48|49|41|33|9|55|7|80|70|22|81|50|82|60|65|59,83.520000,74,100.000000,1,0.576750,0.961248,0.950617,0.573550,0.965653,0.949674,0.597700,0.938347,0.961677,0.580200,0.961996,0.957047,501,441,0.218757,0.186982,1,1
236,56.660000,1.240562,52|90|73|71|20|9|83|72|37|33|14|3|89|18|49|88|46|60|76|5|39|68|2|24|54|19|97|13|65|61|28|82|58|42|92|30|36|64|67|96|35|26|95|21|81|62|41|93|85|84,85.420000,9,100.000000,1,0.567500,0.964141,0.947692,0.564250,0.969340,0.947346,0.594250,0.929996,0.957218,0.570650,0.964251,0.953061,542,408,0.218895,0.121765,1,1
237,56.830000,1.235118,54|62|11|43|63|84|82|50|34|58|9|42|17|24|18|22|25|26|71|1|8|23|14|93|88|47|16|6|19|0|20|86|70|74|28|90|15|66|41|97|39|33|40|89|56|12|51|53|79|3,86.340000,54,100.000000,1,0.637450,0.973645,0.945032,0.635900,0.977512,0.946479,0.659250,0.946682,0.950285,0.641050,0.974963,0.951656,635,321,0.177988,0.105792,1,1
238,57.820000,1.195559,64|65|33|15|70|67|21|32|6|72|48|28|20|24|40|51|39|25|79|75|63|9|11|99|54|87|59|76|88|4|58|69|96|16|27|98|3|18|44|95|34|81|60|36|90|50|42|84|77|23,82.400000,64,100.000000,1,0.580350,0.962867,0.935935,0.581900,0.964255,0.939787,0.609800,0.931043,0.950925,0.588600,0.959905,0.946319,641,472,0.234999,0.149829,1,1
239,56.150000,1.241329,81|32|93|54|63|88|96|40|21|49|13|23|73|9|65|38|80|64|19|76|30|26|62|83|45|95|18|74|87|24|91|16|52|22|89|53|4|5|2|50|56|97|31|7|12|34|15|78|3|82,84.780000,54,100.000000,1,0.600800,0.963798,0.943309,0.598550,0.969426,0.945264,0.624300,0.929761,0.945589,0.603100,0.965346,0.948440,633,418,0.232557,0.134856,1,1
240,57.080000,1.219770,52|61|18|98|8|79|74|62|91|43|38|64|84|95|23|31|21|77|41|14|88|34|50|42|45|39|93|10|56|67|30|49|85|22|83|65|17|51|71|82|70|12|59|27|9|29|94|26|19|6,85.480000,61,100.000000,1,0.576200,0.969368,0.930219,0.576600,0.971297,0.932717,0.604500,0.938379,0.944708,0.582850,0.967316,0.938962,733,381,0.198283,0.112991,1,1
241,57.000000,1.224694,9|57|14|71|21|99|11|38|45|22|49|96|18|39|56|65|41|7|25|89|95|17|61|77|24|27|33|2|76|84|69|3|10|83|55|85|6|67|37|97|50|73|74|78|75|86|47|62|36|68,84.000000,9,100.000000,1,0.595200,0.957073,0.955228,0.589700,0.963626,0.952880,0.615600,0.936322,0.966546,0.597500,0.959331,0.961181,463,486,0.263059,0.162598,1,1
242,55.000000,1.270669,29|45|28|78|67|23|69|37|58|55|98|64|24|5|12|36|88|62|59|79|11|66|83|30|2|57|65|84|74|42|91|47|19|22|41|60|95|14|46|27|40|3|68|70|38|80|49|81|18|17,82.360000,29,100.000000,1,0.577400,0.967873,0.919010,0.576800,0.970267,0.920326,0.602050,0.939208,0.929864,0.583950,0.964295,0.925999,900,417,0.208858,0.124626,1,1
243,56.740000,1.221935,7|63|67|95|69|50|26|20|33|23|12|57|17|94|89|55|36|14|29|0|32|88|34|65|4|5|99|40|10|56|62|44|49|30|58|37|18|15|19|1|38|78|68|75|54|24|16|35|98|9,84.460000,29,100.000000,1,0.639400,0.966922,0.933419,0.639300,0.971610,0.937797,0.656250,0.952152,0.943383,0.646300,0.968204,0.944742,732,411,0.213118,0.145008,1,1
244,56.320000,1.227843,96|88|41|37|14|66|18|57|5|34|50|23|98|46|90|38|68|91|69|58|56|15|63|89|93|81|24|80|8|33|77|45|87|73|92|83|10|20|51|84|35|49|62|39|76|61|30|22|78|7,82.900000,88,100.000000,1,0.545600,0.961694,0.924744,0.547500,0.963744,0.929944,0.579250,0.920932,0.940166,0.555500,0.958146,0.938051,703,465,0.218784,0.115973,1,1
245,57.350000,1.207438,33|35|43|72|66|34|22|99|11|60|61|42|84|40|45|24|49|88|86|92|46|79|12|85|9|81|90|47|63|75|74|68|37|28|3|69|5|0|21|17|76|51|27|31|1|41|94|4|10|44,83.740000,60,100.000000,1,0.588500,0.968309,0.917411,0.588950,0.973512,0.923046,0.608450,0.949380,0.929969,0.593600,0.970940,0.927876,896,345,0.184985,0.123213,1,1
246,57.910000,1.198306,47|51|82|85|68|95|20|13|27|84|39|44|50|26|76|93|58|97|60|41|71|0|49|3|70|23|77|12|22|54|46|90|6|96|69|89|88|59|37|5|62|86|38|33|34|19|32|1|92|78,86.120000,60,100.000000,1,0.581750,0.964332,0.958155,0.578000,0.972232,0.959778,0.606050,0.933669,0.966439,0.583950,0.968234,0.965670,402,371,0.190735,0.151495,1,1
247,54.910000,1.272384,5|78|62|63|93|10|13|92|84|38|47|98|45|24|14|87|76|58|53|41|6|48|49|52|3|61|54|22|85|8|66|37|29|83|74|7|99|42|2|40|96|80|89|21|30|97|26|72|20|50,84.020000,61,100.000000,1,0.596800,0.961880,0.962525,0.594900,0.965456,0.963028,0.617600,0.932885,0.966046,0.600350,0.961023,0.967388,389,468,0.225402,0.140346,1,1
248,57.450000,1.194374,13|54|74|97|63|61|49|23|4|89|19|48|82|18|36|75|35|78|88|57|22|73|72|30|90|55|58|99|80|20|62|43|81|76|24|15|0|41|39|8|85|38|46|6|40|42|11|93|37|28,84.760000,74,100.000000,1,0.593500,0.965965,0.948073,0.592900,0.968207,0.949314,0.612400,0.940643,0.952621,0.598400,0.963402,0.953365,564,438,0.208910,0.124965,1,1
249,58.590000,1.190258,78|49|83|54|59|9|97|46|56|94|48|39|23|24|33|74|70|4|6|45|15|86|88|67|16|19|50|30|11|62|69|44|29|73|57|51|17|53|13|80|40|55|99|68|1|98|20|21|5|64,83.540000,9,100.000000,1,0.599950,0.964664,0.935883,0.597850,0.968972,0.936772,0.617550,0.946968,0.945666,0.604000,0.964487,0.942028,717,429,0.208812,0.126067,1,1
250,56.980000,1.238363,4|62|55|16|67|86|88|78|52|97|83|41|6|61|87|47|74|45|2|80|25|20|34|54|73|77|89|96|26|79|9|37|59|14|57|46|90|99|38|48|21|64|42|1|94|43|12|51|85|18,85.620000,88,100.000000,1,0.580950,0.964541,0.966204,0.577600,0.971174,0.967239,0.600650,0.938150,0.971635,0.582600,0.966529,0.970946,337,390,0.195691,0.131090,1,1
251,56.400000,1.230656,90|50|66|33|29|27|67|97|49|35|34|57|16|44|70|8|30|68|73|72|87|60|74|19|14|32|42|25|61|54|62|40|88|76|93|94|38|48|92|26|0|77|82|15|81|55|83|43|96|1,85.680000,29,100.000000,1,0.562050,0.964238,0.945317,0.565450,0.967902,0.954649,0.589950,0.932452,0.959533,0.571500,0.963255,0.960230,456,420,0.203924,0.129530,1,1
252,57.200000,1.221579,80|45|91|53|93|2|63|64|29|30|23|22|13|61|79|55|86|81|50|67|20|0|21|51|87|14|71|58|68|8|90|34|74|57|48|1|76|44|77|56|49|43|16|65|66|83|7|75|46|38,85.120000,80,100.000000,1,0.576150,0.969626,0.937096,0.579050,0.970814,0.942967,0.599200,0.940421,0.945232,0.581650,0.967850,0.944309,664,374,0.203127,0.099263,1,1
253,56.280000,1.223067,47|44|10|92|84|67|6|64|53|12|78|28|57|30|7|68|66|40|45|93|23|15|27|70|43|54|25|24|96|82|88|77|37|98|55|9|59|90|38|63|22|75|34|85|1|49|35|14|81|46,86.140000,64,100.000000,1,0.584250,0.968935,0.943421,0.582050,0.974315,0.945088,0.614000,0.936401,0.958170,0.589150,0.969872,0.952254,573,355,0.198804,0.118603,1,1
254,57.920000,1.218661,92|87|59|70|45|54|88|80|67|37|43|72|85|9|97|10|94|89|55|79|95|24|68|82|32|40|13|34|84|1|49|77|56|30|64|93|91|98|44|17|41|14|25|69|57|47|86|27|71|12,82.260000,54,100.000000,1,0.531200,0.955478,0.931968,0.528350,0.961484,0.932795,0.562350,0.909309,0.938946,0.533900,0.956359,0.937569,680,466,0.230399,0.148521,1,1
255,57.070000,1.216783,14|49|52|40|0|47|86|21|42|83|65|28|22|37|35|66|16|51|97|41|25|10|87|55|54|13|69|78|2|43|68|32|5|9|4|26|99|93|80|44|8|50|61|39|70|82|48|64|31|63,84.900000,0,100.000000,1,0.614550,0.966968,0.939749,0.616000,0.970211,0.945125,0.637300,0.943747,0.951135,0.621950,0.966718,0.950818,622,414,0.209754,0.119354,1,1
256,57.500000,1.202656,67|33|13|82|43|9|29|8|48|50|22|89|65|83|62|6|97|92|53|5|49|3|4|58|87|73|42|90|66|96|36|17|25|1|38|27|10|74|41|94|47|34|37|95|80|68|78|11|51|71,83.480000,9,100.000000,1,0.592900,0.964159,0.940833,0.589950,0.967455,0.939352,0.616900,0.936213,0.950543,0.595600,0.964154,0.945112,667,427,0.193263,0.154174,1,1
257,57.420000,1.223442,50|93|72|73|88|71|9|59|69|32|29|96|86|20|81|48|24|30|44|12|42|55|35|80|91|89|75|23|95|2|1|77|94|45|6|8|49|79|19|15|18|3|43|85|63|61|84|82|98|87,83.500000,88,100.000000,1,0.561400,0.960634,0.945063,0.556900,0.966331,0.943047,0.587250,0.926096,0.953036,0.562850,0.961624,0.948480,588,432,0.209166,0.129412,1,1
258,56.630000,1.218431,89|19|45|61|48|7|31|34|44|95|14|70|2|75|9|4|67|43|69|58|83|54|12|39|57|85|76|84|38|88|6|17|79|94|68|74|96|64|86|29|27|36|41|37|35|20|42|16|80|52,87.800000,61,100.000000,1,0.591850,0.974402,0.959089,0.590300,0.976283,0.958423,0.610400,0.950197,0.964577,0.593800,0.973729,0.961583,462,312,0.184136,0.135891,1,1
259,58.510000,1.183938,43|46|85|53|98|27|10|69|58|82|96|8|5|83|15|13|94|90|50|35|6|19|18|88|41|44|72|59|26|1|62|24|79|56|57|61|33|45|76|39|51|2|63|64|7|36|77|81|34|47,87.020000,88,100.000000,1,0.603950,0.968623,0.955024,0.603300,0.972899,0.958207,0.630000,0.940952,0.967758,0.610900,0.969635,0.967023,404,371,0.192515,0.113919,1,1
260,56.090000,1.244373,56|67|60|9|23|28|75|72|20|12|2|26|48|50|16|82|87|11|94|18|76|88|66|57|3|4|71|49|36|41|15|10|37|7|40|96|83|24|29|91|68|0|84|54|80|77|14|27|65|46,86.200000,60,100.000000,1,0.621100,0.971100,0.951491,0.624450,0.973577,0.959063,0.643950,0.948598,0.963638,0.629450,0.970689,0.963874,458,369,0.191107,0.118997,1,1
261,57.050000,1.219347,11|40|26|44|52|50|23|59|53|43|90|12|39|84|29|8|31|75|14|85|70|76|78|32|80|74|92|61|24|89|15|27|34|64|42|96|95|99|54|10|16|49|2|82|18|77|30|88|6|51,86.060000,29,100.000000,1,0.586100,0.969630,0.945276,0.590400,0.971375,0.953925,0.615650,0.940794,0.963407,0.595650,0.967598,0.958666,497,386,0.198061,0.116354,1,1
262,58.070000,1.180555,69|37|98|97|16|29|35|99|73|81|27|50|28|55|41|45|34|48|95|31|70|18|61|92|24|36|53|6|54|40|60|17|7|23|39|2|62|49|44|74|91|11|9|19|8|78|3|75|77|5,82.680000,29,100.000000,1,0.618050,0.965456,0.941390,0.615400,0.968070,0.939891,0.636600,0.946748,0.950856,0.621450,0.964840,0.945965,685,437,0.203024,0.125730,1,1
263,58.920000,1.188580,49|72|12|30|67|42|9|35|43|84|64|56|3|77|48|44|21|82|40|68|69|34|61|41|13|55|73|1|11|29|65|83|7|98|23|85|95|17|46|28|22|96|93|45|86|71|80|5|62|16,84.700000,9,100.000000,1,0.588750,0.966454,0.935855,0.584850,0.971531,0.934539,0.609150,0.940491,0.942270,0.590550,0.966218,0.938487,748,399,0.196019,0.118660,1,1
264,58.100000,1.197770,76|60|46|11|57|52|48|27|88|20|4|82|91|29|56|80|53|45|16|73|84|9|40|49|89|15|51|10|71|6|87|59|12|98|94|38|39|21|86|13|36|97|43|81|33|69|62|66|3|92,84.180000,60,100.000000,1,0.582150,0.965043,0.951719,0.579900,0.969219,0.952143,0.605600,0.935931,0.960190,0.584400,0.965520,0.955870,521,403,0.192770,0.112077,1,1
265,56.040000,1.252939,65|83|59|62|31|42|97|52|39|67|32|25|41|36|94|35|53|2|78|46|91|13|15|18|81|4|99|3|86|63|70|30|11|33|75|98|92|49|0|38|29|44|77|1|88|9|47|54|79|43,85.500000,2,100.000000,1,0.594200,0.965668,0.949293,0.592400,0.969109,0.949789,0.617250,0.937708,0.957565,0.597400,0.966187,0.954918,545,404,0.192311,0.114072,1,1
266,57.470000,1.222286,60|71|77|97|42|45|29|90|24|20|53|46|94|33|68|76|48|79|13|82|64|80|47|57|16|3|32|7|44|63|37|12|84|62|23|95|86|14|65|30|26|87|5|8|70|58|89|17|49|73,86.720000,60,100.000000,1,0.576900,0.968885,0.942501,0.576650,0.973381,0.946463,0.603900,0.938732,0.955906,0.582900,0.967833,0.951269,578,375,0.195047,0.113271,1,1
267,58.680000,1.190104,99|79|71|55|88|83|6|84|23|54|21|77|29|78|33|36|90|22|67|13|37|0|45|73|74|82|97|12|19|15|93|92|57|41|48|85|53|27|51|11|72|31|50|62|68|75|32|38|46|95,85.240000,88,100.000000,1,0.572200,0.958319,0.960753,0.576750,0.963589,0.973719,0.600050,0.928839,0.976522,0.582850,0.959938,0.980289,225,467,0.217840,0.158018,1,1
268,58.220000,1.187732,91|46|5|25|4|41|76|22|47|49|89|52|58|88|66|61|10|19|80|69|95|17|16|45|77|79|3|2|42|35|0|53|37|48|84|36|70|38|51|33|93|54|81|86|24|73|18|40|65|6,86.560000,88,100.000000,1,0.600250,0.970679,0.944174,0.598850,0.973032,0.944255,0.612800,0.948515,0.941906,0.601750,0.971583,0.947415,649,342,0.174790,0.132696,1,1
269,57.400000,1.214706,24|75|32|52|9|65|7|62|0|2|88|21|87|96|13|12|74|97|86|57|30|55|89|31|61|99|33|93|28|63|37|92|14|73|66|27|95|69|53|23|41|90|84|22|64|3|72|1|26|43,84.140000,9,100.000000,1,0.587350,0.963140,0.950277,0.584150,0.968844,0.950697,0.607200,0.937253,0.955989,0.590500,0.964691,0.956912,513,417,0.204120,0.142065,1,1
270,57.220000,1.227822,52|47|10|61|15|68|7|62|23|49|20|74|32|31|48|13|80|12|82|9|59|21|11|1|16|87|77|71|17|91|39|45|53|95|55|84|27|85|56|79|2|99|90|65|4|58|40|69|51|24,83.560000,61,100.000000,1,0.603400,0.969258,0.939669,0.602900,0.973047,0.942561,0.627650,0.943838,0.951799,0.609700,0.968509,0.948747,638,384,0.198927,0.133524,1,1
271,58.380000,1.200561,61|29|37|63|38|64|80|36|69|43|49|85|52|40|16|76|23|75|48|66|79|30|54|92|56|45|88|35|78|41|83|44|27|46|33|47|2|51|58|53|1|12|59|9|68|57|32|73|31|90,86.800000,61,100.000000,1,0.584850,0.973241,0.953115,0.581000,0.977539,0.951021,0.606550,0.944770,0.959561,0.585900,0.973886,0.955459,532,306,0.171084,0.099006,1,1
272,56.670000,1.228831,49|38|58|9|33|67|61|41|64|26|29|7|23|37|25|90|16|68|14|18|51|39|4|50|1|93|53|82|45|69|0|54|62|74|43|10|86|95|98|42|94|22|71|76|79|32|75|31|83|35,87.020000,9,100.000000,1,0.596300,0.973923,0.946541,0.595450,0.978168,0.949311,0.621850,0.943716,0.956483,0.601700,0.974323,0.955505,546,309,0.175370,0.096547,1,1
273,56.880000,1.231615,97|69|1|50|77|90|49|67|57|26|23|21|71|45|56|73|39|78|85|47|84|40|88|58|14|80|79|11|52|31|96|55|59|0|81|7|16|63|37|22|62|89|64|54|29|9|98|12|95|93,85.060000,88,100.000000,1,0.573850,0.959136,0.966971,0.569750,0.965599,0.966532,0.590700,0.929406,0.964512,0.575050,0.960612,0.970485,336,453,0.220414,0.164981,1,1
274,58.180000,1.203593,74|13|6|59|16|61|30|42|96|36|26|44|7|34|85|90|39|29|24|69|41|37|83|68|91|92|14|65|53|12|76|79|19|27|3|80|62|70|87|40|35|23|64|5|38|8|47|58|21|56,88.100000,74,100.000000,1,0.621950,0.977410,0.968611,0.618100,0.980505,0.965663,0.641400,0.951746,0.972674,0.623950,0.976921,0.971240,361,288,0.165708,0.098390,1,1
275,57.470000,1.210547,30|44|62|26|35|89|60|81|51|68|39|82|47|29|27|73|37|57|79|87|98|41|18|90|85|52|48|17|45|6|34|88|2|77|9|67|23|94|78|20|25|36|33|7|8|4|75|46|96|95,83.900000,60,100.000000,1,0.575750,0.969518,0.933757,0.573100,0.972954,0.932753,0.601050,0.935862,0.940950,0.578550,0.969579,0.938357,737,352,0.193205,0.116957,1,1
276,56.460000,1.238317,4|65|98|77|19|2|16|22|27|53|95|1|82|42|57|11|8|56|58|38|62|85|6|66|78|92|71|33|31|79|47|83|14|87|72|18|12|54|10|52|63|91|64|7|73|51|74|32|37|26,85.820000,2,100.000000,1,0.604350,0.967734,0.948047,0.601600,0.971742,0.947641,0.628650,0.941144,0.959070,0.606900,0.969023,0.953315,576,376,0.196989,0.110451,1,1
277,55.480000,1.252902,72|50|55|93|98|91|84|87|8|95|32|49|70|0|85|4|17|15|47|94|13|21|45|62|34|97|77|12|25|44|60|90|53|51|82|99|16|73|3|37|36|33|40|38|57|80|78|79|29|59,82.320000,0,100.000000,1,0.553200,0.951103,0.916717,0.550550,0.959223,0.920115,0.573350,0.926746,0.925778,0.557350,0.953261,0.925690,853,521,0.230467,0.152442,1,1
278,56.560000,1.229463,61|88|5|26|87|29|92|17|80|91|9|36|70|34|6|32|68|15|14|59|54|72|78|42|96|16|95|18|22|20|85|33|28|38|47|53|81|43|66|31|51|67|58|60|56|49|1|8|23|94,84.460000,61,100.000000,1,0.573150,0.970252,0.902247,0.569400,0.974622,0.900381,0.591350,0.945633,0.907277,0.574000,0.970470,0.903788,1186,339,0.161029,0.091937,1,1
279,57.700000,1.199089,24|41|60|29|34|94|78|81|16|83|87|12|42|4|18|70|69|90|73|23|43|61|59|56|44|76|96|55|32|68|75|71|27|30|88|1|40|84|36|15|51|46|13|63|9|35|98|72|97|20,83.420000,60,100.000000,1,0.563900,0.961961,0.924499,0.562900,0.965891,0.926630,0.584850,0.933915,0.930890,0.567750,0.961867,0.930720,813,433,0.196148,0.112134,1,1
280,59.990000,1.155596,82|64|19|45|26|43|22|65|90|6|94|69|14|92|4|29|54|80|79|55|70|17|5|83|78|71|3|47|91|11|68|35|48|50|15|74|28|51|88|16|66|61|41|76|85|32|59|39|81|44,86.080000,64,100.000000,1,0.560700,0.971018,0.921859,0.558100,0.975900,0.922198,0.588800,0.941321,0.938452,0.565250,0.972136,0.930410,822,315,0.162101,0.089082,1,1
281,58.500000,1.182151,66|39|81|13|57|99|96|45|44|27|63|78|55|60|59|20|88|11|7|15|28|21|47|4|56|58|53|50|41|92|42|98|70|69|89|73|40|0|23|12|6|61|62|19|76|95|54|64|2|79,85.020000,60,100.000000,1,0.590700,0.966227,0.951409,0.590550,0.971129,0.955993,0.613700,0.939873,0.961494,0.595800,0.967523,0.960910,469,387,0.199501,0.132248,1,1
282,57.360000,1.205424,83|66|79|38|64|5|23|87|3|10|48|33|25|97|51|95|91|70|41|35|52|88|21|59|56|63|22|37|13|8|78|47|46|36|32|27|82|72|50|85|84|1|4|93|55|58|34|2|19|14,85.000000,64,100.000000,1,0.618450,0.965882,0.963623,0.616050,0.969240,0.963220,0.640800,0.940231,0.971931,0.622200,0.965204,0.968785,387,433,0.220066,0.122412,1,1
283,58.370000,1.180942,23|89|52|21|36|20|4|98|39|1|96|60|71|34|54|50|76|10|63|73|33|12|42|72|30|24|45|26|59|93|37|97|41|75|82|25|83|74|94|2|99|19|69|35|27|58|57|5|95|49,84.460000,60,100.000000,1,0.591050,0.959986,0.951375,0.585050,0.965558,0.947183,0.612600,0.930542,0.955818,0.591100,0.961174,0.952632,565,459,0.208493,0.128050,1,1
284,58.900000,1.170684,58|70|54|3|89|67|18|59|2|47|66|56|8|38|22|40|71|19|98|1|50|51|21|7|55|91|14|88|13|53|6|95|12|20|0|35|96|85|97|43|32|25|16|34|23|84|28|72|75|62,86.480000,54,100.000000,1,0.637600,0.969024,0.968569,0.635250,0.972216,0.968177,0.655950,0.940239,0.966844,0.639400,0.968799,0.971077,369,399,0.191828,0.119742,1,1
285,58.240000,1.195166,7|73|22|63|89|1|32|57|33|23|34|14|81|39|59|38|30|8|78|5|60|24|29|70|40|2|64|58|94|74|3|72|93|85|46|6|4|77|62|41|50|11|97|15|86|55|31|56|16|42,86.520000,60,100.000000,1,0.632300,0.969081,0.955630,0.629450,0.972516,0.954694,0.651400,0.949033,0.964130,0.635250,0.968201,0.959217,523,404,0.194768,0.116430,1,1
286,58.480000,1.183773,36|78|26|93|34|87|53|69|88|58|62|0|30|20|46|73|68|91|66|43|42|6|86|80|82|98|77|44|39|92|64|49|60|94|21|81|32|37|72|40|13|48|65|4|59|41|99|17|29|8,83.900000,88,100.000000,1,0.553050,0.962119,0.934985,0.552150,0.967581,0.938763,0.572750,0.930685,0.936654,0.556300,0.962610,0.940959,672,416,0.197794,0.118769,1,1
287,58.860000,1.164064,16|1|85|22|13|34|86|43|72|90|81|21|57|6|49|84|5|71|96|15|18|61|44|63|97|89|24|32|99|95|92|48|83|54|27|20|64|68|66|79|50|33|88|56|51|55|8|52|35|59,84.000000,61,100.000000,1,0.561350,0.959651,0.935405,0.559850,0.966598,0.939660,0.587300,0.931296,0.949731,0.565950,0.962099,0.945477,628,429,0.209247,0.124933,1,1
288,57.200000,1.214895,63|97|35|31|24|87|75|17|39|62|42|14|58|66|23|25|6|98|15|94|29|18|16|99|82|91|86|26|45|43|8|74|12|37|34|79|72|19|90|65|22|30|57|41|60|49|2|96|13|56,84.420000,29,100.000000,1,0.595500,0.965323,0.937001,0.593100,0.967628,0.935452,0.618550,0.936464,0.944173,0.599300,0.962790,0.940505,730,446,0.191648,0.127864,1,1
289,59.850000,1.160517,25|24|85|94|43|13|92|71|67|82|17|63|65|38|74|64|73|84|41|77|20|29|44|2|80|31|97|28|3|21|58|10|68|83|56|37|69|81|78|30|5|35|0|15|32|59|60|48|62|42,86.240000,74,100.000000,1,0.575950,0.967098,0.920661,0.579800,0.970593,0.930165,0.599000,0.942654,0.933306,0.583950,0.967206,0.933554,804,383,0.184488,0.111965,1,1
290,59.070000,1.182831,10|65|91|36|45|44|99|15|84|95|47|76|23|46|49|63|30|0|33|25|9|5|90|17|24|7|78|42|73|51|11|1|87|93|50|52|80|29|79|75|37|55|28|58|61|32|48|98|21|43,80.720000,0,100.000000,1,0.575750,0.963005,0.901105,0.573400,0.968260,0.902324,0.595850,0.936813,0.907200,0.578400,0.965076,0.907200,1142,404,0.202082,0.125417,1,1
291,55.980000,1.235074,90|86|69|26|83|96|30|80|54|7|39|61|9|14|51|62|77|18|68|87|43|45|65|17|29|16|22|79|31|48|12|88|72|92|75|64|49|35|19|25|71|81|94|11|98|95|58|38|36|84,84.640000,80,100.000000,1,0.545950,0.966664,0.927178,0.542050,0.970944,0.924631,0.566600,0.936816,0.932537,0.546750,0.966621,0.928496,814,365,0.173148,0.103312,1,1
292,58.200000,1.213383,71|44|42|15|73|61|11|54|33|40|23|6|63|8|17|14|18|82|60|21|32|36|28|57|46|5|64|55|49|59|34|24|2|68|29|62|4|16|45|97|65|85|7|69|90|67|31|98|1|37,85.000000,61,100.000000,1,0.629950,0.973490,0.926150,0.627800,0.976824,0.926150,0.649250,0.952099,0.933550,0.633350,0.973395,0.931058,913,337,0.165310,0.096250,1,1
293,58.200000,1.184210,92|30|52|44|62|61|43|72|69|37|88|53|48|8|14|21|77|66|27|16|91|20|22|32|11|78|23|38|79|81|89|3|55|65|96|1|58|80|54|34|59|39|76|74|46|12|95|93|64|57,85.580000,61,100.000000,1,0.585750,0.967222,0.969622,0.583600,0.971213,0.970050,0.605650,0.941798,0.976211,0.589150,0.966562,0.974585,297,394,0.213072,0.125939,1,1
294,58.700000,1.182929,18|95|71|14|41|54|31|68|91|39|67|76|97|33|61|35|55|32|90|45|25|69|22|78|59|37|88|2|74|15|92|58|82|8|64|62|93|89|24|1|86|48|20|87|77|50|43|98|7|4,85.540000,61,100.000000,1,0.565200,0.962314,0.949132,0.562950,0.966516,0.949481,0.589400,0.931456,0.958032,0.568150,0.962246,0.954018,527,429,0.187246,0.112603,1,1
295,56.540000,1.249161,60|73|13|36|74|53|39|33|72|68|29|37|23|80|87|8|43|62|94|20|59|14|63|84|86|98|1|64|32|89|75|40|10|77|82|22|76|97|49|88|45|92|55|41|11|18|42|34|4|5,86.680000,60,100.000000,1,0.590150,0.966958,0.963936,0.585000,0.972137,0.960642,0.610100,0.942223,0.971030,0.591400,0.967873,0.966892,392,380,0.176414,0.108403,1,1
296,56.470000,1.239337,84|18|30|11|64|81|63|16|24|13|55|78|67|68|77|95|98|14|15|8|93|19|7|99|37|87|45|91|59|69|57|89|32|46|44|4|33|29|10|9|53|65|66|73|26|34|94|96|62|21,82.460000,64,100.000000,1,0.583250,0.960909,0.939249,0.577800,0.966165,0.935562,0.606500,0.932481,0.947796,0.585450,0.960799,0.942685,684,459,0.205414,0.149290,1,1
297,56.050000,1.245260,96|71|17|72|91|68|80|79|40|5|23|63|9|95|13|78|36|76|11|22|37|45|29|27|83|86|62|46|6|87|52|41|89|0|42|16|55|4|74|47|38|69|92|54|94|51|77|12|98|81,85.480000,80,100.000000,1,0.569550,0.965499,0.950151,0.568300,0.967887,0.950410,0.588800,0.933424,0.949633,0.572700,0.963332,0.953261,541,420,0.192020,0.130026,1,1
298,58.350000,1.175130,66|5|98|83|89|38|24|25|18|60|85|95|12|7|16|77|1|14|97|41|94|65|3|46|63|23|8|43|78|67|20|34|59|4|15|96|69|19|11|55|90|61|37|92|76|42|2|45|73|28,84.780000,60,100.000000,1,0.616250,0.964868,0.956025,0.611100,0.970299,0.953372,0.640350,0.937378,0.965110,0.619400,0.964643,0.960688,489,438,0.200918,0.120580,1,1
299,59.470000,1.163394,92|19|51|24|37|78|29|20|7|75|18|34|85|35|1|81|52|33|87|44|54|60|32|22|30|65|68|31|3|89|76|59|28|94|57|61|26|11|38|21|50|41|48|77|73|98|99|27|8|91,82.420000,29,100.000000,1,0.595500,0.963392,0.939260,0.591900,0.968576,0.938605,0.615950,0.940093,0.948019,0.598200,0.964644,0.944745,675,423,0.188318,0.123935,1,1
300,58.760000,1.174365,7|61|30|19|39|31|71|78|64|9|45|3|73|87|40|91|12|4|97|47|27|75|8|0|5|84|6|46|21|35|54|62|41|14|24|42|81|96|1|65|60|17|99|25|2|55|43|37|56|22,86.520000,61,100.000000,1,0.657500,0.971483,0.963206,0.654750,0.974494,0.962150,0.669850,0.953422,0.963055,0.658900,0.971240,0.965015,464,379,0.192866,0.116342,1,1
301,59.000000,1.169962,18|25|78|53|28|70|47|85|49|91|33|12|39|30|48|55|50|88|41|68|66|58|34|6|22|75|71|81|24|46|40|19|14|42|29|95|64|11|32|17|61|27|51|97|60|15|84|86|10|77,81.640000,88,100.000000,1,0.574700,0.966591,0.905608,0.570800,0.971006,0.903570,0.590850,0.944741,0.910010,0.576200,0.966939,0.908298,1125,381,0.183840,0.116177,1,1
302,58.610000,1.188143,86|99|67|14|65|58|96|12|44|7|4|90|39|17|80|57|62|6|78|59|64|52|46|75|2|95|91|20|55|94|21|88|30|45|38|25|63|34|83|31|42|49|72|69|68|28|36|77|18|5,84.080000,80,100.000000,1,0.574050,0.961850,0.932607,0.570150,0.967640,0.931847,0.589400,0.941127,0.936914,0.574650,0.963456,0.935141,768,420,0.181699,0.134228,1,1
303,55.820000,1.245590,61|38|78|92|6|26|76|46|24|73|83|20|99|0|89|58|65|13|2|22|53|14|82|86|8|63|95|55|72|17|68|47|81|18|66|30|97|93|64|57|15|80|90|50|87|54|49|35|91|71,84.200000,61,100.000000,1,0.544850,0.954483,0.929491,0.542050,0.960612,0.930652,0.567500,0.920088,0.933244,0.546500,0.956176,0.933959,739,479,0.190256,0.112238,1,1
304,56.920000,1.225531,92|21|83|86|38|4|44|59|97|57|93|95|28|56|13|15|96|77|71|16|60|25|53|34|72|84|48|81|61|49|91|55|6|79|0|50|36|63|7|39|89|99|80|51|32|69|29|18|47|74,82.600000,4,100.000000,1,0.546150,0.958711,0.925824,0.546400,0.962665,0.930068,0.580400,0.902309,0.926001,0.550250,0.957837,0.931925,770,464,0.202593,0.126871,1,1
305,55.970000,1.241899,4|26|1|83|91|17|53|25|34|89|32|81|96|16|12|0|7|82|65|99|88|2|10|70|20|14|5|39|29|69|21|6|44|33|90|49|41|67|42|85|8|93|37|15|66|28|43|30|55|40,83.720000,0,100.000000,1,0.614500,0.972661,0.910295,0.616400,0.975584,0.915854,0.638900,0.945688,0.920195,0.620950,0.971656,0.918900,1065,352,0.171741,0.110711,1,1
306,58.550000,1.192949,36|96|23|29|98|21|47|44|60|59|24|53|79|32|42|0|63|17|94|8|72|93|51|27|49|46|28|88|50|3|22|83|70|25|65|39|11|43|73|87|61|90|89|85|30|95|74|33|34|84,82.600000,29,100.000000,1,0.545950,0.959612,0.901566,0.545700,0.965457,0.906643,0.560750,0.935800,0.903029,0.548350,0.961156,0.906987,1081,426,0.186267,0.116840,1,1
307,57.080000,1.215970,17|35|73|19|56|16|38|32|44|82|28|80|48|72|29|95|49|81|68|58|87|3|27|64|62|67|12|5|63|41|59|22|94|47|78|50|39|90|71|15|11|83|0|31|79|8|10|43|55|36,82.920000,80,100.000000,1,0.597450,0.969788,0.932261,0.596850,0.973276,0.934674,0.615900,0.946095,0.937570,0.601650,0.969501,0.938536,764,367,0.195837,0.163001,1,1
308,58.470000,1.168738,3|20|60|39|75|10|8|59|1|78|91|64|48|9|15|92|24|2|88|74|71|86|11|35|43|76|38|29|62|68|65|40|34|73|89|50|37|23|90|66|98|45|93|25|28|31|84|51|4|63,85.860000,60,100.000000,1,0.597550,0.967869,0.954137,0.593000,0.973356,0.952240,0.618400,0.942432,0.961478,0.598950,0.969780,0.958261,506,362,0.178081,0.115398,1,1
309,58.010000,1.212956,97|61|38|63|76|3|96|75|43|44|46|54|10|18|56|82|78|21|36|24|39|32|4|20|26|40|71|30|27|51|57|34|93|99|85|48|5|45|29|87|58|62|89|31|50|15|16|68|72|92,83.860000,61,100.000000,1,0.593900,0.959337,0.947058,0.590400,0.965871,0.947889,0.616000,0.929951,0.952211,0.596800,0.960623,0.952959,566,470,0.259390,0.134049,1,1
310,58.450000,1.174380,96|71|46|32|54|73|17|37|83|8|39|84|50|27|24|81|62|90|65|23|4|48|67|19|99|64|3|5|66|82|10|69|49|18|31|14|9|52|70|91|28|1|16|76|12|88|57|55|93|77,85.660000,64,100.000000,1,0.595800,0.970460,0.945544,0.595800,0.973061,0.948078,0.618300,0.940320,0.950777,0.601000,0.968636,0.952003,587,377,0.187113,0.107302,1,1
311,59.650000,1.151862,93|3|63|22|16|86|25|19|47|58|34|99|17|92|8|83|71|27|11|72|67|90|4|10|7|73|51|76|21|24|91|41|35|75|13|82|97|30|65|28|61|26|64|80|20|88|31|5|84|87,85.360000,61,100.000000,1,0.587950,0.966324,0.938470,0.584100,0.970296,0.936158,0.608450,0.936067,0.940783,0.589600,0.966079,0.940866,716,400,0.177597,0.098807,1,1
312,56.980000,1.231870,47|32|6|90|17|10|48|85|84|20|59|43|99|68|55|41|15|24|49|77|8|74|45|31|72|46|96|82|30|56|64|44|81|37|78|69|53|0|94|40|7|51|87|62|89|75|88|1|93|3,82.560000,74,100.000000,1,0.551300,0.961183,0.912048,0.548050,0.966791,0.911962,0.569100,0.936039,0.916867,0.553700,0.962976,0.917728,956,410,0.184329,0.112405,1,1
313,58.600000,1.185144,36|60|55|19|85|29|61|86|30|99|38|23|67|40|20|54|48|18|78|82|8|39|64|22|9|52|68|96|0|35|31|1|56|63|50|97|53|83|24|42|98|92|10|28|87|25|70|16|72|47,85.480000,60,100.000000,1,0.605700,0.961284,0.960175,0.602800,0.966656,0.960917,0.624600,0.936119,0.964215,0.608950,0.961573,0.965617,417,468,0.192861,0.130490,1,1
314,57.670000,1.207911,77|93|24|74|45|67|20|21|43|81|32|96|31|85|89|39|76|51|70|71|99|27|91|37|22|52|97|16|60|59|14|53|33|73|23|55|46|29|30|78|8|80|40|79|38|95|1|11|63|28,83.200000,74,100.000000,1,0.568350,0.958036,0.936452,0.567750,0.963628,0.940924,0.588050,0.937590,0.948233,0.572600,0.960182,0.945567,633,456,0.205506,0.142200,1,1
315,57.840000,1.206980,29|11|95|41|96|85|25|53|6|66|37|24|97|51|36|32|82|13|75|33|45|89|48|71|16|91|81|21|99|70|2|68|74|67|1|69|87|65|79|18|27|52|61|39|0|88|78|90|86|93,85.700000,29,100.000000,1,0.556550,0.957776,0.953578,0.553750,0.962528,0.953488,0.579400,0.925095,0.958855,0.558750,0.958300,0.957871,471,466,0.202461,0.124678,1,1
316,55.880000,1.264621,16|50|83|14|97|49|85|47|62|29|7|40|19|20|4|22|54|31|37|42|26|66|92|68|35|61|70|99|2|15|51|53|23|93|91|34|89|80|21|77|59|82|75|8|94|65|13|96|71|1,85.320000,29,100.000000,1,0.594750,0.963514,0.958117,0.590000,0.969915,0.956780,0.615050,0.936834,0.963384,0.595950,0.964846,0.961378,462,419,0.192927,0.116652,1,1
317,58.480000,1.191324,67|69|65|28|90|2|23|61|18|91|68|9|51|66|7|99|30|63|15|14|54|64|34|3|85|35|96|87|19|56|97|41|50|20|53|32|92|47|55|71|39|49|38|83|33|8|60|80|16|76,82.200000,2,100.000000,1,0.565500,0.962423,0.907764,0.563150,0.966616,0.907931,0.585900,0.935825,0.914519,0.567000,0.962963,0.910683,1071,420,0.156992,0.097428,1,1
318,57.710000,1.210405,46|89|95|99|35|16|53|57|90|97|11|0|42|81|66|75|74|3|15|52|92|7|32|60|30|78|65|29|37|38|24|20|9|5|18|43|86|82|1|62|85|68|91|61|12|6|56|14|22|33,87.260000,0,100.000000,1,0.614050,0.969384,0.955534,0.612400,0.972404,0.955935,0.633750,0.945168,0.961554,0.616800,0.968872,0.959307,507,384,0.177692,0.108408,1,1
319,58.690000,1.171781,11|87|31|85|78|44|84|33|59|63|15|98|1|70|94|61|49|69|8|7|97|14|50|80|81|26|28|34|58|54|64|89|92|68|53|95|30|65|82|60|77|16|41|73|25|9|55|23|19|66,82.600000,1,100.000000,1,0.546950,0.959686,0.914938,0.543450,0.964854,0.913979,0.580050,0.910697,0.920777,0.547200,0.960618,0.916245,961,431,0.178287,0.093091,1,1
320,55.900000,1.238164,33|3|89|37|56|54|46|49|78|29|4|40|50|42|30|16|45|19|84|72|0|95|2|75|63|71|10|8|48|60|34|26|51|23|52|39|53|59|92|67|76|83|77|28|87|35|43|62|41|69,83.020000,29,100.000000,1,0.587650,0.965966,0.921136,0.586100,0.969374,0.921947,0.608600,0.940026,0.928357,0.592250,0.964204,0.926653,904,424,0.179283,0.107834,1,1
321,59.450000,1.161706,77|60|49|53|8|16|22|25|21|92|36|14|27|58|17|41|73|34|82|52|42|26|55|68|10|23|87|3|43|91|45|72|6|89|70|13|76|51|57|64|12|2|90|48|44|50|56|5|24|97,85.720000,60,100.000000,1,0.618750,0.968000,0.940562,0.614800,0.971779,0.938207,0.637650,0.945581,0.946844,0.619450,0.968924,0.942525,732,385,0.172188,0.102243,1,1
322,58.280000,1.211591,44|72|92|70|24|28|76|68|62|61|36|13|90|67|19|39|80|11|17|83|32|66|74|87|58|45|27|52|18|0|37|12|99|46|73|31|30|69|38|91|5|23|15|6|98|57|60|94|84|22,84.560000,61,100.000000,1,0.573550,0.966960,0.923026,0.571550,0.971831,0.924440,0.590400,0.940210,0.923858,0.576400,0.967644,0.928268,862,373,0.171479,0.090517,1,1
323,58.630000,1.174032,37|53|85|79|22|46|72|7|48|84|36|87|19|1|95|63|68|86|24|6|64|27|26|75|60|62|97|18|92|52|8|5|50|70|77|58|40|65|35|96|54|81|30|80|98|45|17|99|41|83,84.880000,64,100.000000,1,0.564950,0.957164,0.956741,0.560200,0.962870,0.954352,0.587350,0.926960,0.963287,0.565000,0.959027,0.958687,467,463,0.210807,0.160971,1,1
324,58.270000,1.175711,2|75|50|74|88|78|86|8|53|94|22|16|96|43|55|17|19|85|65|15|47|25|61|31|57|35|76|48|4|92|28|0|84|26|63|30|72|51|79|67|24|23|12|97|9|64|44|46|81|45,85.140000,2,100.000000,1,0.582050,0.965810,0.926036,0.580500,0.969078,0.926695,0.603100,0.937158,0.931060,0.585750,0.964490,0.930648,842,416,0.216964,0.110643,1,1
325,57.960000,1.183620,8|65|80|49|92|60|91|98|61|77|51|39|50|30|81|56|28|27|25|17|84|87|43|9|46|12|18|36|6|75|85|88|78|19|53|23|13|15|90|4|63|82|1|5|20|33|38|3|70|55,82.700000,80,100.000000,1,0.584750,0.970757,0.905849,0.582350,0.973727,0.904891,0.598900,0.947904,0.905928,0.586050,0.970395,0.907524,1159,347,0.155661,0.106215,1,1
326,57.870000,1.192679,10|65|74|7|91|32|52|19|44|64|96|87|20|97|22|48|13|0|51|41|33|34|46|26|89|47|36|56|67|61|24|71|31|18|77|84|38|83|40|55|28|14|3|79|17|2|5|30|42|69,82.120000,74,100.000000,1,0.598500,0.967001,0.900148,0.600800,0.970206,0.906602,0.617050,0.948627,0.910413,0.605400,0.967460,0.910957,1145,394,0.194989,0.112118,1,1
327,57.020000,1.227890,10|50|76|8|91|9|83|27|34|39|5|87|64|37|99|77|66|97|32|35|89|92|70|69|19|81|62|40|73|72|49|84|60|88|23|57|4|29|20|61|96|3|67|21|43|59|55|98|15|90,81.840000,9,100.000000,1,0.564650,0.957319,0.953940,0.560000,0.964732,0.953410,0.584900,0.930757,0.960734,0.565450,0.959413,0.957381,483,459,0.205404,0.136625,1,1
328,56.540000,1.217643,63|92|13|16|82|23|1|96|26|45|42|37|36|39|2|12|43|76|93|4|54|79|83|17|35|10|21|98|8|61|29|51|86|73|81|62|34|22|58|65|49|55|11|67|84|99|71|50|94|48,86.680000,2,100.000000,1,0.594650,0.966367,0.955044,0.591950,0.972295,0.956540,0.621750,0.932529,0.963603,0.596650,0.967820,0.959698,485,384,0.206904,0.124673,1,1
329,59.810000,1.145796,50|33|25|58|84|37|73|85|81|83|94|41|59|26|82|52|57|78|40|38|86|10|5|35|95|30|36|79|56|47|11|74|54|21|3|1|97|88|27|2|70|45|44|32|53|16|19|48|91|65,85.880000,74,100.000000,1,0.596200,0.963938,0.960475,0.596050,0.967956,0.964235,0.620400,0.940522,0.975182,0.602650,0.964739,0.971672,339,425,0.204258,0.136918,1,1
330,59.210000,1.166595,91|6|22|20|87|11|94|76|47|75|16|55|97|61|90|68|43|0|53|66|77|30|15|21|79|80|82|63|73|65|33|29|92|57|49|52|9|84|32|50|7|99|81|70|41|24|40|74|58|3,84.580000,61,100.000000,1,0.556150,0.962150,0.926741,0.557450,0.967351,0.933928,0.580950,0.932008,0.937738,0.563450,0.963085,0.939816,695,416,0.178879,0.102957,1,1
331,57.390000,1.230087,78|57|6|4|76|84|95|91|45|16|14|51|96|21|85|26|98|36|73|9|41|89|56|38|68|43|31|67|7|77|49|46|47|75|93|53|34|99|5|80|23|72|61|66|70|39|97|18|32|83,86.520000,9,100.000000,1,0.565000,0.956372,0.955019,0.566600,0.964702,0.966066,0.593150,0.926831,0.971633,0.572900,0.956973,0.968982,351,493,0.221300,0.124486,1,1
332,57.600000,1.183930,40|25|1|32|48|57|18|41|96|6|22|86|94|76|80|2|97|93|60|24|43|4|77|45|30|55|75|54|37|51|92|69|65|42|21|95|98|11|28|90|73|50|58|67|82|99|33|78|35|15,81.640000,80,100.000000,1,0.551600,0.952955,0.916325,0.549100,0.959297,0.918243,0.572950,0.925299,0.924170,0.554050,0.954156,0.921555,900,508,0.208585,0.126544,1,1
333,56.640000,1.239640,64|13|11|38|50|7|77|27|49|69|89|34|94|35|82|67|75|71|42|31|10|91|32|3|73|53|25|99|18|41|33|59|45|5|9|36|40|39|20|72|28|21|58|79|68|93|81|43|80|8,85.320000,64,100.000000,1,0.611750,0.968696,0.957119,0.608800,0.972487,0.956230,0.635300,0.943727,0.968344,0.615400,0.968963,0.963095,457,382,0.190244,0.120287,1,1
334,60.090000,1.130340,5|31|71|82|66|16|73|20|46|78|3|25|1|0|17|79|44|40|51|35|27|76|30|80|38|93|52|58|43|63|53|2|61|75|24|50|57|90|74|97|11|33|88|28|4|60|89|10|12|56,84.960000,0,100.000000,1,0.602900,0.972964,0.930889,0.603200,0.974552,0.932873,0.621900,0.947741,0.935333,0.607900,0.970801,0.936523,800,355,0.174912,0.097813,1,1
335,57.780000,1.204499,63|40|25|43|52|81|78|31|95|72|42|0|92|24|55|15|45|84|39|1|80|64|34|50|87|99|79|9|2|46|10|97|67|19|13|60|91|30|23|44|28|83|74|58|88|8|71|14|16|12,83.300000,0,100.000000,1,0.596450,0.964205,0.940090,0.596650,0.967820,0.943931,0.619950,0.941205,0.953821,0.603300,0.964694,0.951369,595,426,0.188974,0.116622,1,1
336,59.620000,1.164032,6|81|83|80|60|74|47|78|44|87|43|46|3|82|0|55|69|23|99|21|33|14|58|56|40|38|91|62|18|36|5|71|77|85|73|94|88|15|27|49|75|48|63|35|30|12|93|28|9|34,84.720000,80,100.000000,1,0.568650,0.966148,0.923439,0.568500,0.969833,0.926717,0.587000,0.941141,0.928565,0.573250,0.965722,0.930498,827,393,0.175470,0.092360,1,1
337,58.990000,1.171172,27|60|41|65|97|83|49|6|91|20|79|72|74|10|22|8|9|85|16|33|2|92|32|3|23|75|51|58|45|46|28|80|69|34|98|56|89|48|70|30|82|37|77|84|66|17|90|47|96|29,83.140000,60,100.000000,1,0.557600,0.963504,0.918690,0.555500,0.967597,0.919118,0.581150,0.934010,0.928181,0.560800,0.963623,0.924077,888,408,0.191130,0.109367,1,1
338,57.720000,1.210226,24|97|28|65|82|47|4|57|96|87|18|6|58|60|63|52|81|62|41|48|77|50|23|36|67|22|38|98|0|55|42|74|29|20|45|26|68|64|99|43|8|84|1|39|90|85|89|95|33|37,84.620000,60,100.000000,1,0.582100,0.962378,0.960974,0.581100,0.963862,0.960803,0.605150,0.927952,0.963290,0.586350,0.959580,0.965177,406,474,0.205932,0.145438,1,1
339,59.340000,1.173441,55|6|29|61|43|57|0|92|82|84|34|63|90|8|24|98|70|54|18|3|12|7|65|15|99|56|77|31|27|73|85|2|78|97|38|86|19|58|13|93|14|46|36|60|67|48|22|52|41|83,87.420000,29,100.000000,1,0.610850,0.966522,0.974740,0.608350,0.971316,0.975565,0.634300,0.937490,0.981757,0.614400,0.966390,0.980271,239,413,0.178123,0.122476,1,1
340,58.880000,1.169883,26|90|37|97|72|62|74|20|31|3|11|32|82|56|64|95|8|92|71|55|77|30|50|44|16|88|28|54|83|51|87|21|22|86|5|40|36|85|41|69|52|93|81|17|89|34|6|68|91|63,84.160000,74,100.000000,1,0.547350,0.959350,0.919132,0.547050,0.964628,0.923683,0.570050,0.932199,0.930159,0.550950,0.962247,0.927971,823,416,0.174634,0.106972,1,1
341,58.470000,1.191623,9|87|12|43|80|3|39|95|30|23|58|32|79|26|54|36|34|72|19|59|44|51|41|8|56|35|40|91|22|18|70|10|45|13|92|5|17|2|42|37|24|21|74|66|71|77|94|82|47|0,86.540000,9,100.000000,1,0.635400,0.975921,0.951950,0.632700,0.979137,0.951029,0.654950,0.951218,0.956402,0.637550,0.976394,0.955634,578,301,0.166679,0.094039,1,1
342,59.170000,1.167520,3|2|48|51|87|95|47|71|1|89|57|96|43|37|79|33|78|70|74|29|30|93|40|16|82|31|45|26|54|59|22|85|84|39|35|56|24|72|92|20|49|5|0|11|81|69|66|94|97|38,83.440000,3,100.000000,1,0.572950,0.959595,0.941116,0.569800,0.965163,0.941373,0.605400,0.909151,0.942143,0.575250,0.962017,0.947278,616,437,0.191319,0.120238,1,1
343,59.780000,1.153700,30|22|57|61|68|65|11|21|86|63|49|95|40|98|84|0|5|47|55|46|39|38|74|42|16|52|92|32|82|73|75|31|2|78|36|24|91|48|37|54|93|26|4|6|64|77|34|62|44|58,87.540000,61,100.000000,1,0.605300,0.969437,0.972973,0.605250,0.972904,0.976372,0.629950,0.942218,0.984165,0.610500,0.969451,0.981346,225,373,0.180730,0.114287,1,1
344,57.650000,1.203836,18|5|38|25|0|49|1|50|91|61|96|46|81|39|36|48|84|29|23|78|22|86|73|14|87|15|60|12|9|68|62|59|77|34|31|7|99|92|54|64|51|40|82|71|76|24|98|80|58|10,87.420000,0,100.000000,1,0.596300,0.969227,0.964939,0.593400,0.974132,0.965106,0.619900,0.938538,0.971367,0.599500,0.969475,0.970365,355,366,0.176182,0.103339,1,1
345,58.580000,1.178240,49|8|91|96|16|55|64|2|4|62|38|39|95|32|60|26|41|20|66|52|92|79|59|81|94|89|23|68|86|33|15|21|47|50|3|75|28|6|88|25|40|46|44|51|7|85|69|63|87|90,83.500000,64,100.000000,1,0.562650,0.970852,0.923734,0.561200,0.972559,0.922973,0.587450,0.937271,0.931090,0.566200,0.968827,0.927623,856,353,0.184823,0.106225,1,1
346,57.380000,1.208874,30|40|83|13|6|14|31|1|91|65|96|23|2|86|61|90|15|36|51|3|7|92|11|68|39|25|84|53|34|54|27|58|97|99|72|10|21|12|88|67|94|4|43|28|75|5|19|95|42|37,83.860000,2,100.000000,1,0.618400,0.967820,0.944826,0.615150,0.971714,0.943642,0.638250,0.944693,0.951851,0.620350,0.968486,0.948457,653,391,0.165445,0.111775,1,1
347,58.960000,1.180730,68|2|18|56|57|71|46|77|70|89|33|93|84|67|10|7|9|23|80|38|72|91|27|74|42|41|86|63|49|39|79|78|59|26|0|43|35|82|81|51|22|65|40|60|83|6|36|13|24|76,86.760000,2,100.000000,1,0.586600,0.967866,0.955085,0.585500,0.971477,0.956851,0.610650,0.937771,0.963327,0.590100,0.968056,0.960972,464,377,0.169956,0.101796,1,1
348,59.120000,1.179099,80|12|33|95|64|61|35|6|19|15|4|73|93|38|18|44|88|32|79|47|86|2|42|99|83|85|94|96|7|82|28|52|55|58|21|49|22|71|20|78|30|46|48|57|40|5|39|50|98|70,84.580000,80,100.000000,1,0.572200,0.968455,0.934249,0.570200,0.971940,0.934334,0.589900,0.938549,0.933406,0.573850,0.967326,0.935851,761,375,0.169582,0.107113,1,1
349,58.160000,1.189883,41|54|34|42|66|30|51|22|90|32|23|1|71|27|91|81|11|98|78|3|37|21|40|38|86|45|94|12|69|7|79|95|93|96|82|58|92|19|87|67|88|83|89|47|24|4|77|33|59|39,84.200000,54,100.000000,1,0.564700,0.962015,0.956174,0.561500,0.967320,0.955998,0.589250,0.918710,0.952829,0.567200,0.961477,0.959870,456,437,0.218471,0.140621,1,1
350,58.440000,1.194115,96|11|99|79|3|78|54|89|1|47|15|65|37|31|64|55|92|87|82|38|57|74|23|60|26|98|63|16|33|19|84|77|94|20|62|41|75|13|29|12|9|39|97|53|34|76|68|58|17|27,86.480000,54,100.000000,1,0.586950,0.961496,0.958393,0.584100,0.967557,0.959752,0.610650,0.925325,0.959582,0.589550,0.962259,0.963403,431,445,0.209554,0.130938,1,1
351,58.150000,1.202544,73|38|36|74|72|15|11|45|32|9|76|82|51|92|97|37|4|93|52|50|10|30|33|60|87|18|94|31|83|79|23|29|77|99|40|71|70|8|64|21|58|66|57|43|35|68|24|0|19|12,84.680000,74,100.000000,1,0.601050,0.965477,0.952326,0.598400,0.971257,0.953803,0.621550,0.941678,0.960532,0.604750,0.965854,0.958562,505,413,0.201569,0.123514,1,1
352,57.710000,1.200742,92|72|36|23|60|18|15|46|45|7|82|1|10|79|11|71|99|59|13|28|24|69|42|98|9|97|40|85|62|48|25|16|80|50|22|51|86|5|29|3|76|61|6|64|26|66|53|90|95|17,84.600000,60,100.000000,1,0.601700,0.966927,0.933943,0.598150,0.970994,0.932338,0.621700,0.942255,0.940364,0.603400,0.967600,0.937234,782,391,0.167874,0.094270,1,1
353,59.200000,1.165197,29|74|41|47|13|52|34|92|69|30|59|91|96|43|93|53|83|1|31|57|86|38|95|85|76|3|0|11|28|36|72|42|18|84|75|67|45|48|22|33|70|14|81|54|73|90|6|60|37|78,87.920000,29,100.000000,1,0.575450,0.967591,0.955716,0.572500,0.972751,0.955887,0.599300,0.936009,0.962839,0.577700,0.968842,0.960693,458,360,0.165668,0.107462,1,1
354,58.260000,1.206969,43|35|69|64|68|15|83|79|99|78|8|18|62|2|21|4|11|72|52|13|20|17|87|32|45|96|46|71|48|89|59|25|9|19|44|10|29|58|54|63|74|36|49|82|40|66|94|23|41|26,86.680000,64,100.000000,1,0.607050,0.970184,0.941567,0.608900,0.972656,0.946843,0.633200,0.941883,0.953477,0.614150,0.968167,0.950600,618,391,0.180683,0.102338,1,1
355,58.590000,1.182828,79|19|65|43|17|64|87|85|23|68|35|62|74|90|61|28|72|55|94|63|4|1|21|93|20|16|37|8|25|7|70|39|34|49|36|57|77|48|80|42|32|14|75|78|73|38|99|3|5|18,86.080000,64,100.000000,1,0.610150,0.968286,0.953211,0.607700,0.972355,0.953372,0.628800,0.947837,0.961601,0.612250,0.969130,0.957325,529,378,0.172742,0.109440,1,1
356,57.190000,1.200279,12|14|59|5|48|27|65|36|84|81|75|86|26|85|40|94|78|33|43|74|17|70|6|8|11|28|41|0|92|88|64|38|82|73|49|23|44|10|71|96|91|16|32|60|37|99|45|55|83|66,86.020000,74,100.000000,1,0.579950,0.968014,0.949353,0.576250,0.974837,0.949945,0.599750,0.942643,0.956033,0.581350,0.970758,0.954342,540,340,0.166813,0.144047,1,1
357,60.270000,1.141402,53|66|10|80|16|48|28|68|50|24|34|98|18|84|44|95|92|85|30|93|55|79|59|23|81|69|22|64|0|46|1|26|2|13|67|40|15|60|63|39|65|20|3|94|99|97|27|75|91|49,82.200000,80,100.000000,1,0.574400,0.956737,0.929236,0.573200,0.962753,0.933125,0.591950,0.934369,0.935238,0.577850,0.958121,0.936168,755,484,0.196834,0.138780,1,1
358,58.700000,1.190117,32|54|53|66|71|58|72|40|29|24|36|84|73|98|47|79|55|52|4|64|89|23|21|61|6|41|82|28|49|38|62|57|86|77|11|19|2|96|92|81|48|87|31|65|85|42|39|18|8|91,87.080000,29,100.000000,1,0.580300,0.966311,0.965229,0.577350,0.971421,0.965401,0.608150,0.930527,0.974094,0.584450,0.964240,0.970049,348,418,0.193449,0.113296,1,1
359,60.110000,1.143412,82|80|31|77|19|62|59|68|87|20|37|86|58|41|83|4|55|9|90|43|30|89|23|25|79|57|33|95|28|93|34|48|45|16|38|10|73|21|6|85|18|54|11|44|5|52|53|1|71|60,88.680000,80,100.000000,1,0.611900,0.974261,0.963241,0.609900,0.978193,0.963968,0.635050,0.947170,0.971886,0.615850,0.974263,0.969462,378,317,0.172400,0.093974,1,1
360,58.730000,1.168304,5|96|35|34|13|74|44|92|43|66|53|17|45|18|70|54|10|65|67|58|48|40|77|61|38|88|80|73|63|6|62|15|14|32|75|24|47|91|50|7|49|94|22|79|1|59|20|8|39|81,86.760000,74,100.000000,1,0.599500,0.971059,0.943976,0.600700,0.974114,0.948841,0.621100,0.950008,0.956786,0.606450,0.970484,0.954354,563,358,0.166640,0.104377,1,1
361,58.510000,1.174556,89|78|75|8|30|77|57|97|34|39|88|63|56|62|33|20|41|50|7|66|86|4|1|2|12|25|5|96|21|67|99|45|65|16|93|87|94|90|31|72|9|91|37|80|11|42|55|40|49|71,84.760000,88,100.000000,1,0.598150,0.954944,0.967644,0.594000,0.961785,0.967813,0.616250,0.930142,0.971032,0.600050,0.956254,0.972048,330,525,0.210063,0.159326,1,1
362,58.630000,1.188774,76|90|17|61|99|98|42|0|10|83|97|63|13|75|92|24|18|16|14|23|84|6|47|49|15|64|87|27|72|7|21|52|8|41|3|89|91|74|31|43|25|20|29|22|19|86|82|51|54|56,85.040000,61,100.000000,1,0.606350,0.967511,0.942410,0.604150,0.971779,0.943133,0.623800,0.943492,0.945462,0.608850,0.967726,0.946506,666,393,0.182421,0.127473,1,1
363,59.420000,1.167760,79|19|24|13|80|40|96|15|95|84|54|34|62|43|50|99|48|0|63|83|97|78|37|98|53|65|92|86|69|38|32|74|56|94|46|3|88|7|31|33|18|91|61|28|20|2|51|11|52|14,83.080000,80,100.000000,1,0.576100,0.956952,0.943764,0.573850,0.962360,0.945391,0.589550,0.938004,0.946675,0.578000,0.958651,0.948558,601,478,0.210133,0.138153,1,1
364,59.200000,1.168889,92|71|60|61|57|53|20|99|78|42|45|75|87|33|6|11|8|18|72|62|95|35|67|13|39|80|68|90|4|73|25|21|48|49|10|56|28|55|70|36|38|5|96|69|46|54|89|0|84|76,86.860000,60,100.000000,1,0.586200,0.964091,0.958125,0.583250,0.969310,0.958464,0.607250,0.936682,0.964313,0.589250,0.964277,0.963296,433,421,0.182356,0.122881,1,1
365,57.020000,1.220918,1|89|10|77|9|90|60|74|20|6|53|73|26|43|79|11|72|19|52|82|28|8|15|7|57|14|4|42|56|24|97|59|76|86|12|29|23|5|35|66|65|32|75|34|85|55|25|44|64|98,87.980000,9,100.000000,1,0.632250,0.973745,0.964289,0.628950,0.979013,0.964445,0.653600,0.950887,0.973451,0.635300,0.975445,0.970632,375,312,0.155503,0.094741,1,1
366,58.330000,1.218045,20|4|89|48|83|18|70|81|44|40|97|91|11|71|55|47|28|6|93|42|23|25|68|38|34|87|1|74|45|32|21|80|61|10|26|41|7|43|79|59|33|37|86|12|19|99|96|27|84|76,86.800000,74,100.000000,1,0.613600,0.967813,0.977933,0.609400,0.972186,0.975628,0.631900,0.945324,0.983697,0.616000,0.967370,0.981309,227,402,0.218477,0.139670,1,1
367,59.930000,1.145169,34|79|78|35|68|14|83|59|28|12|97|53|90|30|89|31|67|71|42|24|32|76|96|1|62|0|55|47|48|22|91|58|85|51|21|46|61|44|82|41|37|19|23|81|36|7|77|4|69|25,84.840000,0,100.000000,1,0.589100,0.968002,0.944044,0.587700,0.972265,0.945948,0.614850,0.935919,0.952653,0.592950,0.968884,0.951080,591,369,0.157505,0.118632,1,1
368,59.450000,1.158364,45|77|40|89|66|22|56|6|33|15|41|31|12|73|52|3|46|86|4|26|30|57|2|98|93|11|78|72|83|92|50|67|18|81|35|21|8|24|76|69|49|13|55|44|82|75|14|36|47|25,85.960000,26,100.000000,1,0.610450,0.971251,0.943432,0.611500,0.973753,0.947490,0.645750,0.924584,0.950036,0.617050,0.970343,0.952741,594,366,0.171735,0.091693,1,1
369,59.330000,1.155583,80|51|50|69|9|54|4|38|96|43|22|35|18|52|74|26|63|27|92|75|64|67|24|1|10|61|12|45|40|72|8|15|19|85|49|66|53|5|34|73|29|37|42|17|89|11|39|13|97|88,85.280000,80,100.000000,1,0.621350,0.972640,0.941062,0.618500,0.975586,0.939583,0.633450,0.954614,0.941607,0.621500,0.972969,0.941607,750,336,0.149959,0.093336,1,1
370,58.860000,1.186669,63|3|34|93|20|35|29|10|26|22|59|60|6|32|84|69|31|28|61|44|71|15|50|23|46|5|1|48|8|88|87|67|12|97|76|45|49|27|41|30|47|92|7|66|91|64|13|83|14|98,84.020000,29,100.000000,1,0.614500,0.969976,0.934541,0.616750,0.970653,0.938617,0.631700,0.949343,0.940263,0.619650,0.969822,0.942223,737,374,0.174419,0.101919,1,1
371,58.840000,1.176691,43|48|40|4|32|0|85|90|93|54|14|25|24|86|56|17|96|20|88|81|78|95|28|31|98|73|68|41|92|71|46|69|97|16|10|58|11|51|27|65|30|80|99|72|60|66|36|61|77|2,83.800000,0,100.000000,1,0.550100,0.960280,0.929690,0.547550,0.964569,0.929514,0.573250,0.925512,0.933738,0.553050,0.960311,0.934706,742,439,0.199034,0.131003,1,1
372,59.350000,1.175163,52|30|37|95|13|20|89|50|48|44|90|64|49|54|68|29|21|32|98|70|0|38|99|39|7|63|78|91|72|14|65|62|69|23|80|47|85|74|77|36|40|61|56|87|53|34|11|73|55|88,85.520000,64,100.000000,1,0.561750,0.958789,0.954541,0.560500,0.963693,0.957288,0.581800,0.936146,0.965264,0.566350,0.959566,0.963137,416,458,0.190921,0.132547,1,1
373,59.050000,1.180126,66|20|19|63|37|74|54|42|10|2|67|26|97|7|73|78|90|23|70|59|28|77|11|15|17|48|89|5|53|60|38|82|88|80|39|12|22|14|50|57|1|91|36|18|47|4|81|52|61|68,88.040000,74,100.000000,1,0.616600,0.973727,0.953546,0.614400,0.975993,0.952354,0.632450,0.952249,0.956484,0.618550,0.972678,0.955531,560,338,0.153842,0.084430,1,1
374,59.840000,1.135506,28|13|18|37|38|90|12|42|21|17|53|8|66|99|82|80|29|39|14|40|24|52|2|41|34|7|30|36|44|31|96|81|33|19|50|48|70|98|91|49|25|60|1|69|10|55|94|97|93|35,83.620000,80,100.000000,1,0.612250,0.967742,0.936241,0.610350,0.971246,0.936715,0.631800,0.944840,0.943272,0.614950,0.967721,0.940349,755,397,0.167681,0.115633,1,1
375,58.940000,1.177062,34|27|74|41|66|71|51|11|23|52|75|78|7|90|19|72|86|18|79|93|85|8|17|1|22|15|46|14|6|89|13|59|53|97|62|39|28|58|4|61|88|99|2|76|54|44|94|24|30|38,85.140000,74,100.000000,1,0.594350,0.968621,0.931101,0.591250,0.971586,0.929080,0.609150,0.946893,0.932880,0.595200,0.968498,0.932314,837,375,0.150379,0.083556,1,1
376,59.060000,1.183274,28|26|99|45|59|79|46|72|18|92|41|23|24|58|20|39|44|56|27|61|3|67|34|22|6|37|57|97|48|82|51|83|84|60|16|40|1|54|95|35|17|21|25|66|32|93|87|80|2|68,86.340000,61,100.000000,1,0.604900,0.963465,0.949495,0.604750,0.968003,0.953731,0.627150,0.938053,0.958456,0.609150,0.964212,0.956908,529,436,0.189358,0.114561,1,1
377,59.190000,1.173859,81|55|98|22|26|16|4|95|60|67|85|91|72|59|63|58|17|39|25|43|88|19|7|99|40|44|57|6|68|1|65|12|8|84|27|34|30|31|21|51|96|9|23|5|66|50|14|53|83|89,83.740000,60,100.000000,1,0.617350,0.966146,0.955773,0.614800,0.969746,0.955372,0.639000,0.939906,0.962423,0.620450,0.965670,0.960099,498,426,0.194275,0.124727,1,1
378,59.950000,1.162154,38|20|62|69|72|6|11|44|79|99|83|82|12|75|87|95|73|74|29|65|50|36|63|23|54|67|60|64|70|61|37|39|59|22|15|41|68|52|89|9|35|0|88|27|26|8|51|91|1|76,86.420000,74,100.000000,1,0.586150,0.967329,0.957932,0.585650,0.970546,0.960297,0.602600,0.944739,0.961818,0.589100,0.967153,0.962578,443,387,0.158756,0.097208,1,1
379,60.490000,1.131243,49|48|39|17|97|88|43|86|73|84|6|5|18|15|41|14|68|94|20|87|57|53|82|64|40|71|90|62|60|81|37|55|51|33|19|21|75|8|44|11|26|35|50|58|31|70|28|76|83|7,84.960000,88,100.000000,1,0.580450,0.970368,0.929839,0.579100,0.972975,0.930169,0.599050,0.942576,0.932150,0.582300,0.970462,0.932893,813,344,0.166268,0.090105,1,1
380,60.120000,1.160421,26|57|84|34|47|79|24|38|28|88|59|45|78|69|16|43|53|29|5|55|99|23|13|82|52|58|94|98|39|11|36|20|18|96|48|17|97|66|71|40|93|70|85|35|63|1|61|80|19|60,85.940000,88,100.000000,1,0.579200,0.961758,0.952629,0.576450,0.968167,0.954425,0.602500,0.930954,0.959213,0.581350,0.963791,0.958187,489,421,0.178961,0.112486,1,1
381,58.700000,1.182383,94|26|72|93|9|55|33|10|75|37|11|3|36|7|99|6|66|30|31|71|35|78|92|96|28|63|15|39|48|32|47|67|85|19|8|24|20|59|88|34|18|80|95|91|76|62|43|98|14|1,85.480000,9,100.000000,1,0.603400,0.965943,0.949344,0.602150,0.970854,0.952195,0.627150,0.939648,0.959850,0.608100,0.966124,0.956918,529,412,0.183430,0.107707,1,1
382,60.440000,1.139026,98|0|91|93|20|24|33|71|21|53|69|68|26|73|17|83|8|13|99|92|48|31|51|14|76|74|75|65|41|18|11|52|86|39|27|59|78|30|89|72|44|37|7|6|23|43|87|64|9|16,84.560000,0,100.000000,1,0.601700,0.963936,0.945704,0.601150,0.968560,0.949372,0.623350,0.939761,0.955161,0.606000,0.964356,0.952878,578,432,0.184070,0.101208,1,1
383,58.760000,1.183387,89|30|52|25|1|38|72|11|65|55|78|60|83|7|69|75|67|74|17|4|34|87|97|71|24|33|32|73|85|90|31|96|86|9|84|12|82|43|29|27|18|22|14|63|68|53|66|92|28|3,86.120000,52,100.000000,1,0.581900,0.965544,0.940728,0.583200,0.966307,0.943575,0.611850,0.917055,0.939473,0.585650,0.963801,0.945082,656,424,0.176324,0.096499,1,1
384,58.950000,1.181391,13|49|81|9|35|11|91|87|50|0|71|45|10|14|3|12|22|40|61|93|56|76|67|20|6|69|2|46|99|31|89|29|65|59|8|64|36|80|55|57|53|63|60|33|54|17|94|30|44|37,87.280000,9,100.000000,1,0.620700,0.969389,0.949653,0.618150,0.973631,0.949890,0.635650,0.949265,0.952336,0.622300,0.970673,0.953362,591,365,0.170079,0.108047,1,1
385,59.210000,1.169418,47|35|80|53|29|49|82|98|34|60|2|31|65|46|10|17|93|61|19|85|48|36|6|41|21|67|14|30|76|0|28|56|42|25|97|83|92|73|57|26|24|52|63|81|9|74|71|27|44|40,87.060000,80,100.000000,1,0.597150,0.970359,0.938989,0.596900,0.974200,0.942311,0.617700,0.943824,0.944742,0.600650,0.971531,0.945633,671,342,0.150759,0.091635,1,1
386,60.380000,1.139350,71|11|40|35|25|20|52|94|49|78|13|7|87|80|0|76|51|5|65|59|93|97|73|58|39|56|90|21|82|22|83|9|29|19|55|46|23|31|70|66|41|74|34|45|75|1|26|98|62|12,87.140000,52,100.000000,1,0.611100,0.967108,0.970125,0.607850,0.973431,0.971274,0.637850,0.934859,0.978825,0.610550,0.969863,0.972012,341,368,0.157042,0.110876,1,1
387,58.640000,1.203793,11|57|82|42|65|87|2|72|19|13|95|34|90|93|32|94|44|71|31|80|77|33|68|43|66|5|61|54|76|36|40|22|7|23|37|56|70|81|83|89|52|47|50|16|84|98|4|60|55|10,88.980000,2,100.000000,1,0.594400,0.968371,0.988664,0.592700,0.971993,0.989523,0.622450,0.934613,0.999227,0.598100,0.967815,0.994246,67,385,0.183549,0.108340,1,1
388,59.950000,1.143402,0|20|83|77|96|26|62|84|91|49|80|36|51|10|24|87|37|23|69|14|44|78|28|74|50|17|54|55|27|18|32|66|38|71|53|47|75|70|16|11|82|45|34|13|72|3|90|41|6|88,84.420000,0,100.000000,1,0.595600,0.969107,0.939683,0.595000,0.973529,0.943020,0.611450,0.944149,0.939845,0.599750,0.968654,0.945788,666,376,0.171766,0.135275,1,1
389,60.350000,1.143360,6|45|78|80|66|13|79|31|85|32|36|14|20|48|1|10|91|57|58|84|18|7|60|75|94|44|98|64|82|37|55|62|47|56|34|81|39|3|63|40|69|35|38|77|53|42|11|99|12|43,87.680000,80,100.000000,1,0.612500,0.967347,0.978530,0.610600,0.972240,0.980429,0.634100,0.943621,0.988192,0.617600,0.966240,0.985549,175,417,0.189521,0.131895,1,1
390,59.980000,1.156373,90|50|54|14|55|91|17|4|16|95|82|9|6|7|83|2|42|26|69|5|48|67|57|70|81|71|33|77|56|84|97|13|44|92|8|94|3|80|98|79|0|61|30|78|99|86|40|25|32|63,86.060000,54,100.000000,1,0.581650,0.960715,0.950825,0.582050,0.966498,0.957206,0.607150,0.919377,0.949804,0.584850,0.962555,0.957887,495,438,0.180389,0.130289,1,1
391,58.920000,1.184322,97|1|7|28|3|13|99|4|70|54|67|79|41|47|18|96|31|50|37|68|29|20|9|33|17|32|75|26|21|78|85|93|65|72|15|73|62|53|81|11|94|8|27|35|77|5|91|16|34|49,85.480000,54,100.000000,1,0.623700,0.965368,0.950209,0.620800,0.969555,0.949893,0.642900,0.940193,0.953918,0.624950,0.966477,0.953208,593,419,0.179941,0.119896,1,1
392,60.300000,1.120710,12|73|31|36|85|41|23|0|78|19|25|90|92|38|24|56|39|34|88|29|81|46|93|28|10|45|91|64|62|11|18|61|13|6|71|51|80|53|65|37|30|49|76|70|40|27|60|1|50|7,87.760000,0,100.000000,1,0.620900,0.973989,0.957792,0.617350,0.978051,0.956288,0.639000,0.951800,0.963256,0.622500,0.974940,0.961197,490,312,0.155162,0.090564,1,1
393,58.220000,1.187014,60|53|97|81|56|91|96|8|29|32|40|77|11|98|3|2|28|57|49|87|54|61|76|70|23|37|92|74|30|59|79|10|51|43|36|35|34|83|69|88|12|7|66|52|95|15|72|31|47|78,84.380000,60,100.000000,1,0.557000,0.959785,0.922440,0.558400,0.963198,0.928048,0.583100,0.934488,0.940212,0.565950,0.959095,0.936589,735,463,0.230049,0.109900,1,1
394,59.410000,1.171238,54|12|31|63|73|0|53|90|42|83|85|16|46|17|21|22|32|8|67|5|56|99|38|94|10|35|48|79|1|82|68|55|69|28|14|7|45|81|52|39|23|59|34|11|40|89|41|77|9|96,87.540000,54,100.000000,1,0.622200,0.971231,0.954359,0.620800,0.975274,0.956175,0.645900,0.937993,0.956807,0.625950,0.971963,0.960834,496,351,0.168909,0.104336,1,1
395,59.410000,1.172994,28|94|19|87|84|55|58|34|69|50|92|79|30|39|12|4|57|47|89|38|36|3|11|59|53|99|80|73|85|40|22|49|24|77|66|68|70|27|75|97|72|9|1|83|0|62|56|5|61|76,85.020000,80,100.000000,1,0.581250,0.958366,0.953118,0.579300,0.964526,0.956027,0.602000,0.933140,0.961160,0.586350,0.958046,0.961160,454,492,0.222890,0.144513,1,1
396,58.800000,1.193941,31|34|65|44|23|99|71|98|56|39|81|75|94|55|36|90|0|29|47|72|93|2|45|52|21|92|42|85|13|30|19|3|61|16|25|37|83|73|59|10|80|32|60|9|87|54|76|78|38|84,88.220000,0,100.000000,1,0.594550,0.964511,0.979754,0.588800,0.971977,0.977789,0.616450,0.935275,0.985050,0.595350,0.965902,0.982488,205,406,0.193964,0.110931,1,1
397,59.740000,1.157307,13|10|95|71|76|3|66|87|24|40|38|50|80|85|75|53|36|31|45|5|58|18|26|70|46|29|17|83|57|42|14|4|86|56|94|21|60|44|92|52|15|0|84|47|88|30|72|79|93|96,87.160000,80,100.000000,1,0.580750,0.968489,0.950245,0.576300,0.974492,0.948809,0.597850,0.941122,0.950583,0.580950,0.970738,0.952779,559,340,0.174332,0.108579,1,1
398,60.150000,1.158031,36|24|84|25|49|58|85|75|31|78|72|73|86|35|91|12|60|22|39|9|54|48|30|77|7|99|82|74|8|17|27|40|89|1|63|56|2|93|51|20|53|92|28|96|15|42|38|80|68|57,84.460000,60,100.000000,1,0.569250,0.963022,0.924686,0.565950,0.970139,0.926120,0.584450,0.935666,0.922409,0.568650,0.965708,0.926288,874,390,0.187637,0.102090,1,1
399,59.700000,1.159439,72|58|4|53|67|91|93|61|74|90|3|21|51|43|17|0|73|92|23|64|94|78|60|66|79|19|27|69|39|1|76|38|87|8|56|6|47|16|54|7|13|41|52|63|62|49|5|57|80|59,87.000000,61,100.000000,1,0.597350,0.971039,0.954265,0.597200,0.975050,0.957967,0.617600,0.945110,0.960270,0.601500,0.971239,0.961092,473,346,0.159865,0.102967,1,1
400,59.060000,1.182352,46|17|77|94|23|19|39|84|67|92|70|54|16|3|12|74|75|45|43|56|88|37|30|53|13|0|36|55|32|15|76|35|14|42|89|63|51|18|2|98|6|50|58|71|28|44|10|93|65|72,85.280000,54,100.000000,1,0.596400,0.970322,0.925920,0.594850,0.974784,0.927760,0.610500,0.946274,0.924320,0.596800,0.972771,0.928880,889,325,0.146784,0.097927,1,1
401,59.160000,1.168959,0|79|64|5|59|6|84|87|45|39|11|15|37|29|86|77|56|10|97|21|17|48|44|42|96|81|47|2|52|41|53|65|3|12|35|43|88|20|98|92|33|80|78|40|16|55|23|71|57|74,86.320000,0,100.000000,1,0.608250,0.968270,0.957876,0.607150,0.972494,0.960316,0.629100,0.946670,0.968610,0.612600,0.968740,0.965195,428,383,0.170767,0.132485,1,1
402,58.210000,1.189556,43|97|66|69|8|71|76|12|18|20|52|54|77|63|19|27|92|42|90|45|83|75|67|28|79|44|30|2|4|60|87|86|99|33|48|9|36|14|6|1|38|37|7|53|70|80|57|40|21|98,85.680000,54,100.000000,1,0.606950,0.966884,0.959297,0.604100,0.970452,0.958316,0.621850,0.938892,0.954393,0.606400,0.968090,0.959624,494,387,0.213529,0.112096,1,1
403,59.150000,1.177225,73|50|64|49|36|82|71|67|84|5|85|89|31|55|23|78|54|24|68|94|27|33|86|32|46|29|16|80|21|74|18|39|60|51|61|63|28|92|72|38|56|43|57|37|30|59|83|79|40|53,85.980000,64,100.000000,1,0.565000,0.964425,0.953456,0.561650,0.970889,0.954156,0.586650,0.937356,0.962205,0.567150,0.966147,0.958793,471,384,0.181634,0.109932,1,1
404,59.080000,1.185197,22|54|93|8|24|89|57|78|56|70|39|65|90|73|97|80|9|41|71|91|86|35|3|19|12|81|63|30|75|6|87|14|42|26|49|85|61|13|23|2|36|31|21|58|96|44|95|40|99|43,87.820000,54,100.000000,1,0.596550,0.962954,0.977205,0.594500,0.967283,0.978226,0.619250,0.926686,0.976184,0.597500,0.965021,0.980862,225,418,0.180601,0.117523,1,1
405,59.700000,1.166746,61|98|29|84|52|28|30|23|14|51|35|42|12|94|48|6|57|37|70|89|69|95|40|87|2|76|83|19|16|81|74|82|17|7|97|85|77|13|80|88|0|53|96|5|73|71|72|20|78|93,85.020000,61,100.000000,1,0.550500,0.961217,0.932341,0.547200,0.965369,0.930755,0.571450,0.925365,0.931724,0.552750,0.958933,0.933927,750,454,0.188074,0.104122,1,1
406,60.200000,1.147848,76|89|45|34|68|17|51|55|20|70|13|2|60|98|26|36|7|18|32|30|38|83|56|92|79|44|35|21|41|4|59|82|6|28|75|23|54|0|43|65|22|8|5|10|14|71|63|48|29|3,87.400000,2,100.000000,1,0.651400,0.977740,0.945938,0.647850,0.981863,0.944750,0.672100,0.952834,0.951136,0.652800,0.978554,0.948760,690,280,0.134625,0.099751,1,1
407,59.760000,1.171555,79|2|26|73|34|30|50|21|76|46|80|12|22|96|0|58|42|41|61|68|97|27|44|65|37|38|71|15|31|72|53|62|10|78|47|19|33|82|59|5|28|49|91|87|83|74|1|75|77|90,85.560000,2,100.000000,1,0.586700,0.965314,0.946757,0.587550,0.969194,0.951939,0.611750,0.936902,0.958124,0.592200,0.965214,0.955533,532,412,0.189632,0.105524,1,1
408,60.250000,1.144519,22|8|5|13|14|35|56|41|6|59|25|86|57|44|79|0|36|43|63|66|17|33|73|93|45|55|7|48|20|62|70|46|24|88|10|47|91|51|27|67|74|68|98|65|82|18|30|23|52|42,87.220000,0,100.000000,1,0.622450,0.975018,0.954996,0.621050,0.977377,0.955153,0.643450,0.948481,0.960346,0.626150,0.974207,0.959874,510,323,0.144720,0.086045,1,1
409,60.260000,1.147561,33|72|28|94|67|65|59|25|71|12|95|80|56|42|11|23|61|49|40|21|1|98|24|96|68|47|22|58|29|91|78|45|82|37|81|53|17|5|55|48|57|64|99|46|0|52|13|16|41|74,86.360000,80,100.000000,1,0.597050,0.964995,0.958971,0.598300,0.967073,0.963049,0.616400,0.939650,0.964048,0.602700,0.963000,0.966045,408,446,0.205758,0.129287,1,1
410,57.940000,1.212492,93|83|77|50|99|41|44|92|86|24|58|97|39|37|57|91|84|87|40|95|8|63|71|68|35|47|82|15|1|54|96|13|48|7|34|18|14|94|36|9|59|79|62|20|49|17|33|10|88|2,85.920000,9,100.000000,1,0.586650,0.958578,0.962598,0.581550,0.966125,0.961743,0.609050,0.929809,0.969360,0.588000,0.959524,0.965765,400,476,0.221660,0.151013,1,1
411,60.200000,1.146005,34|30|92|28|20|93|89|49|1|81|29|8|0|54|4|66|73|65|14|57|67|59|23|13|47|38|83|15|6|79|50|10|5|85|78|96|76|51|45|52|46|56|80|58|62|48|25|90|27|22,86.700000,29,100.000000,1,0.604400,0.969308,0.944462,0.603950,0.974584,0.948896,0.624100,0.941356,0.947122,0.607350,0.970692,0.950427,615,356,0.172565,0.108942,1,1
412,61.040000,1.126727,54|50|11|83|98|46|6|57|43|34|72|99|37|42|95|75|44|91|66|8|18|56|35|79|16|73|25|90|24|40|86|78|51|21|5|60|19|0|4|14|64|28|30|39|71|2|97|7|32|62,83.540000,60,100.000000,1,0.623300,0.964704,0.958935,0.619600,0.969254,0.957739,0.638750,0.943796,0.961407,0.624700,0.965664,0.962044,476,429,0.185528,0.114240,1,1
413,57.600000,1.206156,36|76|23|9|37|24|43|54|89|11|13|10|40|56|32|29|70|34|7|59|62|73|71|92|53|81|39|15|14|41|97|90|1|31|98|52|63|16|78|0|42|99|87|49|64|8|51|19|45|46,88.460000,9,100.000000,1,0.635000,0.968346,0.978439,0.632400,0.972565,0.978678,0.656700,0.943353,0.985759,0.637950,0.969120,0.983770,204,394,0.182820,0.104720,1,1
414,59.160000,1.180902,33|29|68|46|24|59|82|51|71|36|4|62|21|84|66|2|67|55|13|95|99|80|72|94|26|44|53|65|78|31|96|39|92|85|64|70|40|57|83|32|3|17|91|16|34|60|86|7|5|56,86.720000,29,100.000000,1,0.576150,0.964245,0.960993,0.575000,0.970609,0.965404,0.604000,0.930381,0.972064,0.580600,0.965036,0.969209,356,406,0.176008,0.106119,1,1
415,59.820000,1.161590,62|69|19|23|5|10|72|94|21|90|49|39|67|47|44|96|26|76|1|71|58|66|64|87|84|59|75|32|34|56|33|73|22|74|12|0|46|51|53|93|11|48|18|54|61|27|57|81|25|52,87.600000,64,100.000000,1,0.605000,0.970413,0.973390,0.602000,0.975748,0.973887,0.626450,0.942134,0.978529,0.606500,0.972300,0.977700,269,336,0.150728,0.145233,1,1
416,60.780000,1.135520,66|70|36|1|8|53|41|89|11|71|49|18|31|69|47|42|20|24|65|16|45|13|95|50|62|52|75|57|44|32|23|14|80|63|28|72|2|21|17|90|10|51|56|83|59|74|91|27|85|86,85.980000,47,100.000000,1,0.601450,0.970654,0.942449,0.601000,0.974043,0.945032,0.638300,0.924800,0.952942,0.606850,0.970668,0.950924,608,356,0.146747,0.090226,1,1
417,59.570000,1.163955,47|17|14|26|65|42|59|61|4|24|90|6|56|19|39|67|45|22|2|63|64|15|36|28|8|5|25|37|98|49|20|91|12|38|78|27|29|46|35|76|94|53|55|50|80|58|0|52|32|71,88.280000,61,100.000000,1,0.655300,0.974287,0.967129,0.652900,0.977255,0.966523,0.669650,0.954304,0.968038,0.657950,0.973782,0.970537,389,345,0.181032,0.110500,1,1
418,60.320000,1.152940,20|79|73|99|35|26|78|84|54|16|85|74|13|31|46|6|89|96|97|69|82|24|83|10|4|81|65|17|14|15|25|7|1|11|28|18|76|62|58|39|57|38|90|32|34|61|33|12|56|63,85.760000,54,100.000000,1,0.609250,0.967911,0.947309,0.608000,0.973273,0.950602,0.627850,0.933901,0.941928,0.611300,0.968755,0.951325,606,382,0.163868,0.125254,1,1
419,60.790000,1.129952,71|16|50|45|25|49|6|33|60|23|87|92|98|97|44|80|14|32|59|27|41|30|73|19|63|85|75|55|79|82|54|47|61|72|34|39|8|77|84|51|48|99|78|69|89|66|76|11|20|36,85.260000,60,100.000000,1,0.563000,0.955950,0.953579,0.561600,0.961093,0.956325,0.589350,0.926275,0.967222,0.568350,0.955573,0.962261,426,505,0.194958,0.113523,1,1
420,58.590000,1.206559,28|74|24|61|36|20|75|42|29|4|8|47|97|5|57|38|54|59|39|96|6|99|98|62|67|33|35|58|65|52|68|51|18|43|89|26|11|70|79|88|72|82|31|10|22|81|69|12|23|14,86.720000,74,100.000000,1,0.609450,0.966691,0.961407,0.607350,0.969128,0.960509,0.627550,0.942315,0.964997,0.610900,0.966607,0.963610,446,408,0.181305,0.094148,1,1
421,60.230000,1.150305,73|86|18|76|42|2|88|17|58|82|27|56|59|60|53|87|85|25|19|54|78|15|41|91|65|46|3|30|9|10|95|62|74|28|48|39|14|31|5|63|38|98|61|26|72|75|35|66|68|67,87.100000,2,100.000000,1,0.585300,0.968307,0.948139,0.584900,0.972217,0.951317,0.610300,0.938719,0.958427,0.589950,0.967963,0.955332,534,378,0.187326,0.092567,1,1
422,60.970000,1.126022,32|48|45|97|11|64|69|13|2|70|17|0|86|83|81|19|33|98|84|9|56|34|54|87|8|99|62|36|15|89|53|23|74|35|66|1|18|94|79|30|61|10|90|73|63|51|29|65|50|5,85.000000,64,100.000000,1,0.589650,0.965234,0.939657,0.590800,0.967756,0.943949,0.613050,0.940869,0.952287,0.597350,0.964510,0.951213,591,424,0.169350,0.121579,1,1
423,60.810000,1.133167,20|19|43|5|57|36|52|44|28|74|95|0|7|79|6|75|9|67|18|29|12|66|64|53|48|60|42|82|59|78|88|14|21|89|76|38|45|32|84|37|30|35|86|63|90|47|4|70|98|39,88.740000,74,100.000000,1,0.607950,0.974504,0.963333,0.607100,0.977845,0.965285,0.627550,0.949645,0.969024,0.610450,0.975837,0.968618,386,295,0.143502,0.083225,1,1
424,59.910000,1.157364,67|47|66|21|87|84|88|93|0|44|9|59|42|83|15|25|5|10|89|30|23|58|72|18|20|77|53|56|39|69|68|19|86|76|24|37|49|70|48|28|27|11|12|40|35|63|65|8|92|3,86.720000,88,100.000000,1,0.620050,0.969680,0.952174,0.625400,0.974097,0.964764,0.644650,0.943845,0.963576,0.631100,0.970607,0.970069,378,371,0.171099,0.103307,1,1
425,59.340000,1.169075,7|79|22|53|84|16|47|24|70|97|52|38|13|64|44|95|4|34|42|89|20|11|63|88|40|90|73|94|99|9|56|96|1|30|6|50|5|71|83|62|54|82|86|55|41|92|46|68|26|18,88.100000,64,100.000000,1,0.603100,0.965677,0.992502,0.597750,0.972647,0.990798,0.626750,0.935620,0.999318,0.603150,0.968250,0.995228,56,383,0.169001,0.120884,1,1
426,60.320000,1.142088,78|68|77|88|81|91|51|62|84|67|54|43|87|55|8|98|25|0|15|70|73|7|75|63|31|38|17|4|36|34|56|66|85|22|80|40|2|44|59|24|13|83|47|96|35|23|28|57|89|60,87.540000,88,100.000000,1,0.576850,0.967149,0.950831,0.574400,0.972058,0.951598,0.596500,0.936295,0.951853,0.579100,0.967709,0.955092,527,374,0.178784,0.087629,1,1
427,59.500000,1.166886,48|68|3|40|69|7|61|75|95|88|30|9|15|38|8|17|16|13|59|78|82|64|29|87|81|27|25|84|99|83|35|72|12|46|6|0|60|79|49|94|96|86|47|1|97|52|33|18|22|32,86.860000,61,100.000000,1,0.603500,0.962883,0.950364,0.602800,0.970222,0.956497,0.620300,0.943979,0.957642,0.607600,0.965355,0.959277,498,421,0.186806,0.116953,1,1
428,60.650000,1.140765,69|73|28|21|4|7|25|13|96|36|70|71|30|67|8|63|65|0|95|58|66|40|83|60|72|99|89|54|27|29|46|90|15|9|19|44|3|85|91|34|52|20|68|57|80|42|78|59|32|50,86.820000,0,100.000000,1,0.597300,0.965093,0.957161,0.599050,0.970787,0.965629,0.627150,0.938452,0.977252,0.606950,0.965813,0.973350,321,415,0.174985,0.105671,1,1
429,59.740000,1.158250,78|68|2|3|45|42|20|1|75|18|23|76|52|19|4|49|84|58|30|97|87|63|60|36|83|41|65|43|54|61|14|89|9|79|31|28|80|99|8|69|70|12|40|7|17|90|29|71|25|27,87.200000,2,100.000000,1,0.622300,0.968102,0.959163,0.618900,0.973178,0.958924,0.640350,0.946514,0.964974,0.623400,0.969442,0.962188,475,381,0.164530,0.099006,1,1
430,60.200000,1.151821,43|20|75|9|56|33|63|61|23|86|14|83|79|65|99|80|67|51|50|8|1|37|90|88|13|73|30|77|35|21|28|7|71|32|18|97|81|3|64|91|47|42|44|52|69|58|84|25|94|29,87.820000,9,100.000000,1,0.584050,0.966356,0.955800,0.584550,0.971773,0.961981,0.606150,0.942836,0.967824,0.589100,0.967153,0.964860,415,387,0.181545,0.102536,1,1
431,57.770000,1.215981,11|58|6|68|60|45|83|90|84|13|98|97|36|63|19|87|85|55|70|89|22|81|26|14|17|74|53|40|61|7|69|49|35|77|42|88|56|47|59|32|20|99|2|72|0|21|12|28|75|16,86.300000,60,100.000000,1,0.591150,0.961769,0.948848,0.586800,0.967280,0.947263,0.606800,0.938530,0.950434,0.591050,0.963286,0.950184,597,434,0.180475,0.109828,1,1
432,57.310000,1.209271,81|10|53|50|24|65|48|76|51|32|12|78|80|31|77|70|9|73|97|96|59|90|27|63|69|36|74|72|2|3|95|6|98|88|61|79|86|7|85|38|34|49|8|66|62|58|19|22|26|39,86.460000,80,100.000000,1,0.582700,0.961043,0.966184,0.582500,0.965150,0.969979,0.605250,0.937712,0.979210,0.587900,0.962068,0.975845,280,446,0.201490,0.101557,1,1
433,61.110000,1.108625,97|55|77|25|11|43|64|84|49|41|50|15|19|0|83|90|80|13|78|56|99|17|60|12|47|46|98|29|9|23|45|61|21|95|62|16|57|48|36|42|35|31|34|92|30|1|7|79|89|10,86.740000,64,100.000000,1,0.621900,0.965670,0.963733,0.624400,0.971012,0.972960,0.647750,0.946893,0.984273,0.631400,0.966820,0.979620,254,419,0.191926,0.138721,1,1
434,60.560000,1.136779,36|94|77|45|30|89|42|60|62|61|73|31|16|47|17|64|46|3|96|72|86|13|68|93|90|26|43|14|19|88|82|63|22|66|48|65|21|80|67|5|39|56|7|74|54|0|97|75|92|8,90.340000,60,100.000000,1,0.581650,0.969397,0.969731,0.582000,0.973454,0.974374,0.604800,0.938823,0.976524,0.586950,0.968396,0.977556,261,371,0.159509,0.089436,1,1
435,60.870000,1.118798,60|86|38|24|39|43|91|79|14|97|40|55|3|70|96|13|52|8|80|30|17|35|23|5|46|53|54|71|77|45|41|51|74|61|93|47|1|84|78|94|26|62|95|33|9|49|31|28|75|85,86.480000,60,100.000000,1,0.579900,0.964563,0.946127,0.577250,0.971503,0.948579,0.603650,0.939866,0.959658,0.583200,0.967335,0.954246,541,381,0.163919,0.112028,1,1
436,57.900000,1.219706,20|50|57|90|8|5|53|33|25|14|43|99|39|27|44|79|37|21|93|77|2|83|68|42|97|16|98|1|3|6|63|95|52|71|4|76|66|36|80|15|75|81|45|74|23|12|70|72|32|28,86.840000,2,100.000000,1,0.623150,0.967183,0.976903,0.620300,0.970821,0.976092,0.645200,0.941878,0.985007,0.625750,0.967239,0.981036,234,410,0.194615,0.114097,1,1
437,61.010000,1.131179,85|52|80|42|22|25|74|2|95|97|78|19|13|99|54|63|20|65|24|33|8|58|5|92|14|82|27|45|10|16|41|86|61|17|71|35|60|91|93|1|90|6|43|32|29|47|7|53|94|81,88.340000,80,100.000000,1,0.617950,0.968201,0.979214,0.613850,0.972632,0.977169,0.635000,0.945039,0.982160,0.618150,0.969425,0.980769,235,378,0.158866,0.109365,1,1
438,60.320000,1.149275,29|44|70|40|84|91|36|78|19|8|28|54|99|89|68|20|16|51|73|82|61|9|32|50|65|49|93|33|45|86|5|35|98|17|10|80|92|66|42|52|26|13|72|31|0|39|47|12|38|43,86.240000,29,100.000000,1,0.603250,0.967592,0.950961,0.601600,0.972241,0.952916,0.625050,0.942405,0.959677,0.606750,0.968438,0.957315,524,383,0.162343,0.094382,1,1
439,58.880000,1.185025,69|8|15|87|17|43|51|61|71|88|10|62|82|30|22|44|65|25|58|90|76|48|72|47|45|52|1|35|92|74|66|96|3|83|14|77|57|99|53|46|40|32|86|41|85|91|68|49|60|37,86.760000,61,100.000000,1,0.555650,0.964546,0.948248,0.554800,0.971792,0.953910,0.585250,0.931055,0.964084,0.561600,0.966168,0.960014,452,380,0.173002,0.099484,1,1
440,59.040000,1.167438,97|26|21|74|76|82|61|99|13|73|69|83|25|57|37|24|41|32|27|40|91|45|36|10|52|12|1|78|58|65|7|79|66|38|72|90|11|96|56|35|84|16|81|14|19|15|46|89|0|75,86.260000,74,100.000000,1,0.611250,0.964254,0.979314,0.611400,0.968678,0.984049,0.629400,0.941690,0.984797,0.616450,0.964961,0.988369,140,432,0.199328,0.142013,1,1
441,59.380000,1.170876,60|71|16|87|62|20|53|80|90|81|8|86|31|9|85|61|35|95|79|6|74|99|40|66|27|44|32|36|82|39|12|98|72|91|92|41|37|83|47|63|10|45|59|24|84|54|4|49|29|73,89.640000,60,100.000000,1,0.580950,0.965746,0.991868,0.576800,0.971134,0.990277,0.605850,0.932904,0.999204,0.582600,0.966186,0.995138,55,394,0.179194,0.101380,1,1
442,60.220000,1.142310,71|40|30|85|20|95|28|22|2|86|11|16|21|1|38|37|43|63|44|94|55|53|87|0|14|93|39|81|62|88|90|3|58|61|51|76|77|89|8|41|13|7|65|92|79|17|15|23|9|27,87.580000,2,100.000000,1,0.614500,0.971522,0.947995,0.614200,0.977043,0.952918,0.639650,0.945752,0.960619,0.620950,0.972542,0.958952,517,341,0.178582,0.096377,1,1
443,57.510000,1.232360,45|34|32|33|57|93|63|77|36|26|25|22|17|60|72|74|90|47|66|19|4|37|12|80|46|61|75|59|68|10|44|58|84|87|83|8|94|11|99|82|38|95|65|2|35|15|56|20|54|3,90.260000,60,100.000000,1,0.605500,0.969942,0.970263,0.605550,0.974651,0.975054,0.629650,0.940840,0.978688,0.609800,0.970974,0.978193,264,354,0.157792,0.080705,1,1
444,60.150000,1.167853,87|30|1|82|73|72|77|95|75|63|7|5|62|65|76|57|16|3|2|9|45|38|79|33|84|40|29|37|32|51|68|36|83|18|10|14|46|28|26|6|58|71|81|85|15|88|39|55|22|35,87.340000,2,100.000000,1,0.630700,0.970668,0.969515,0.626000,0.974201,0.965793,0.652750,0.944466,0.976324,0.632500,0.970435,0.972048,353,374,0.226540,0.102273,1,1
445,60.220000,1.161730,53|22|33|84|50|4|26|70|1|81|76|21|9|23|68|5|39|55|44|0|52|60|91|47|31|65|86|64|8|87|75|58|88|20|71|16|15|38|2|83|28|59|85|93|41|63|61|69|6|73,90.400000,9,100.000000,1,0.615500,0.972868,0.970345,0.613900,0.977928,0.972857,0.634800,0.946440,0.973586,0.617050,0.975367,0.975288,305,304,0.143983,0.087025,1,1
446,60.980000,1.124878,97|2|38|17|94|30|13|28|91|14|84|65|44|37|43|96|4|95|86|89|51|9|8|98|1|36|54|48|24|92|73|50|57|93|52|68|90|18|64|0|77|71|62|23|59|70|79|46|47|75,86.160000,2,100.000000,1,0.568250,0.963220,0.951582,0.564800,0.969193,0.951669,0.590450,0.931408,0.956102,0.569050,0.964327,0.954016,529,406,0.191484,0.097355,1,1
447,58.920000,1.193321,79|38|2|74|5|97|4|45|47|3|24|91|66|40|36|92|53|25|84|44|46|29|15|30|19|7|9|20|67|88|49|39|58|22|18|87|78|23|70|10|99|72|68|8|43|71|41|82|59|34,87.620000,2,100.000000,1,0.645900,0.969810,0.991845,0.643150,0.973101,0.990975,0.666350,0.946575,0.998733,0.648600,0.970167,0.996358,46,387,0.195376,0.125990,1,1
448,60.840000,1.128388,26|21|76|96|48|83|28|23|1|45|61|81|62|5|54|7|31|99|57|73|0|72|67|90|20|35|9|66|56|14|69|98|80|12|95|91|68|6|79|41|50|38|42|15|89|43|40|74|30|55,87.540000,61,100.000000,1,0.595400,0.966745,0.963347,0.595850,0.970714,0.968033,0.622250,0.936199,0.974979,0.602300,0.965881,0.973640,315,411,0.186202,0.102294,1,1
449,60.120000,1.138287,70|46|96|41|92|40|50|99|61|10|8|52|11|82|54|91|88|69|94|81|1|33|53|44|90|23|51|25|19|89|97|0|80|42|65|72|55|17|35|76|24|38|83|62|79|45|84|6|78|9,84.920000,61,100.000000,1,0.566600,0.958878,0.957610,0.562950,0.964295,0.956817,0.584750,0.931509,0.960078,0.566900,0.961192,0.960430,449,440,0.174304,0.100110,1,1
450,58.590000,1.200811,98|44|59|64|85|33|29|30|66|47|83|16|37|82|2|11|71|34|70|9|79|35|50|58|92|6|8|32|10|19|81|61|68|25|40|54|38|69|55|78|76|26|94|31|97|20|0|49|46|62,89.100000,64,100.000000,1,0.614700,0.970067,0.973789,0.613200,0.972847,0.974198,0.636600,0.942036,0.979342,0.618100,0.969503,0.978607,262,377,0.160021,0.112773,1,1
451,59.080000,1.179038,79|26|10|2|43|53|78|4|88|14|61|62|47|33|16|11|24|97|37|7|56|70|80|42|64|73|3|0|38|15|96|69|99|91|19|31|67|55|89|28|12|6|74|58|93|84|51|30|83|45,86.520000,2,100.000000,1,0.609550,0.968091,0.959512,0.606200,0.973524,0.959593,0.628000,0.945064,0.965041,0.612200,0.969944,0.965528,424,368,0.192255,0.102133,1,1
452,58.900000,1.190228,70|41|54|65|34|13|90|92|67|74|87|61|86|39|60|44|82|52|7|29|28|3|15|72|99|57|89|55|75|81|42|32|18|38|31|26|63|6|71|68|8|50|46|19|80|88|98|9|25|78,88.840000,74,100.000000,1,0.584500,0.968092,0.971750,0.584500,0.972883,0.976558,0.606600,0.942878,0.982226,0.588400,0.968899,0.979049,244,366,0.149346,0.092001,1,1
453,58.880000,1.171555,36|76|26|47|5|11|95|67|30|4|62|90|72|93|98|81|46|89|40|17|75|15|69|13|45|50|49|80|57|52|44|91|35|58|37|84|8|70|28|96|21|79|16|24|14|33|38|12|6|27,84.540000,80,100.000000,1,0.602050,0.968358,0.947736,0.604350,0.972863,0.955783,0.626350,0.945797,0.963017,0.609700,0.969739,0.961148,478,369,0.177507,0.127079,1,1
454,61.110000,1.124647,17|87|63|16|5|82|73|27|94|81|93|77|60|72|50|75|15|28|44|96|51|78|40|37|66|70|57|79|3|84|97|9|99|0|8|47|86|98|14|1|38|19|53|41|85|18|71|90|33|7,84.980000,60,100.000000,1,0.581300,0.960003,0.962902,0.578750,0.965097,0.963765,0.596400,0.927482,0.954447,0.583750,0.959829,0.966785,385,469,0.215865,0.129596,1,1
455,58.450000,1.192615,11|19|79|80|85|17|84|23|32|60|46|50|10|47|43|5|63|75|1|98|4|27|2|9|45|82|74|91|35|55|49|41|29|68|16|52|14|39|18|54|76|12|40|99|93|92|3|57|58|56,87.880000,80,100.000000,1,0.629350,0.970763,0.969531,0.625450,0.975378,0.968103,0.645000,0.949535,0.971911,0.629050,0.972339,0.970642,370,348,0.143957,0.095682,1,1
456,60.630000,1.123875,35|53|69|73|52|79|31|15|29|88|28|20|43|11|66|72|65|67|8|86|91|56|58|57|0|50|46|70|98|22|10|92|33|71|12|78|14|24|59|83|40|25|95|9|6|96|55|97|13|16,86.340000,29,100.000000,1,0.614450,0.963463,0.976334,0.614800,0.968445,0.981941,0.637850,0.938465,0.987219,0.620000,0.965484,0.987219,155,428,0.172158,0.119545,1,1
457,59.960000,1.163921,8|10|0|99|24|12|68|81|92|73|17|65|22|66|90|46|35|96|23|42|13|21|78|49|3|64|83|29|39|34|1|5|32|45|70|75|98|87|15|37|2|97|4|60|55|85|54|69|84|86,87.440000,0,100.000000,1,0.608600,0.965905,0.963531,0.604150,0.970620,0.961154,0.625650,0.940941,0.964924,0.608100,0.967028,0.963858,441,401,0.150205,0.098175,1,1
458,60.030000,1.150506,3|54|83|71|66|1|72|99|25|86|34|10|67|88|90|82|56|81|35|22|63|80|24|6|64|85|47|7|21|98|93|59|75|92|36|42|29|50|55|73|9|44|17|53|77|13|41|20|26|33,89.280000,3,100.000000,1,0.597300,0.969864,0.978795,0.592250,0.975348,0.976007,0.617600,0.930699,0.971192,0.595550,0.971539,0.977613,265,339,0.159774,0.116934,1,1
459,60.040000,1.139482,43|63|68|44|7|34|66|22|30|20|50|38|75|10|62|58|16|6|86|76|14|55|3|95|71|29|0|33|21|27|64|82|2|36|26|73|72|79|65|49|32|88|12|70|69|81|57|60|51|98,86.980000,29,100.000000,1,0.612100,0.971655,0.961057,0.612650,0.974618,0.964854,0.632250,0.947568,0.968086,0.616000,0.972159,0.967682,400,343,0.149405,0.102755,1,1
460,59.990000,1.181349,38|70|56|53|26|18|16|88|37|12|14|15|35|80|5|94|81|32|68|62|91|57|82|69|52|72|27|90|58|28|10|25|19|54|29|64|40|23|7|36|24|33|20|31|44|59|3|89|71|65,88.880000,88,100.000000,1,0.643900,0.977326,0.987137,0.640550,0.979705,0.984392,0.658350,0.955875,0.987137,0.644700,0.976578,0.987608,158,302,0.156066,0.111636,1,1
461,58.970000,1.183007,46|93|89|27|39|53|36|75|96|87|85|28|88|40|16|74|26|86|38|97|49|24|1|22|71|56|51|95|73|90|94|31|3|83|65|67|15|52|84|33|47|64|25|77|99|42|70|9|37|98,87.320000,88,100.000000,1,0.552050,0.958971,0.970219,0.549500,0.965514,0.972327,0.572600,0.926039,0.971777,0.554500,0.960685,0.976267,259,436,0.177241,0.130073,1,1
462,60.850000,1.140029,13|70|40|25|41|63|65|22|21|78|35|1|85|97|71|26|92|46|56|24|31|6|17|55|48|84|53|88|93|61|80|43|69|59|60|67|79|15|94|36|54|73|89|62|45|47|74|30|38|18,86.980000,88,100.000000,1,0.579400,0.964619,0.965785,0.577250,0.970463,0.968032,0.595050,0.941938,0.968550,0.581250,0.966366,0.970624,340,391,0.185856,0.118050,1,1
463,58.020000,1.199742,83|74|34|7|18|33|87|21|22|62|48|80|19|65|70|23|0|73|41|71|10|53|97|32|37|49|14|93|39|68|40|6|2|9|64|94|81|26|96|25|30|89|52|75|47|43|58|24|63|60,89.880000,74,100.000000,1,0.620700,0.970275,0.977758,0.617900,0.975158,0.978245,0.638300,0.948300,0.982710,0.623400,0.971607,0.983359,205,354,0.163635,0.111019,1,1
464,59.850000,1.170557,57|97|5|24|8|4|18|56|14|47|40|20|44|71|23|73|82|15|63|87|92|89|43|41|36|33|74|94|60|54|46|76|34|52|27|78|45|9|67|31|32|7|55|13|39|30|22|90|29|81,88.780000,74,100.000000,1,0.636050,0.970443,0.981710,0.633750,0.973254,0.980994,0.653300,0.949487,0.986561,0.637650,0.970909,0.984652,193,371,0.157023,0.093059,1,1
465,60.360000,1.144792,56|99|5|13|78|22|79|11|45|8|41|44|71|75|96|57|50|72|32|74|88|33|2|38|90|18|58|29|35|48|63|43|51|9|59|85|27|12|40|97|17|53|89|19|30|3|31|15|80|83,86.520000,74,100.000000,1,0.615050,0.965287,0.955500,0.617450,0.967852,0.961777,0.636750,0.944641,0.968053,0.621650,0.966139,0.966605,415,421,0.182342,0.117623,1,1
466,58.200000,1.221681,59|15|38|49|91|53|22|89|47|86|8|60|69|31|21|39|84|73|10|0|95|19|63|77|29|33|35|41|72|93|32|46|17|99|44|40|55|26|87|94|64|81|90|16|7|54|20|50|70|78,86.400000,60,100.000000,1,0.586600,0.963263,0.958280,0.588200,0.968633,0.966251,0.608650,0.939128,0.969389,0.593550,0.964367,0.970745,345,423,0.215639,0.116471,1,1
467,59.710000,1.170781,60|12|71|5|75|32|23|54|4|7|97|35|15|27|85|82|6|28|55|74|42|19|39|61|14|66|59|96|20|62|22|53|13|1|40|26|72|11|65|37|49|87|50|99|63|48|67|18|98|46,87.500000,60,100.000000,1,0.647300,0.964159,0.983532,0.648300,0.966374,0.987314,0.669150,0.943286,0.994721,0.655250,0.961389,0.992751,92,506,0.208730,0.119466,1,1
468,60.550000,1.155886,71|58|26|76|68|6|42|52|78|32|33|63|4|3|80|25|92|13|86|2|10|28|51|79|77|94|59|93|9|15|7|43|19|69|17|84|5|62|57|90|95|61|56|14|97|0|66|45|83|88,87.820000,80,100.000000,1,0.596100,0.970055,0.957764,0.595000,0.973193,0.959089,0.615600,0.943389,0.961905,0.598750,0.970522,0.962484,453,353,0.153234,0.082148,1,1
469,56.870000,1.240722,82|97|62|70|68|24|7|99|12|57|65|19|14|11|33|6|41|18|38|48|30|80|83|89|16|3|29|81|23|55|50|52|44|58|47|15|28|67|32|72|61|49|36|26|53|93|2|39|51|46,87.320000,80,100.000000,1,0.643450,0.968296,0.979484,0.642200,0.971660,0.980978,0.660750,0.948695,0.985458,0.645800,0.969263,0.984043,203,397,0.180440,0.098358,1,1
470,57.740000,1.204665,43|39|74|86|59|10|12|25|31|0|58|53|18|90|27|2|3|97|78|75|52|6|34|24|49|93|79|48|84|37|26|4|99|62|67|13|81|56|88|21|87|46|28|51|64|36|5|77|1|29,87.680000,74,100.000000,1,0.627350,0.969634,0.967398,0.626400,0.973978,0.970261,0.639050,0.953916,0.969466,0.629600,0.971093,0.972328,348,364,0.147132,0.091913,1,1
471,61.390000,1.126673,97|66|67|74|56|53|4|57|91|11|40|76|77|58|10|17|7|48|3|61|75|37|96|82|20|15|27|31|83|60|69|26|21|68|88|2|5|19|14|30|92|59|62|86|73|51|42|12|72|98,86.080000,74,100.000000,1,0.598950,0.964020,0.957784,0.596450,0.969570,0.959277,0.612650,0.943687,0.959028,0.598500,0.967669,0.960687,474,387,0.168021,0.106814,1,1
472,61.340000,1.107460,69|52|24|57|15|54|62|10|1|86|94|26|71|48|92|3|89|91|78|73|64|85|98|20|63|90|80|59|39|60|84|25|21|74|76|88|82|22|41|87|31|40|43|33|23|19|51|83|77|44,88.160000,54,100.000000,1,0.556550,0.967119,0.972360,0.554150,0.970766,0.971818,0.579500,0.925022,0.968386,0.558050,0.967118,0.974980,277,367,0.158104,0.094739,1,1
473,60.960000,1.121059,35|89|26|12|45|67|33|2|53|28|32|17|5|13|80|27|1|77|55|81|90|24|68|87|19|4|40|58|18|66|70|60|98|49|52|22|44|10|57|42|75|64|69|95|85|65|36|51|0|25,87.380000,2,100.000000,1,0.612700,0.971683,0.945751,0.612900,0.975526,0.949801,0.633700,0.947925,0.954249,0.617550,0.971743,0.953296,588,349,0.144227,0.079848,1,1
474,59.460000,1.165882,99|67|34|78|93|38|43|86|89|39|83|19|55|15|14|44|11|65|62|79|17|29|47|61|0|7|95|31|52|33|60|92|84|77|54|10|76|96|35|45|22|13|70|81|87|42|73|40|2|27,87.880000,29,100.000000,1,0.589450,0.966070,0.965742,0.590550,0.968843,0.970321,0.619050,0.935143,0.981769,0.598000,0.963712,0.977359,267,434,0.195175,0.104644,1,1
475,59.340000,1.179397,41|70|75|71|94|34|28|27|12|26|93|74|54|14|40|2|6|64|18|16|89|91|62|88|30|46|47|53|19|79|49|36|66|85|57|87|59|55|83|78|77|24|90|58|67|25|98|72|33|81,86.660000,74,100.000000,1,0.569350,0.965575,0.977855,0.568750,0.968264,0.979545,0.589000,0.938795,0.983547,0.572450,0.964626,0.982213,200,405,0.162938,0.108587,1,1
476,61.570000,1.112115,25|91|19|71|6|60|63|31|7|22|88|58|52|15|49|68|96|17|33|64|84|57|78|23|86|13|30|39|3|28|76|41|42|2|80|98|83|12|1|0|90|53|81|92|8|93|79|51|82|4,87.220000,60,100.000000,1,0.597800,0.970391,0.950984,0.598350,0.973845,0.955246,0.622500,0.940884,0.960164,0.601700,0.971830,0.958607,505,339,0.175149,0.095545,1,1
477,60.900000,1.134330,62|55|99|38|63|73|58|20|18|79|88|39|91|97|14|65|78|47|59|6|49|25|40|46|1|2|44|30|24|61|64|29|31|33|12|85|27|84|3|77|22|11|17|43|51|95|70|60|52|82,86.480000,88,100.000000,1,0.606400,0.964627,0.952687,0.603550,0.970342,0.953827,0.621300,0.948012,0.959283,0.608650,0.967387,0.958958,504,397,0.161056,0.102955,1,1
478,59.800000,1.176340,7|24|8|17|65|43|44|89|84|72|34|38|69|0|32|46|33|79|3|54|71|82|64|52|29|2|96|23|61|35|92|4|13|90|99|78|93|62|94|36|20|40|14|81|83|75|67|30|88|59,88.740000,0,100.000000,1,0.592150,0.965887,0.970476,0.587600,0.972430,0.969543,0.610600,0.937848,0.971664,0.591450,0.969313,0.972767,321,363,0.157252,0.091844,1,1
479,58.640000,1.179643,13|58|21|81|23|45|61|44|48|20|95|68|56|98|11|59|77|19|55|85|79|0|92|90|41|86|75|96|29|97|71|10|4|3|70|50|31|93|6|54|26|94|72|52|76|69|36|15|24|57,87.900000,61,100.000000,1,0.587750,0.963760,0.977818,0.586050,0.969798,0.981098,0.613700,0.932622,0.988003,0.590600,0.966813,0.985672,166,392,0.177824,0.105654,1,1
480,61.220000,1.149426,85|23|63|84|60|76|83|67|90|73|57|66|17|0|42|33|4|3|70|46|13|89|11|44|86|29|15|61|22|95|98|68|48|40|99|71|6|43|94|2|55|52|32|93|49|28|53|59|36|82,89.160000,60,100.000000,1,0.579450,0.968246,0.962928,0.577050,0.973572,0.964215,0.604950,0.933548,0.969278,0.582150,0.969080,0.968249,370,360,0.166997,0.080278,1,1
481,60.280000,1.160715,20|12|26|89|40|60|28|32|82|58|47|64|73|22|8|18|13|31|45|46|42|53|16|21|2|97|7|23|10|77|57|80|75|38|4|83|71|99|55|6|63|65|34|24|91|86|30|78|76|43,88.660000,60,100.000000,1,0.644400,0.967334,0.989837,0.642700,0.970904,0.990869,0.664050,0.946841,0.998412,0.647650,0.967729,0.995236,60,418,0.169290,0.107549,1,1
482,60.580000,1.144605,99|13|54|25|53|6|98|27|7|76|48|3|81|41|34|44|20|97|12|93|23|71|37|60|51|84|87|1|43|0|26|49|57|72|4|17|31|10|42|66|56|68|73|74|45|29|75|96|32|88,86.480000,54,100.000000,1,0.612100,0.966835,0.958613,0.611500,0.968275,0.959099,0.627050,0.938282,0.953025,0.612800,0.966873,0.959747,497,406,0.162243,0.089202,1,1
483,59.860000,1.165229,14|77|64|33|75|23|43|55|10|97|18|16|42|62|3|78|40|51|82|60|9|22|35|93|29|63|99|39|87|80|70|47|30|83|52|58|24|7|76|61|79|41|0|96|59|44|2|74|48|32,88.220000,64,100.000000,1,0.609900,0.965158,0.974667,0.608650,0.971987,0.979551,0.630700,0.943951,0.985760,0.613900,0.968643,0.984601,186,385,0.148146,0.113765,1,1
484,61.410000,1.127752,87|85|35|49|72|82|69|39|95|32|89|92|8|34|75|6|63|29|76|84|91|67|80|54|24|11|18|12|61|51|20|98|93|40|50|15|33|5|68|71|19|62|48|21|36|66|1|90|30|44,85.380000,29,100.000000,1,0.589550,0.964634,0.966930,0.588600,0.969759,0.970501,0.617350,0.934235,0.980617,0.594800,0.965198,0.976112,281,414,0.165349,0.118231,1,1
485,59.240000,1.163199,92|39|73|29|16|23|9|15|3|59|43|6|33|44|54|11|4|56|96|52|34|74|91|63|99|68|64|93|85|25|19|48|22|21|35|78|76|26|50|10|97|83|67|80|81|70|75|65|60|28,89.480000,29,100.000000,1,0.610450,0.966582,0.993350,0.609000,0.967241,0.991667,0.633950,0.936351,0.999327,0.612450,0.965630,0.995623,52,421,0.167368,0.097159,1,1
486,61.080000,1.132412,84|13|71|32|60|30|54|86|75|33|9|12|45|24|72|73|46|48|69|6|64|22|14|29|90|2|94|66|58|62|61|43|50|76|82|16|77|80|34|51|23|25|40|55|0|47|27|63|39|91,89.060000,60,100.000000,1,0.617000,0.973501,0.979374,0.616800,0.977464,0.983043,0.639350,0.948385,0.988668,0.621200,0.973760,0.986304,168,326,0.159377,0.099140,1,1
487,60.400000,1.152707,62|42|64|86|83|14|19|49|22|93|38|51|84|43|18|23|2|60|91|66|9|44|27|97|25|5|96|68|3|6|88|17|21|80|61|36|71|37|77|85|92|58|70|12|26|53|16|78|28|94,89.500000,64,100.000000,1,0.602850,0.970142,0.970464,0.600300,0.971348,0.967560,0.621500,0.944650,0.974197,0.602850,0.970639,0.970962,350,354,0.145157,0.085338,1,1
488,60.360000,1.157652,51|19|93|87|34|71|1|48|90|76|11|20|85|17|6|98|78|29|52|18|4|53|35|69|79|12|68|99|92|21|33|57|72|54|9|41|61|62|8|88|16|83|97|60|27|77|2|24|75|23,87.240000,29,100.000000,1,0.607400,0.964686,0.970920,0.603750,0.969275,0.969677,0.628500,0.937868,0.976719,0.608650,0.964758,0.972991,326,429,0.183729,0.093688,1,1
489,60.180000,1.155096,25|51|32|99|83|54|55|80|60|1|50|62|11|71|63|15|37|28|58|96|3|88|24|41|33|26|75|31|40|47|78|97|7|85|69|19|68|46|38|92|42|64|84|23|17|4|30|90|98|87,86.100000,80,100.000000,1,0.592250,0.960068,0.965939,0.588300,0.966259,0.965684,0.612200,0.936867,0.974348,0.593750,0.963284,0.971630,334,436,0.182089,0.174152,1,1
490,59.230000,1.149310,31|63|37|49|98|85|57|78|15|4|58|48|65|12|7|28|22|88|41|76|60|53|79|64|56|77|39|68|21|34|10|25|30|83|9|96|40|13|74|3|97|95|75|66|59|50|11|81|5|70,86.200000,88,100.000000,1,0.603200,0.965517,0.970424,0.605750,0.966818,0.975839,0.619700,0.939890,0.970507,0.609800,0.963513,0.979005,252,445,0.227422,0.109871,1,1
491,59.400000,1.169849,43|34|82|96|53|37|44|12|95|19|0|76|17|22|28|16|65|97|92|73|49|40|36|6|48|33|61|85|26|54|14|3|24|88|93|99|86|59|81|32|10|72|90|13|11|89|58|7|79|78,84.740000,0,100.000000,1,0.603050,0.950750,0.960224,0.601350,0.959258,0.966086,0.621350,0.931359,0.969184,0.605000,0.957438,0.970106,357,515,0.190602,0.148607,1,1
492,59.660000,1.166975,47|43|78|24|21|41|5|49|30|98|92|62|12|89|58|11|90|2|61|9|64|84|70|31|4|81|38|37|91|74|22|16|42|46|13|26|72|76|18|15|48|19|0|75|65|10|63|69|88|52,87.880000,2,100.000000,1,0.625450,0.972580,0.968553,0.626150,0.976683,0.973728,0.647450,0.949417,0.978744,0.631000,0.973059,0.977629,281,340,0.158029,0.088542,1,1
493,60.540000,1.139408,16|36|35|44|4|70|34|67|31|29|37|56|69|30|97|65|99|75|46|61|1|42|25|52|15|86|89|84|63|72|73|20|21|0|14|6|22|98|66|8|51|88|27|38|3|45|78|32|64|49,87.200000,29,100.000000,1,0.633700,0.965836,0.975068,0.631150,0.969817,0.975147,0.646150,0.948774,0.976661,0.635550,0.966564,0.978652,268,425,0.162884,0.100154,1,1
494,60.600000,1.144155,95|1|74|39|17|99|9|6|26|57|63|13|22|89|25|86|68|79|37|91|48|97|51|36|44|71|40|43|18|83|73|65|66|4|15|16|27|28|58|24|0|94|78|90|12|42|67|59|2|54,87.120000,1,100.000000,1,0.628250,0.960605,0.978199,0.622900,0.968053,0.977389,0.642800,0.926805,0.965637,0.624450,0.965009,0.976740,287,437,0.187856,0.148416,1,1
495,60.320000,1.160708,88|13|9|26|52|78|2|64|14|39|99|84|21|0|87|49|17|71|22|50|79|20|7|59|28|56|33|55|36|4|38|30|83|66|58|44|90|65|46|18|35|6|48|96|29|31|42|85|19|54,87.800000,88,100.000000,1,0.635200,0.971348,0.961209,0.636950,0.976293,0.968765,0.655400,0.949268,0.969232,0.640300,0.973684,0.971257,369,337,0.142850,0.127476,1,1
496,60.080000,1.168541,62|26|75|89|39|71|14|78|5|0|31|12|6|16|29|55|41|81|3|8|38|56|24|72|45|30|96|99|93|34|44|50|53|54|28|1|61|51|47|91|18|59|88|66|9|17|43|58|64|23,88.920000,0,100.000000,1,0.643250,0.969996,0.974009,0.641450,0.975212,0.976506,0.662650,0.946729,0.979316,0.645750,0.972048,0.979863,258,361,0.162404,0.126266,1,1
497,60.660000,1.145995,45|40|18|21|56|0|95|70|10|53|66|62|41|87|8|22|33|58|82|69|97|79|14|7|37|38|93|17|24|63|25|28|91|67|46|39|88|23|75|51|42|77|29|83|64|35|9|65|96|11,87.640000,0,100.000000,1,0.609650,0.966210,0.967003,0.608500,0.969515,0.968481,0.630850,0.939288,0.972749,0.613550,0.965528,0.972503,335,423,0.178849,0.104928,1,1
498,60.250000,1.144078,54|47|62|86|48|89|18|41|9|13|98|11|76|97|61|42|16|33|2|3|99|36|68|56|64|53|77|0|49|80|51|75|74|82|87|23|35|8|88|55|91|1|10|39|73|6|44|95|70|72,89.280000,9,100.000000,1,0.601150,0.964901,0.982636,0.597900,0.968891,0.981365,0.619150,0.941371,0.987379,0.602950,0.964010,0.984669,181,434,0.185579,0.099681,1,1
499,60.130000,1.140129,49|57|85|86|39|38|3|29|19|77|87|56|67|28|50|54|22|94|36|1|72|88|53|97|43|25|45|17|9|41|96|93|74|23|42|14|82|18|60|4|26|48|21|81|55|24|27|91|90|62,86.980000,29,100.000000,1,0.603300,0.963783,0.966827,0.600600,0.969031,0.967742,0.622200,0.937400,0.969820,0.605500,0.963832,0.970402,356,438,0.162128,0.111899,1,1
